管道名称,管段数,管段ID列表,起止节点列表,设计输量最小值_万吨年,设计输量最大值_万吨年,设计输量中位数_万吨年,长度合计_km,投产年份最早,投产年份最晚,油品,管输折算系数,年份,管道瓶颈占用率,管道瓶颈占用率_%,管道平均占用率,管道平均占用率_%,瓶颈管段ID,瓶颈管段,瓶颈管段任务_万吨年,瓶颈管段设计输量_万吨年,管道代表任务_万吨年,代表任务管段ID,代表任务管段,超设计管段数,高负荷管段数,管道负荷等级
珠三角成品油管网,9,S067；S064；S065；S059；S060；S061；S062；S063；S066,惠州→梅州；黄埔→南沙；黄埔→惠州；茂名→江门；南沙→南海；三水→花都；南沙→斗门；北沙→珠海；大鹏湾→妈湾,100.0,550.0,250.0,1802.8100000000002,2006.0,2015.0,0#柴油、-35#柴油、92#汽油,0.2192948931298923,2025,1.4708344872378465,147.08344872378464,0.35395618654926053,35.395618654926054,S067,惠州→梅州,176.50013846854156,120.0,267.8941648885136,S064,黄埔→南沙,1,2,超过设计输量
西南成品油管网（北线）,8,S045；S046；S047；S048；S052；S049；S050；S051,湛江→茂名；茂名→柳州；柳州→贵阳；贵阳→曲靖；柳州→桂林；江津→重庆；柳州→柳库；贵阳→简阳,500.0,800.0,700.0,7127.96,2005.0,2016.0,92#汽油、95#汽油、0#车柴,0.2192948931298923,2025,1.4046881982967283,140.46881982967284,0.37690130473242667,37.69013047324267,S045,湛江→茂名,702.3440991483642,500.0,702.3440991483642,S045,湛江→茂名,1,1,超过设计输量
云南成品油管网（安保线）,2,S037；S036,大理→保山；安宁→大理,57.0,173.0,115.0,791.0,2017.0,2017.0,0号柴油、92号汽油、95号汽油,0.2192948931298923,2025,1.1934488524007,119.34488524007001,0.940337262240041,94.0337262240041,S037,大理→保山,68.0265845868399,57.0,118.89004126973305,S036,安宁→大理,1,1,超过设计输量
云南成品油管网（安曲线）,3,S041；S040；S042,寻甸→曲靖；安宁→寻甸；寻甸→昆明,155.0,323.0,168.0,1124.6999999999998,2017.0,2017.0,0号柴油、92号汽油、95号汽油、3号喷气燃料,0.2192948931298923,2025,1.1294623097965866,112.94623097965865,0.5571547823351582,55.715478233515825,S041,寻甸→曲靖,175.06665801847092,155.0,175.06665801847092,S041,寻甸→曲靖,1,1,超过设计输量
安庆-亳州成品油管道,4,S088；S087；S086；S089,淮南→阜阳；合肥→淮南；安庆→合肥；阜阳→亳州,140.0,410.0,205.0,1665.0,2016.0,2016.0,92#汽油、95#汽油、0#车用柴油、0#普通柴油,0.2192948931298923,2025,1.1255609923692238,112.55609923692238,0.7787319604410232,77.87319604410231,S088,淮南→阜阳,157.57853893169133,140.0,264.4642573297067,S086,安庆→合肥,1,1,超过设计输量
长岭-郴州成品油管道,7,S077；S076；S078；S074；S072；S073；S075,衡阳→耒阳；湘潭→衡阳；耒阳→郴州；汨罗→长沙；长岭→七里山；七里山→汨罗；长沙→湘潭,100.0,600.0,385.0,3859.2400000000007,2014.0,2014.0,92#汽油、95#汽油、0#柴油,0.2192948931298923,2025,1.0666202063369232,106.66202063369232,0.6229118092878618,62.29118092878618,S077,衡阳→耒阳,145.06034806182157,136.0,326.8698778916,S072,长岭→七里山,1,1,超过设计输量
浙苏成品油管道,2,S094；S093,嘉兴(陈山→苏州(苏州；嘉兴(陈山→湖州(湖州,510.0,510.0,510.0,439.78,2007.0,2007.0,0#柴油、-10#柴油、90#汽油、93#汽油、97#汽油,0.2192948931298923,2025,0.9422523362923836,94.22523362923836,0.4969238616962308,49.692386169623084,S094,嘉兴(陈山→苏州(苏州,480.5486915091157,510.0,480.5486915091157,S094,嘉兴(陈山→苏州(苏州,0,1,高负荷
抚顺-锦州-郑州成品油管道,7,S026；S027；S028；S029；S030；S031；S032,抚顺→辽阳；辽阳→辽河；辽河→锦州；锦州→固安；固安→保定；保定→邯郸；邯郸→郑州,600.0,1300.0,800.0,11160.099999999999,2018.0,2018.0,0#柴油、92#车用汽油、92#组分汽油,0.2192948931298923,2025,0.8933482067988138,89.33482067988137,0.4251509178802328,42.51509178802328,S026,抚顺→辽阳,536.0089240792882,600.0,536.0089240792882,S026,抚顺→辽阳,0,2,高负荷
九江-赣州成品油管道,4,S081；S082；S083；S084,九江→南昌；南昌→吉安长塘；吉安长塘→樟树；樟树→赣州,170.0,330.0,257.0,2171.56,2016.0,2016.0,92#汽油、95#汽油、0#柴油,0.2192948931298923,2025,0.8667045345251498,86.67045345251498,0.6122459552546214,61.22459552546214,S081,九江→南昌,286.01249639329944,330.0,286.01249639329944,S081,九江→南昌,0,1,高负荷
苏南成品油管道,1,S098,南京(南京→苏州(苏州,580.0,580.0,580.0,373.25,2010.0,2010.0,0#柴油、-10#柴油、90#汽油、93#汽油、97#汽油,0.2192948931298923,2025,0.8285322267398547,82.85322267398547,0.8285322267398547,82.85322267398547,S098,南京(南京→苏州(苏州,480.5486915091157,580.0,480.5486915091157,S098,南京(南京→苏州(苏州,0,1,高负荷
浙赣成品油管道,3,S101；S099；S100,诸暨→桐庐；算山→龙游；龙游→樟树,135.0,760.0,450.0,2573.7,2013.0,2013.0,0#柴油、95#汽油、92#汽油,0.2192948931298923,2025,0.8060432333994855,80.60432333994855,0.38555965474813453,38.555965474813455,S101,诸暨→桐庐,108.81583650893054,135.0,153.4991593527414,S099,算山→龙游,0,1,高负荷
甬台温成品油管道,4,S103；S104；S105；S106,算山→宁海；宁海→临海；临海→灵昆；灵昆→瑞安,460.0,460.0,460.0,1635.28,2018.0,2018.0,90#汽油、93#汽油、97#汽油、0#车用柴油、0#普通柴油,0.2192948931298923,2025,0.6591600938245219,65.91600938245219,0.35894774701375187,35.894774701375184,S103,算山→宁海,303.2136431592801,460.0,303.2136431592801,S103,算山→宁海,0,0,中负荷
云南成品油管网（安蒙线）,2,S039；S038,玉溪→蒙自；安宁→玉溪,115.0,225.0,170.0,502.48,2017.0,2017.0,0号柴油、92号汽油、95号汽油,0.2192948931298923,2025,0.6223387373113329,62.23387373113329,0.5762145790999869,57.62145790999868,S039,玉溪→蒙自,71.56895479080329,115.0,119.2703446999442,S038,安宁→玉溪,0,0,中负荷
安庆-合肥成品油管道,1,S090,安庆→合肥,120.0,120.0,120.0,158.85,2007.0,2007.0,3#喷气燃料,0.2192948931298923,2025,0.5853592446322077,58.535924463220766,0.5853592446322077,58.535924463220766,S090,安庆→合肥,70.24310935586492,120.0,70.24310935586492,S090,安庆→合肥,0,0,中负荷
兰郑长成品油管道,4,S012；S014；S015；S013,兰州→咸阳；郑州→武汉；武汉→长沙；咸阳→郑州,500.0,1500.0,1000.0,8347.28,2009.0,2009.0,0#柴油、92#车用汽油、92#组分汽油,0.2192948931298923,2025,0.563052347402572,56.305234740257205,0.35769098580656206,35.769098580656205,S012,兰州→咸阳,563.0523474025721,1000.0,563.0523474025721,S012,兰州→咸阳,0,0,中负荷
鲁皖一期管道,9,S110；S111；S112；S113；S114；S115；S116；S118；S117,齐鲁→淄博；淄博→济南；济南→泰安；泰安→曲阜；曲阜→枣庄；枣庄→徐州；徐州→宿州；枣庄→临沂；曲阜→济宁,655.0,655.0,655.0,6926.22,2005.0,2005.0,0#普柴、0#车柴、92#组分汽油、95#组分汽油、95#清洁汽油,0.2192948931298923,2025,0.5194981976756778,51.94981976756778,0.285894608348695,28.589460834869502,S110,齐鲁→淄博,340.271319477569,655.0,340.271319477569,S110,齐鲁→淄博,0,0,中负荷
湘娄支线,1,S079,湘潭→娄底,250.0,250.0,250.0,117.48,2014.0,2014.0,92#汽油、95#汽油、0#柴油,0.2192948931298923,2025,0.5158690327561909,51.586903275619086,0.5158690327561909,51.586903275619086,S079,湘潭→娄底,128.96725818904773,250.0,128.96725818904773,S079,湘潭→娄底,0,0,中负荷
洛驻管道,5,S133；S134；S135；S136；S137,洛阳→巩义；巩义→郑州；郑州→许昌；许昌→漯河；漯河→驻马店,820.0,820.0,820.0,2141.8,2007.0,2007.0,0#车柴、92#组分汽油、95#组分汽油,0.2192948931298923,2025,0.4802241329444669,48.02241329444669,0.2603589000424267,26.035890004242667,S133,洛阳→巩义,393.78378901446285,820.0,393.78378901446285,S133,洛阳→巩义,0,0,低负荷
西南成品油管网（南线）,6,S053；S054；S057；S055；S056；S058,东海岛→南宁；南宁→长坡；长坡→曲靖；长坡→大理；南宁→黎塘；秋田冲→昆东,800.0,800.0,800.0,10887.6,2012.0,2012.0,92#清洁汽油、92#汽油、95#汽油、0#车柴,0.2192948931298923,2025,0.4772462031557141,47.72462031557141,0.1736785816515207,17.367858165152068,S053,东海岛→南宁,381.79696252457126,800.0,381.79696252457126,S053,东海岛→南宁,0,0,低负荷
钦南柳成品油管道,2,S043；S044,钦州→南宁；南宁→柳州,300.0,500.0,400.0,727.3,2018.0,2018.0,E92#汽油组分油、92#汽油、E95#汽油组分油、95#汽油和0#柴油,0.2192948931298923,2025,0.4707425721014472,47.07425721014472,0.3678786830965842,36.78786830965842,S043,钦州→南宁,235.3712860507236,500.0,235.3712860507236,S043,钦州→南宁,0,0,低负荷
淮蚌支线,1,S092,淮南→蚌埠,80.0,80.0,80.0,104.72,2016.0,2016.0,92#汽油、95#汽油、0#车用柴油、0#普通柴油,0.2192948931298923,2025,0.4524916709595804,45.24916709595804,0.4524916709595804,45.24916709595804,S092,淮南→蚌埠,36.19933367676644,80.0,36.19933367676644,S092,淮南→蚌埠,0,0,低负荷
荆门-荆州成品油管道,1,S071,荆门→荆州,150.0,150.0,150.0,92.12,2003.0,2003.0,0#柴油、90#汽油、93#汽油,0.2192948931298923,2025,0.4176856878688785,41.76856878688785,0.4176856878688785,41.76856878688785,S071,荆门→荆州,62.652853180331775,150.0,62.652853180331775,S071,荆门→荆州,0,0,低负荷
大港-济南-枣庄成品油管道,7,S016；S017；S018；S019；S020；S022；S023,大港→沧州；沧州→德州；德州→济南；济南→济南；济南→兖州；兖州→肥城；肥城→枣庄,285.0,285.0,285.0,4304.09,2007.0,2007.0,0#柴油、92#组分汽油,0.2192948931298923,2025,0.4162874527991161,41.62874527991161,0.2082984304229693,20.82984304229693,S016,大港→沧州,118.64192404774808,285.0,118.64192404774808,S016,大港→沧州,0,0,低负荷
荆门-襄阳成品油管道,1,S070,荆门→襄阳,350.0,350.0,350.0,128.75,2019.0,2019.0,0#车用柴油,0.2192948931298923,2025,0.3879948041218936,38.79948041218936,0.3879948041218936,38.79948041218936,S070,荆门→襄阳,135.79818144266275,350.0,135.79818144266275,S070,荆门→襄阳,0,0,低负荷
苏北成品油管道,3,S095；S097；S096,南京(扬子→泰州(泰州；南京(扬子→盐城(盐城；南京(扬子→徐州(新沂,545.0,545.0,545.0,1827.81,2015.0,2015.0,0#柴油、-10#柴油、90#汽油、93#汽油、97#汽油,0.2192948931298923,2025,0.3011829016173766,30.11829016173766,0.1600666023648011,16.006660236480112,S095,南京(扬子→泰州(泰州,164.14468138147026,545.0,164.14468138147026,S095,南京(扬子→泰州(泰州,0,0,低负荷
福建成品油管道（北线）,1,S107,泉港→兴闽,220.0,220.0,220.0,148.96,2010.0,2010.0,0#柴油、95#汽油、92#汽油、航煤,0.2192948931298923,2025,0.2963094182081104,29.630941820811042,0.2963094182081104,29.630941820811042,S107,泉港→兴闽,65.1880720057843,220.0,65.1880720057843,S107,泉港→兴闽,0,0,低负荷
合六支线,1,S091,合肥→六安,140.0,140.0,140.0,99.99,2019.0,2019.0,92#汽油、95#汽油、0#车用柴油,0.2192948931298923,2025,0.2044452876700154,20.44452876700154,0.2044452876700154,20.44452876700154,S091,合肥→六安,28.62234027380216,140.0,28.62234027380216,S091,合肥→六安,0,0,低负荷
鲁皖二期管道（西线）,3,S121；S122；S123,济南→聊城；聊城→濮阳；濮阳→汤阴,820.0,820.0,820.0,1066.71,2009.0,2009.0,0#普柴、 0#车柴、 92#清洁汽油、 92#组分汽油、95#清洁汽油,0.2192948931298923,2025,0.1952822566850156,19.52822566850156,0.1539426291094,15.394262910939998,S121,济南→聊城,160.13145048171282,820.0,160.13145048171282,S121,济南→聊城,0,0,低负荷
石太管道,4,S129；S130；S131；S132,石家庄→高庄；高庄→阳泉；阳泉→晋中；晋中→太原,820.0,820.0,820.0,1288.08,2007.0,2007.0,0#车柴、0#普柴、92#组分汽油、95#组分汽油、92#清洁汽油、95#清洁汽油,0.2192948931298923,2025,0.1121772280655842,11.21772280655842,0.10215939795989247,10.215939795989247,S129,石家庄→高庄,91.98532701377913,820.0,91.98532701377913,S129,石家庄→高庄,0,0,低负荷
福建成品油管道（南线）,2,S108；S109,泉港→东孚；泉港→石湖山,380.0,380.0,380.0,351.22,2013.0,2013.0,0#柴油、95#汽油、92#汽油、航煤,0.2192948931298923,2025,0.1103568444481189,11.03568444481189,0.05517842222405945,5.517842222405945,S108,泉港→东孚,41.93560089028521,380.0,41.93560089028521,S108,泉港→东孚,0,0,低负荷
鲁皖二期管道（汤郑支线）,2,S124；S125,汤阴→新乡；新乡→郑州,820.0,820.0,820.0,409.38,2010.0,2010.0,0#普柴、 0#车柴、 92#清洁汽油、 92#组分汽油、95#清洁汽油,0.2192948931298923,2025,0.1080045415944538,10.80045415944538,0.0540022707972269,5.40022707972269,S124,汤阴→新乡,88.56372410745215,820.0,88.56372410745215,S124,汤阴→新乡,0,0,低负荷
鲁皖二期管道（汤石支线）,3,S126；S127；S128,汤阴→邯郸；邯郸→邢台；邢台→石家庄,820.0,820.0,820.0,936.51,2009.0,2009.0,0#普柴、 0#车柴、 92#清洁汽油、 92#组分汽油、95#清洁汽油,0.2192948931298923,2025,0.1032507369957293,10.32507369957293,0.07318988518457516,7.318988518457516,S126,汤阴→邯郸,84.66560433649802,820.0,84.66560433649802,S126,汤阴→邯郸,0,0,低负荷
呼和浩特-包头-鄂尔多斯成品油管道,2,S024；S025,呼和浩特→包头；包头→鄂尔多斯,200.0,200.0,200.0,555.56,2014.0,2014.0,92#汽油、95 #汽油、0 #柴油、+5#柴油,0.2192948931298923,2025,0.0948706443656686,9.48706443656686,0.07572380924742245,7.5723809247422444,S024,呼和浩特→包头,18.974128873133733,200.0,18.974128873133733,S024,呼和浩特→包头,0,0,低负荷
兰成渝成品油管道,2,S034；S035,兰州→成都；成都→重庆,350.0,700.0,525.0,2500.0,2002.0,2002.0,0#柴油、92#车用汽油,0.2192948931298923,2025,0.089713919848768,8.971391984876801,0.044856959924384,4.485695992438401,S034,兰州→成都,62.79974389413765,700.0,62.79974389413765,S034,兰州→成都,0,0,低负荷
湘株支线,1,S080,湘潭→株洲,350.0,350.0,350.0,22.99,2008.0,2008.0,92#汽油、95#汽油、0#柴油,0.2192948931298923,2025,0.0896258575124723,8.96258575124723,0.0896258575124723,8.96258575124723,S080,湘潭→株洲,31.36905012936533,350.0,31.36905012936533,S080,湘潭→株洲,0,0,低负荷
驻信管道,1,S138,驻马店→信阳,820.0,820.0,820.0,109.98,2013.0,2013.0,0#车柴、92#组分汽油、95#组分汽油,0.2192948931298923,2025,0.0697538141228603,6.97538141228603,0.0697538141228603,6.97538141228603,S138,驻马店→信阳,57.1981275807455,820.0,57.1981275807455,S138,驻马店→信阳,0,0,低负荷
鲁皖二期管道（东线）,2,S119；S120,青岛→潍坊；潍坊→济南,820.0,820.0,820.0,740.44,2008.0,2008.0,0#普柴、 0#车柴、 92#清洁汽油、 92#组分汽油、95#清洁汽油,0.2192948931298923,2025,0.0673797054108872,6.737970541088719,0.05112603150889605,5.112603150889605,S119,青岛→潍坊,55.2513584369275,820.0,55.2513584369275,S119,青岛→潍坊,0,0,低负荷
吉林石化-长春成品油管道,1,S033,吉林→长春,245.0,245.0,245.0,159.5,2014.0,2014.0,0#柴油、-35 #柴油、92#汽油、95#汽油,0.2192948931298923,2025,0.0448677833744746,4.4867783374474595,0.0448677833744746,4.4867783374474595,S033,吉林→长春,10.992606926746296,245.0,10.992606926746296,S033,吉林→长春,0,0,低负荷
格拉成品油管道,1,S140,格尔木→拉萨,130.0,130.0,130.0,1114.0,1976.0,1976.0,-20#柴油、-35#柴油、0#柴油、92#汽油、95#汽油,0.2192948931298923,2025,0.0232869045572281,2.32869045572281,0.0232869045572281,2.32869045572281,S140,格尔木→拉萨,3.027297592439661,130.0,3.027297592439661,S140,格尔木→拉萨,0,0,低负荷
银巴线,1,S021,银川→巴彦淖尔,240.0,240.0,240.0,367.44,2017.0,2017.0,,0.2192948931298923,2025,0.013599272776845,1.3599272776845002,0.013599272776845,1.3599272776845002,S021,银川→巴彦淖尔,3.263825466442819,240.0,3.263825466442819,S021,银川→巴彦淖尔,0,0,低负荷
西部成品油管道,6,S001；S002；S003；S004；S005；S006,乌鲁木齐→哈密；哈密→柳园；柳园→酒泉；酒泉→张掖；张掖→武威；武威→兰州,1000.0,1000.0,1000.0,11045.1,2006.0,2006.0,0#柴油、-35#柴油、92#汽油,0.2192948931298923,2025,0.0085180299977008,0.85180299977008,0.007509080582710816,0.7509080582710815,S001,乌鲁木齐→哈密,8.518029997700872,1000.0,8.518029997700872,S001,乌鲁木齐→哈密,0,0,低负荷
156支线,1,S069,广水→广水武胜关镇,10.0,10.0,10.0,5.65,2014.0,2014.0,0#车用柴油、0#普通柴油、90#汽油、93#汽油、97#汽油,0.2192948931298923,2025,0.0,0.0,0.0,0.0,S069,广水→广水武胜关镇,0.0,10.0,0.0,S069,广水→广水武胜关镇,0,0,低负荷
克拉玛依-乌鲁木齐成品油管道,1,S010,克拉玛依→王家沟,160.0,160.0,160.0,291.78,1996.0,1996.0,90#汽油、93#汽油、97#汽油、0#柴油、-10#柴油、-20#柴油、-35#柴油、航煤,0.2192948931298923,2025,0.0,0.0,0.0,0.0,S010,克拉玛依→王家沟,0.0,160.0,0.0,S010,克拉玛依→王家沟,0,0,低负荷
克拉玛依-乌鲁木齐成品油管道（复线）,1,S011,克拉玛依→王家沟,400.0,400.0,400.0,293.31,2009.0,2009.0,90#汽油、93#汽油、97#汽油、0#柴油、-10#柴油、-20#柴油、-35#柴油、航煤,0.2192948931298923,2025,0.0,0.0,0.0,0.0,S011,克拉玛依→王家沟,0.0,400.0,0.0,S011,克拉玛依→王家沟,0,0,低负荷
南武管道,1,S139,南疆(天津→武清,155.0,155.0,155.0,172.99,2018.0,2018.0,93#汽油、97#汽油、柴油,0.2192948931298923,2025,0.0,0.0,0.0,0.0,S139,南疆(天津→武清,0.0,155.0,0.0,S139,南疆(天津→武清,0,0,低负荷
独山子-703泵站-乌鲁木齐成品油管道,2,S007；S008,独山子→703；703→乌鲁木齐,100.0,100.0,100.0,591.58,1998.0,1998.0,90#汽油、93#汽油、97#汽油、0#柴油、-10#柴油、-20#柴油、-35#柴油、航煤,0.2192948931298923,2025,0.0,0.0,0.0,0.0,S007,独山子→703,0.0,100.0,0.0,S007,独山子→703,0,0,低负荷
独山子-乌鲁木齐成品油管道,1,S009,独山子→王家沟,520.0,520.0,520.0,222.69,2004.0,2004.0,90#汽油、93#汽油、97#汽油、0#柴油、-10#柴油、-20#柴油、-35#柴油、航煤,0.2192948931298923,2025,0.0,0.0,0.0,0.0,S009,独山子→王家沟,0.0,520.0,0.0,S009,独山子→王家沟,0,0,低负荷
绍杭成品油管道,1,S102,绍兴→萧山,500.0,500.0,500.0,92.12,2016.0,2016.0,0#柴油、95#汽油、92#汽油、航煤,0.2192948931298923,2025,0.0,0.0,0.0,0.0,S102,绍兴→萧山,0.0,500.0,0.0,S102,绍兴→萧山,0,0,低负荷
上饶-樟树成品油管道,1,S085,上饶→樟树,,,,314.77,2016.0,2016.0,92#汽油、95#汽油、0#柴油,0.2192948931298923,2025,,,,,,,,,66.89841873714256,S085,上饶→樟树,0,0,无设计输量
武汉-信阳成品油管道,1,S068,武汉→信阳,,,,229.51,2013.0,2013.0,0#车用柴油、0#普通柴油、90#汽油、93#汽油、97#汽油,0.2192948931298923,2025,,,,,,,,,57.1981275807455,S068,武汉→信阳,0,0,无设计输量
西南成品油管网（北线）,8,S045；S046；S047；S048；S052；S049；S050；S051,湛江→茂名；茂名→柳州；柳州→贵阳；贵阳→曲靖；柳州→桂林；江津→重庆；柳州→柳库；贵阳→简阳,500.0,800.0,700.0,7127.96,2005.0,2016.0,92#汽油、95#汽油、0#车柴,0.2192948931298923,2030,1.3055755602158456,130.55755602158456,0.3470369345032676,34.70369345032676,S045,湛江→茂名,652.7877801079228,500.0,652.7877801079228,S045,湛江→茂名,1,1,超过设计输量
珠三角成品油管网,9,S067；S064；S065；S059；S060；S061；S062；S063；S066,惠州→梅州；黄埔→南沙；黄埔→惠州；茂名→江门；南沙→南海；三水→花都；南沙→斗门；北沙→珠海；大鹏湾→妈湾,100.0,550.0,250.0,1802.8100000000002,2006.0,2015.0,0#柴油、-35#柴油、92#汽油,0.2192948931298923,2030,1.3034871225152942,130.3487122515294,0.3143000666157328,31.43000666157328,S067,惠州→梅州,156.41845470183532,120.0,239.72514445274044,S064,黄埔→南沙,1,1,超过设计输量
安庆-亳州成品油管道,4,S088；S087；S086；S089,淮南→阜阳；合肥→淮南；安庆→合肥；阜阳→亳州,140.0,410.0,205.0,1665.0,2016.0,2016.0,92#汽油、95#汽油、0#车用柴油、0#普通柴油,0.2192948931298923,2030,1.1462509511766232,114.62509511766233,0.7943498767825489,79.43498767825488,S088,淮南→阜阳,160.47513316472725,140.0,271.38065087196827,S086,安庆→合肥,1,1,超过设计输量
云南成品油管网（安保线）,2,S037；S036,大理→保山；安宁→大理,57.0,173.0,115.0,791.0,2017.0,2017.0,0号柴油、92号汽油、95号汽油,0.2192948931298923,2030,1.103491398883784,110.3491398883784,0.8690580102547619,86.9058010254762,S037,大理→保山,62.89900973637569,57.0,109.790059541253,S036,安宁→大理,1,1,超过设计输量
云南成品油管网（安曲线）,3,S041；S040；S042,寻甸→曲靖；安宁→寻甸；寻甸→昆明,155.0,323.0,168.0,1124.6999999999998,2017.0,2017.0,0号柴油、92号汽油、95号汽油、3号喷气燃料,0.2192948931298923,2030,1.015765837868794,101.5765837868794,0.5010692162035949,50.10692162035949,S041,寻甸→曲靖,157.4437048696631,155.0,157.4437048696631,S041,寻甸→曲靖,1,1,超过设计输量
长岭-郴州成品油管道,7,S077；S076；S078；S074；S072；S073；S075,衡阳→耒阳；湘潭→衡阳；耒阳→郴州；汨罗→长沙；长岭→七里山；七里山→汨罗；长沙→湘潭,100.0,600.0,385.0,3859.2400000000007,2014.0,2014.0,92#汽油、95#汽油、0#柴油,0.2192948931298923,2030,0.9425129680749426,94.25129680749426,0.5519254166142922,55.19254166142922,S077,衡阳→耒阳,128.18176365819218,136.0,292.01786996158006,S072,长岭→七里山,0,1,高负荷
浙苏成品油管道,2,S094；S093,嘉兴(陈山→苏州(苏州；嘉兴(陈山→湖州(湖州,510.0,510.0,510.0,439.78,2007.0,2007.0,0#柴油、-10#柴油、90#汽油、93#汽油、97#汽油,0.2192948931298923,2030,0.8833456775911229,88.33456775911229,0.46557112735415507,46.55711273541551,S094,嘉兴(陈山→苏州(苏州,450.5062955714727,510.0,450.5062955714727,S094,嘉兴(陈山→苏州(苏州,0,1,高负荷
抚顺-锦州-郑州成品油管道,7,S026；S027；S028；S029；S030；S031；S032,抚顺→辽阳；辽阳→辽河；辽河→锦州；锦州→固安；固安→保定；保定→邯郸；邯郸→郑州,600.0,1300.0,800.0,11160.099999999999,2018.0,2018.0,0#柴油、92#车用汽油、92#组分汽油,0.2192948931298923,2030,0.8778492942283216,87.78492942283216,0.4193413762519774,41.93413762519774,S026,抚顺→辽阳,526.7095765369929,600.0,526.7095765369929,S026,抚顺→辽阳,0,2,高负荷
九江-赣州成品油管道,4,S081；S082；S083；S084,九江→南昌；南昌→吉安长塘；吉安长塘→樟树；樟树→赣州,170.0,330.0,257.0,2171.56,2016.0,2016.0,92#汽油、95#汽油、0#柴油,0.2192948931298923,2030,0.8645109630410872,86.45109630410872,0.607287641791131,60.72876417911311,S081,九江→南昌,285.2886178035588,330.0,285.2886178035588,S081,九江→南昌,0,1,高负荷
苏南成品油管道,1,S098,南京(南京→苏州(苏州,580.0,580.0,580.0,373.25,2010.0,2010.0,0#柴油、-10#柴油、90#汽油、93#汽油、97#汽油,0.2192948931298923,2030,0.7767349923646082,77.67349923646081,0.7767349923646082,77.67349923646081,S098,南京(南京→苏州(苏州,450.5062955714727,580.0,450.5062955714727,S098,南京(南京→苏州(苏州,0,0,中负荷
浙赣成品油管道,3,S101；S099；S100,诸暨→桐庐；算山→龙游；龙游→樟树,135.0,760.0,450.0,2573.7,2013.0,2013.0,0#柴油、95#汽油、92#汽油,0.2192948931298923,2030,0.7553933308165974,75.53933308165975,0.3658907920112486,36.58907920112486,S101,诸暨→桐庐,101.97809966024066,135.0,147.26887771123802,S099,算山→龙游,0,0,中负荷
甬台温成品油管道,4,S103；S104；S105；S106,算山→宁海；宁海→临海；临海→灵昆；灵昆→瑞安,460.0,460.0,460.0,1635.28,2018.0,2018.0,90#汽油、93#汽油、97#汽油、0#车用柴油、0#普通柴油,0.2192948931298923,2030,0.6153387532456862,61.53387532456862,0.3352823474933342,33.52823474933342,S103,算山→宁海,283.0558264930157,460.0,283.0558264930157,S103,算山→宁海,0,0,中负荷
安庆-合肥成品油管道,1,S090,安庆→合肥,120.0,120.0,120.0,158.85,2007.0,2007.0,3#喷气燃料,0.2192948931298923,2030,0.6119714297616059,61.19714297616059,0.6119714297616059,61.19714297616059,S090,安庆→合肥,73.4365715713927,120.0,73.4365715713927,S090,安庆→合肥,0,0,中负荷
云南成品油管网（安蒙线）,2,S039；S038,玉溪→蒙自；安宁→玉溪,115.0,225.0,170.0,502.48,2017.0,2017.0,0号柴油、92号汽油、95号汽油,0.2192948931298923,2030,0.5719503012743369,57.19503012743369,0.5324726258708549,53.24726258708549,S039,玉溪→蒙自,65.77428464654874,115.0,110.92386385515888,S038,安宁→玉溪,0,0,中负荷
鲁皖一期管道,9,S110；S111；S112；S113；S114；S115；S116；S118；S117,齐鲁→淄博；淄博→济南；济南→泰安；泰安→曲阜；曲阜→枣庄；枣庄→徐州；徐州→宿州；枣庄→临沂；曲阜→济宁,655.0,655.0,655.0,6926.22,2005.0,2005.0,0#普柴、0#车柴、92#组分汽油、95#组分汽油、95#清洁汽油,0.2192948931298923,2030,0.5044195813541898,50.441958135418986,0.2781408201813128,27.81408201813128,S110,齐鲁→淄博,330.3948257869944,655.0,330.3948257869944,S110,齐鲁→淄博,0,0,中负荷
兰郑长成品油管道,4,S012；S014；S015；S013,兰州→咸阳；郑州→武汉；武汉→长沙；咸阳→郑州,500.0,1500.0,1000.0,8347.28,2009.0,2009.0,0#柴油、92#车用汽油、92#组分汽油,0.2192948931298923,2030,0.5032101588072745,50.32101588072745,0.31960743816262177,31.960743816262177,S012,兰州→咸阳,503.2101588072745,1000.0,503.2101588072745,S012,兰州→咸阳,0,0,中负荷
钦南柳成品油管道,2,S043；S044,钦州→南宁；南宁→柳州,300.0,500.0,400.0,727.3,2018.0,2018.0,E92#汽油组分油、92#汽油、E95#汽油组分油、95#汽油和0#柴油,0.2192948931298923,2030,0.5029207669664273,50.29207669664273,0.3921205884306485,39.21205884306485,S043,钦州→南宁,251.4603834832137,500.0,251.4603834832137,S043,钦州→南宁,0,0,中负荷
洛驻管道,5,S133；S134；S135；S136；S137,洛阳→巩义；巩义→郑州；郑州→许昌；许昌→漯河；漯河→驻马店,820.0,820.0,820.0,2141.8,2007.0,2007.0,0#车柴、92#组分汽油、95#组分汽油,0.2192948931298923,2030,0.5009016154756899,50.09016154756899,0.26937070204581065,26.937070204581065,S133,洛阳→巩义,410.73932469006576,820.0,410.73932469006576,S133,洛阳→巩义,0,0,中负荷
西南成品油管网（南线）,6,S053；S054；S057；S055；S056；S058,东海岛→南宁；南宁→长坡；长坡→曲靖；长坡→大理；南宁→黎塘；秋田冲→昆东,800.0,800.0,800.0,10887.6,2012.0,2012.0,92#清洁汽油、92#汽油、95#汽油、0#车柴,0.2192948931298923,2030,0.4642487689866164,46.42487689866164,0.16251427594549453,16.251427594549455,S053,东海岛→南宁,371.3990151892931,800.0,371.3990151892931,S053,东海岛→南宁,0,0,低负荷
淮蚌支线,1,S092,淮南→蚌埠,80.0,80.0,80.0,104.72,2016.0,2016.0,92#汽油、95#汽油、0#车用柴油、0#普通柴油,0.2192948931298923,2030,0.4636015265634789,46.36015265634789,0.4636015265634789,46.36015265634789,S092,淮南→蚌埠,37.08812212507832,80.0,37.08812212507832,S092,淮南→蚌埠,0,0,低负荷
湘娄支线,1,S079,湘潭→娄底,250.0,250.0,250.0,117.48,2014.0,2014.0,92#汽油、95#汽油、0#柴油,0.2192948931298923,2030,0.4542264933238617,45.42264933238617,0.4542264933238617,45.42264933238617,S079,湘潭→娄底,113.55662333096544,250.0,113.55662333096544,S079,湘潭→娄底,0,0,低负荷
大港-济南-枣庄成品油管道,7,S016；S017；S018；S019；S020；S022；S023,大港→沧州；沧州→德州；德州→济南；济南→济南；济南→兖州；兖州→肥城；肥城→枣庄,285.0,285.0,285.0,4304.09,2007.0,2007.0,0#柴油、92#组分汽油,0.2192948931298923,2030,0.4103232544418577,41.032325444185766,0.2031052514490532,20.31052514490532,S016,大港→沧州,116.94212751592944,285.0,116.94212751592944,S016,大港→沧州,0,0,低负荷
荆门-襄阳成品油管道,1,S070,荆门→襄阳,350.0,350.0,350.0,128.75,2019.0,2019.0,0#车用柴油,0.2192948931298923,2030,0.3721104986297536,37.21104986297536,0.3721104986297536,37.21104986297536,S070,荆门→襄阳,130.23867452041378,350.0,130.23867452041378,S070,荆门→襄阳,0,0,低负荷
荆门-荆州成品油管道,1,S071,荆门→荆州,150.0,150.0,150.0,92.12,2003.0,2003.0,0#柴油、90#汽油、93#汽油,0.2192948931298923,2030,0.3601183326739653,36.01183326739653,0.3601183326739653,36.01183326739653,S071,荆门→荆州,54.0177499010948,150.0,54.0177499010948,S071,荆门→荆州,0,0,低负荷
苏北成品油管道,3,S095；S097；S096,南京(扬子→泰州(泰州；南京(扬子→盐城(盐城；南京(扬子→徐州(新沂,545.0,545.0,545.0,1827.81,2015.0,2015.0,0#柴油、-10#柴油、90#汽油、93#汽油、97#汽油,0.2192948931298923,2030,0.2912778061092909,29.127780610929086,0.15402751194445177,15.402751194445177,S095,南京(扬子→泰州(泰州,158.74640432956355,545.0,158.74640432956355,S095,南京(扬子→泰州(泰州,0,0,低负荷
福建成品油管道（北线）,1,S107,泉港→兴闽,220.0,220.0,220.0,148.96,2010.0,2010.0,0#柴油、95#汽油、92#汽油、航煤,0.2192948931298923,2030,0.2482232855452235,24.82232855452235,0.2482232855452235,24.82232855452235,S107,泉港→兴闽,54.60912281994917,220.0,54.60912281994917,S107,泉港→兴闽,0,0,低负荷
合六支线,1,S091,合肥→六安,140.0,140.0,140.0,99.99,2019.0,2019.0,92#汽油、95#汽油、0#车用柴油,0.2192948931298923,2030,0.2045344852393493,20.45344852393493,0.2045344852393493,20.45344852393493,S091,合肥→六安,28.6348279335089,140.0,28.6348279335089,S091,合肥→六安,0,0,低负荷
鲁皖二期管道（西线）,3,S121；S122；S123,济南→聊城；聊城→濮阳；濮阳→汤阴,820.0,820.0,820.0,1066.71,2009.0,2009.0,0#普柴、 0#车柴、 92#清洁汽油、 92#组分汽油、95#清洁汽油,0.2192948931298923,2030,0.2032232308037915,20.32232308037915,0.16261338500137787,16.261338500137786,S121,济南→聊城,166.6430492591091,820.0,166.6430492591091,S121,济南→聊城,0,0,低负荷
石太管道,4,S129；S130；S131；S132,石家庄→高庄；高庄→阳泉；阳泉→晋中；晋中→太原,820.0,820.0,820.0,1288.08,2007.0,2007.0,0#车柴、0#普柴、92#组分汽油、95#组分汽油、92#清洁汽油、95#清洁汽油,0.2192948931298923,2030,0.136205091248152,13.6205091248152,0.12404639375946205,12.404639375946205,S129,石家庄→高庄,111.68817482348472,820.0,111.68817482348472,S129,石家庄→高庄,0,0,低负荷
鲁皖二期管道（汤郑支线）,2,S124；S125,汤阴→新乡；新乡→郑州,820.0,820.0,820.0,409.38,2010.0,2010.0,0#普柴、 0#车柴、 92#清洁汽油、 92#组分汽油、95#清洁汽油,0.2192948931298923,2030,0.1170981986133791,11.709819861337909,0.05854909930668955,5.8549099306689545,S124,汤阴→新乡,96.0205228629709,820.0,96.0205228629709,S124,汤阴→新乡,0,0,低负荷
鲁皖二期管道（汤石支线）,3,S126；S127；S128,汤阴→邯郸；邯郸→邢台；邢台→石家庄,820.0,820.0,820.0,936.51,2009.0,2009.0,0#普柴、 0#车柴、 92#清洁汽油、 92#组分汽油、95#清洁汽油,0.2192948931298923,2030,0.1092602447140213,10.926024471402132,0.07765725594350693,7.765725594350694,S126,汤阴→邯郸,89.59340066549747,820.0,89.59340066549747,S126,汤阴→邯郸,0,0,低负荷
福建成品油管道（南线）,2,S108；S109,泉港→东孚；泉港→石湖山,380.0,380.0,380.0,351.22,2013.0,2013.0,0#柴油、95#汽油、92#汽油、航煤,0.2192948931298923,2030,0.0928309348886099,9.28309348886099,0.04641546744430495,4.641546744430495,S108,泉港→东孚,35.275755257671776,380.0,35.275755257671776,S108,泉港→东孚,0,0,低负荷
湘株支线,1,S080,湘潭→株洲,350.0,350.0,350.0,22.99,2008.0,2008.0,92#汽油、95#汽油、0#柴油,0.2192948931298923,2030,0.0813452151069701,8.13452151069701,0.0813452151069701,8.13452151069701,S080,湘潭→株洲,28.47082528743954,350.0,28.47082528743954,S080,湘潭→株洲,0,0,低负荷
驻信管道,1,S138,驻马店→信阳,820.0,820.0,820.0,109.98,2013.0,2013.0,0#车柴、92#组分汽油、95#组分汽油,0.2192948931298923,2030,0.0719800010421952,7.19800010421952,0.0719800010421952,7.19800010421952,S138,驻马店→信阳,59.0236008546001,820.0,59.0236008546001,S138,驻马店→信阳,0,0,低负荷
兰成渝成品油管道,2,S034；S035,兰州→成都；成都→重庆,350.0,700.0,525.0,2500.0,2002.0,2002.0,0#柴油、92#车用汽油,0.2192948931298923,2030,0.0698333610020085,6.98333610020085,0.03491668050100425,3.491668050100425,S034,兰州→成都,48.88335270140601,700.0,48.88335270140601,S034,兰州→成都,0,0,低负荷
呼和浩特-包头-鄂尔多斯成品油管道,2,S024；S025,呼和浩特→包头；包头→鄂尔多斯,200.0,200.0,200.0,555.56,2014.0,2014.0,92#汽油、95 #汽油、0 #柴油、+5#柴油,0.2192948931298923,2030,0.0664550159716101,6.645501597161011,0.05595538717526415,5.5955387175264155,S024,呼和浩特→包头,13.291003194322029,200.0,13.291003194322029,S024,呼和浩特→包头,0,0,低负荷
鲁皖二期管道（东线）,2,S119；S120,青岛→潍坊；潍坊→济南,820.0,820.0,820.0,740.44,2008.0,2008.0,0#普柴、 0#车柴、 92#清洁汽油、 92#组分汽油、95#清洁汽油,0.2192948931298923,2030,0.0652877635123476,6.528776351234759,0.04968566394065489,4.96856639406549,S119,青岛→潍坊,53.53596608012509,820.0,53.53596608012509,S119,青岛→潍坊,0,0,低负荷
吉林石化-长春成品油管道,1,S033,吉林→长春,245.0,245.0,245.0,159.5,2014.0,2014.0,0#柴油、-35 #柴油、92#汽油、95#汽油,0.2192948931298923,2030,0.033599121150311,3.3599121150311,0.033599121150311,3.3599121150311,S033,吉林→长春,8.231784681826207,245.0,8.231784681826207,S033,吉林→长春,0,0,低负荷
银巴线,1,S021,银川→巴彦淖尔,240.0,240.0,240.0,367.44,2017.0,2017.0,,0.2192948931298923,2030,0.0072376878684156,0.72376878684156,0.0072376878684156,0.72376878684156,S021,银川→巴彦淖尔,1.737045088419764,240.0,1.737045088419764,S021,银川→巴彦淖尔,0,0,低负荷
西部成品油管道,6,S001；S002；S003；S004；S005；S006,乌鲁木齐→哈密；哈密→柳园；柳园→酒泉；酒泉→张掖；张掖→武威；武威→兰州,1000.0,1000.0,1000.0,11045.1,2006.0,2006.0,0#柴油、-35#柴油、92#汽油,0.2192948931298923,2030,0.006556909200611,0.6556909200611,0.0057856851302482,0.5785685130248199,S001,乌鲁木齐→哈密,6.556909200611032,1000.0,6.556909200611032,S001,乌鲁木齐→哈密,0,0,低负荷
156支线,1,S069,广水→广水武胜关镇,10.0,10.0,10.0,5.65,2014.0,2014.0,0#车用柴油、0#普通柴油、90#汽油、93#汽油、97#汽油,0.2192948931298923,2030,0.0,0.0,0.0,0.0,S069,广水→广水武胜关镇,0.0,10.0,0.0,S069,广水→广水武胜关镇,0,0,低负荷
克拉玛依-乌鲁木齐成品油管道,1,S010,克拉玛依→王家沟,160.0,160.0,160.0,291.78,1996.0,1996.0,90#汽油、93#汽油、97#汽油、0#柴油、-10#柴油、-20#柴油、-35#柴油、航煤,0.2192948931298923,2030,0.0,0.0,0.0,0.0,S010,克拉玛依→王家沟,0.0,160.0,0.0,S010,克拉玛依→王家沟,0,0,低负荷
克拉玛依-乌鲁木齐成品油管道（复线）,1,S011,克拉玛依→王家沟,400.0,400.0,400.0,293.31,2009.0,2009.0,90#汽油、93#汽油、97#汽油、0#柴油、-10#柴油、-20#柴油、-35#柴油、航煤,0.2192948931298923,2030,0.0,0.0,0.0,0.0,S011,克拉玛依→王家沟,0.0,400.0,0.0,S011,克拉玛依→王家沟,0,0,低负荷
南武管道,1,S139,南疆(天津→武清,155.0,155.0,155.0,172.99,2018.0,2018.0,93#汽油、97#汽油、柴油,0.2192948931298923,2030,0.0,0.0,0.0,0.0,S139,南疆(天津→武清,0.0,155.0,0.0,S139,南疆(天津→武清,0,0,低负荷
格拉成品油管道,1,S140,格尔木→拉萨,130.0,130.0,130.0,1114.0,1976.0,1976.0,-20#柴油、-35#柴油、0#柴油、92#汽油、95#汽油,0.2192948931298923,2030,0.0,0.0,0.0,0.0,S140,格尔木→拉萨,0.0,130.0,0.0,S140,格尔木→拉萨,0,0,低负荷
独山子-703泵站-乌鲁木齐成品油管道,2,S007；S008,独山子→703；703→乌鲁木齐,100.0,100.0,100.0,591.58,1998.0,1998.0,90#汽油、93#汽油、97#汽油、0#柴油、-10#柴油、-20#柴油、-35#柴油、航煤,0.2192948931298923,2030,0.0,0.0,0.0,0.0,S007,独山子→703,0.0,100.0,0.0,S007,独山子→703,0,0,低负荷
独山子-乌鲁木齐成品油管道,1,S009,独山子→王家沟,520.0,520.0,520.0,222.69,2004.0,2004.0,90#汽油、93#汽油、97#汽油、0#柴油、-10#柴油、-20#柴油、-35#柴油、航煤,0.2192948931298923,2030,0.0,0.0,0.0,0.0,S009,独山子→王家沟,0.0,520.0,0.0,S009,独山子→王家沟,0,0,低负荷
绍杭成品油管道,1,S102,绍兴→萧山,500.0,500.0,500.0,92.12,2016.0,2016.0,0#柴油、95#汽油、92#汽油、航煤,0.2192948931298923,2030,0.0,0.0,0.0,0.0,S102,绍兴→萧山,0.0,500.0,0.0,S102,绍兴→萧山,0,0,低负荷
上饶-樟树成品油管道,1,S085,上饶→樟树,,,,314.77,2016.0,2016.0,92#汽油、95#汽油、0#柴油,0.2192948931298923,2030,,,,,,,,,66.82689275553636,S085,上饶→樟树,0,0,无设计输量
武汉-信阳成品油管道,1,S068,武汉→信阳,,,,229.51,2013.0,2013.0,0#车用柴油、0#普通柴油、90#汽油、93#汽油、97#汽油,0.2192948931298923,2030,,,,,,,,,59.0236008546001,S068,武汉→信阳,0,0,无设计输量
西南成品油管网（北线）,8,S045；S046；S047；S048；S052；S049；S050；S051,湛江→茂名；茂名→柳州；柳州→贵阳；贵阳→曲靖；柳州→桂林；江津→重庆；柳州→柳库；贵阳→简阳,500.0,800.0,700.0,7127.96,2005.0,2016.0,92#汽油、95#汽油、0#车柴,0.2192948931298923,2035,1.21572125187238,121.57212518723799,0.3225592823775184,32.25592823775184,S045,湛江→茂名,607.86062593619,500.0,607.86062593619,S045,湛江→茂名,1,1,超过设计输量
珠三角成品油管网,9,S067；S064；S065；S059；S060；S061；S062；S063；S066,惠州→梅州；黄埔→南沙；黄埔→惠州；茂名→江门；南沙→南海；三水→花都；南沙→斗门；北沙→珠海；大鹏湾→妈湾,100.0,550.0,250.0,1802.8100000000002,2006.0,2015.0,0#柴油、-35#柴油、92#汽油,0.2192948931298923,2035,1.2102909874688417,121.02909874688417,0.29263132950709303,29.263132950709302,S067,惠州→梅州,145.234918496261,120.0,225.11234018696,S064,黄埔→南沙,1,1,超过设计输量
安庆-亳州成品油管道,4,S088；S087；S086；S089,淮南→阜阳；合肥→淮南；安庆→合肥；阜阳→亳州,140.0,410.0,205.0,1665.0,2016.0,2016.0,92#汽油、95#汽油、0#车用柴油、0#普通柴油,0.2192948931298923,2035,1.1417607642317706,114.17607642317707,0.7922390603250292,79.22390603250292,S088,淮南→阜阳,159.8465069924479,140.0,271.63040410717355,S086,安庆→合肥,1,1,超过设计输量
云南成品油管网（安保线）,2,S037；S036,大理→保山；安宁→大理,57.0,173.0,115.0,791.0,2017.0,2017.0,0号柴油、92号汽油、95号汽油,0.2192948931298923,2035,1.077528463156374,107.7528463156374,0.8474094606409062,84.74094606409062,S037,大理→保山,61.41912239991331,57.0,106.79124925570082,S036,安宁→大理,1,1,超过设计输量
云南成品油管网（安曲线）,3,S041；S040；S042,寻甸→曲靖；安宁→寻甸；寻甸→昆明,155.0,323.0,168.0,1124.6999999999998,2017.0,2017.0,0号柴油、92号汽油、95号汽油、3号喷气燃料,0.2192948931298923,2035,0.9583818390345864,95.83818390345864,0.47276214557124074,47.27621455712408,S041,寻甸→曲靖,148.54918505036088,155.0,148.54918505036088,S041,寻甸→曲靖,0,1,高负荷
九江-赣州成品油管道,4,S081；S082；S083；S084,九江→南昌；南昌→吉安长塘；吉安长塘→樟树；樟树→赣州,170.0,330.0,257.0,2171.56,2016.0,2016.0,92#汽油、95#汽油、0#柴油,0.2192948931298923,2035,0.8614167349680413,86.14167349680413,0.6025571546747511,60.25571546747511,S081,九江→南昌,284.26752253945364,330.0,284.26752253945364,S081,九江→南昌,0,1,高负荷
浙苏成品油管道,2,S094；S093,嘉兴(陈山→苏州(苏州；嘉兴(陈山→湖州(湖州,510.0,510.0,510.0,439.78,2007.0,2007.0,0#柴油、-10#柴油、90#汽油、93#汽油、97#汽油,0.2192948931298923,2035,0.7560339062101906,75.60339062101906,0.3991056900762129,39.91056900762129,S094,嘉兴(陈山→苏州(苏州,385.5772921671973,510.0,385.5772921671973,S094,嘉兴(陈山→苏州(苏州,0,0,中负荷
抚顺-锦州-郑州成品油管道,7,S026；S027；S028；S029；S030；S031；S032,抚顺→辽阳；辽阳→辽河；辽河→锦州；锦州→固安；固安→保定；保定→邯郸；邯郸→郑州,600.0,1300.0,800.0,11160.099999999999,2018.0,2018.0,0#柴油、92#车用汽油、92#组分汽油,0.2192948931298923,2035,0.7382763762729831,73.82763762729832,0.3534425488570178,35.34425488570178,S026,抚顺→辽阳,442.9658257637899,600.0,442.9658257637899,S026,抚顺→辽阳,0,0,中负荷
长岭-郴州成品油管道,7,S077；S076；S078；S074；S072；S073；S075,衡阳→耒阳；湘潭→衡阳；耒阳→郴州；汨罗→长沙；长岭→七里山；七里山→汨罗；长沙→湘潭,100.0,600.0,385.0,3859.2400000000007,2014.0,2014.0,92#汽油、95#汽油、0#柴油,0.2192948931298923,2035,0.6823861404686149,68.23861404686149,0.400172042238576,40.0172042238576,S077,衡阳→耒阳,92.80451510373165,136.0,207.1261278291738,S072,长岭→七里山,0,0,中负荷
浙赣成品油管道,3,S101；S099；S100,诸暨→桐庐；算山→龙游；龙游→樟树,135.0,760.0,450.0,2573.7,2013.0,2013.0,0#柴油、95#汽油、92#汽油,0.2192948931298923,2035,0.6722539095617813,67.22539095617813,0.33420439641733474,33.42043964173347,S101,诸暨→桐庐,90.75427779084048,135.0,138.426250639683,S099,算山→龙游,0,0,中负荷
苏南成品油管道,1,S098,南京(南京→苏州(苏州,580.0,580.0,580.0,373.25,2010.0,2010.0,0#柴油、-10#柴油、90#汽油、93#汽油、97#汽油,0.2192948931298923,2035,0.6647884347710298,66.47884347710298,0.6647884347710298,66.47884347710298,S098,南京(南京→苏州(苏州,385.5772921671973,580.0,385.5772921671973,S098,南京(南京→苏州(苏州,0,0,中负荷
安庆-合肥成品油管道,1,S090,安庆→合肥,120.0,120.0,120.0,158.85,2007.0,2007.0,3#喷气燃料,0.2192948931298923,2035,0.6201334947988214,62.01334947988214,0.6201334947988214,62.01334947988214,S090,安庆→合肥,74.41601937585857,120.0,74.41601937585857,S090,安庆→合肥,0,0,中负荷
云南成品油管网（安蒙线）,2,S039；S038,玉溪→蒙自；安宁→玉溪,115.0,225.0,170.0,502.48,2017.0,2017.0,0号柴油、92号汽油、95号汽油,0.2192948931298923,2035,0.5553823116401754,55.53823116401754,0.5196882899540142,51.96882899540142,S039,玉溪→蒙自,63.86896583862017,115.0,108.89871036026692,S038,安宁→玉溪,0,0,中负荷
甬台温成品油管道,4,S103；S104；S105；S106,算山→宁海；宁海→临海；临海→灵昆；灵昆→瑞安,460.0,460.0,460.0,1635.28,2018.0,2018.0,90#汽油、93#汽油、97#汽油、0#车用柴油、0#普通柴油,0.2192948931298923,2035,0.5459683390601205,54.59683390601205,0.297612736194497,29.761273619449703,S103,算山→宁海,251.14543596765543,460.0,251.14543596765543,S103,算山→宁海,0,0,中负荷
洛驻管道,5,S133；S134；S135；S136；S137,洛阳→巩义；巩义→郑州；郑州→许昌；许昌→漯河；漯河→驻马店,820.0,820.0,820.0,2141.8,2007.0,2007.0,0#车柴、92#组分汽油、95#组分汽油,0.2192948931298923,2035,0.5092834191234042,50.92834191234042,0.27215793455215664,27.215793455215664,S133,洛阳→巩义,417.6124036811915,820.0,417.6124036811915,S133,洛阳→巩义,0,0,中负荷
钦南柳成品油管道,2,S043；S044,钦州→南宁；南宁→柳州,300.0,500.0,400.0,727.3,2018.0,2018.0,E92#汽油组分油、92#汽油、E95#汽油组分油、95#汽油和0#柴油,0.2192948931298923,2035,0.4907099041510943,49.07099041510943,0.3818541312400668,38.18541312400668,S043,钦州→南宁,245.3549520755472,500.0,245.3549520755472,S043,钦州→南宁,0,0,低负荷
淮蚌支线,1,S092,淮南→蚌埠,80.0,80.0,80.0,104.72,2016.0,2016.0,92#汽油、95#汽油、0#车用柴油、0#普通柴油,0.2192948931298923,2035,0.4631409861648946,46.31409861648946,0.4631409861648946,46.31409861648946,S092,淮南→蚌埠,37.051278893191565,80.0,37.051278893191565,S092,淮南→蚌埠,0,0,低负荷
鲁皖一期管道,9,S110；S111；S112；S113；S114；S115；S116；S118；S117,齐鲁→淄博；淄博→济南；济南→泰安；泰安→曲阜；曲阜→枣庄；枣庄→徐州；徐州→宿州；枣庄→临沂；曲阜→济宁,655.0,655.0,655.0,6926.22,2005.0,2005.0,0#普柴、0#车柴、92#组分汽油、95#组分汽油、95#清洁汽油,0.2192948931298923,2035,0.4618831936443996,46.18831936443996,0.25256270582908097,25.256270582908098,S110,齐鲁→淄博,302.5334918370818,655.0,302.5334918370818,S110,齐鲁→淄博,0,0,低负荷
兰郑长成品油管道,4,S012；S014；S015；S013,兰州→咸阳；郑州→武汉；武汉→长沙；咸阳→郑州,500.0,1500.0,1000.0,8347.28,2009.0,2009.0,0#柴油、92#车用汽油、92#组分汽油,0.2192948931298923,2035,0.4605702205496186,46.05702205496186,0.27643662813886205,27.643662813886205,S012,兰州→咸阳,460.5702205496186,1000.0,460.5702205496186,S012,兰州→咸阳,0,0,低负荷
西南成品油管网（南线）,6,S053；S054；S057；S055；S056；S058,东海岛→南宁；南宁→长坡；长坡→曲靖；长坡→大理；南宁→黎塘；秋田冲→昆东,800.0,800.0,800.0,10887.6,2012.0,2012.0,92#清洁汽油、92#汽油、95#汽油、0#车柴,0.2192948931298923,2035,0.4467209456037297,44.67209456037297,0.15525403756151676,15.525403756151675,S053,东海岛→南宁,357.3767564829838,800.0,357.3767564829838,S053,东海岛→南宁,0,0,低负荷
大港-济南-枣庄成品油管道,7,S016；S017；S018；S019；S020；S022；S023,大港→沧州；沧州→德州；德州→济南；济南→济南；济南→兖州；兖州→肥城；肥城→枣庄,285.0,285.0,285.0,4304.09,2007.0,2007.0,0#柴油、92#组分汽油,0.2192948931298923,2035,0.384741318322185,38.4741318322185,0.192517481023772,19.2517481023772,S016,大港→沧州,109.65127572182271,285.0,109.65127572182271,S016,大港→沧州,0,0,低负荷
荆门-襄阳成品油管道,1,S070,荆门→襄阳,350.0,350.0,350.0,128.75,2019.0,2019.0,0#车用柴油,0.2192948931298923,2035,0.3709333713077348,37.09333713077348,0.3709333713077348,37.09333713077348,S070,荆门→襄阳,129.8266799577072,350.0,129.8266799577072,S070,荆门→襄阳,0,0,低负荷
荆门-荆州成品油管道,1,S071,荆门→荆州,150.0,150.0,150.0,92.12,2003.0,2003.0,0#柴油、90#汽油、93#汽油,0.2192948931298923,2035,0.3553005280063875,35.53005280063875,0.3553005280063875,35.53005280063875,S071,荆门→荆州,53.29507920095813,150.0,53.29507920095813,S071,荆门→荆州,0,0,低负荷
湘娄支线,1,S079,湘潭→娄底,250.0,250.0,250.0,117.48,2014.0,2014.0,92#汽油、95#汽油、0#柴油,0.2192948931298923,2035,0.3112139872670804,31.121398726708037,0.3112139872670804,31.121398726708037,S079,湘潭→娄底,77.80349681677009,250.0,77.80349681677009,S079,湘潭→娄底,0,0,低负荷
苏北成品油管道,3,S095；S097；S096,南京(扬子→泰州(泰州；南京(扬子→盐城(盐城；南京(扬子→徐州(新沂,545.0,545.0,545.0,1827.81,2015.0,2015.0,0#柴油、-10#柴油、90#汽油、93#汽油、97#汽油,0.2192948931298923,2035,0.2455092275475415,24.55092275475415,0.12939624529544289,12.939624529544288,S095,南京(扬子→泰州(泰州,133.80252901341015,545.0,133.80252901341015,S095,南京(扬子→泰州(泰州,0,0,低负荷
鲁皖二期管道（西线）,3,S121；S122；S123,济南→聊城；聊城→濮阳；濮阳→汤阴,820.0,820.0,820.0,1066.71,2009.0,2009.0,0#普柴、 0#车柴、 92#清洁汽油、 92#组分汽油、95#清洁汽油,0.2192948931298923,2035,0.2042794442884296,20.42794442884296,0.16490254527622167,16.490254527622167,S121,济南→聊城,167.50914431651228,820.0,167.50914431651228,S121,济南→聊城,0,0,低负荷
福建成品油管道（北线）,1,S107,泉港→兴闽,220.0,220.0,220.0,148.96,2010.0,2010.0,0#柴油、95#汽油、92#汽油、航煤,0.2192948931298923,2035,0.2037651275837368,20.37651275837368,0.2037651275837368,20.37651275837368,S107,泉港→兴闽,44.828328068422095,220.0,44.828328068422095,S107,泉港→兴闽,0,0,低负荷
合六支线,1,S091,合肥→六安,140.0,140.0,140.0,99.99,2019.0,2019.0,92#汽油、95#汽油、0#车用柴油,0.2192948931298923,2035,0.2006014260931116,20.06014260931116,0.2006014260931116,20.06014260931116,S091,合肥→六安,28.084199653035625,140.0,28.084199653035625,S091,合肥→六安,0,0,低负荷
石太管道,4,S129；S130；S131；S132,石家庄→高庄；高庄→阳泉；阳泉→晋中；晋中→太原,820.0,820.0,820.0,1288.08,2007.0,2007.0,0#车柴、0#普柴、92#组分汽油、95#组分汽油、92#清洁汽油、95#清洁汽油,0.2192948931298923,2035,0.1429100476999093,14.29100476999093,0.13014974275089022,13.014974275089022,S129,石家庄→高庄,117.18623911392568,820.0,117.18623911392568,S129,石家庄→高庄,0,0,低负荷
鲁皖二期管道（汤郑支线）,2,S124；S125,汤阴→新乡；新乡→郑州,820.0,820.0,820.0,409.38,2010.0,2010.0,0#普柴、 0#车柴、 92#清洁汽油、 92#组分汽油、95#清洁汽油,0.2192948931298923,2035,0.1212166589285277,12.12166589285277,0.06060832946426385,6.060832946426385,S124,汤阴→新乡,99.39766032139272,820.0,99.39766032139272,S124,汤阴→新乡,0,0,低负荷
鲁皖二期管道（汤石支线）,3,S126；S127；S128,汤阴→邯郸；邯郸→邢台；邢台→石家庄,820.0,820.0,820.0,936.51,2009.0,2009.0,0#普柴、 0#车柴、 92#清洁汽油、 92#组分汽油、95#清洁汽油,0.2192948931298923,2035,0.0996307989835806,9.96307989835806,0.07094508950577844,7.094508950577843,S126,汤阴→邯郸,81.69725516653611,820.0,81.69725516653611,S126,汤阴→邯郸,0,0,低负荷
福建成品油管道（南线）,2,S108；S109,泉港→东孚；泉港→石湖山,380.0,380.0,380.0,351.22,2013.0,2013.0,0#柴油、95#汽油、92#汽油、航煤,0.2192948931298923,2035,0.0764531831914922,7.64531831914922,0.0382265915957461,3.82265915957461,S108,泉港→东孚,29.05220961276704,380.0,29.05220961276704,S108,泉港→东孚,0,0,低负荷
驻信管道,1,S138,驻马店→信阳,820.0,820.0,820.0,109.98,2013.0,2013.0,0#车柴、92#组分汽油、95#组分汽油,0.2192948931298923,2035,0.072651348711149,7.265134871114901,0.072651348711149,7.265134871114901,S138,驻马店→信阳,59.574105943142186,820.0,59.574105943142186,S138,驻马店→信阳,0,0,低负荷
呼和浩特-包头-鄂尔多斯成品油管道,2,S024；S025,呼和浩特→包头；包头→鄂尔多斯,200.0,200.0,200.0,555.56,2014.0,2014.0,92#汽油、95 #汽油、0 #柴油、+5#柴油,0.2192948931298923,2035,0.0658769483457707,6.58769483457707,0.053922693393128496,5.39226933931285,S024,呼和浩特→包头,13.175389669154148,200.0,13.175389669154148,S024,呼和浩特→包头,0,0,低负荷
鲁皖二期管道（东线）,2,S119；S120,青岛→潍坊；潍坊→济南,820.0,820.0,820.0,740.44,2008.0,2008.0,0#普柴、 0#车柴、 92#清洁汽油、 92#组分汽油、95#清洁汽油,0.2192948931298923,2035,0.0625071752692716,6.25071752692716,0.04767932686976505,4.767932686976505,S119,青岛→潍坊,51.25588372080277,820.0,51.25588372080277,S119,青岛→潍坊,0,0,低负荷
湘株支线,1,S080,湘潭→株洲,350.0,350.0,350.0,22.99,2008.0,2008.0,92#汽油、95#汽油、0#柴油,0.2192948931298923,2035,0.0570901782224804,5.70901782224804,0.0570901782224804,5.70901782224804,S080,湘潭→株洲,19.98156237786815,350.0,19.98156237786815,S080,湘潭→株洲,0,0,低负荷
兰成渝成品油管道,2,S034；S035,兰州→成都；成都→重庆,350.0,700.0,525.0,2500.0,2002.0,2002.0,0#柴油、92#车用汽油,0.2192948931298923,2035,0.0465919209563098,4.65919209563098,0.0232959604781549,2.32959604781549,S034,兰州→成都,32.61434466941692,700.0,32.61434466941692,S034,兰州→成都,0,0,低负荷
吉林石化-长春成品油管道,1,S033,吉林→长春,245.0,245.0,245.0,159.5,2014.0,2014.0,0#柴油、-35 #柴油、92#汽油、95#汽油,0.2192948931298923,2035,0.0349454678200298,3.4945467820029803,0.0349454678200298,3.4945467820029803,S033,吉林→长春,8.561639615907323,245.0,8.561639615907323,S033,吉林→长春,0,0,低负荷
银巴线,1,S021,银川→巴彦淖尔,240.0,240.0,240.0,367.44,2017.0,2017.0,,0.2192948931298923,2035,0.0080421390130921,0.80421390130921,0.0080421390130921,0.80421390130921,S021,银川→巴彦淖尔,1.930113363142108,240.0,1.930113363142108,S021,银川→巴彦淖尔,0,0,低负荷
西部成品油管道,6,S001；S002；S003；S004；S005；S006,乌鲁木齐→哈密；哈密→柳园；柳园→酒泉；酒泉→张掖；张掖→武威；武威→兰州,1000.0,1000.0,1000.0,11045.1,2006.0,2006.0,0#柴油、-35#柴油、92#汽油,0.2192948931298923,2035,0.0055769748615606,0.55769748615606,0.004925570515105666,0.4925570515105666,S001,乌鲁木齐→哈密,5.576974861560694,1000.0,5.576974861560694,S001,乌鲁木齐→哈密,0,0,低负荷
156支线,1,S069,广水→广水武胜关镇,10.0,10.0,10.0,5.65,2014.0,2014.0,0#车用柴油、0#普通柴油、90#汽油、93#汽油、97#汽油,0.2192948931298923,2035,0.0,0.0,0.0,0.0,S069,广水→广水武胜关镇,0.0,10.0,0.0,S069,广水→广水武胜关镇,0,0,低负荷
克拉玛依-乌鲁木齐成品油管道,1,S010,克拉玛依→王家沟,160.0,160.0,160.0,291.78,1996.0,1996.0,90#汽油、93#汽油、97#汽油、0#柴油、-10#柴油、-20#柴油、-35#柴油、航煤,0.2192948931298923,2035,0.0,0.0,0.0,0.0,S010,克拉玛依→王家沟,0.0,160.0,0.0,S010,克拉玛依→王家沟,0,0,低负荷
克拉玛依-乌鲁木齐成品油管道（复线）,1,S011,克拉玛依→王家沟,400.0,400.0,400.0,293.31,2009.0,2009.0,90#汽油、93#汽油、97#汽油、0#柴油、-10#柴油、-20#柴油、-35#柴油、航煤,0.2192948931298923,2035,0.0,0.0,0.0,0.0,S011,克拉玛依→王家沟,0.0,400.0,0.0,S011,克拉玛依→王家沟,0,0,低负荷
南武管道,1,S139,南疆(天津→武清,155.0,155.0,155.0,172.99,2018.0,2018.0,93#汽油、97#汽油、柴油,0.2192948931298923,2035,0.0,0.0,0.0,0.0,S139,南疆(天津→武清,0.0,155.0,0.0,S139,南疆(天津→武清,0,0,低负荷
格拉成品油管道,1,S140,格尔木→拉萨,130.0,130.0,130.0,1114.0,1976.0,1976.0,-20#柴油、-35#柴油、0#柴油、92#汽油、95#汽油,0.2192948931298923,2035,0.0,0.0,0.0,0.0,S140,格尔木→拉萨,0.0,130.0,0.0,S140,格尔木→拉萨,0,0,低负荷
独山子-703泵站-乌鲁木齐成品油管道,2,S007；S008,独山子→703；703→乌鲁木齐,100.0,100.0,100.0,591.58,1998.0,1998.0,90#汽油、93#汽油、97#汽油、0#柴油、-10#柴油、-20#柴油、-35#柴油、航煤,0.2192948931298923,2035,0.0,0.0,0.0,0.0,S007,独山子→703,0.0,100.0,0.0,S007,独山子→703,0,0,低负荷
独山子-乌鲁木齐成品油管道,1,S009,独山子→王家沟,520.0,520.0,520.0,222.69,2004.0,2004.0,90#汽油、93#汽油、97#汽油、0#柴油、-10#柴油、-20#柴油、-35#柴油、航煤,0.2192948931298923,2035,0.0,0.0,0.0,0.0,S009,独山子→王家沟,0.0,520.0,0.0,S009,独山子→王家沟,0,0,低负荷
绍杭成品油管道,1,S102,绍兴→萧山,500.0,500.0,500.0,92.12,2016.0,2016.0,0#柴油、95#汽油、92#汽油、航煤,0.2192948931298923,2035,0.0,0.0,0.0,0.0,S102,绍兴→萧山,0.0,500.0,0.0,S102,绍兴→萧山,0,0,低负荷
上饶-樟树成品油管道,1,S085,上饶→樟树,,,,314.77,2016.0,2016.0,92#汽油、95#汽油、0#柴油,0.2192948931298923,2035,,,,,,,,,66.69876429763019,S085,上饶→樟树,0,0,无设计输量
武汉-信阳成品油管道,1,S068,武汉→信阳,,,,229.51,2013.0,2013.0,0#车用柴油、0#普通柴油、90#汽油、93#汽油、97#汽油,0.2192948931298923,2035,,,,,,,,,59.574105943142186,S068,武汉→信阳,0,0,无设计输量
安庆-亳州成品油管道,4,S088；S087；S086；S089,淮南→阜阳；合肥→淮南；安庆→合肥；阜阳→亳州,140.0,410.0,205.0,1665.0,2016.0,2016.0,92#汽油、95#汽油、0#车用柴油、0#普通柴油,0.2192948931298923,2040,1.120720817419846,112.07208174198459,0.7790165165821442,77.90165165821442,S088,淮南→阜阳,156.90091443877844,140.0,264.22498710665434,S086,安庆→合肥,1,1,超过设计输量
珠三角成品油管网,9,S067；S064；S065；S059；S060；S061；S062；S063；S066,惠州→梅州；黄埔→南沙；黄埔→惠州；茂名→江门；南沙→南海；三水→花都；南沙→斗门；北沙→珠海；大鹏湾→妈湾,100.0,550.0,250.0,1802.8100000000002,2006.0,2015.0,0#柴油、-35#柴油、92#汽油,0.2192948931298923,2040,1.0911062904954156,109.11062904954156,0.26411947043651784,26.411947043651786,S067,惠州→梅州,130.9327548594499,120.0,204.27920385160576,S064,黄埔→南沙,1,1,超过设计输量
西南成品油管网（北线）,8,S045；S046；S047；S048；S052；S049；S050；S051,湛江→茂名；茂名→柳州；柳州→贵阳；贵阳→曲靖；柳州→桂林；江津→重庆；柳州→柳库；贵阳→简阳,500.0,800.0,700.0,7127.96,2005.0,2016.0,92#汽油、95#汽油、0#车柴,0.2192948931298923,2040,1.0170802684958755,101.70802684958755,0.2677698312614335,26.77698312614335,S045,湛江→茂名,508.5401342479379,500.0,508.5401342479379,S045,湛江→茂名,1,1,超过设计输量
云南成品油管网（安保线）,2,S037；S036,大理→保山；安宁→大理,57.0,173.0,115.0,791.0,2017.0,2017.0,0号柴油、92号汽油、95号汽油,0.2192948931298923,2040,0.7856552868923433,78.56552868923433,0.6188503543574674,61.88503543574674,S037,大理→保山,44.78235135286357,57.0,78.20385797530831,S036,安宁→大理,0,0,中负荷
九江-赣州成品油管道,4,S081；S082；S083；S084,九江→南昌；南昌→吉安长塘；吉安长塘→樟树；樟树→赣州,170.0,330.0,257.0,2171.56,2016.0,2016.0,92#汽油、95#汽油、0#柴油,0.2192948931298923,2040,0.7791728643817633,77.91728643817632,0.5433410152707929,54.33410152707929,S081,九江→南昌,257.1270452459819,330.0,257.1270452459819,S081,九江→南昌,0,0,中负荷
长岭-郴州成品油管道,7,S077；S076；S078；S074；S072；S073；S075,衡阳→耒阳；湘潭→衡阳；耒阳→郴州；汨罗→长沙；长岭→七里山；七里山→汨罗；长沙→湘潭,100.0,600.0,385.0,3859.2400000000007,2014.0,2014.0,92#汽油、95#汽油、0#柴油,0.2192948931298923,2040,0.770998009906076,77.0998009906076,0.45315010033132463,45.31501003313247,S077,衡阳→耒阳,104.85572934722634,136.0,242.16208974662104,S072,长岭→七里山,0,0,中负荷
云南成品油管网（安曲线）,3,S041；S040；S042,寻甸→曲靖；安宁→寻甸；寻甸→昆明,155.0,323.0,168.0,1124.6999999999998,2017.0,2017.0,0号柴油、92号汽油、95号汽油、3号喷气燃料,0.2192948931298923,2040,0.7399959199581032,73.99959199581032,0.36503410705879596,36.503410705879595,S041,寻甸→曲靖,114.699367593506,155.0,114.699367593506,S041,寻甸→曲靖,0,0,中负荷
浙苏成品油管道,2,S094；S093,嘉兴(陈山→苏州(苏州；嘉兴(陈山→湖州(湖州,510.0,510.0,510.0,439.78,2007.0,2007.0,0#柴油、-10#柴油、90#汽油、93#汽油、97#汽油,0.2192948931298923,2040,0.6618772691923308,66.18772691923309,0.34705545397490145,34.70554539749015,S094,嘉兴(陈山→苏州(苏州,337.5574072880887,510.0,337.5574072880887,S094,嘉兴(陈山→苏州(苏州,0,0,中负荷
抚顺-锦州-郑州成品油管道,7,S026；S027；S028；S029；S030；S031；S032,抚顺→辽阳；辽阳→辽河；辽河→锦州；锦州→固安；固安→保定；保定→邯郸；邯郸→郑州,600.0,1300.0,800.0,11160.099999999999,2018.0,2018.0,0#柴油、92#车用汽油、92#组分汽油,0.2192948931298923,2040,0.6288827158887286,62.888271588872854,0.30262928873935496,30.262928873935497,S026,抚顺→辽阳,377.3296295332372,600.0,377.3296295332372,S026,抚顺→辽阳,0,0,中负荷
安庆-合肥成品油管道,1,S090,安庆→合肥,120.0,120.0,120.0,158.85,2007.0,2007.0,3#喷气燃料,0.2192948931298923,2040,0.5976445671666085,59.76445671666085,0.5976445671666085,59.76445671666085,S090,安庆→合肥,71.71734805999303,120.0,71.71734805999303,S090,安庆→合肥,0,0,中负荷
苏南成品油管道,1,S098,南京(南京→苏州(苏州,580.0,580.0,580.0,373.25,2010.0,2010.0,0#柴油、-10#柴油、90#汽油、93#汽油、97#汽油,0.2192948931298923,2040,0.5819955298070495,58.19955298070495,0.5819955298070495,58.19955298070495,S098,南京(南京→苏州(苏州,337.5574072880887,580.0,337.5574072880887,S098,南京(南京→苏州(苏州,0,0,中负荷
洛驻管道,5,S133；S134；S135；S136；S137,洛阳→巩义；巩义→郑州；郑州→许昌；许昌→漯河；漯河→驻马店,820.0,820.0,820.0,2141.8,2007.0,2007.0,0#车柴、92#组分汽油、95#组分汽油,0.2192948931298923,2040,0.5276236253082552,52.76236253082553,0.2806246831981708,28.06246831981708,S133,洛阳→巩义,432.6513727527693,820.0,432.6513727527693,S133,洛阳→巩义,0,0,中负荷
浙赣成品油管道,3,S101；S099；S100,诸暨→桐庐；算山→龙游；龙游→樟树,135.0,760.0,450.0,2573.7,2013.0,2013.0,0#柴油、95#汽油、92#汽油,0.2192948931298923,2040,0.5170876587337112,51.70876587337112,0.268501747060435,26.8501747060435,S101,诸暨→桐庐,69.80683392905101,135.0,117.1441726256074,S099,算山→龙游,0,0,中负荷
兰郑长成品油管道,4,S012；S014；S015；S013,兰州→咸阳；郑州→武汉；武汉→长沙；咸阳→郑州,500.0,1500.0,1000.0,8347.28,2009.0,2009.0,0#柴油、92#车用汽油、92#组分汽油,0.2192948931298923,2040,0.4531108475609132,45.31108475609132,0.27963747884242424,27.963747884242423,S012,兰州→咸阳,453.1108475609132,1000.0,453.1108475609132,S012,兰州→咸阳,0,0,低负荷
淮蚌支线,1,S092,淮南→蚌埠,80.0,80.0,80.0,104.72,2016.0,2016.0,92#汽油、95#汽油、0#车用柴油、0#普通柴油,0.2192948931298923,2040,0.4419614184749785,44.19614184749785,0.4419614184749785,44.19614184749785,S092,淮南→蚌埠,35.35691347799828,80.0,35.35691347799828,S092,淮南→蚌埠,0,0,低负荷
鲁皖一期管道,9,S110；S111；S112；S113；S114；S115；S116；S118；S117,齐鲁→淄博；淄博→济南；济南→泰安；泰安→曲阜；曲阜→枣庄；枣庄→徐州；徐州→宿州；枣庄→临沂；曲阜→济宁,655.0,655.0,655.0,6926.22,2005.0,2005.0,0#普柴、0#车柴、92#组分汽油、95#组分汽油、95#清洁汽油,0.2192948931298923,2040,0.4330836781136792,43.30836781136792,0.23645513068029742,23.645513068029743,S110,齐鲁→淄博,283.6698091644599,655.0,283.6698091644599,S110,齐鲁→淄博,0,0,低负荷
甬台温成品油管道,4,S103；S104；S105；S106,算山→宁海；宁海→临海；临海→灵昆；灵昆→瑞安,460.0,460.0,460.0,1635.28,2018.0,2018.0,90#汽油、93#汽油、97#汽油、0#车用柴油、0#普通柴油,0.2192948931298923,2040,0.418945149214704,41.894514921470396,0.22844476708754907,22.844476708754907,S103,算山→宁海,192.71476863876387,460.0,192.71476863876387,S103,算山→宁海,0,0,低负荷
钦南柳成品油管道,2,S043；S044,钦州→南宁；南宁→柳州,300.0,500.0,400.0,727.3,2018.0,2018.0,E92#汽油组分油、92#汽油、E95#汽油组分油、95#汽油和0#柴油,0.2192948931298923,2040,0.4081943479429888,40.81943479429888,0.31712668588290904,31.712668588290903,S043,钦州→南宁,204.0971739714944,500.0,204.0971739714944,S043,钦州→南宁,0,0,低负荷
云南成品油管网（安蒙线）,2,S039；S038,玉溪→蒙自；安宁→玉溪,115.0,225.0,170.0,502.48,2017.0,2017.0,0号柴油、92号汽油、95号汽油,0.2192948931298923,2040,0.4029626341029821,40.29626341029821,0.3787648650254307,37.876486502543074,S039,玉溪→蒙自,46.34070292184294,115.0,79.77759658827286,S038,安宁→玉溪,0,0,低负荷
湘娄支线,1,S079,湘潭→娄底,250.0,250.0,250.0,117.48,2014.0,2014.0,92#汽油、95#汽油、0#柴油,0.2192948931298923,2040,0.3685438166811673,36.85438166811673,0.3685438166811673,36.85438166811673,S079,湘潭→娄底,92.13595417029184,250.0,92.13595417029184,S079,湘潭→娄底,0,0,低负荷
大港-济南-枣庄成品油管道,7,S016；S017；S018；S019；S020；S022；S023,大港→沧州；沧州→德州；德州→济南；济南→济南；济南→兖州；兖州→肥城；肥城→枣庄,285.0,285.0,285.0,4304.09,2007.0,2007.0,0#柴油、92#组分汽油,0.2192948931298923,2040,0.3646879845681246,36.468798456812465,0.18196157907824523,18.196157907824524,S016,大港→沧州,103.93607560191552,285.0,103.93607560191552,S016,大港→沧州,0,0,低负荷
荆门-襄阳成品油管道,1,S070,荆门→襄阳,350.0,350.0,350.0,128.75,2019.0,2019.0,0#车用柴油,0.2192948931298923,2040,0.3583757418435505,35.83757418435505,0.3583757418435505,35.83757418435505,S070,荆门→襄阳,125.43150964524268,350.0,125.43150964524268,S070,荆门→襄阳,0,0,低负荷
西南成品油管网（南线）,6,S053；S054；S057；S055；S056；S058,东海岛→南宁；南宁→长坡；长坡→曲靖；长坡→大理；南宁→黎塘；秋田冲→昆东,800.0,800.0,800.0,10887.6,2012.0,2012.0,92#清洁汽油、92#汽油、95#汽油、0#车柴,0.2192948931298923,2040,0.3555004263007454,35.55004263007454,0.12096710197343703,12.096710197343704,S053,东海岛→南宁,284.40034104059635,800.0,284.40034104059635,S053,东海岛→南宁,0,0,低负荷
荆门-荆州成品油管道,1,S071,荆门→荆州,150.0,150.0,150.0,92.12,2003.0,2003.0,0#柴油、90#汽油、93#汽油,0.2192948931298923,2040,0.3067652414224731,30.67652414224731,0.3067652414224731,30.67652414224731,S071,荆门→荆州,46.01478621337097,150.0,46.01478621337097,S071,荆门→荆州,0,0,低负荷
苏北成品油管道,3,S095；S097；S096,南京(扬子→泰州(泰州；南京(扬子→盐城(盐城；南京(扬子→徐州(新沂,545.0,545.0,545.0,1827.81,2015.0,2015.0,0#柴油、-10#柴油、90#汽油、93#汽油、97#汽油,0.2192948931298923,2040,0.2282395075491021,22.82395075491021,0.12004636540522066,12.004636540522066,S095,南京(扬子→泰州(泰州,124.39053161426068,545.0,124.39053161426068,S095,南京(扬子→泰州(泰州,0,0,低负荷
鲁皖二期管道（西线）,3,S121；S122；S123,济南→聊城；聊城→濮阳；濮阳→汤阴,820.0,820.0,820.0,1066.71,2009.0,2009.0,0#普柴、 0#车柴、 92#清洁汽油、 92#组分汽油、95#清洁汽油,0.2192948931298923,2040,0.2005922044256744,20.05922044256744,0.16221530967155665,16.221530967155665,S121,济南→聊城,164.48560762905302,820.0,164.48560762905302,S121,济南→聊城,0,0,低负荷
合六支线,1,S091,合肥→六安,140.0,140.0,140.0,99.99,2019.0,2019.0,92#汽油、95#汽油、0#车用柴油,0.2192948931298923,2040,0.1888502639255217,18.88502639255217,0.1888502639255217,18.88502639255217,S091,合肥→六安,26.43903694957304,140.0,26.43903694957304,S091,合肥→六安,0,0,低负荷
福建成品油管道（北线）,1,S107,泉港→兴闽,220.0,220.0,220.0,148.96,2010.0,2010.0,0#柴油、95#汽油、92#汽油、航煤,0.2192948931298923,2040,0.1735444410444733,17.35444410444733,0.1735444410444733,17.35444410444733,S107,泉港→兴闽,38.17977702978413,220.0,38.17977702978413,S107,泉港→兴闽,0,0,低负荷
鲁皖二期管道（汤郑支线）,2,S124；S125,汤阴→新乡；新乡→郑州,820.0,820.0,820.0,409.38,2010.0,2010.0,0#普柴、 0#车柴、 92#清洁汽油、 92#组分汽油、95#清洁汽油,0.2192948931298923,2040,0.122269313892448,12.2269313892448,0.061134656946224,6.1134656946224,S124,汤阴→新乡,100.2608373918074,820.0,100.2608373918074,S124,汤阴→新乡,0,0,低负荷
石太管道,4,S129；S130；S131；S132,石家庄→高庄；高庄→阳泉；阳泉→晋中；晋中→太原,820.0,820.0,820.0,1288.08,2007.0,2007.0,0#车柴、0#普柴、92#组分汽油、95#组分汽油、92#清洁汽油、95#清洁汽油,0.2192948931298923,2040,0.1150229503380785,11.50229503380785,0.10474705868198805,10.474705868198805,S129,石家庄→高庄,94.31881927722443,820.0,94.31881927722443,S129,石家庄→高庄,0,0,低负荷
鲁皖二期管道（汤石支线）,3,S126；S127；S128,汤阴→邯郸；邯郸→邢台；邢台→石家庄,820.0,820.0,820.0,936.51,2009.0,2009.0,0#普柴、 0#车柴、 92#清洁汽油、 92#组分汽油、95#清洁汽油,0.2192948931298923,2040,0.0967470185663458,9.674701856634579,0.0689748751816394,6.89748751816394,S126,汤阴→邯郸,79.33255522440362,820.0,79.33255522440362,S126,汤阴→邯郸,0,0,低负荷
驻信管道,1,S138,驻马店→信阳,820.0,820.0,820.0,109.98,2013.0,2013.0,0#车柴、92#组分汽油、95#组分汽油,0.2192948931298923,2040,0.0749020297986898,7.490202979868981,0.0749020297986898,7.490202979868981,S138,驻马店→信阳,61.41966443492564,820.0,61.41966443492564,S138,驻马店→信阳,0,0,低负荷
呼和浩特-包头-鄂尔多斯成品油管道,2,S024；S025,呼和浩特→包头；包头→鄂尔多斯,200.0,200.0,200.0,555.56,2014.0,2014.0,92#汽油、95 #汽油、0 #柴油、+5#柴油,0.2192948931298923,2040,0.068937814482067,6.8937814482067,0.05500763469845605,5.500763469845605,S024,呼和浩特→包头,13.787562896413412,200.0,13.787562896413412,S024,呼和浩特→包头,0,0,低负荷
湘株支线,1,S080,湘潭→株洲,350.0,350.0,350.0,22.99,2008.0,2008.0,92#汽油、95#汽油、0#柴油,0.2192948931298923,2040,0.0688814304136138,6.8881430413613804,0.0688814304136138,6.8881430413613804,S080,湘潭→株洲,24.10850064476484,350.0,24.10850064476484,S080,湘潭→株洲,0,0,低负荷
福建成品油管道（南线）,2,S108；S109,泉港→东孚；泉港→石湖山,380.0,380.0,380.0,351.22,2013.0,2013.0,0#柴油、95#汽油、92#汽油、航煤,0.2192948931298923,2040,0.0652643791542831,6.52643791542831,0.03263218957714155,3.263218957714155,S108,泉港→东孚,24.800464078627588,380.0,24.800464078627588,S108,泉港→东孚,0,0,低负荷
鲁皖二期管道（东线）,2,S119；S120,青岛→潍坊；潍坊→济南,820.0,820.0,820.0,740.44,2008.0,2008.0,0#普柴、 0#车柴、 92#清洁汽油、 92#组分汽油、95#清洁汽油,0.2192948931298923,2040,0.0590037934108302,5.9003793410830205,0.04509038878809675,4.509038878809675,S119,青岛→潍坊,48.38311059688082,820.0,48.38311059688082,S119,青岛→潍坊,0,0,低负荷
兰成渝成品油管道,2,S034；S035,兰州→成都；成都→重庆,350.0,700.0,525.0,2500.0,2002.0,2002.0,0#柴油、92#车用汽油,0.2192948931298923,2040,0.0396174406038582,3.9617440603858203,0.0198087203019291,1.9808720301929101,S034,兰州→成都,27.7322084227008,700.0,27.7322084227008,S034,兰州→成都,0,0,低负荷
吉林石化-长春成品油管道,1,S033,吉林→长春,245.0,245.0,245.0,159.5,2014.0,2014.0,0#柴油、-35 #柴油、92#汽油、95#汽油,0.2192948931298923,2040,0.0358978575362064,3.5897857536206397,0.0358978575362064,3.5897857536206397,S033,吉林→长春,8.794975096370589,245.0,8.794975096370589,S033,吉林→长春,0,0,低负荷
银巴线,1,S021,银川→巴彦淖尔,240.0,240.0,240.0,367.44,2017.0,2017.0,,0.2192948931298923,2040,0.0091910293740257,0.9191029374025699,0.0091910293740257,0.9191029374025699,S021,银川→巴彦淖尔,2.205847049766172,240.0,2.205847049766172,S021,银川→巴彦淖尔,0,0,低负荷
西部成品油管道,6,S001；S002；S003；S004；S005；S006,乌鲁木齐→哈密；哈密→柳园；柳园→酒泉；酒泉→张掖；张掖→武威；武威→兰州,1000.0,1000.0,1000.0,11045.1,2006.0,2006.0,0#柴油、-35#柴油、92#汽油,0.2192948931298923,2040,0.0044068688435423,0.44068688435423,0.0038909577534692666,0.38909577534692663,S001,乌鲁木齐→哈密,4.406868843542316,1000.0,4.406868843542316,S001,乌鲁木齐→哈密,0,0,低负荷
156支线,1,S069,广水→广水武胜关镇,10.0,10.0,10.0,5.65,2014.0,2014.0,0#车用柴油、0#普通柴油、90#汽油、93#汽油、97#汽油,0.2192948931298923,2040,0.0,0.0,0.0,0.0,S069,广水→广水武胜关镇,0.0,10.0,0.0,S069,广水→广水武胜关镇,0,0,低负荷
克拉玛依-乌鲁木齐成品油管道,1,S010,克拉玛依→王家沟,160.0,160.0,160.0,291.78,1996.0,1996.0,90#汽油、93#汽油、97#汽油、0#柴油、-10#柴油、-20#柴油、-35#柴油、航煤,0.2192948931298923,2040,0.0,0.0,0.0,0.0,S010,克拉玛依→王家沟,0.0,160.0,0.0,S010,克拉玛依→王家沟,0,0,低负荷
克拉玛依-乌鲁木齐成品油管道（复线）,1,S011,克拉玛依→王家沟,400.0,400.0,400.0,293.31,2009.0,2009.0,90#汽油、93#汽油、97#汽油、0#柴油、-10#柴油、-20#柴油、-35#柴油、航煤,0.2192948931298923,2040,0.0,0.0,0.0,0.0,S011,克拉玛依→王家沟,0.0,400.0,0.0,S011,克拉玛依→王家沟,0,0,低负荷
南武管道,1,S139,南疆(天津→武清,155.0,155.0,155.0,172.99,2018.0,2018.0,93#汽油、97#汽油、柴油,0.2192948931298923,2040,0.0,0.0,0.0,0.0,S139,南疆(天津→武清,0.0,155.0,0.0,S139,南疆(天津→武清,0,0,低负荷
格拉成品油管道,1,S140,格尔木→拉萨,130.0,130.0,130.0,1114.0,1976.0,1976.0,-20#柴油、-35#柴油、0#柴油、92#汽油、95#汽油,0.2192948931298923,2040,0.0,0.0,0.0,0.0,S140,格尔木→拉萨,0.0,130.0,0.0,S140,格尔木→拉萨,0,0,低负荷
独山子-703泵站-乌鲁木齐成品油管道,2,S007；S008,独山子→703；703→乌鲁木齐,100.0,100.0,100.0,591.58,1998.0,1998.0,90#汽油、93#汽油、97#汽油、0#柴油、-10#柴油、-20#柴油、-35#柴油、航煤,0.2192948931298923,2040,0.0,0.0,0.0,0.0,S007,独山子→703,0.0,100.0,0.0,S007,独山子→703,0,0,低负荷
独山子-乌鲁木齐成品油管道,1,S009,独山子→王家沟,520.0,520.0,520.0,222.69,2004.0,2004.0,90#汽油、93#汽油、97#汽油、0#柴油、-10#柴油、-20#柴油、-35#柴油、航煤,0.2192948931298923,2040,0.0,0.0,0.0,0.0,S009,独山子→王家沟,0.0,520.0,0.0,S009,独山子→王家沟,0,0,低负荷
绍杭成品油管道,1,S102,绍兴→萧山,500.0,500.0,500.0,92.12,2016.0,2016.0,0#柴油、95#汽油、92#汽油、航煤,0.2192948931298923,2040,0.0,0.0,0.0,0.0,S102,绍兴→萧山,0.0,500.0,0.0,S102,绍兴→萧山,0,0,低负荷
上饶-樟树成品油管道,1,S085,上饶→樟树,,,,314.77,2016.0,2016.0,92#汽油、95#汽油、0#柴油,0.2192948931298923,2040,,,,,,,,,60.42623094151812,S085,上饶→樟树,0,0,无设计输量
武汉-信阳成品油管道,1,S068,武汉→信阳,,,,229.51,2013.0,2013.0,0#车用柴油、0#普通柴油、90#汽油、93#汽油、97#汽油,0.2192948931298923,2040,,,,,,,,,61.41966443492564,S068,武汉→信阳,0,0,无设计输量
安庆-亳州成品油管道,4,S088；S087；S086；S089,淮南→阜阳；合肥→淮南；安庆→合肥；阜阳→亳州,140.0,410.0,205.0,1665.0,2016.0,2016.0,92#汽油、95#汽油、0#车用柴油、0#普通柴油,0.2192948931298923,2045,1.0601390346780302,106.01390346780302,0.7380067885599804,73.80067885599803,S088,淮南→阜阳,148.41946485492423,140.0,247.40109007130084,S086,安庆→合肥,1,1,超过设计输量
珠三角成品油管网,9,S067；S064；S065；S059；S060；S061；S062；S063；S066,惠州→梅州；黄埔→南沙；黄埔→惠州；茂名→江门；南沙→南海；三水→花都；南沙→斗门；北沙→珠海；大鹏湾→妈湾,100.0,550.0,250.0,1802.8100000000002,2006.0,2015.0,0#柴油、-35#柴油、92#汽油,0.2192948931298923,2045,0.9571192866798722,95.71192866798722,0.23167371642381931,23.16737164238193,S067,惠州→梅州,114.85431440158467,120.0,179.82640394004764,S064,黄埔→南沙,0,1,高负荷
西南成品油管网（北线）,8,S045；S046；S047；S048；S052；S049；S050；S051,湛江→茂名；茂名→柳州；柳州→贵阳；贵阳→曲靖；柳州→桂林；江津→重庆；柳州→柳库；贵阳→简阳,500.0,800.0,700.0,7127.96,2005.0,2016.0,92#汽油、95#汽油、0#车柴,0.2192948931298923,2045,0.8438194065117756,84.38194065117756,0.2208145704303728,22.081457043037283,S045,湛江→茂名,421.9097032558878,500.0,421.9097032558878,S045,湛江→茂名,0,1,高负荷
九江-赣州成品油管道,4,S081；S082；S083；S084,九江→南昌；南昌→吉安长塘；吉安长塘→樟树；樟树→赣州,170.0,330.0,257.0,2171.56,2016.0,2016.0,92#汽油、95#汽油、0#柴油,0.2192948931298923,2045,0.6524326147530114,65.24326147530114,0.4539028544299586,45.39028544299586,S081,九江→南昌,215.30276286849377,330.0,215.30276286849377,S081,九江→南昌,0,0,中负荷
长岭-郴州成品油管道,7,S077；S076；S078；S074；S072；S073；S075,衡阳→耒阳；湘潭→衡阳；耒阳→郴州；汨罗→长沙；长岭→七里山；七里山→汨罗；长沙→湘潭,100.0,600.0,385.0,3859.2400000000007,2014.0,2014.0,92#汽油、95#汽油、0#柴油,0.2192948931298923,2045,0.6404003601667574,64.04003601667574,0.37682598844526244,37.68259884452625,S077,衡阳→耒阳,87.094448982679,136.0,201.30336167885412,S072,长岭→七里山,0,0,中负荷
浙苏成品油管道,2,S094；S093,嘉兴(陈山→苏州(苏州；嘉兴(陈山→湖州(湖州,510.0,510.0,510.0,439.78,2007.0,2007.0,0#柴油、-10#柴油、90#汽油、93#汽油、97#汽油,0.2192948931298923,2045,0.5648434017408352,56.48434017408353,0.29579872789680844,29.579872789680845,S094,嘉兴(陈山→苏州(苏州,288.070134887826,510.0,288.070134887826,S094,嘉兴(陈山→苏州(苏州,0,0,中负荷
云南成品油管网（安曲线）,3,S041；S040；S042,寻甸→曲靖；安宁→寻甸；寻甸→昆明,155.0,323.0,168.0,1124.6999999999998,2017.0,2017.0,0号柴油、92号汽油、95号汽油、3号喷气燃料,0.2192948931298923,2045,0.5634067213776606,56.340672137766056,0.27792405863624536,27.792405863624538,S041,寻甸→曲靖,87.3280418135374,155.0,87.3280418135374,S041,寻甸→曲靖,0,0,中负荷
云南成品油管网（安保线）,2,S037；S036,大理→保山；安宁→大理,57.0,173.0,115.0,791.0,2017.0,2017.0,0号柴油、92号汽油、95号汽油,0.2192948931298923,2045,0.5547654481299897,55.476544812998974,0.43789079760380023,43.78907976038002,S037,大理→保山,31.621630543409413,57.0,55.535793444426666,S036,安宁→大理,0,0,中负荷
安庆-合肥成品油管道,1,S090,安庆→合肥,120.0,120.0,120.0,158.85,2007.0,2007.0,3#喷气燃料,0.2192948931298923,2045,0.5527366818107542,55.27366818107542,0.5527366818107542,55.27366818107542,S090,安庆→合肥,66.3284018172905,120.0,66.3284018172905,S090,安庆→合肥,0,0,中负荷
洛驻管道,5,S133；S134；S135；S136；S137,洛阳→巩义；巩义→郑州；郑州→许昌；许昌→漯河；漯河→驻马店,820.0,820.0,820.0,2141.8,2007.0,2007.0,0#车柴、92#组分汽油、95#组分汽油,0.2192948931298923,2045,0.523999064643091,52.3999064643091,0.27767359682568676,27.767359682568678,S133,洛阳→巩义,429.6792330073346,820.0,429.6792330073346,S133,洛阳→巩义,0,0,中负荷
抚顺-锦州-郑州成品油管道,7,S026；S027；S028；S029；S030；S031；S032,抚顺→辽阳；辽阳→辽河；辽河→锦州；锦州→固安；固安→保定；保定→邯郸；邯郸→郑州,600.0,1300.0,800.0,11160.099999999999,2018.0,2018.0,0#柴油、92#车用汽油、92#组分汽油,0.2192948931298923,2045,0.4992424970969301,49.92424970969301,0.24099287523114232,24.09928752311423,S026,抚顺→辽阳,299.54549825815803,600.0,299.54549825815803,S026,抚顺→辽阳,0,0,低负荷
苏南成品油管道,1,S098,南京(南京→苏州(苏州,580.0,580.0,580.0,373.25,2010.0,2010.0,0#柴油、-10#柴油、90#汽油、93#汽油、97#汽油,0.2192948931298923,2045,0.4966726463583206,49.66726463583206,0.4966726463583206,49.66726463583206,S098,南京(南京→苏州(苏州,288.070134887826,580.0,288.070134887826,S098,南京(南京→苏州(苏州,0,0,低负荷
浙赣成品油管道,3,S101；S099；S100,诸暨→桐庐；算山→龙游；龙游→樟树,135.0,760.0,450.0,2573.7,2013.0,2013.0,0#柴油、95#汽油、92#汽油,0.2192948931298923,2045,0.4318400099748875,43.184000997488745,0.22463886200318164,22.463886200318164,S101,诸暨→桐庐,58.29840134660981,135.0,98.4034626215818,S099,算山→龙游,0,0,低负荷
淮蚌支线,1,S092,淮南→蚌埠,80.0,80.0,80.0,104.72,2016.0,2016.0,92#汽油、95#汽油、0#车用柴油、0#普通柴油,0.2192948931298923,2045,0.4058300663285275,40.583006632852744,0.4058300663285275,40.583006632852744,S092,淮南→蚌埠,32.4664053062822,80.0,32.4664053062822,S092,淮南→蚌埠,0,0,低负荷
鲁皖一期管道,9,S110；S111；S112；S113；S114；S115；S116；S118；S117,齐鲁→淄博；淄博→济南；济南→泰安；泰安→曲阜；曲阜→枣庄；枣庄→徐州；徐州→宿州；枣庄→临沂；曲阜→济宁,655.0,655.0,655.0,6926.22,2005.0,2005.0,0#普柴、0#车柴、92#组分汽油、95#组分汽油、95#清洁汽油,0.2192948931298923,2045,0.3965604299049086,39.65604299049086,0.21528685521969734,21.528685521969734,S110,齐鲁→淄博,259.7470815877151,655.0,259.7470815877151,S110,齐鲁→淄博,0,0,低负荷
兰郑长成品油管道,4,S012；S014；S015；S013,兰州→咸阳；郑州→武汉；武汉→长沙；咸阳→郑州,500.0,1500.0,1000.0,8347.28,2009.0,2009.0,0#柴油、92#车用汽油、92#组分汽油,0.2192948931298923,2045,0.3886460115299933,38.86460115299933,0.23366132900660314,23.366132900660315,S012,兰州→咸阳,388.64601152999336,1000.0,388.64601152999336,S012,兰州→咸阳,0,0,低负荷
甬台温成品油管道,4,S103；S104；S105；S106,算山→宁海；宁海→临海；临海→灵昆；灵昆→瑞安,460.0,460.0,460.0,1635.28,2018.0,2018.0,90#汽油、93#汽油、97#汽油、0#车用柴油、0#普通柴油,0.2192948931298923,2045,0.3490206969295777,34.902069692957774,0.19037259406486245,19.037259406486246,S103,算山→宁海,160.54952058760577,460.0,160.54952058760577,S103,算山→宁海,0,0,低负荷
钦南柳成品油管道,2,S043；S044,钦州→南宁；南宁→柳州,300.0,500.0,400.0,727.3,2018.0,2018.0,E92#汽油组分油、92#汽油、E95#汽油组分油、95#汽油和0#柴油,0.2192948931298923,2045,0.3337463661270114,33.37463661270114,0.2589255131380584,25.89255131380584,S043,钦州→南宁,166.8731830635057,500.0,166.8731830635057,S043,钦州→南宁,0,0,低负荷
大港-济南-枣庄成品油管道,7,S016；S017；S018；S019；S020；S022；S023,大港→沧州；沧州→德州；德州→济南；济南→济南；济南→兖州；兖州→肥城；肥城→枣庄,285.0,285.0,285.0,4304.09,2007.0,2007.0,0#柴油、92#组分汽油,0.2192948931298923,2045,0.3316162260541964,33.16162260541964,0.16791546937042687,16.791546937042686,S016,大港→沧州,94.51062442544598,285.0,94.51062442544598,S016,大港→沧州,0,0,低负荷
荆门-襄阳成品油管道,1,S070,荆门→襄阳,350.0,350.0,350.0,128.75,2019.0,2019.0,0#车用柴油,0.2192948931298923,2045,0.3304946927822239,33.04946927822239,0.3304946927822239,33.04946927822239,S070,荆门→襄阳,115.67314247377838,350.0,115.67314247377838,S070,荆门→襄阳,0,0,低负荷
湘娄支线,1,S079,湘潭→娄底,250.0,250.0,250.0,117.48,2014.0,2014.0,92#汽油、95#汽油、0#柴油,0.2192948931298923,2045,0.3031027273025012,30.31027273025012,0.3031027273025012,30.31027273025012,S079,湘潭→娄底,75.77568182562531,250.0,75.77568182562531,S079,湘潭→娄底,0,0,低负荷
云南成品油管网（安蒙线）,2,S039；S038,玉溪→蒙自；安宁→玉溪,115.0,225.0,170.0,502.48,2017.0,2017.0,0号柴油、92号汽油、95号汽油,0.2192948931298923,2045,0.2833125877978207,28.331258779782072,0.2673485818466108,26.734858184661082,S039,玉溪→蒙自,32.58094759674938,115.0,56.56152957646522,S038,安宁→玉溪,0,0,低负荷
西南成品油管网（南线）,6,S053；S054；S057；S055；S056；S058,东海岛→南宁；南宁→长坡；长坡→曲靖；长坡→大理；南宁→黎塘；秋田冲→昆东,800.0,800.0,800.0,10887.6,2012.0,2012.0,92#清洁汽油、92#汽油、95#汽油、0#车柴,0.2192948931298923,2045,0.2786049871666609,27.860498716666086,0.09278508315884122,9.278508315884123,S053,东海岛→南宁,222.88398973332875,800.0,222.88398973332875,S053,东海岛→南宁,0,0,低负荷
荆门-荆州成品油管道,1,S071,荆门→荆州,150.0,150.0,150.0,92.12,2003.0,2003.0,0#柴油、90#汽油、93#汽油,0.2192948931298923,2045,0.243450544665434,24.3450544665434,0.243450544665434,24.3450544665434,S071,荆门→荆州,36.51758169981511,150.0,36.51758169981511,S071,荆门→荆州,0,0,低负荷
苏北成品油管道,3,S095；S097；S096,南京(扬子→泰州(泰州；南京(扬子→盐城(盐城；南京(扬子→徐州(新沂,545.0,545.0,545.0,1827.81,2015.0,2015.0,0#柴油、-10#柴油、90#汽油、93#汽油、97#汽油,0.2192948931298923,2045,0.2050002948155917,20.50002948155917,0.10767429860725601,10.767429860725601,S095,南京(扬子→泰州(泰州,111.7251606744975,545.0,111.7251606744975,S095,南京(扬子→泰州(泰州,0,0,低负荷
鲁皖二期管道（西线）,3,S121；S122；S123,济南→聊城；聊城→濮阳；濮阳→汤阴,820.0,820.0,820.0,1066.71,2009.0,2009.0,0#普柴、 0#车柴、 92#清洁汽油、 92#组分汽油、95#清洁汽油,0.2192948931298923,2045,0.1941317133870313,19.41317133870313,0.15756087846965752,15.756087846965752,S121,济南→聊城,159.18800497736572,820.0,159.18800497736572,S121,济南→聊城,0,0,低负荷
合六支线,1,S091,合肥→六安,140.0,140.0,140.0,99.99,2019.0,2019.0,92#汽油、95#汽油、0#车用柴油,0.2192948931298923,2045,0.1716037288723362,17.160372887233617,0.1716037288723362,17.160372887233617,S091,合肥→六安,24.024522042127074,140.0,24.024522042127074,S091,合肥→六安,0,0,低负荷
福建成品油管道（北线）,1,S107,泉港→兴闽,220.0,220.0,220.0,148.96,2010.0,2010.0,0#柴油、95#汽油、92#汽油、航煤,0.2192948931298923,2045,0.1531848774654551,15.31848774654551,0.1531848774654551,15.31848774654551,S107,泉港→兴闽,33.70067304240014,220.0,33.70067304240014,S107,泉港→兴闽,0,0,低负荷
鲁皖二期管道（汤郑支线）,2,S124；S125,汤阴→新乡；新乡→郑州,820.0,820.0,820.0,409.38,2010.0,2010.0,0#普柴、 0#车柴、 92#清洁汽油、 92#组分汽油、95#清洁汽油,0.2192948931298923,2045,0.1207812057389322,12.07812057389322,0.0603906028694661,6.03906028694661,S124,汤阴→新乡,99.04058870592443,820.0,99.04058870592443,S124,汤阴→新乡,0,0,低负荷
石太管道,4,S129；S130；S131；S132,石家庄→高庄；高庄→阳泉；阳泉→晋中；晋中→太原,820.0,820.0,820.0,1288.08,2007.0,2007.0,0#车柴、0#普柴、92#组分汽油、95#组分汽油、92#清洁汽油、95#清洁汽油,0.2192948931298923,2045,0.1024558279155067,10.24558279155067,0.09329657953441317,9.329657953441316,S129,石家庄→高庄,84.01377889071553,820.0,84.01377889071553,S129,石家庄→高庄,0,0,低负荷
鲁皖二期管道（汤石支线）,3,S126；S127；S128,汤阴→邯郸；邯郸→邢台；邢台→石家庄,820.0,820.0,820.0,936.51,2009.0,2009.0,0#普柴、 0#车柴、 92#清洁汽油、 92#组分汽油、95#清洁汽油,0.2192948931298923,2045,0.083067898865429,8.3067898865429,0.05927351289267019,5.927351289267019,S126,汤阴→邯郸,68.1156770696518,820.0,68.1156770696518,S126,汤阴→邯郸,0,0,低负荷
驻信管道,1,S138,驻马店→信阳,820.0,820.0,820.0,109.98,2013.0,2013.0,0#车柴、92#组分汽油、95#组分汽油,0.2192948931298923,2045,0.0741348673922636,7.413486739226361,0.0741348673922636,7.413486739226361,S138,驻马店→信阳,60.7905912616562,820.0,60.7905912616562,S138,驻马店→信阳,0,0,低负荷
呼和浩特-包头-鄂尔多斯成品油管道,2,S024；S025,呼和浩特→包头；包头→鄂尔多斯,200.0,200.0,200.0,555.56,2014.0,2014.0,92#汽油、95 #汽油、0 #柴油、+5#柴油,0.2192948931298923,2045,0.0630071778820051,6.300717788200511,0.0499032370327701,4.99032370327701,S024,呼和浩特→包头,12.601435576401022,200.0,12.601435576401022,S024,呼和浩特→包头,0,0,低负荷
福建成品油管道（南线）,2,S108；S109,泉港→东孚；泉港→石湖山,380.0,380.0,380.0,351.22,2013.0,2013.0,0#柴油、95#汽油、92#汽油、航煤,0.2192948931298923,2045,0.0577118573838232,5.77118573838232,0.0288559286919116,2.88559286919116,S108,泉港→东孚,21.93050580585284,380.0,21.93050580585284,S108,泉港→东孚,0,0,低负荷
湘株支线,1,S080,湘潭→株洲,350.0,350.0,350.0,22.99,2008.0,2008.0,92#汽油、95#汽油、0#柴油,0.2192948931298923,2045,0.0575071688641581,5.75071688641581,0.0575071688641581,5.75071688641581,S080,湘潭→株洲,20.127509102455363,350.0,20.127509102455363,S080,湘潭→株洲,0,0,低负荷
鲁皖二期管道（东线）,2,S119；S120,青岛→潍坊；潍坊→济南,820.0,820.0,820.0,740.44,2008.0,2008.0,0#普柴、 0#车柴、 92#清洁汽油、 92#组分汽油、95#清洁汽油,0.2192948931298923,2045,0.0551124723262743,5.51124723262743,0.04218940208576975,4.218940208576975,S119,青岛→潍坊,45.192227307544925,820.0,45.192227307544925,S119,青岛→潍坊,0,0,低负荷
兰成渝成品油管道,2,S034；S035,兰州→成都；成都→重庆,350.0,700.0,525.0,2500.0,2002.0,2002.0,0#柴油、92#车用汽油,0.2192948931298923,2045,0.0351131001640223,3.5113100164022297,0.01755655008201115,1.7556550082011149,S034,兰州→成都,24.579170114815607,700.0,24.579170114815607,S034,兰州→成都,0,0,低负荷
吉林石化-长春成品油管道,1,S033,吉林→长春,245.0,245.0,245.0,159.5,2014.0,2014.0,0#柴油、-35 #柴油、92#汽油、95#汽油,0.2192948931298923,2045,0.034412484477588,3.4412484477587997,0.034412484477588,3.4412484477587997,S033,吉林→长春,8.431058697009062,245.0,8.431058697009062,S033,吉林→长春,0,0,低负荷
银巴线,1,S021,银川→巴彦淖尔,240.0,240.0,240.0,367.44,2017.0,2017.0,,0.2192948931298923,2045,0.0085093513804628,0.8509351380462801,0.0085093513804628,0.8509351380462801,S021,银川→巴彦淖尔,2.042244331311084,240.0,2.042244331311084,S021,银川→巴彦淖尔,0,0,低负荷
西部成品油管道,6,S001；S002；S003；S004；S005；S006,乌鲁木齐→哈密；哈密→柳园；柳园→酒泉；酒泉→张掖；张掖→武威；武威→兰州,1000.0,1000.0,1000.0,11045.1,2006.0,2006.0,0#柴油、-35#柴油、92#汽油,0.2192948931298923,2045,0.0037816992644642,0.37816992644642,0.003332708653089817,0.3332708653089817,S001,乌鲁木齐→哈密,3.7816992644642657,1000.0,3.7816992644642657,S001,乌鲁木齐→哈密,0,0,低负荷
156支线,1,S069,广水→广水武胜关镇,10.0,10.0,10.0,5.65,2014.0,2014.0,0#车用柴油、0#普通柴油、90#汽油、93#汽油、97#汽油,0.2192948931298923,2045,0.0,0.0,0.0,0.0,S069,广水→广水武胜关镇,0.0,10.0,0.0,S069,广水→广水武胜关镇,0,0,低负荷
克拉玛依-乌鲁木齐成品油管道,1,S010,克拉玛依→王家沟,160.0,160.0,160.0,291.78,1996.0,1996.0,90#汽油、93#汽油、97#汽油、0#柴油、-10#柴油、-20#柴油、-35#柴油、航煤,0.2192948931298923,2045,0.0,0.0,0.0,0.0,S010,克拉玛依→王家沟,0.0,160.0,0.0,S010,克拉玛依→王家沟,0,0,低负荷
克拉玛依-乌鲁木齐成品油管道（复线）,1,S011,克拉玛依→王家沟,400.0,400.0,400.0,293.31,2009.0,2009.0,90#汽油、93#汽油、97#汽油、0#柴油、-10#柴油、-20#柴油、-35#柴油、航煤,0.2192948931298923,2045,0.0,0.0,0.0,0.0,S011,克拉玛依→王家沟,0.0,400.0,0.0,S011,克拉玛依→王家沟,0,0,低负荷
南武管道,1,S139,南疆(天津→武清,155.0,155.0,155.0,172.99,2018.0,2018.0,93#汽油、97#汽油、柴油,0.2192948931298923,2045,0.0,0.0,0.0,0.0,S139,南疆(天津→武清,0.0,155.0,0.0,S139,南疆(天津→武清,0,0,低负荷
格拉成品油管道,1,S140,格尔木→拉萨,130.0,130.0,130.0,1114.0,1976.0,1976.0,-20#柴油、-35#柴油、0#柴油、92#汽油、95#汽油,0.2192948931298923,2045,0.0,0.0,0.0,0.0,S140,格尔木→拉萨,0.0,130.0,0.0,S140,格尔木→拉萨,0,0,低负荷
独山子-703泵站-乌鲁木齐成品油管道,2,S007；S008,独山子→703；703→乌鲁木齐,100.0,100.0,100.0,591.58,1998.0,1998.0,90#汽油、93#汽油、97#汽油、0#柴油、-10#柴油、-20#柴油、-35#柴油、航煤,0.2192948931298923,2045,0.0,0.0,0.0,0.0,S007,独山子→703,0.0,100.0,0.0,S007,独山子→703,0,0,低负荷
独山子-乌鲁木齐成品油管道,1,S009,独山子→王家沟,520.0,520.0,520.0,222.69,2004.0,2004.0,90#汽油、93#汽油、97#汽油、0#柴油、-10#柴油、-20#柴油、-35#柴油、航煤,0.2192948931298923,2045,0.0,0.0,0.0,0.0,S009,独山子→王家沟,0.0,520.0,0.0,S009,独山子→王家沟,0,0,低负荷
绍杭成品油管道,1,S102,绍兴→萧山,500.0,500.0,500.0,92.12,2016.0,2016.0,0#柴油、95#汽油、92#汽油、航煤,0.2192948931298923,2045,0.0,0.0,0.0,0.0,S102,绍兴→萧山,0.0,500.0,0.0,S102,绍兴→萧山,0,0,低负荷
上饶-樟树成品油管道,1,S085,上饶→樟树,,,,314.77,2016.0,2016.0,92#汽油、95#汽油、0#柴油,0.2192948931298923,2045,,,,,,,,,50.669251084396144,S085,上饶→樟树,0,0,无设计输量
武汉-信阳成品油管道,1,S068,武汉→信阳,,,,229.51,2013.0,2013.0,0#车用柴油、0#普通柴油、90#汽油、93#汽油、97#汽油,0.2192948931298923,2045,,,,,,,,,60.7905912616562,S068,武汉→信阳,0,0,无设计输量
安庆-亳州成品油管道,4,S088；S087；S086；S089,淮南→阜阳；合肥→淮南；安庆→合肥；阜阳→亳州,140.0,410.0,205.0,1665.0,2016.0,2016.0,92#汽油、95#汽油、0#车用柴油、0#普通柴油,0.2192948931298923,2050,0.9384617739170452,93.84617739170452,0.6540483295183256,65.40483295183256,S088,淮南→阜阳,131.38464834838635,140.0,216.83260218597,S086,安庆→合肥,0,1,高负荷
珠三角成品油管网,9,S067；S064；S065；S059；S060；S061；S062；S063；S066,惠州→梅州；黄埔→南沙；黄埔→惠州；茂名→江门；南沙→南海；三水→花都；南沙→斗门；北沙→珠海；大鹏湾→妈湾,100.0,550.0,250.0,1802.8100000000002,2006.0,2015.0,0#柴油、-35#柴油、92#汽油,0.2192948931298923,2050,0.7917103247316295,79.17103247316295,0.19204714186747932,19.204714186747932,S067,惠州→梅州,95.00523896779552,120.0,150.02754396726542,S064,黄埔→南沙,0,0,中负荷
西南成品油管网（北线）,8,S045；S046；S047；S048；S052；S049；S050；S051,湛江→茂名；茂名→柳州；柳州→贵阳；贵阳→曲靖；柳州→桂林；江津→重庆；柳州→柳库；贵阳→简阳,500.0,800.0,700.0,7127.96,2005.0,2016.0,92#汽油、95#汽油、0#车柴,0.2192948931298923,2050,0.6528312693184205,65.28312693184205,0.16991085111211565,16.991085111211564,S045,湛江→茂名,326.41563465921024,500.0,326.41563465921024,S045,湛江→茂名,0,0,中负荷
长岭-郴州成品油管道,7,S077；S076；S078；S074；S072；S073；S075,衡阳→耒阳；湘潭→衡阳；耒阳→郴州；汨罗→长沙；长岭→七里山；七里山→汨罗；长沙→湘潭,100.0,600.0,385.0,3859.2400000000007,2014.0,2014.0,92#汽油、95#汽油、0#柴油,0.2192948931298923,2050,0.5251928801141662,52.51928801141662,0.30930778004379306,30.930778004379306,S077,衡阳→耒阳,71.42623169552661,136.0,165.64961508985232,S072,长岭→七里山,0,0,中负荷
洛驻管道,5,S133；S134；S135；S136；S137,洛阳→巩义；巩义→郑州；郑州→许昌；许昌→漯河；漯河→驻马店,820.0,820.0,820.0,2141.8,2007.0,2007.0,0#车柴、92#组分汽油、95#组分汽油,0.2192948931298923,2050,0.482500738117728,48.2500738117728,0.25505863620768104,25.505863620768103,S133,洛阳→巩义,395.65060525653695,820.0,395.65060525653695,S133,洛阳→巩义,0,0,低负荷
安庆-合肥成品油管道,1,S090,安庆→合肥,120.0,120.0,120.0,158.85,2007.0,2007.0,3#喷气燃料,0.2192948931298923,2050,0.4780179137365934,47.80179137365934,0.4780179137365934,47.80179137365934,S090,安庆→合肥,57.36214964839122,120.0,57.36214964839122,S090,安庆→合肥,0,0,低负荷
九江-赣州成品油管道,4,S081；S082；S083；S084,九江→南昌；南昌→吉安长塘；吉安长塘→樟树；樟树→赣州,170.0,330.0,257.0,2171.56,2016.0,2016.0,92#汽油、95#汽油、0#柴油,0.2192948931298923,2050,0.4747533868226064,47.47533868226064,0.3297683353071487,32.97683353071487,S081,九江→南昌,156.66861765146012,330.0,156.66861765146012,S081,九江→南昌,0,0,低负荷
浙苏成品油管道,2,S094；S093,嘉兴(陈山→苏州(苏州；嘉兴(陈山→湖州(湖州,510.0,510.0,510.0,439.78,2007.0,2007.0,0#柴油、-10#柴油、90#汽油、93#汽油、97#汽油,0.2192948931298923,2050,0.442141154445301,44.2141154445301,0.2300159649173347,23.00159649173347,S094,嘉兴(陈山→苏州(苏州,225.49198876710355,510.0,225.49198876710355,S094,嘉兴(陈山→苏州(苏州,0,0,低负荷
云南成品油管网（安曲线）,3,S041；S040；S042,寻甸→曲靖；安宁→寻甸；寻甸→昆明,155.0,323.0,168.0,1124.6999999999998,2017.0,2017.0,0号柴油、92号汽油、95号汽油、3号喷气燃料,0.2192948931298923,2050,0.4024743273411432,40.24743273411432,0.19853738748097668,19.85373874809767,S041,寻甸→曲靖,62.38352073787719,155.0,62.38352073787719,S041,寻甸→曲靖,0,0,低负荷
苏南成品油管道,1,S098,南京(南京→苏州(苏州,580.0,580.0,580.0,373.25,2010.0,2010.0,0#柴油、-10#柴油、90#汽油、93#汽油、97#汽油,0.2192948931298923,2050,0.3887792909777647,38.87792909777647,0.3887792909777647,38.87792909777647,S098,南京(南京→苏州(苏州,225.49198876710355,580.0,225.49198876710355,S098,南京(南京→苏州(苏州,0,0,低负荷
抚顺-锦州-郑州成品油管道,7,S026；S027；S028；S029；S030；S031；S032,抚顺→辽阳；辽阳→辽河；辽河→锦州；锦州→固安；固安→保定；保定→邯郸；邯郸→郑州,600.0,1300.0,800.0,11160.099999999999,2018.0,2018.0,0#柴油、92#车用汽油、92#组分汽油,0.2192948931298923,2050,0.3722956762002811,37.22956762002811,0.18101064105159267,18.101064105159267,S026,抚顺→辽阳,223.3774057201687,600.0,223.3774057201687,S026,抚顺→辽阳,0,0,低负荷
云南成品油管网（安保线）,2,S037；S036,大理→保山；安宁→大理,57.0,173.0,115.0,791.0,2017.0,2017.0,0号柴油、92号汽油、95号汽油,0.2192948931298923,2050,0.364140873971386,36.4140873971386,0.2881668562822755,28.81668562822755,S037,大理→保山,20.756029816369004,57.0,36.709361076617554,S036,安宁→大理,0,0,低负荷
淮蚌支线,1,S092,淮南→蚌埠,80.0,80.0,80.0,104.72,2016.0,2016.0,92#汽油、95#汽油、0#车用柴油、0#普通柴油,0.2192948931298923,2050,0.349399551337966,34.9399551337966,0.349399551337966,34.9399551337966,S092,淮南→蚌埠,27.95196410703728,80.0,27.95196410703728,S092,淮南→蚌埠,0,0,低负荷
鲁皖一期管道,9,S110；S111；S112；S113；S114；S115；S116；S118；S117,齐鲁→淄博；淄博→济南；济南→泰安；泰安→曲阜；曲阜→枣庄；枣庄→徐州；徐州→宿州；枣庄→临沂；曲阜→济宁,655.0,655.0,655.0,6926.22,2005.0,2005.0,0#普柴、0#车柴、92#组分汽油、95#组分汽油、95#清洁汽油,0.2192948931298923,2050,0.3279161167342189,32.79161167342189,0.17957969700399465,17.957969700399463,S110,齐鲁→淄博,214.78505646091335,655.0,214.78505646091335,S110,齐鲁→淄博,0,0,低负荷
兰郑长成品油管道,4,S012；S014；S015；S013,兰州→咸阳；郑州→武汉；武汉→长沙；咸阳→郑州,500.0,1500.0,1000.0,8347.28,2009.0,2009.0,0#柴油、92#车用汽油、92#组分汽油,0.2192948931298923,2050,0.3221561711953572,32.21561711953572,0.18815828601423254,18.815828601423252,S012,兰州→咸阳,322.1561711953572,1000.0,322.1561711953572,S012,兰州→咸阳,0,0,低负荷
浙赣成品油管道,3,S101；S099；S100,诸暨→桐庐；算山→龙游；龙游→樟树,135.0,760.0,450.0,2573.7,2013.0,2013.0,0#柴油、95#汽油、92#汽油,0.2192948931298923,2050,0.2900094266685819,29.000942666858194,0.1550264380272763,15.502643802727631,S101,诸暨→桐庐,39.15127260025856,135.0,70.71532385437588,S099,算山→龙游,0,0,低负荷
荆门-襄阳成品油管道,1,S070,荆门→襄阳,350.0,350.0,350.0,128.75,2019.0,2019.0,0#车用柴油,0.2192948931298923,2050,0.2854382136831256,28.54382136831256,0.2854382136831256,28.54382136831256,S070,荆门→襄阳,99.90337478909396,350.0,99.90337478909396,S070,荆门→襄阳,0,0,低负荷
大港-济南-枣庄成品油管道,7,S016；S017；S018；S019；S020；S022；S023,大港→沧州；沧州→德州；德州→济南；济南→济南；济南→兖州；兖州→肥城；肥城→枣庄,285.0,285.0,285.0,4304.09,2007.0,2007.0,0#柴油、92#组分汽油,0.2192948931298923,2050,0.2721726140479825,27.217261404798247,0.13625252214757705,13.625252214757705,S016,大港→沧州,77.56919500367502,285.0,77.56919500367502,S016,大港→沧州,0,0,低负荷
钦南柳成品油管道,2,S043；S044,钦州→南宁；南宁→柳州,300.0,500.0,400.0,727.3,2018.0,2018.0,E92#汽油组分油、92#汽油、E95#汽油组分油、95#汽油和0#柴油,0.2192948931298923,2050,0.2508935937964501,25.08935937964501,0.19443231968494035,19.443231968494036,S043,钦州→南宁,125.44679689822507,500.0,125.44679689822507,S043,钦州→南宁,0,0,低负荷
湘娄支线,1,S079,湘潭→娄底,250.0,250.0,250.0,117.48,2014.0,2014.0,92#汽油、95#汽油、0#柴油,0.2192948931298923,2050,0.248063628391174,24.806362839117398,0.248063628391174,24.806362839117398,S079,湘潭→娄底,62.01590709779352,250.0,62.01590709779352,S079,湘潭→娄底,0,0,低负荷
甬台温成品油管道,4,S103；S104；S105；S106,算山→宁海；宁海→临海；临海→灵昆；灵昆→瑞安,460.0,460.0,460.0,1635.28,2018.0,2018.0,90#汽油、93#汽油、97#汽油、0#车用柴油、0#普通柴油,0.2192948931298923,2050,0.2339687512993708,23.39687512993708,0.12764151498353624,12.764151498353623,S103,算山→宁海,107.62562559771057,460.0,107.62562559771057,S103,算山→宁海,0,0,低负荷
西南成品油管网（南线）,6,S053；S054；S057；S055；S056；S058,东海岛→南宁；南宁→长坡；长坡→曲靖；长坡→大理；南宁→黎塘；秋田冲→昆东,800.0,800.0,800.0,10887.6,2012.0,2012.0,92#清洁汽油、92#汽油、95#汽油、0#车柴,0.2192948931298923,2050,0.202990419030402,20.299041903040198,0.06647209150428605,6.647209150428606,S053,东海岛→南宁,162.39233522432164,800.0,162.39233522432164,S053,东海岛→南宁,0,0,低负荷
云南成品油管网（安蒙线）,2,S039；S038,玉溪→蒙自；安宁→玉溪,115.0,225.0,170.0,502.48,2017.0,2017.0,0号柴油、92号汽油、95号汽油,0.2192948931298923,2050,0.1853166101256581,18.53166101256581,0.17542960864592816,17.542960864592814,S039,玉溪→蒙自,21.31141016445068,115.0,37.24708661239461,S038,安宁→玉溪,0,0,低负荷
荆门-荆州成品油管道,1,S071,荆门→荆州,150.0,150.0,150.0,92.12,2003.0,2003.0,0#柴油、90#汽油、93#汽油,0.2192948931298923,2050,0.1782566955476206,17.82566955476206,0.1782566955476206,17.82566955476206,S071,荆门→荆州,26.73850433214309,150.0,26.73850433214309,S071,荆门→荆州,0,0,低负荷
鲁皖二期管道（西线）,3,S121；S122；S123,济南→聊城；聊城→濮阳；濮阳→汤阴,820.0,820.0,820.0,1066.71,2009.0,2009.0,0#普柴、 0#车柴、 92#清洁汽油、 92#组分汽油、95#清洁汽油,0.2192948931298923,2050,0.1717721068875543,17.17721068875543,0.14048403088125785,14.048403088125786,S121,济南→聊城,140.8531276477946,820.0,140.8531276477946,S121,济南→聊城,0,0,低负荷
苏北成品油管道,3,S095；S097；S096,南京(扬子→泰州(泰州；南京(扬子→盐城(盐城；南京(扬子→徐州(新沂,545.0,545.0,545.0,1827.81,2015.0,2015.0,0#柴油、-10#柴油、90#汽油、93#汽油、97#汽油,0.2192948931298923,2050,0.1717396670822364,17.173966708223638,0.0901409440778058,9.014094407780581,S095,南京(扬子→泰州(泰州,93.59811855981889,545.0,93.59811855981889,S095,南京(扬子→泰州(泰州,0,0,低负荷
合六支线,1,S091,合肥→六安,140.0,140.0,140.0,99.99,2019.0,2019.0,92#汽油、95#汽油、0#车用柴油,0.2192948931298923,2050,0.1467257470457562,14.67257470457562,0.1467257470457562,14.67257470457562,S091,合肥→六安,20.54160458640588,140.0,20.54160458640588,S091,合肥→六安,0,0,低负荷
鲁皖二期管道（汤郑支线）,2,S124；S125,汤阴→新乡；新乡→郑州,820.0,820.0,820.0,409.38,2010.0,2010.0,0#普柴、 0#车柴、 92#清洁汽油、 92#组分汽油、95#清洁汽油,0.2192948931298923,2050,0.1101653297416987,11.01653297416987,0.05508266487084935,5.508266487084935,S124,汤阴→新乡,90.33557038819292,820.0,90.33557038819292,S124,汤阴→新乡,0,0,低负荷
福建成品油管道（北线）,1,S107,泉港→兴闽,220.0,220.0,220.0,148.96,2010.0,2010.0,0#柴油、95#汽油、92#汽油、航煤,0.2192948931298923,2050,0.1081189908786581,10.811899087865811,0.1081189908786581,10.811899087865811,S107,泉港→兴闽,23.7861779933048,220.0,23.7861779933048,S107,泉港→兴闽,0,0,低负荷
石太管道,4,S129；S130；S131；S132,石家庄→高庄；高庄→阳泉；阳泉→晋中；晋中→太原,820.0,820.0,820.0,1288.08,2007.0,2007.0,0#车柴、0#普柴、92#组分汽油、95#组分汽油、92#清洁汽油、95#清洁汽油,0.2192948931298923,2050,0.0824409190247714,8.24409190247714,0.07506635248169058,7.506635248169058,S129,石家庄→高庄,67.6015536003126,820.0,67.6015536003126,S129,石家庄→高庄,0,0,低负荷
鲁皖二期管道（汤石支线）,3,S126；S127；S128,汤阴→邯郸；邯郸→邢台；邢台→石家庄,820.0,820.0,820.0,936.51,2009.0,2009.0,0#普柴、 0#车柴、 92#清洁汽油、 92#组分汽油、95#清洁汽油,0.2192948931298923,2050,0.0721166923147611,7.21166923147611,0.05148354589211351,5.14835458921135,S126,汤阴→邯郸,59.135687698104114,820.0,59.135687698104114,S126,汤阴→邯郸,0,0,低负荷
驻信管道,1,S138,驻马店→信阳,820.0,820.0,820.0,109.98,2013.0,2013.0,0#车柴、92#组分汽油、95#组分汽油,0.2192948931298923,2050,0.0681233541875167,6.812335418751669,0.0681233541875167,6.812335418751669,S138,驻马店→信阳,55.86115043376377,820.0,55.86115043376377,S138,驻马店→信阳,0,0,低负荷
呼和浩特-包头-鄂尔多斯成品油管道,2,S024；S025,呼和浩特→包头；包头→鄂尔多斯,200.0,200.0,200.0,555.56,2014.0,2014.0,92#汽油、95 #汽油、0 #柴油、+5#柴油,0.2192948931298923,2050,0.0598984058532842,5.9898405853284205,0.0464894791089284,4.64894791089284,S024,呼和浩特→包头,11.979681170656852,200.0,11.979681170656852,S024,呼和浩特→包头,0,0,低负荷
湘株支线,1,S080,湘潭→株洲,350.0,350.0,350.0,22.99,2008.0,2008.0,92#汽油、95#汽油、0#柴油,0.2192948931298923,2050,0.0475704243641366,4.75704243641366,0.0475704243641366,4.75704243641366,S080,湘潭→株洲,16.649648527447813,350.0,16.649648527447813,S080,湘潭→株洲,0,0,低负荷
鲁皖二期管道（东线）,2,S119；S120,青岛→潍坊；潍坊→济南,820.0,820.0,820.0,740.44,2008.0,2008.0,0#普柴、 0#车柴、 92#清洁汽油、 92#组分汽油、95#清洁汽油,0.2192948931298923,2050,0.0443464961621517,4.43464961621517,0.0339919830200753,3.39919830200753,S119,青岛→潍坊,36.36412685296441,820.0,36.36412685296441,S119,青岛→潍坊,0,0,低负荷
福建成品油管道（南线）,2,S108；S109,泉港→东孚；泉港→石湖山,380.0,380.0,380.0,351.22,2013.0,2013.0,0#柴油、95#汽油、92#汽油、航煤,0.2192948931298923,2050,0.0407873803750128,4.07873803750128,0.0203936901875064,2.03936901875064,S108,泉港→东孚,15.49920454250488,380.0,15.49920454250488,S108,泉港→东孚,0,0,低负荷
吉林石化-长春成品油管道,1,S033,吉林→长春,245.0,245.0,245.0,159.5,2014.0,2014.0,0#柴油、-35 #柴油、92#汽油、95#汽油,0.2192948931298923,2050,0.032959082369782,3.2959082369781996,0.032959082369782,3.2959082369781996,S033,吉林→长春,8.074975180596605,245.0,8.074975180596605,S033,吉林→长春,0,0,低负荷
兰成渝成品油管道,2,S034；S035,兰州→成都；成都→重庆,350.0,700.0,525.0,2500.0,2002.0,2002.0,0#柴油、92#车用汽油,0.2192948931298923,2050,0.0299251961998505,2.9925196199850497,0.01496259809992525,1.4962598099925248,S034,兰州→成都,20.9476373398954,700.0,20.9476373398954,S034,兰州→成都,0,0,低负荷
银巴线,1,S021,银川→巴彦淖尔,240.0,240.0,240.0,367.44,2017.0,2017.0,,0.2192948931298923,2050,0.0086001629681826,0.86001629681826,0.0086001629681826,0.86001629681826,S021,银川→巴彦淖尔,2.06403911236384,240.0,2.06403911236384,S021,银川→巴彦淖尔,0,0,低负荷
西部成品油管道,6,S001；S002；S003；S004；S005；S006,乌鲁木齐→哈密；哈密→柳园；柳园→酒泉；酒泉→张掖；张掖→武威；武威→兰州,1000.0,1000.0,1000.0,11045.1,2006.0,2006.0,0#柴油、-35#柴油、92#汽油,0.2192948931298923,2050,0.0030362050278265,0.30362050278265,0.002669734151566417,0.2669734151566417,S001,乌鲁木齐→哈密,3.036205027826504,1000.0,3.036205027826504,S001,乌鲁木齐→哈密,0,0,低负荷
156支线,1,S069,广水→广水武胜关镇,10.0,10.0,10.0,5.65,2014.0,2014.0,0#车用柴油、0#普通柴油、90#汽油、93#汽油、97#汽油,0.2192948931298923,2050,0.0,0.0,0.0,0.0,S069,广水→广水武胜关镇,0.0,10.0,0.0,S069,广水→广水武胜关镇,0,0,低负荷
克拉玛依-乌鲁木齐成品油管道,1,S010,克拉玛依→王家沟,160.0,160.0,160.0,291.78,1996.0,1996.0,90#汽油、93#汽油、97#汽油、0#柴油、-10#柴油、-20#柴油、-35#柴油、航煤,0.2192948931298923,2050,0.0,0.0,0.0,0.0,S010,克拉玛依→王家沟,0.0,160.0,0.0,S010,克拉玛依→王家沟,0,0,低负荷
克拉玛依-乌鲁木齐成品油管道（复线）,1,S011,克拉玛依→王家沟,400.0,400.0,400.0,293.31,2009.0,2009.0,90#汽油、93#汽油、97#汽油、0#柴油、-10#柴油、-20#柴油、-35#柴油、航煤,0.2192948931298923,2050,0.0,0.0,0.0,0.0,S011,克拉玛依→王家沟,0.0,400.0,0.0,S011,克拉玛依→王家沟,0,0,低负荷
南武管道,1,S139,南疆(天津→武清,155.0,155.0,155.0,172.99,2018.0,2018.0,93#汽油、97#汽油、柴油,0.2192948931298923,2050,0.0,0.0,0.0,0.0,S139,南疆(天津→武清,0.0,155.0,0.0,S139,南疆(天津→武清,0,0,低负荷
格拉成品油管道,1,S140,格尔木→拉萨,130.0,130.0,130.0,1114.0,1976.0,1976.0,-20#柴油、-35#柴油、0#柴油、92#汽油、95#汽油,0.2192948931298923,2050,0.0,0.0,0.0,0.0,S140,格尔木→拉萨,0.0,130.0,0.0,S140,格尔木→拉萨,0,0,低负荷
独山子-703泵站-乌鲁木齐成品油管道,2,S007；S008,独山子→703；703→乌鲁木齐,100.0,100.0,100.0,591.58,1998.0,1998.0,90#汽油、93#汽油、97#汽油、0#柴油、-10#柴油、-20#柴油、-35#柴油、航煤,0.2192948931298923,2050,0.0,0.0,0.0,0.0,S007,独山子→703,0.0,100.0,0.0,S007,独山子→703,0,0,低负荷
独山子-乌鲁木齐成品油管道,1,S009,独山子→王家沟,520.0,520.0,520.0,222.69,2004.0,2004.0,90#汽油、93#汽油、97#汽油、0#柴油、-10#柴油、-20#柴油、-35#柴油、航煤,0.2192948931298923,2050,0.0,0.0,0.0,0.0,S009,独山子→王家沟,0.0,520.0,0.0,S009,独山子→王家沟,0,0,低负荷
绍杭成品油管道,1,S102,绍兴→萧山,500.0,500.0,500.0,92.12,2016.0,2016.0,0#柴油、95#汽油、92#汽油、航煤,0.2192948931298923,2050,0.0,0.0,0.0,0.0,S102,绍兴→萧山,0.0,500.0,0.0,S102,绍兴→萧山,0,0,低负荷
上饶-樟树成品油管道,1,S085,上饶→樟树,,,,314.77,2016.0,2016.0,92#汽油、95#汽油、0#柴油,0.2192948931298923,2050,,,,,,,,,36.91053389587021,S085,上饶→樟树,0,0,无设计输量
武汉-信阳成品油管道,1,S068,武汉→信阳,,,,229.51,2013.0,2013.0,0#车用柴油、0#普通柴油、90#汽油、93#汽油、97#汽油,0.2192948931298923,2050,,,,,,,,,55.86115043376377,S068,武汉→信阳,0,0,无设计输量
安庆-亳州成品油管道,4,S088；S087；S086；S089,淮南→阜阳；合肥→淮南；安庆→合肥；阜阳→亳州,140.0,410.0,205.0,1665.0,2016.0,2016.0,92#汽油、95#汽油、0#车用柴油、0#普通柴油,0.2192948931298923,2055,0.7663896858603548,76.63896858603549,0.535155948249896,53.5155948249896,S088,淮南→阜阳,107.29455602044968,140.0,172.74709751771923,S086,安庆→合肥,0,0,中负荷
珠三角成品油管网,9,S067；S064；S065；S059；S060；S061；S062；S063；S066,惠州→梅州；黄埔→南沙；黄埔→惠州；茂名→江门；南沙→南海；三水→花都；南沙→斗门；北沙→珠海；大鹏湾→妈湾,100.0,550.0,250.0,1802.8100000000002,2006.0,2015.0,0#柴油、-35#柴油、92#汽油,0.2192948931298923,2055,0.5822357902154719,58.22357902154719,0.1420548419668859,14.20548419668859,S067,惠州→梅州,69.86829482585662,120.0,112.32153947630438,S064,黄埔→南沙,0,0,中负荷
洛驻管道,5,S133；S134；S135；S136；S137,洛阳→巩义；巩义→郑州；郑州→许昌；许昌→漯河；漯河→驻马店,820.0,820.0,820.0,2141.8,2007.0,2007.0,0#车柴、92#组分汽油、95#组分汽油,0.2192948931298923,2055,0.4236527738107182,42.36527738107182,0.22355049477116812,22.35504947711681,S133,洛阳→巩义,347.39527452478893,820.0,347.39527452478893,S133,洛阳→巩义,0,0,低负荷
西南成品油管网（北线）,8,S045；S046；S047；S048；S052；S049；S050；S051,湛江→茂名；茂名→柳州；柳州→贵阳；贵阳→曲靖；柳州→桂林；江津→重庆；柳州→柳库；贵阳→简阳,500.0,800.0,700.0,7127.96,2005.0,2016.0,92#汽油、95#汽油、0#车柴,0.2192948931298923,2055,0.370888109954234,37.0888109954234,0.09399476023608014,9.399476023608013,S045,湛江→茂名,185.44405497711705,500.0,185.44405497711705,S045,湛江→茂名,0,0,低负荷
安庆-合肥成品油管道,1,S090,安庆→合肥,120.0,120.0,120.0,158.85,2007.0,2007.0,3#喷气燃料,0.2192948931298923,2055,0.3666514361588485,36.66514361588485,0.3666514361588485,36.66514361588485,S090,安庆→合肥,43.99817233906182,120.0,43.99817233906182,S090,安庆→合肥,0,0,低负荷
长岭-郴州成品油管道,7,S077；S076；S078；S074；S072；S073；S075,衡阳→耒阳；湘潭→衡阳；耒阳→郴州；汨罗→长沙；长岭→七里山；七里山→汨罗；长沙→湘潭,100.0,600.0,385.0,3859.2400000000007,2014.0,2014.0,92#汽油、95#汽油、0#柴油,0.2192948931298923,2055,0.3013708811573239,30.13708811573239,0.17744341185863388,17.744341185863387,S077,衡阳→耒阳,40.98643983739605,136.0,92.39535752779928,S072,长岭→七里山,0,0,低负荷
淮蚌支线,1,S092,淮南→蚌埠,80.0,80.0,80.0,104.72,2016.0,2016.0,92#汽油、95#汽油、0#车用柴油、0#普通柴油,0.2192948931298923,2055,0.2671063699588604,26.710636995886038,0.2671063699588604,26.710636995886038,S092,淮南→蚌埠,21.368509596708837,80.0,21.368509596708837,S092,淮南→蚌埠,0,0,低负荷
浙苏成品油管道,2,S094；S093,嘉兴(陈山→苏州(苏州；嘉兴(陈山→湖州(湖州,510.0,510.0,510.0,439.78,2007.0,2007.0,0#柴油、-10#柴油、90#汽油、93#汽油、97#汽油,0.2192948931298923,2055,0.2651638108140001,26.51638108140001,0.1376072018656199,13.76072018656199,S094,嘉兴(陈山→苏州(苏州,135.23354351514007,510.0,135.23354351514007,S094,嘉兴(陈山→苏州(苏州,0,0,低负荷
九江-赣州成品油管道,4,S081；S082；S083；S084,九江→南昌；南昌→吉安长塘；吉安长塘→樟树；樟树→赣州,170.0,330.0,257.0,2171.56,2016.0,2016.0,92#汽油、95#汽油、0#柴油,0.2192948931298923,2055,0.2558670410696951,25.58670410696951,0.1775255623422969,17.75255623422969,S081,九江→南昌,84.43612355299938,330.0,84.43612355299938,S081,九江→南昌,0,0,低负荷
抚顺-锦州-郑州成品油管道,7,S026；S027；S028；S029；S030；S031；S032,抚顺→辽阳；辽阳→辽河；辽河→锦州；锦州→固安；固安→保定；保定→邯郸；邯郸→郑州,600.0,1300.0,800.0,11160.099999999999,2018.0,2018.0,0#柴油、92#车用汽油、92#组分汽油,0.2192948931298923,2055,0.2495742333765887,24.95742333765887,0.12305899815526027,12.305899815526027,S026,抚顺→辽阳,149.74454002595326,600.0,149.74454002595326,S026,抚顺→辽阳,0,0,低负荷
苏南成品油管道,1,S098,南京(南京→苏州(苏州,580.0,580.0,580.0,373.25,2010.0,2010.0,0#柴油、-10#柴油、90#汽油、93#汽油、97#汽油,0.2192948931298923,2055,0.2331612819226552,23.31612819226552,0.2331612819226552,23.31612819226552,S098,南京(南京→苏州(苏州,135.23354351514007,580.0,135.23354351514007,S098,南京(南京→苏州(苏州,0,0,低负荷
荆门-襄阳成品油管道,1,S070,荆门→襄阳,350.0,350.0,350.0,128.75,2019.0,2019.0,0#车用柴油,0.2192948931298923,2055,0.2233187798513893,22.331877985138927,0.2233187798513893,22.331877985138927,S070,荆门→襄阳,78.16157294798627,350.0,78.16157294798627,S070,荆门→襄阳,0,0,低负荷
鲁皖一期管道,9,S110；S111；S112；S113；S114；S115；S116；S118；S117,齐鲁→淄博；淄博→济南；济南→泰安；泰安→曲阜；曲阜→枣庄；枣庄→徐州；徐州→宿州；枣庄→临沂；曲阜→济宁,655.0,655.0,655.0,6926.22,2005.0,2005.0,0#普柴、0#车柴、92#组分汽油、95#组分汽油、95#清洁汽油,0.2192948931298923,2055,0.2221354337303647,22.213543373036472,0.11985739804165892,11.985739804165892,S110,齐鲁→淄博,145.4987090933889,655.0,145.4987090933889,S110,齐鲁→淄博,0,0,低负荷
兰郑长成品油管道,4,S012；S014；S015；S013,兰州→咸阳；郑州→武汉；武汉→长沙；咸阳→郑州,500.0,1500.0,1000.0,8347.28,2009.0,2009.0,0#柴油、92#车用汽油、92#组分汽油,0.2192948931298923,2055,0.2186656123950202,21.86656123950202,0.11131900737630106,11.131900737630106,S012,兰州→咸阳,218.6656123950202,1000.0,218.6656123950202,S012,兰州→咸阳,0,0,低负荷
大港-济南-枣庄成品油管道,7,S016；S017；S018；S019；S020；S022；S023,大港→沧州；沧州→德州；德州→济南；济南→济南；济南→兖州；兖州→肥城；肥城→枣庄,285.0,285.0,285.0,4304.09,2007.0,2007.0,0#柴油、92#组分汽油,0.2192948931298923,2055,0.2075366560630623,20.753665606306228,0.10135127738854821,10.135127738854822,S016,大港→沧州,59.14794697797277,285.0,59.14794697797277,S016,大港→沧州,0,0,低负荷
云南成品油管网（安曲线）,3,S041；S040；S042,寻甸→曲靖；安宁→寻甸；寻甸→昆明,155.0,323.0,168.0,1124.6999999999998,2017.0,2017.0,0号柴油、92号汽油、95号汽油、3号喷气燃料,0.2192948931298923,2055,0.1956902589939048,19.56902589939048,0.09653244974105933,9.653244974105933,S041,寻甸→曲靖,30.331990144055247,155.0,30.331990144055247,S041,寻甸→曲靖,0,0,低负荷
浙赣成品油管道,3,S101；S099；S100,诸暨→桐庐；算山→龙游；龙游→樟树,135.0,760.0,450.0,2573.7,2013.0,2013.0,0#柴油、95#汽油、92#汽油,0.2192948931298923,2055,0.1635202006799938,16.35202006799938,0.08709972630015687,8.709972630015688,S101,诸暨→桐庐,22.075227091799164,135.0,40.68648195234201,S099,算山→龙游,0,0,低负荷
云南成品油管网（安保线）,2,S037；S036,大理→保山；安宁→大理,57.0,173.0,115.0,791.0,2017.0,2017.0,0号柴油、92号汽油、95号汽油,0.2192948931298923,2055,0.1580819617781601,15.808196177816011,0.1256066013777334,12.560660137773342,S037,大理→保山,9.010671821355128,57.0,16.11170468907406,S036,安宁→大理,0,0,低负荷
鲁皖二期管道（西线）,3,S121；S122；S123,济南→聊城；聊城→濮阳；濮阳→汤阴,820.0,820.0,820.0,1066.71,2009.0,2009.0,0#普柴、 0#车柴、 92#清洁汽油、 92#组分汽油、95#清洁汽油,0.2192948931298923,2055,0.1447695009604609,14.47695009604609,0.11965735221876857,11.965735221876857,S121,济南→聊城,118.710990787578,820.0,118.710990787578,S121,济南→聊城,0,0,低负荷
钦南柳成品油管道,2,S043；S044,钦州→南宁；南宁→柳州,300.0,500.0,400.0,727.3,2018.0,2018.0,E92#汽油组分油、92#汽油、E95#汽油组分油、95#汽油和0#柴油,0.2192948931298923,2055,0.1446753164667911,14.46753164667911,0.11201694162227174,11.201694162227174,S043,钦州→南宁,72.33765823339559,500.0,72.33765823339559,S043,钦州→南宁,0,0,低负荷
湘娄支线,1,S079,湘潭→娄底,250.0,250.0,250.0,117.48,2014.0,2014.0,92#汽油、95#汽油、0#柴油,0.2192948931298923,2055,0.1345147386122822,13.45147386122822,0.1345147386122822,13.45147386122822,S079,湘潭→娄底,33.62868465307055,250.0,33.62868465307055,S079,湘潭→娄底,0,0,低负荷
甬台温成品油管道,4,S103；S104；S105；S106,算山→宁海；宁海→临海；临海→灵昆；灵昆→瑞安,460.0,460.0,460.0,1635.28,2018.0,2018.0,90#汽油、93#汽油、97#汽油、0#车用柴油、0#普通柴油,0.2192948931298923,2055,0.1317089258247851,13.17089258247851,0.0718643925655705,7.18643925655705,S103,算山→宁海,60.586105879401146,460.0,60.586105879401146,S103,算山→宁海,0,0,低负荷
合六支线,1,S091,合肥→六安,140.0,140.0,140.0,99.99,2019.0,2019.0,92#汽油、95#汽油、0#车用柴油,0.2192948931298923,2055,0.1115755319959072,11.15755319959072,0.1115755319959072,11.15755319959072,S091,合肥→六安,15.620574479427017,140.0,15.620574479427017,S091,合肥→六安,0,0,低负荷
西南成品油管网（南线）,6,S053；S054；S057；S055；S056；S058,东海岛→南宁；南宁→长坡；长坡→曲靖；长坡→大理；南宁→黎塘；秋田冲→昆东,800.0,800.0,800.0,10887.6,2012.0,2012.0,92#清洁汽油、92#汽油、95#汽油、0#车柴,0.2192948931298923,2055,0.107453889014805,10.7453889014805,0.03350607442404005,3.350607442404005,S053,东海岛→南宁,85.96311121184404,800.0,85.96311121184404,S053,东海岛→南宁,0,0,低负荷
鲁皖二期管道（汤郑支线）,2,S124；S125,汤阴→新乡；新乡→郑州,820.0,820.0,820.0,409.38,2010.0,2010.0,0#普柴、 0#车柴、 92#清洁汽油、 92#组分汽油、95#清洁汽油,0.2192948931298923,2055,0.0961362425133307,9.61362425133307,0.04806812125666535,4.806812125666535,S124,汤阴→新乡,78.8317188609312,820.0,78.8317188609312,S124,汤阴→新乡,0,0,低负荷
苏北成品油管道,3,S095；S097；S096,南京(扬子→泰州(泰州；南京(扬子→盐城(盐城；南京(扬子→徐州(新沂,545.0,545.0,545.0,1827.81,2015.0,2015.0,0#柴油、-10#柴油、90#汽油、93#汽油、97#汽油,0.2192948931298923,2055,0.0961312906208926,9.613129062089259,0.050436442365484925,5.043644236548492,S095,南京(扬子→泰州(泰州,52.3915533883865,545.0,52.3915533883865,S095,南京(扬子→泰州(泰州,0,0,低负荷
荆门-荆州成品油管道,1,S071,荆门→荆州,150.0,150.0,150.0,92.12,2003.0,2003.0,0#柴油、90#汽油、93#汽油,0.2192948931298923,2055,0.0879177072385207,8.79177072385207,0.0879177072385207,8.79177072385207,S071,荆门→荆州,13.187656085778103,150.0,13.187656085778103,S071,荆门→荆州,0,0,低负荷
云南成品油管网（安蒙线）,2,S039；S038,玉溪→蒙自；安宁→玉溪,115.0,225.0,170.0,502.48,2017.0,2017.0,0号柴油、92号汽油、95号汽油,0.2192948931298923,2055,0.0802210711941915,8.02210711941915,0.07613768946405755,7.613768946405755,S039,玉溪→蒙自,9.225423187332032,115.0,16.21221924013282,S038,安宁→玉溪,0,0,低负荷
石太管道,4,S129；S130；S131；S132,石家庄→高庄；高庄→阳泉；阳泉→晋中；晋中→太原,820.0,820.0,820.0,1288.08,2007.0,2007.0,0#车柴、0#普柴、92#组分汽油、95#组分汽油、92#清洁汽油、95#清洁汽油,0.2192948931298923,2055,0.0653053191163963,6.530531911639629,0.05946015221073245,5.946015221073245,S129,石家庄→高庄,53.55036167544497,820.0,53.55036167544497,S129,石家庄→高庄,0,0,低负荷
鲁皖二期管道（汤石支线）,3,S126；S127；S128,汤阴→邯郸；邯郸→邢台；邢台→石家庄,820.0,820.0,820.0,936.51,2009.0,2009.0,0#普柴、 0#车柴、 92#清洁汽油、 92#组分汽油、95#清洁汽油,0.2192948931298923,2055,0.061066806979902,6.1066806979902,0.043608272231871,4.3608272231870995,S126,汤阴→邯郸,50.07478172351968,820.0,50.07478172351968,S126,汤阴→邯郸,0,0,低负荷
驻信管道,1,S138,驻马店→信阳,820.0,820.0,820.0,109.98,2013.0,2013.0,0#车柴、92#组分汽油、95#组分汽油,0.2192948931298923,2055,0.0597297053820668,5.97297053820668,0.0597297053820668,5.97297053820668,S138,驻马店→信阳,48.97835841329481,820.0,48.97835841329481,S138,驻马店→信阳,0,0,低负荷
呼和浩特-包头-鄂尔多斯成品油管道,2,S024；S025,呼和浩特→包头；包头→鄂尔多斯,200.0,200.0,200.0,555.56,2014.0,2014.0,92#汽油、95 #汽油、0 #柴油、+5#柴油,0.2192948931298923,2055,0.0502076875384176,5.02076875384176,0.039156196360064004,3.9156196360064004,S024,呼和浩特→包头,10.041537507683527,200.0,10.041537507683527,S024,呼和浩特→包头,0,0,低负荷
福建成品油管道（北线）,1,S107,泉港→兴闽,220.0,220.0,220.0,148.96,2010.0,2010.0,0#柴油、95#汽油、92#汽油、航煤,0.2192948931298923,2055,0.0416566441498608,4.16566441498608,0.0416566441498608,4.16566441498608,S107,泉港→兴闽,9.16446171296938,220.0,9.16446171296938,S107,泉港→兴闽,0,0,低负荷
鲁皖二期管道（东线）,2,S119；S120,青岛→潍坊；潍坊→济南,820.0,820.0,820.0,740.44,2008.0,2008.0,0#普柴、 0#车柴、 92#清洁汽油、 92#组分汽油、95#清洁汽油,0.2192948931298923,2055,0.0323513535005593,3.23513535005593,0.0248265739162726,2.48265739162726,S119,青岛→潍坊,26.528109870458632,820.0,26.528109870458632,S119,青岛→潍坊,0,0,低负荷
吉林石化-长春成品油管道,1,S033,吉林→长春,245.0,245.0,245.0,159.5,2014.0,2014.0,0#柴油、-35 #柴油、92#汽油、95#汽油,0.2192948931298923,2055,0.0277072235629602,2.77072235629602,0.0277072235629602,2.77072235629602,S033,吉林→长春,6.788269772925269,245.0,6.788269772925269,S033,吉林→长春,0,0,低负荷
湘株支线,1,S080,湘潭→株洲,350.0,350.0,350.0,22.99,2008.0,2008.0,92#汽油、95#汽油、0#柴油,0.2192948931298923,2055,0.0260083582681762,2.6008358268176197,0.0260083582681762,2.6008358268176197,S080,湘潭→株洲,9.102925393861671,350.0,9.102925393861671,S080,湘潭→株洲,0,0,低负荷
兰成渝成品油管道,2,S034；S035,兰州→成都；成都→重庆,350.0,700.0,525.0,2500.0,2002.0,2002.0,0#柴油、92#车用汽油,0.2192948931298923,2055,0.0183304369467226,1.8330436946722601,0.0091652184733613,0.9165218473361301,S034,兰州→成都,12.83130586270588,700.0,12.83130586270588,S034,兰州→成都,0,0,低负荷
福建成品油管道（南线）,2,S108；S109,泉港→东孚；泉港→石湖山,380.0,380.0,380.0,351.22,2013.0,2013.0,0#柴油、95#汽油、92#汽油、航煤,0.2192948931298923,2055,0.0157308246645859,1.57308246645859,0.00786541233229295,0.786541233229295,S108,泉港→东孚,5.9777133725426514,380.0,5.9777133725426514,S108,泉港→东孚,0,0,低负荷
银巴线,1,S021,银川→巴彦淖尔,240.0,240.0,240.0,367.44,2017.0,2017.0,,0.2192948931298923,2055,0.0070174931722541,0.70174931722541,0.0070174931722541,0.70174931722541,S021,银川→巴彦淖尔,1.6841983613409874,240.0,1.6841983613409874,S021,银川→巴彦淖尔,0,0,低负荷
西部成品油管道,6,S001；S002；S003；S004；S005；S006,乌鲁木齐→哈密；哈密→柳园；柳园→酒泉；酒泉→张掖；张掖→武威；武威→兰州,1000.0,1000.0,1000.0,11045.1,2006.0,2006.0,0#柴油、-35#柴油、92#汽油,0.2192948931298923,2055,0.0019643536415175,0.19643536415175,0.0017226254268926835,0.17226254268926836,S001,乌鲁木齐→哈密,1.9643536415175311,1000.0,1.9643536415175311,S001,乌鲁木齐→哈密,0,0,低负荷
156支线,1,S069,广水→广水武胜关镇,10.0,10.0,10.0,5.65,2014.0,2014.0,0#车用柴油、0#普通柴油、90#汽油、93#汽油、97#汽油,0.2192948931298923,2055,0.0,0.0,0.0,0.0,S069,广水→广水武胜关镇,0.0,10.0,0.0,S069,广水→广水武胜关镇,0,0,低负荷
克拉玛依-乌鲁木齐成品油管道,1,S010,克拉玛依→王家沟,160.0,160.0,160.0,291.78,1996.0,1996.0,90#汽油、93#汽油、97#汽油、0#柴油、-10#柴油、-20#柴油、-35#柴油、航煤,0.2192948931298923,2055,0.0,0.0,0.0,0.0,S010,克拉玛依→王家沟,0.0,160.0,0.0,S010,克拉玛依→王家沟,0,0,低负荷
克拉玛依-乌鲁木齐成品油管道（复线）,1,S011,克拉玛依→王家沟,400.0,400.0,400.0,293.31,2009.0,2009.0,90#汽油、93#汽油、97#汽油、0#柴油、-10#柴油、-20#柴油、-35#柴油、航煤,0.2192948931298923,2055,0.0,0.0,0.0,0.0,S011,克拉玛依→王家沟,0.0,400.0,0.0,S011,克拉玛依→王家沟,0,0,低负荷
南武管道,1,S139,南疆(天津→武清,155.0,155.0,155.0,172.99,2018.0,2018.0,93#汽油、97#汽油、柴油,0.2192948931298923,2055,0.0,0.0,0.0,0.0,S139,南疆(天津→武清,0.0,155.0,0.0,S139,南疆(天津→武清,0,0,低负荷
格拉成品油管道,1,S140,格尔木→拉萨,130.0,130.0,130.0,1114.0,1976.0,1976.0,-20#柴油、-35#柴油、0#柴油、92#汽油、95#汽油,0.2192948931298923,2055,0.0,0.0,0.0,0.0,S140,格尔木→拉萨,0.0,130.0,0.0,S140,格尔木→拉萨,0,0,低负荷
独山子-703泵站-乌鲁木齐成品油管道,2,S007；S008,独山子→703；703→乌鲁木齐,100.0,100.0,100.0,591.58,1998.0,1998.0,90#汽油、93#汽油、97#汽油、0#柴油、-10#柴油、-20#柴油、-35#柴油、航煤,0.2192948931298923,2055,0.0,0.0,0.0,0.0,S007,独山子→703,0.0,100.0,0.0,S007,独山子→703,0,0,低负荷
独山子-乌鲁木齐成品油管道,1,S009,独山子→王家沟,520.0,520.0,520.0,222.69,2004.0,2004.0,90#汽油、93#汽油、97#汽油、0#柴油、-10#柴油、-20#柴油、-35#柴油、航煤,0.2192948931298923,2055,0.0,0.0,0.0,0.0,S009,独山子→王家沟,0.0,520.0,0.0,S009,独山子→王家沟,0,0,低负荷
绍杭成品油管道,1,S102,绍兴→萧山,500.0,500.0,500.0,92.12,2016.0,2016.0,0#柴油、95#汽油、92#汽油、航煤,0.2192948931298923,2055,0.0,0.0,0.0,0.0,S102,绍兴→萧山,0.0,500.0,0.0,S102,绍兴→萧山,0,0,低负荷
上饶-樟树成品油管道,1,S085,上饶→樟树,,,,314.77,2016.0,2016.0,92#汽油、95#汽油、0#柴油,0.2192948931298923,2055,,,,,,,,,19.90986009585417,S085,上饶→樟树,0,0,无设计输量
武汉-信阳成品油管道,1,S068,武汉→信阳,,,,229.51,2013.0,2013.0,0#车用柴油、0#普通柴油、90#汽油、93#汽油、97#汽油,0.2192948931298923,2055,,,,,,,,,48.97835841329481,S068,武汉→信阳,0,0,无设计输量
安庆-亳州成品油管道,4,S088；S087；S086；S089,淮南→阜阳；合肥→淮南；安庆→合肥；阜阳→亳州,140.0,410.0,205.0,1665.0,2016.0,2016.0,92#汽油、95#汽油、0#车用柴油、0#普通柴油,0.2192948931298923,2060,0.3099389208948314,30.99389208948314,0.21633774233115627,21.633774233115627,S088,淮南→阜阳,43.39144892527639,140.0,70.519085031546,S086,安庆→合肥,0,0,低负荷
珠三角成品油管网,9,S067；S064；S065；S059；S060；S061；S062；S063；S066,惠州→梅州；黄埔→南沙；黄埔→惠州；茂名→江门；南沙→南海；三水→花都；南沙→斗门；北沙→珠海；大鹏湾→妈湾,100.0,550.0,250.0,1802.8100000000002,2006.0,2015.0,0#柴油、-35#柴油、92#汽油,0.2192948931298923,2060,0.2045931248420771,20.459312484207707,0.049901357418788025,4.990135741878802,S067,惠州→梅州,24.55117498104925,120.0,39.52826801375922,S064,黄埔→南沙,0,0,低负荷
洛驻管道,5,S133；S134；S135；S136；S137,洛阳→巩义；巩义→郑州；郑州→许昌；许昌→漯河；漯河→驻马店,820.0,820.0,820.0,2141.8,2007.0,2007.0,0#车柴、92#组分汽油、95#组分汽油,0.2192948931298923,2060,0.168104757428628,16.8104757428628,0.08861319582399774,8.861319582399773,S133,洛阳→巩义,137.845901091475,820.0,137.845901091475,S133,洛阳→巩义,0,0,低负荷
安庆-合肥成品油管道,1,S090,安庆→合肥,120.0,120.0,120.0,158.85,2007.0,2007.0,3#喷气燃料,0.2192948931298923,2060,0.1520868536592519,15.20868536592519,0.1520868536592519,15.20868536592519,S090,安庆→合肥,18.250422439110228,120.0,18.250422439110228,S090,安庆→合肥,0,0,低负荷
淮蚌支线,1,S092,淮南→蚌埠,80.0,80.0,80.0,104.72,2016.0,2016.0,92#汽油、95#汽油、0#车用柴油、0#普通柴油,0.2192948931298923,2060,0.1105752319332041,11.05752319332041,0.1105752319332041,11.05752319332041,S092,淮南→蚌埠,8.846018554656329,80.0,8.846018554656329,S092,淮南→蚌埠,0,0,低负荷
西南成品油管网（北线）,8,S045；S046；S047；S048；S052；S049；S050；S051,湛江→茂名；茂名→柳州；柳州→贵阳；贵阳→曲靖；柳州→桂林；江津→重庆；柳州→柳库；贵阳→简阳,500.0,800.0,700.0,7127.96,2005.0,2016.0,92#汽油、95#汽油、0#车柴,0.2192948931298923,2060,0.1085065008991963,10.85065008991963,0.028556702307998453,2.8556702307998454,S045,湛江→茂名,54.25325044959817,500.0,54.25325044959817,S045,湛江→茂名,0,0,低负荷
抚顺-锦州-郑州成品油管道,7,S026；S027；S028；S029；S030；S031；S032,抚顺→辽阳；辽阳→辽河；辽河→锦州；锦州→固安；固安→保定；保定→邯郸；邯郸→郑州,600.0,1300.0,800.0,11160.099999999999,2018.0,2018.0,0#柴油、92#车用汽油、92#组分汽油,0.2192948931298923,2060,0.1045769756537253,10.45769756537253,0.05236656531032811,5.236656531032811,S026,抚顺→辽阳,62.746185392235226,600.0,62.746185392235226,S026,抚顺→辽阳,0,0,低负荷
浙苏成品油管道,2,S094；S093,嘉兴(陈山→苏州(苏州；嘉兴(陈山→湖州(湖州,510.0,510.0,510.0,439.78,2007.0,2007.0,0#柴油、-10#柴油、90#汽油、93#汽油、97#汽油,0.2192948931298923,2060,0.0808699421961626,8.08699421961626,0.0410842387994602,4.10842387994602,S094,嘉兴(陈山→苏州(苏州,41.24367052004295,510.0,41.24367052004295,S094,嘉兴(陈山→苏州(苏州,0,0,低负荷
荆门-襄阳成品油管道,1,S070,荆门→襄阳,350.0,350.0,350.0,128.75,2019.0,2019.0,0#车用柴油,0.2192948931298923,2060,0.0778656208899461,7.78656208899461,0.0778656208899461,7.78656208899461,S070,荆门→襄阳,27.252967311481143,350.0,27.252967311481143,S070,荆门→襄阳,0,0,低负荷
云南成品油管网（安曲线）,3,S041；S040；S042,寻甸→曲靖；安宁→寻甸；寻甸→昆明,155.0,323.0,168.0,1124.6999999999998,2017.0,2017.0,0号柴油、92号汽油、95号汽油、3号喷气燃料,0.2192948931298923,2060,0.0746494992484056,7.4649499248405595,0.03682400478920317,3.682400478920317,S041,寻甸→曲靖,11.570672383502874,155.0,11.570672383502874,S041,寻甸→曲靖,0,0,低负荷
兰郑长成品油管道,4,S012；S014；S015；S013,兰州→咸阳；郑州→武汉；武汉→长沙；咸阳→郑州,500.0,1500.0,1000.0,8347.28,2009.0,2009.0,0#柴油、92#车用汽油、92#组分汽油,0.2192948931298923,2060,0.0728803526244317,7.288035262443169,0.020183291609887098,2.01832916098871,S012,兰州→咸阳,72.88035262443177,1000.0,72.88035262443177,S012,兰州→咸阳,0,0,低负荷
苏南成品油管道,1,S098,南京(南京→苏州(苏州,580.0,580.0,580.0,373.25,2010.0,2010.0,0#柴油、-10#柴油、90#汽油、93#汽油、97#汽油,0.2192948931298923,2060,0.0711097767586947,7.110977675869471,0.0711097767586947,7.110977675869471,S098,南京(南京→苏州(苏州,41.24367052004295,580.0,41.24367052004295,S098,南京(南京→苏州(苏州,0,0,低负荷
大港-济南-枣庄成品油管道,7,S016；S017；S018；S019；S020；S022；S023,大港→沧州；沧州→德州；德州→济南；济南→济南；济南→兖州；兖州→肥城；肥城→枣庄,285.0,285.0,285.0,4304.09,2007.0,2007.0,0#柴油、92#组分汽油,0.2192948931298923,2060,0.0679997053635518,6.799970536355179,0.028591482314933254,2.8591482314933256,S016,大港→沧州,19.37991602861227,285.0,19.37991602861227,S016,大港→沧州,0,0,低负荷
云南成品油管网（安保线）,2,S037；S036,大理→保山；安宁→大理,57.0,173.0,115.0,791.0,2017.0,2017.0,0号柴油、92号汽油、95号汽油,0.2192948931298923,2060,0.0657060908924496,6.570609089244959,0.052074315238999344,5.207431523899935,S037,大理→保山,3.745247180869628,57.0,6.650559348300001,S036,安宁→大理,0,0,低负荷
鲁皖一期管道,9,S110；S111；S112；S113；S114；S115；S116；S118；S117,齐鲁→淄博；淄博→济南；济南→泰安；泰安→曲阜；曲阜→枣庄；枣庄→徐州；徐州→宿州；枣庄→临沂；曲阜→济宁,655.0,655.0,655.0,6926.22,2005.0,2005.0,0#普柴、0#车柴、92#组分汽油、95#组分汽油、95#清洁汽油,0.2192948931298923,2060,0.0611515054838284,6.11515054838284,0.03488304215601329,3.488304215601329,S110,齐鲁→淄博,40.05423609190761,655.0,40.05423609190761,S110,齐鲁→淄博,0,0,低负荷
鲁皖二期管道（西线）,3,S121；S122；S123,济南→聊城；聊城→濮阳；濮阳→汤阴,820.0,820.0,820.0,1066.71,2009.0,2009.0,0#普柴、 0#车柴、 92#清洁汽油、 92#组分汽油、95#清洁汽油,0.2192948931298923,2060,0.0587431068136345,5.8743106813634505,0.05045286780227517,5.045286780227517,S121,济南→聊城,48.16934758718033,820.0,48.16934758718033,S121,济南→聊城,0,0,低负荷
石太管道,4,S129；S130；S131；S132,石家庄→高庄；高庄→阳泉；阳泉→晋中；晋中→太原,820.0,820.0,820.0,1288.08,2007.0,2007.0,0#车柴、0#普柴、92#组分汽油、95#组分汽油、92#清洁汽油、95#清洁汽油,0.2192948931298923,2060,0.0489610357300399,4.896103573003989,0.044576810071840625,4.457681007184062,S129,石家庄→高庄,40.14804929863271,820.0,40.14804929863271,S129,石家庄→高庄,0,0,低负荷
合六支线,1,S091,合肥→六安,140.0,140.0,140.0,99.99,2019.0,2019.0,92#汽油、95#汽油、0#车用柴油,0.2192948931298923,2060,0.0460395819518922,4.60395819518922,0.0460395819518922,4.60395819518922,S091,合肥→六安,6.445541473264911,140.0,6.445541473264911,S091,合肥→六安,0,0,低负荷
鲁皖二期管道（汤郑支线）,2,S124；S125,汤阴→新乡；新乡→郑州,820.0,820.0,820.0,409.38,2010.0,2010.0,0#普柴、 0#车柴、 92#清洁汽油、 92#组分汽油、95#清洁汽油,0.2192948931298923,2060,0.0415255231674395,4.15255231674395,0.02076276158371975,2.076276158371975,S124,汤阴→新乡,34.0509289973004,820.0,34.0509289973004,S124,汤阴→新乡,0,0,低负荷
云南成品油管网（安蒙线）,2,S039；S038,玉溪→蒙自；安宁→玉溪,115.0,225.0,170.0,502.48,2017.0,2017.0,0号柴油、92号汽油、95号汽油,0.2192948931298923,2060,0.0332723965067851,3.3272396506785102,0.03164014542057815,3.164014542057815,S039,玉溪→蒙自,3.82632559828029,115.0,6.75177622523352,S038,安宁→玉溪,0,0,低负荷
鲁皖二期管道（汤石支线）,3,S126；S127；S128,汤阴→邯郸；邯郸→邢台；邢台→石家庄,820.0,820.0,820.0,936.51,2009.0,2009.0,0#普柴、 0#车柴、 92#清洁汽油、 92#组分汽油、95#清洁汽油,0.2192948931298923,2060,0.03076725003778,3.0767250037780003,0.021973592736648336,2.1973592736648335,S126,汤阴→邯郸,25.22914503097968,820.0,25.22914503097968,S126,汤阴→邯郸,0,0,低负荷
呼和浩特-包头-鄂尔多斯成品油管道,2,S024；S025,呼和浩特→包头；包头→鄂尔多斯,200.0,200.0,200.0,555.56,2014.0,2014.0,92#汽油、95 #汽油、0 #柴油、+5#柴油,0.2192948931298923,2060,0.0291311267125645,2.91311267125645,0.0221308060829404,2.21308060829404,S024,呼和浩特→包头,5.826225342512901,200.0,5.826225342512901,S024,呼和浩特→包头,0,0,低负荷
长岭-郴州成品油管道,7,S077；S076；S078；S074；S072；S073；S075,衡阳→耒阳；湘潭→衡阳；耒阳→郴州；汨罗→长沙；长岭→七里山；七里山→汨罗；长沙→湘潭,100.0,600.0,385.0,3859.2400000000007,2014.0,2014.0,92#汽油、95#汽油、0#柴油,0.2192948931298923,2060,0.0290131591041913,2.90131591041913,0.012354182527270286,1.2354182527270285,S078,耒阳→郴州,2.9013159104191324,100.0,2.9013159104191324,S077,衡阳→耒阳,0,0,低负荷
九江-赣州成品油管道,4,S081；S082；S083；S084,九江→南昌；南昌→吉安长塘；吉安长塘→樟树；樟树→赣州,170.0,330.0,257.0,2171.56,2016.0,2016.0,92#汽油、95#汽油、0#柴油,0.2192948931298923,2060,0.0284548154776371,2.8454815477637103,0.019728155192812253,1.9728155192812253,S081,九江→南昌,9.390089107620271,330.0,9.390089107620271,S081,九江→南昌,0,0,低负荷
西南成品油管网（南线）,6,S053；S054；S057；S055；S056；S058,东海岛→南宁；南宁→长坡；长坡→曲靖；长坡→大理；南宁→黎塘；秋田冲→昆东,800.0,800.0,800.0,10887.6,2012.0,2012.0,92#清洁汽油、92#汽油、95#汽油、0#车柴,0.2192948931298923,2060,0.0279711942375719,2.79711942375719,0.010693525935817468,1.0693525935817467,S053,东海岛→南宁,22.37695539005756,800.0,22.37695539005756,S053,东海岛→南宁,0,0,低负荷
驻信管道,1,S138,驻马店→信阳,820.0,820.0,820.0,109.98,2013.0,2013.0,0#车柴、92#组分汽油、95#组分汽油,0.2192948931298923,2060,0.023681636995185,2.3681636995185,0.023681636995185,2.3681636995185,S138,驻马店→信阳,19.41894233605177,820.0,19.41894233605177,S138,驻马店→信阳,0,0,低负荷
钦南柳成品油管道,2,S043；S044,钦州→南宁；南宁→柳州,300.0,500.0,400.0,727.3,2018.0,2018.0,E92#汽油组分油、92#汽油、E95#汽油组分油、95#汽油和0#柴油,0.2192948931298923,2060,0.0235318659796799,2.35318659796799,0.01820753657436605,1.820753657436605,S043,钦州→南宁,11.765932989839984,500.0,11.765932989839984,S043,钦州→南宁,0,0,低负荷
浙赣成品油管道,3,S101；S099；S100,诸暨→桐庐；算山→龙游；龙游→樟树,135.0,760.0,450.0,2573.7,2013.0,2013.0,0#柴油、95#汽油、92#汽油,0.2192948931298923,2060,0.0211779244136135,2.11779244136135,0.0117304389182461,1.17304389182461,S101,诸暨→桐庐,2.859019795837829,135.0,6.908529355842762,S099,算山→龙游,0,0,低负荷
苏北成品油管道,3,S095；S097；S096,南京(扬子→泰州(泰州；南京(扬子→盐城(盐城；南京(扬子→徐州(新沂,545.0,545.0,545.0,1827.81,2015.0,2015.0,0#柴油、-10#柴油、90#汽油、93#汽油、97#汽油,0.2192948931298923,2060,0.0196089703451066,1.96089703451066,0.0102873878287858,1.0287387828785801,S095,南京(扬子→泰州(泰州,10.686888838083116,545.0,10.686888838083116,S095,南京(扬子→泰州(泰州,0,0,低负荷
甬台温成品油管道,4,S103；S104；S105；S106,算山→宁海；宁海→临海；临海→灵昆；灵昆→瑞安,460.0,460.0,460.0,1635.28,2018.0,2018.0,90#汽油、93#汽油、97#汽油、0#车用柴油、0#普通柴油,0.2192948931298923,2060,0.0170392176797732,1.7039217679773198,0.00929796995700185,0.929796995700185,S103,算山→宁海,7.838040132695703,460.0,7.838040132695703,S103,算山→宁海,0,0,低负荷
吉林石化-长春成品油管道,1,S033,吉林→长春,245.0,245.0,245.0,159.5,2014.0,2014.0,0#柴油、-35 #柴油、92#汽油、95#汽油,0.2192948931298923,2060,0.0149885826346632,1.4988582634663201,0.0149885826346632,1.4988582634663201,S033,吉林→长春,3.672202745492484,245.0,3.672202745492484,S033,吉林→长春,0,0,低负荷
福建成品油管道（北线）,1,S107,泉港→兴闽,220.0,220.0,220.0,148.96,2010.0,2010.0,0#柴油、95#汽油、92#汽油、航煤,0.2192948931298923,2060,0.0147243121850306,1.47243121850306,0.0147243121850306,1.47243121850306,S107,泉港→兴闽,3.239348680706749,220.0,3.239348680706749,S107,泉港→兴闽,0,0,低负荷
鲁皖二期管道（东线）,2,S119；S120,青岛→潍坊；潍坊→济南,820.0,820.0,820.0,740.44,2008.0,2008.0,0#普柴、 0#车柴、 92#清洁汽油、 92#组分汽油、95#清洁汽油,0.2192948931298923,2060,0.007927276688099,0.7927276688099,0.006088593023346051,0.6088593023346051,S119,青岛→潍坊,6.500366884241217,820.0,6.500366884241217,S119,青岛→潍坊,0,0,低负荷
荆门-荆州成品油管道,1,S071,荆门→荆州,150.0,150.0,150.0,92.12,2003.0,2003.0,0#柴油、90#汽油、93#汽油,0.2192948931298923,2060,0.0076846878133268,0.76846878133268,0.0076846878133268,0.76846878133268,S071,荆门→荆州,1.1527031719990222,150.0,1.1527031719990222,S071,荆门→荆州,0,0,低负荷
兰成渝成品油管道,2,S034；S035,兰州→成都；成都→重庆,350.0,700.0,525.0,2500.0,2002.0,2002.0,0#柴油、92#车用汽油,0.2192948931298923,2060,0.0058737928370198,0.58737928370198,0.0029368964185099,0.29368964185099,S034,兰州→成都,4.111654985913926,700.0,4.111654985913926,S034,兰州→成都,0,0,低负荷
福建成品油管道（南线）,2,S108；S109,泉港→东孚；泉港→石湖山,380.0,380.0,380.0,351.22,2013.0,2013.0,0#柴油、95#汽油、92#汽油、航煤,0.2192948931298923,2060,0.0055643509768846,0.55643509768846,0.0027821754884423,0.27821754884423,S108,泉港→东孚,2.114453371216185,380.0,2.114453371216185,S108,泉港→东孚,0,0,低负荷
银巴线,1,S021,银川→巴彦淖尔,240.0,240.0,240.0,367.44,2017.0,2017.0,,0.2192948931298923,2060,0.0044105792177926,0.44105792177926,0.0044105792177926,0.44105792177926,S021,银川→巴彦淖尔,1.0585390122702427,240.0,1.0585390122702427,S021,银川→巴彦淖尔,0,0,低负荷
西部成品油管道,6,S001；S002；S003；S004；S005；S006,乌鲁木齐→哈密；哈密→柳园；柳园→酒泉；酒泉→张掖；张掖→武威；武威→兰州,1000.0,1000.0,1000.0,11045.1,2006.0,2006.0,0#柴油、-35#柴油、92#汽油,0.2192948931298923,2060,0.0006079969679015,0.06079969679015,0.0005301930932693833,0.05301930932693833,S001,乌鲁木齐→哈密,0.6079969679015221,1000.0,0.6079969679015221,S001,乌鲁木齐→哈密,0,0,低负荷
156支线,1,S069,广水→广水武胜关镇,10.0,10.0,10.0,5.65,2014.0,2014.0,0#车用柴油、0#普通柴油、90#汽油、93#汽油、97#汽油,0.2192948931298923,2060,0.0,0.0,0.0,0.0,S069,广水→广水武胜关镇,0.0,10.0,0.0,S069,广水→广水武胜关镇,0,0,低负荷
克拉玛依-乌鲁木齐成品油管道,1,S010,克拉玛依→王家沟,160.0,160.0,160.0,291.78,1996.0,1996.0,90#汽油、93#汽油、97#汽油、0#柴油、-10#柴油、-20#柴油、-35#柴油、航煤,0.2192948931298923,2060,0.0,0.0,0.0,0.0,S010,克拉玛依→王家沟,0.0,160.0,0.0,S010,克拉玛依→王家沟,0,0,低负荷
克拉玛依-乌鲁木齐成品油管道（复线）,1,S011,克拉玛依→王家沟,400.0,400.0,400.0,293.31,2009.0,2009.0,90#汽油、93#汽油、97#汽油、0#柴油、-10#柴油、-20#柴油、-35#柴油、航煤,0.2192948931298923,2060,0.0,0.0,0.0,0.0,S011,克拉玛依→王家沟,0.0,400.0,0.0,S011,克拉玛依→王家沟,0,0,低负荷
南武管道,1,S139,南疆(天津→武清,155.0,155.0,155.0,172.99,2018.0,2018.0,93#汽油、97#汽油、柴油,0.2192948931298923,2060,0.0,0.0,0.0,0.0,S139,南疆(天津→武清,0.0,155.0,0.0,S139,南疆(天津→武清,0,0,低负荷
格拉成品油管道,1,S140,格尔木→拉萨,130.0,130.0,130.0,1114.0,1976.0,1976.0,-20#柴油、-35#柴油、0#柴油、92#汽油、95#汽油,0.2192948931298923,2060,0.0,0.0,0.0,0.0,S140,格尔木→拉萨,0.0,130.0,0.0,S140,格尔木→拉萨,0,0,低负荷
湘娄支线,1,S079,湘潭→娄底,250.0,250.0,250.0,117.48,2014.0,2014.0,92#汽油、95#汽油、0#柴油,0.2192948931298923,2060,0.0,0.0,0.0,0.0,S079,湘潭→娄底,0.0,250.0,0.0,S079,湘潭→娄底,0,0,低负荷
湘株支线,1,S080,湘潭→株洲,350.0,350.0,350.0,22.99,2008.0,2008.0,92#汽油、95#汽油、0#柴油,0.2192948931298923,2060,0.0,0.0,0.0,0.0,S080,湘潭→株洲,0.0,350.0,0.0,S080,湘潭→株洲,0,0,低负荷
独山子-703泵站-乌鲁木齐成品油管道,2,S007；S008,独山子→703；703→乌鲁木齐,100.0,100.0,100.0,591.58,1998.0,1998.0,90#汽油、93#汽油、97#汽油、0#柴油、-10#柴油、-20#柴油、-35#柴油、航煤,0.2192948931298923,2060,0.0,0.0,0.0,0.0,S007,独山子→703,0.0,100.0,0.0,S007,独山子→703,0,0,低负荷
独山子-乌鲁木齐成品油管道,1,S009,独山子→王家沟,520.0,520.0,520.0,222.69,2004.0,2004.0,90#汽油、93#汽油、97#汽油、0#柴油、-10#柴油、-20#柴油、-35#柴油、航煤,0.2192948931298923,2060,0.0,0.0,0.0,0.0,S009,独山子→王家沟,0.0,520.0,0.0,S009,独山子→王家沟,0,0,低负荷
绍杭成品油管道,1,S102,绍兴→萧山,500.0,500.0,500.0,92.12,2016.0,2016.0,0#柴油、95#汽油、92#汽油、航煤,0.2192948931298923,2060,0.0,0.0,0.0,0.0,S102,绍兴→萧山,0.0,500.0,0.0,S102,绍兴→萧山,0,0,低负荷
上饶-樟树成品油管道,1,S085,上饶→樟树,,,,314.77,2016.0,2016.0,92#汽油、95#汽油、0#柴油,0.2192948931298923,2060,,,,,,,,,2.215449961230914,S085,上饶→樟树,0,0,无设计输量
武汉-信阳成品油管道,1,S068,武汉→信阳,,,,229.51,2013.0,2013.0,0#车用柴油、0#普通柴油、90#汽油、93#汽油、97#汽油,0.2192948931298923,2060,,,,,,,,,19.41894233605177,S068,武汉→信阳,0,0,无设计输量
