管段ID,管道名称,起点节点,终点节点,年份,设计输量_万吨年,同管道运输任务_万吨,同管道运输任务_t,同管道利用率,同管道负荷等级,全网连通运输任务_万吨,全网连通运输任务_t,全网连通利用率,全网连通负荷等级,同管道下游节点数,全网下游节点数,投产年份,管段方向,端点补齐说明,管输折算系数
S045,西南成品油管网（北线）,湛江,茂名,2025,500.0,702.3440991483642,7023440.991483642,1.4046881982967283,超过设计输量,766.0066366066811,7660066.366066812,1.5320132732133622,超过设计输量,7,8,2006,湛江 → 茂名,,0.21929489312989234
S046,西南成品油管网（北线）,茂名,柳州,2025,800.0,585.2781943849949,5852781.943849949,0.7315977429812436,中负荷,585.2781943849949,5852781.943849949,0.7315977429812436,中负荷,6,6,2005,茂名 → 柳州,,0.21929489312989234
S012,兰郑长成品油管道,兰州,咸阳,2025,1000.0,563.0523474025721,5630523.47402572,0.563052347402572,中负荷,1188.480024059896,11884800.24059896,1.188480024059896,超过设计输量,4,14,2009,兰州 → 咸阳,,0.21929489312989234
S026,抚顺-锦州-郑州成品油管道,抚顺,辽阳,2025,600.0,536.0089240792882,5360089.240792882,0.8933482067988138,高负荷,1670.8080680873081,16708080.680873081,2.784680113478847,超过设计输量,7,25,2018,抚顺 → 辽阳,,0.21929489312989234
S027,抚顺-锦州-郑州成品油管道,辽阳,辽河,2025,600.0,531.4020617099129,5314020.61709913,0.8856701028498548,高负荷,1666.2012057179327,16662012.057179328,2.777002009529888,超过设计输量,6,24,2018,辽阳 → 辽河,,0.21929489312989234
S028,抚顺-锦州-郑州成品油管道,辽河,锦州,2025,750.0,526.400327891527,5264003.278915271,0.7018671038553693,中负荷,1661.1994718995468,16611994.718995467,2.214932629199396,超过设计输量,5,23,2018,辽河 → 锦州,,0.21929489312989234
S029,抚顺-锦州-郑州成品油管道,锦州,固安,2025,1300.0,506.99064388500915,5069906.438850092,0.38999280298846856,低负荷,1641.789787893029,16417897.87893029,1.262915221456176,超过设计输量,4,22,2018,锦州 → 固安,,0.21929489312989234
S094,浙苏成品油管道,嘉兴(陈山,苏州(苏州,2025,510.0,480.5486915091157,4805486.915091157,0.9422523362923837,高负荷,480.5486915091157,4805486.915091157,0.9422523362923837,高负荷,1,1,2007,浙江嘉兴(陈山首站) → 江苏苏州(苏州末站),,0.21929489312989234
S098,苏南成品油管道,南京(南京,苏州(苏州,2025,580.0,480.5486915091157,4805486.915091157,0.8285322267398547,高负荷,480.5486915091157,4805486.915091157,0.8285322267398547,高负荷,1,1,2010,江苏南京(南京首站) → 江苏苏州(苏州末站),,0.21929489312989234
S047,西南成品油管网（北线）,柳州,贵阳,2025,800.0,438.876206889867,4388762.068898669,0.5485952586123337,中负荷,438.876206889867,4388762.068898669,0.5485952586123337,中负荷,3,3,2005,柳州 → 贵阳,,0.21929489312989234
S133,洛驻管道,洛阳,巩义,2025,820.0,393.78378901446285,3937837.890144628,0.4802241329444669,低负荷,1139.0098994969194,11390098.994969195,1.3890364628011211,超过设计输量,5,14,2007,洛阳 → 巩义,,0.21929489312989234
S053,西南成品油管网（南线）,东海岛,南宁,2025,800.0,381.79696252457126,3817969.625245712,0.4772462031557141,低负荷,860.0350834779351,8600350.83477935,1.075043854347419,超过设计输量,5,11,2012,东海岛 → 南宁,,0.21929489312989234
S013,兰郑长成品油管道,咸阳,郑州,2025,1500.0,361.7176713608736,3617176.7136087366,0.2411451142405824,低负荷,987.1453480181978,9871453.480181977,0.6580968986787985,中负荷,3,13,2009,咸阳 → 郑州,,0.21929489312989234
S014,兰郑长成品油管道,郑州,武汉,2025,1000.0,361.7176713608736,3617176.7136087366,0.3617176713608736,低负荷,745.2261104824566,7452261.104824566,0.7452261104824567,中负荷,2,9,2009,郑州 → 武汉,,0.21929489312989234
S110,鲁皖一期管道,齐鲁,淄博,2025,655.0,340.271319477569,3402713.1947756903,0.5194981976756778,中负荷,1781.0847074305718,17810847.07430572,2.7192132937871327,超过设计输量,9,35,2005,齐鲁站 → 淄博站,,0.21929489312989234
S072,长岭-郴州成品油管道,长岭,七里山,2025,600.0,326.8698778916,3268698.7789160004,0.5447831298193334,中负荷,487.2061862100131,4872061.862100131,0.8120103103500218,高负荷,7,9,2014,长岭库站 → 七里山站,,0.21929489312989234
S103,甬台温成品油管道,算山,宁海,2025,460.0,303.2136431592801,3032136.431592801,0.6591600938245219,中负荷,303.2136431592801,3032136.431592801,0.6591600938245219,中负荷,4,4,2018,算山首站/浙江宁波 → 宁海分输站,,0.21929489312989234
S073,长岭-郴州成品油管道,七里山,汨罗,2025,560.0,298.3984083335345,2983984.083335345,0.5328543005955974,中负荷,458.73471665194756,4587347.166519475,0.8191691368784778,高负荷,6,8,2014,七里山站 → 汨罗站,,0.21929489312989234
S074,长岭-郴州成品油管道,汨罗,长沙,2025,538.0,298.3984083335345,2983984.083335345,0.5546438816608449,中负荷,458.73471665194756,4587347.166519475,0.8526667595761107,高负荷,5,7,2014,汨罗站 → 长沙站,,0.21929489312989234
S111,鲁皖一期管道,淄博,济南,2025,655.0,295.7373949068262,2957373.949068262,0.45150747314019263,低负荷,1736.550782859829,17365507.82859829,2.6512225692516473,超过设计输量,8,34,2005,淄博站 → 济南站,,0.21929489312989234
S081,九江-赣州成品油管道,九江,南昌,2025,330.0,286.01249639329944,2860124.9639329948,0.8667045345251498,高负荷,286.01249639329944,2860124.9639329948,0.8667045345251498,高负荷,4,4,2016,九江首站 → 南昌分输泵站,,0.21929489312989234
S064,珠三角成品油管网,黄埔,南沙,2025,300.0,267.8941648885136,2678941.6488851365,0.8929805496283787,高负荷,267.8941648885136,2678941.6488851365,0.8929805496283787,高负荷,3,3,2006,黄埔 → 南沙,,0.21929489312989234
S112,鲁皖一期管道,济南,泰安,2025,655.0,267.1420616691641,2671420.6166916415,0.4078504758307849,低负荷,267.1420616691641,2671420.6166916415,0.4078504758307849,低负荷,7,7,2005,济南站 → 泰安站,,0.21929489312989234
S086,安庆-亳州成品油管道,安庆,合肥,2025,410.0,264.4642573297067,2644642.5732970666,0.6450347739748944,中负荷,329.28593128027524,3292859.3128027525,0.8031364177567689,高负荷,4,6,2016,安徽安庆 → 安徽合肥,,0.21929489312989234
S065,珠三角成品油管网,黄埔,惠州,2025,350.0,247.1142008898811,2471142.008898811,0.7060405739710889,中负荷,247.1142008898811,2471142.008898811,0.7060405739710889,中负荷,2,2,2006,黄埔 → 惠州,,0.21929489312989234
S113,鲁皖一期管道,泰安,曲阜,2025,655.0,244.71752323220275,2447175.2323220274,0.37361453928580574,低负荷,244.71752323220275,2447175.2323220274,0.37361453928580574,低负荷,6,6,2005,泰安站 → 曲阜站,,0.21929489312989234
S114,鲁皖一期管道,曲阜,枣庄,2025,655.0,244.71752323220275,2447175.2323220274,0.37361453928580574,低负荷,244.71752323220275,2447175.2323220274,0.37361453928580574,低负荷,4,4,2005,曲阜站 → 枣庄站,,0.21929489312989234
S134,洛驻管道,巩义,郑州,2025,820.0,241.91923753574102,2419192.3753574104,0.2950234604094403,低负荷,987.1453480181978,9871453.480181977,1.2038357902660948,超过设计输量,4,13,2007,巩义 → 郑州,,0.21929489312989234
S135,洛驻管道,郑州,许昌,2025,820.0,241.91923753574102,2419192.3753574104,0.2950234604094403,低负荷,299.1173651164865,2991173.6511648656,0.36477727453230063,低负荷,3,4,2007,郑州 → 许昌,,0.21929489312989234
S043,钦南柳成品油管道,钦州,南宁,2025,500.0,235.3712860507236,2353712.8605072363,0.4707425721014472,低负荷,860.0350834779351,8600350.83477935,1.7200701669558702,超过设计输量,2,11,2018,钦州 → 南宁,,0.21929489312989234
S054,西南成品油管网（南线）,南宁,长坡,2025,800.0,225.93011470136403,2259301.14701364,0.282412643376705,低负荷,293.95669928820394,2939566.9928820394,0.3674458741102549,低负荷,3,4,2012,南宁 → 长坡,,0.21929489312989234
S104,甬台温成品油管道,宁海,临海,2025,460.0,209.93600888200808,2099360.0888200807,0.4563826280043654,低负荷,209.93600888200808,2099360.0888200807,0.4563826280043654,低负荷,3,3,2018,宁海分输站 → 临海分输泵站,,0.21929489312989234
S087,安庆-亳州成品油管道,合肥,淮南,2025,270.0,194.22114797384177,1942211.4797384173,0.7193375850883028,中负荷,230.4204816506082,2304204.8165060817,0.8534091912985489,高负荷,3,4,2016,安徽合肥 → 安徽淮南,,0.21929489312989234
S067,珠三角成品油管网,惠州,梅州,2025,120.0,176.50013846854156,1765001.384685416,1.4708344872378463,超过设计输量,176.50013846854156,1765001.384685416,1.4708344872378463,超过设计输量,1,1,2015,惠州 → 梅州,,0.21929489312989234
S040,云南成品油管网（安曲线）,安宁,寻甸,2025,323.0,175.06665801847092,1750666.580184709,0.5420020372088883,中负荷,175.06665801847092,1750666.580184709,0.5420020372088883,中负荷,3,3,2017,安宁 → 寻甸,,0.21929489312989234
S041,云南成品油管网（安曲线）,寻甸,曲靖,2025,155.0,175.06665801847092,1750666.580184709,1.1294623097965866,超过设计输量,175.06665801847092,1750666.580184709,1.1294623097965866,超过设计输量,1,1,2017,寻甸 → 曲靖,,0.21929489312989234
S048,西南成品油管网（北线）,贵阳,曲靖,2025,800.0,175.06665801847092,1750666.580184709,0.21883332252308865,低负荷,175.06665801847092,1750666.580184709,0.21883332252308865,低负荷,1,1,2005,贵阳 → 曲靖,,0.21929489312989234
S057,西南成品油管网（南线）,长坡,曲靖,2025,800.0,175.06665801847092,1750666.580184709,0.21883332252308865,低负荷,175.06665801847092,1750666.580184709,0.21883332252308865,低负荷,1,1,2012,长坡 → 曲靖,,0.21929489312989234
S075,长岭-郴州成品油管道,长沙,湘潭,2025,385.0,165.97400322242444,1659740.0322242444,0.43110130707123234,低负荷,326.3103115408375,3263103.1154083745,0.8475592507554222,高负荷,4,6,2014,长沙站 → 湘潭站,,0.21929489312989234
S082,九江-赣州成品油管道,南昌,吉安长塘,2025,240.0,165.9111615842197,1659111.615842197,0.6912965066009155,中负荷,165.9111615842197,1659111.615842197,0.6912965066009155,中负荷,3,3,2016,南昌分输泵站 → 吉安长塘站,,0.21929489312989234
S095,苏北成品油管道,南京(扬子,泰州(泰州,2025,545.0,164.14468138147026,1641446.8138147027,0.30118290161737665,低负荷,164.14468138147026,1641446.8138147027,0.30118290161737665,低负荷,1,1,2015,江苏南京(扬子首站) → 江苏泰州(泰州末站),,0.21929489312989234
S115,鲁皖一期管道,枣庄,徐州,2025,655.0,163.62593561939076,1636259.3561939076,0.2498105887318943,低负荷,163.62593561939076,1636259.3561939076,0.2498105887318943,低负荷,2,2,2005,枣庄站 → 徐州站,,0.21929489312989234
S121,鲁皖二期管道（西线）,济南,聊城,2025,820.0,160.13145048171282,1601314.5048171282,0.19528225668501564,低负荷,1412.4914539576398,14124914.539576398,1.722550553606878,超过设计输量,3,24,2009,济南站 → 聊城站,,0.21929489312989234
S088,安庆-亳州成品油管道,淮南,阜阳,2025,140.0,157.57853893169133,1575785.3893169132,1.1255609923692238,超过设计输量,157.57853893169133,1575785.3893169132,1.1255609923692238,超过设计输量,2,2,2016,安徽淮南 → 安徽阜阳,,0.21929489312989234
S099,浙赣成品油管道,算山,龙游,2025,760.0,153.4991593527414,1534991.593527414,0.20197257809571237,低负荷,221.35782309615288,2213578.2309615286,0.2912602935475696,低负荷,2,3,2013,算山首站/浙江宁波 → 龙游,,0.21929489312989234
S105,甬台温成品油管道,临海,灵昆,2025,460.0,147.3142024640153,1473142.024640153,0.3202482662261202,低负荷,147.3142024640153,1473142.024640153,0.3202482662261202,低负荷,2,2,2018,临海分输泵站 → 灵昆分输站,,0.21929489312989234
S136,洛驻管道,许昌,漯河,2025,820.0,146.0040948282062,1460040.9482820623,0.17805377418073928,低负荷,203.2022224089517,2032022.2240895173,0.24780758830359964,低负荷,2,3,2007,许昌 → 漯河,,0.21929489312989234
S076,长岭-郴州成品油管道,湘潭,衡阳,2025,220.0,145.06034806182157,1450603.4806182156,0.6593652184628254,中负荷,145.06034806182157,1450603.4806182156,0.6593652184628254,中负荷,3,3,2014,湘潭站 → 衡阳站,,0.21929489312989234
S077,长岭-郴州成品油管道,衡阳,耒阳,2025,136.0,145.06034806182157,1450603.4806182156,1.0666202063369232,超过设计输量,145.06034806182157,1450603.4806182156,1.0666202063369232,超过设计输量,2,2,2014,衡阳站 → 耒阳站,,0.21929489312989234
S122,鲁皖二期管道（西线）,聊城,濮阳,2025,820.0,141.08897559185706,1410889.7559185703,0.172059726331533,低负荷,1393.448979067784,13934489.790677842,1.6993280232533952,超过设计输量,2,23,2009,聊城站 → 濮阳站,,0.21929489312989234
S070,荆门-襄阳成品油管道,荆门,襄阳,2025,350.0,135.79818144266275,1357981.8144266277,0.3879948041218936,低负荷,135.79818144266275,1357981.8144266277,0.3879948041218936,低负荷,1,1,2019,湖北荆门 → 湖北襄阳,,0.21929489312989234
S083,九江-赣州成品油管道,吉安长塘,樟树,2025,274.0,134.75708248055406,1347570.8248055407,0.4918141696370586,低负荷,134.75708248055406,1347570.8248055407,0.4918141696370586,低负荷,2,2,2016,吉安长塘站 → 樟树站,,0.21929489312989234
S015,兰郑长成品油管道,武汉,长沙,2025,500.0,132.42440511111008,1324244.051111101,0.2648488102222202,低负荷,458.73471665194756,4587347.166519475,0.9174694333038951,高负荷,1,7,2009,武汉 → 长沙,,0.21929489312989234
S079,湘娄支线,湘潭,娄底,2025,250.0,128.96725818904773,1289672.581890477,0.5158690327561909,中负荷,128.96725818904773,1289672.581890477,0.5158690327561909,中负荷,1,1,2014,湖南湘潭 → 湖南娄底,,0.21929489312989234
S038,云南成品油管网（安蒙线）,安宁,玉溪,2025,225.0,119.27034469994419,1192703.4469994416,0.5300904208886409,中负荷,119.27034469994419,1192703.4469994416,0.5300904208886409,中负荷,2,2,2017,安宁 → 玉溪,,0.21929489312989234
S036,云南成品油管网（安保线）,安宁,大理,2025,173.0,118.89004126973305,1188900.4126973304,0.6872256720793818,中负荷,118.89004126973305,1188900.4126973304,0.6872256720793818,中负荷,2,2,2017,安宁 → 大理,,0.21929489312989234
S016,大港-济南-枣庄成品油管道,大港,沧州,2025,285.0,118.64192404774809,1186419.2404774812,0.4162874527991161,低负荷,1782.1326774489219,17821326.774489217,6.253097113855866,超过设计输量,6,36,2007,大港首站 → 沧州清管站,,0.21929489312989234
S101,浙赣成品油管道,诸暨,桐庐,2025,135.0,108.81583650893054,1088158.3650893054,0.8060432333994855,高负荷,108.81583650893054,1088158.3650893054,0.8060432333994855,高负荷,1,1,2013,诸暨 → 桐庐,,0.21929489312989234
S017,大港-济南-枣庄成品油管道,沧州,德州,2025,285.0,102.63849829417379,1026384.982941738,0.3601350817339431,低负荷,1766.1292516953474,17661292.516953476,6.196944742790692,超过设计输量,5,35,2007,沧州清管站 → 德州分输泵站,,0.21929489312989234
S097,苏北成品油管道,南京(扬子,盐城(盐城,2025,545.0,97.56421348497959,975642.134849796,0.17901690547702678,低负荷,97.56421348497959,975642.134849796,0.17901690547702678,低负荷,1,1,2015,江苏南京(扬子首站) → 江苏盐城(盐城末站),,0.21929489312989234
S129,石太管道,石家庄,高庄,2025,820.0,91.98532701377911,919853.2701377912,0.11217722806558428,低负荷,91.98532701377911,919853.2701377912,0.11217722806558428,低负荷,4,4,2007,石家庄 → 高庄,,0.21929489312989234
S130,石太管道,高庄,阳泉,2025,820.0,91.98532701377911,919853.2701377912,0.11217722806558428,低负荷,91.98532701377911,919853.2701377912,0.11217722806558428,低负荷,3,3,2007,高庄 → 阳泉,,0.21929489312989234
S124,鲁皖二期管道（汤郑支线）,汤阴,新乡,2025,820.0,88.56372410745215,885637.2410745214,0.10800454159445384,低负荷,1075.7090721256498,10757090.721256498,1.3118403318605485,超过设计输量,2,14,2010,汤阴站 → 新乡站,,0.21929489312989234
S089,安庆-亳州成品油管道,阜阳,亳州,2025,140.0,87.49922864643408,874992.2864643408,0.624994490331672,中负荷,87.49922864643408,874992.2864643408,0.624994490331672,中负荷,1,1,2016,安徽阜阳 → 安徽亳州,,0.21929489312989234
S126,鲁皖二期管道（汤石支线）,汤阴,邯郸,2025,820.0,84.66560433649802,846656.0433649801,0.1032507369957293,低负荷,1163.7962793684749,11637962.793684747,1.4192637553274083,超过设计输量,3,20,2009,汤阴站 → 邯郸站,,0.21929489312989234
S131,石太管道,阳泉,晋中,2025,820.0,81.91932726433073,819193.2726433075,0.09990161861503748,低负荷,81.91932726433073,819193.2726433075,0.09990161861503748,低负荷,2,2,2007,阳泉 → 晋中,,0.21929489312989234
S044,钦南柳成品油管道,南宁,柳州,2025,300.0,79.50443822751639,795044.3822751639,0.2650147940917213,低负荷,585.2781943849949,5852781.943849949,1.9509273146166497,超过设计输量,1,6,2018,南宁 → 柳州,,0.21929489312989234
S123,鲁皖二期管道（西线）,濮阳,汤阴,2025,820.0,77.47844153555415,774784.4153555414,0.09448590431165141,低负荷,1329.838445011481,13298384.45011481,1.6217542012335135,超过设计输量,1,22,2009,濮阳站 → 汤阴站,,0.21929489312989234
S018,大港-济南-枣庄成品油管道,德州,济南,2025,285.0,73.06002945865528,730600.2945865529,0.2563509805566852,低负荷,1736.550782859829,17365507.82859829,6.093160641613435,超过设计输量,4,34,2007,德州分输泵站 → 济南分输站,,0.21929489312989234
S039,云南成品油管网（安蒙线）,玉溪,蒙自,2025,115.0,71.56895479080329,715689.5479080328,0.6223387373113329,中负荷,71.56895479080329,715689.5479080328,0.6223387373113329,中负荷,1,1,2017,玉溪 → 蒙自,,0.21929489312989234
S090,安庆-合肥成品油管道,安庆,合肥,2025,120.0,70.24310935586492,702431.0935586492,0.5853592446322077,中负荷,329.28593128027524,3292859.3128027525,2.744049427335627,超过设计输量,1,6,2007,安徽安庆 → 安徽合肥,,0.21929489312989234
S132,石太管道,晋中,太原,2025,820.0,69.19284401655857,691928.4401655856,0.08438151709336411,低负荷,69.19284401655857,691928.4401655856,0.08438151709336411,低负荷,1,1,2007,晋中 → 太原,,0.21929489312989234
S037,云南成品油管网（安保线）,大理,保山,2025,57.0,68.0265845868399,680265.845868399,1.1934488524007,超过设计输量,68.0265845868399,680265.845868399,1.1934488524007,超过设计输量,1,1,2017,大理 → 保山,,0.21929489312989234
S084,九江-赣州成品油管道,樟树,赣州,2025,170.0,67.8586637434115,678586.6374341149,0.39916861025536177,低负荷,67.8586637434115,678586.6374341149,0.39916861025536177,低负荷,1,1,2016,樟树站 → 赣州末站,,0.21929489312989234
S085,上饶-樟树成品油管道,上饶,樟树,2025,,66.89841873714256,668984.1873714257,,无设计输量,134.75708248055406,1347570.8248055407,,无设计输量,1,2,2016,江西上饶 → 江西樟树,,0.21929489312989234
S100,浙赣成品油管道,龙游,樟树,2025,450.0,66.89841873714256,668984.1873714257,0.1486631527492057,低负荷,134.75708248055406,1347570.8248055407,0.29946018329012014,低负荷,1,2,2013,龙游 → 樟树末站/江西樟树,,0.21929489312989234
S052,西南成品油管网（北线）,柳州,桂林,2025,600.0,66.89754926761155,668975.4926761155,0.11149591544601925,低负荷,66.89754926761155,668975.4926761155,0.11149591544601925,低负荷,1,1,2016,柳州 → 桂林,,0.21929489312989234
S107,福建成品油管道（北线）,泉港,兴闽,2025,220.0,65.1880720057843,651880.720057843,0.29630941820811046,低负荷,65.1880720057843,651880.720057843,0.29630941820811046,低负荷,1,1,2010,泉港首站/福建泉州 → 兴闽末站/福建福州,,0.21929489312989234
S118,鲁皖一期管道,枣庄,临沂,2025,655.0,64.94882538718187,649488.2538718189,0.09915851204149904,低负荷,64.94882538718187,649488.2538718189,0.09915851204149904,低负荷,1,1,2005,枣庄站 → 临沂站,,0.21929489312989234
S116,鲁皖一期管道,徐州,宿州,2025,655.0,64.18813269101975,641881.3269101974,0.09799714914659503,低负荷,64.18813269101975,641881.3269101974,0.09799714914659503,低负荷,1,1,2005,徐州站 → 宿州站,,0.21929489312989234
S059,珠三角成品油管网,茂名,江门,2025,550.0,63.66253745831688,636625.3745831689,0.1157500681060307,低负荷,63.66253745831688,636625.3745831689,0.1157500681060307,低负荷,1,1,2006,茂名 → 江门,,0.21929489312989234
S030,抚顺-锦州-郑州成品油管道,固安,保定,2025,800.0,63.05374121860414,630537.4121860415,0.07881717652325518,低负荷,1197.852885226624,11978528.852266239,1.49731610653328,超过设计输量,3,21,2018,固安 → 保定,,0.21929489312989234
S034,兰成渝成品油管道,兰州,成都,2025,700.0,62.79974389413765,627997.4389413766,0.08971391984876807,低负荷,62.79974389413765,627997.4389413766,0.08971391984876807,低负荷,2,2,2002,兰州 → 成都,,0.21929489312989234
S071,荆门-荆州成品油管道,荆门,荆州,2025,150.0,62.652853180331775,626528.5318033177,0.4176856878688785,低负荷,62.652853180331775,626528.5318033177,0.4176856878688785,低负荷,1,1,2003,湖北荆门 → 湖北荆州,,0.21929489312989234
S068,武汉-信阳成品油管道,武汉,信阳,2025,,57.1981275807455,571981.275807455,,无设计输量,57.1981275807455,571981.275807455,,无设计输量,1,1,2013,湖北武汉 → 河南信阳,,0.21929489312989234
S138,驻信管道,驻马店,信阳,2025,820.0,57.1981275807455,571981.275807455,0.06975381412286036,低负荷,57.1981275807455,571981.275807455,0.06975381412286036,低负荷,1,1,2013,驻马店 → 信阳,,0.21929489312989234
S078,长岭-郴州成品油管道,耒阳,郴州,2025,100.0,57.10146210682768,571014.6210682767,0.5710146210682768,中负荷,57.10146210682768,571014.6210682767,0.5710146210682768,中负荷,1,1,2014,耒阳站 → 郴州站,,0.21929489312989234
S127,鲁皖二期管道（汤石支线）,邯郸,邢台,2025,820.0,55.66846897604299,556684.6897604299,0.06788837680005243,低负荷,147.6537959898221,1476537.9598982208,0.18006560486563672,低负荷,2,6,2009,邯郸站 → 邢台站,,0.21929489312989234
S119,鲁皖二期管道（东线）,青岛,潍坊,2025,820.0,55.2513584369275,552513.584369275,0.0673797054108872,低负荷,1763.2068080590946,17632068.080590945,2.150252204950115,超过设计输量,2,35,2008,青岛站 → 潍坊站,,0.21929489312989234
S055,西南成品油管网（南线）,长坡,大理,2025,800.0,50.86345668289313,508634.56682893133,0.06357932085361641,低负荷,118.89004126973305,1188900.4126973304,0.1486125515871663,低负荷,1,2,2012,长坡 → 大理,,0.21929489312989234
S019,大港-济南-枣庄成品油管道,济南,济南,2025,285.0,44.46469622099322,444646.9622099322,0.15601647796839727,低负荷,1707.955449622167,17079554.49622167,5.992826139025147,超过设计输量,3,33,2007,济南分输站 → 济南清管站,,0.21929489312989234
S020,大港-济南-枣庄成品油管道,济南,兖州,2025,285.0,44.46469622099322,444646.9622099322,0.15601647796839727,低负荷,273.03945722756583,2730394.5722756586,0.958033183254617,高负荷,3,6,2007,济南清管站 → 兖州分输站,,0.21929489312989234
S137,洛驻管道,漯河,驻马店,2025,820.0,43.84513125979825,438451.3125979825,0.05346967226804665,低负荷,101.04325884054376,1010432.5884054374,0.12322348639090702,低负荷,1,2,2007,漯河 → 驻马店,,0.21929489312989234
S108,福建成品油管道（南线）,泉港,东孚,2025,380.0,41.93560089028521,419356.008902852,0.11035684444811897,低负荷,41.93560089028521,419356.008902852,0.11035684444811897,低负荷,1,1,2013,泉港首站/福建泉州 → 东孚末站/福建厦门,,0.21929489312989234
S128,鲁皖二期管道（汤石支线）,邢台,石家庄,2025,820.0,39.71304424151397,397130.4424151397,0.04843054175794387,低负荷,131.69837125529307,1316983.7125529307,0.16060776982352815,低负荷,1,5,2009,邢台站 → 石家庄站,,0.21929489312989234
S092,淮蚌支线,淮南,蚌埠,2025,80.0,36.199333676766436,361993.33676766435,0.4524916709595804,低负荷,36.199333676766436,361993.33676766435,0.4524916709595804,低负荷,1,1,2016,安徽淮南 → 安徽蚌埠,,0.21929489312989234
S080,湘株支线,湘潭,株洲,2025,350.0,31.369050129365334,313690.50129365333,0.08962585751247239,低负荷,31.369050129365334,313690.50129365333,0.08962585751247239,低负荷,1,1,2008,湖南湘潭 → 湖南株洲,,0.21929489312989234
S031,抚顺-锦州-郑州成品油管道,保定,邯郸,2025,1100.0,28.99713536045503,289971.3536045503,0.02636103214586821,低负荷,1163.7962793684749,11637962.793684747,1.0579966176077045,超过设计输量,2,20,2018,保定 → 邯郸,,0.21929489312989234
S091,合六支线,合肥,六安,2025,140.0,28.622340273802156,286223.40273802157,0.2044452876700154,低负荷,28.622340273802156,286223.40273802157,0.2044452876700154,低负荷,1,1,2019,安徽合肥 → 安徽六安,,0.21929489312989234
S120,鲁皖二期管道（东线）,潍坊,济南,2025,820.0,28.595333237662068,285953.3323766207,0.03487235760690496,低负荷,1736.550782859829,17365507.82859829,2.117744857146133,超过设计输量,1,34,2008,潍坊站 → 济南站,,0.21929489312989234
S093,浙苏成品油管道,嘉兴(陈山,湖州(湖州,2025,510.0,26.313647421039864,263136.4742103986,0.05159538710007817,低负荷,26.313647421039864,263136.4742103986,0.05159538710007817,低负荷,1,1,2007,浙江嘉兴(陈山首站) → 浙江湖州(湖州末站),,0.21929489312989234
S024,呼和浩特-包头-鄂尔多斯成品油管道,呼和浩特,包头,2025,200.0,18.974128873133733,189741.28873133732,0.09487064436566867,低负荷,18.974128873133733,189741.28873133732,0.09487064436566867,低负荷,2,2,2014,呼和浩特 → 包头,,0.21929489312989234
S022,大港-济南-枣庄成品油管道,兖州,肥城,2025,285.0,16.142762225630126,161427.62225630126,0.05664127096712325,低负荷,244.71752323220275,2447175.2323220274,0.858657976253343,高负荷,2,5,2007,兖州分输站 → 肥城分输泵站,,0.21929489312989234
S023,大港-济南-枣庄成品油管道,肥城,枣庄,2025,285.0,16.142762225630126,161427.62225630126,0.05664127096712325,低负荷,244.71752323220275,2447175.2323220274,0.858657976253343,高负荷,1,4,2007,肥城分输泵站 → 枣庄末站,,0.21929489312989234
S025,呼和浩特-包头-鄂尔多斯成品油管道,包头,鄂尔多斯,2025,200.0,11.315394825835277,113153.94825835276,0.05657697412917639,低负荷,11.315394825835277,113153.94825835276,0.05657697412917639,低负荷,1,1,2014,包头 → 鄂尔多斯,,0.21929489312989234
S033,吉林石化-长春成品油管道,吉林,长春,2025,245.0,10.992606926746296,109926.06926746295,0.044867783374474675,低负荷,10.992606926746296,109926.06926746295,0.044867783374474675,低负荷,1,1,2014,吉林 → 长春,,0.21929489312989234
S001,西部成品油管道,乌鲁木齐,哈密,2025,1000.0,8.518029997700872,85180.2999770087,0.008518029997700871,低负荷,1259.7977979517345,12597977.979517346,1.2597977979517345,超过设计输量,6,22,2006,乌鲁木齐首站 → 哈密站,,0.21929489312989234
S002,西部成品油管道,哈密,柳园,2025,1000.0,8.518029997700872,85180.2999770087,0.008518029997700871,低负荷,1259.7977979517345,12597977.979517346,1.2597977979517345,超过设计输量,5,21,2006,哈密站 → 柳园站,,0.21929489312989234
S003,西部成品油管道,柳园,酒泉,2025,1000.0,8.458149991481072,84581.49991481072,0.008458149991481072,低负荷,1259.7379179455147,12597379.179455146,1.2597379179455148,超过设计输量,4,20,2006,柳园站 → 酒泉站,,0.21929489312989234
S004,西部成品油管道,酒泉,张掖,2025,1000.0,8.458149991481072,84581.49991481072,0.008458149991481072,低负荷,1259.7379179455147,12597379.179455146,1.2597379179455148,超过设计输量,3,19,2006,酒泉站 → 张掖站,,0.21929489312989234
S005,西部成品油管道,张掖,武威,2025,1000.0,8.405221363126046,84052.21363126044,0.008405221363126046,低负荷,1259.6849893171598,12596849.893171597,1.2596849893171598,超过设计输量,2,18,2006,张掖站 → 武威站,,0.21929489312989234
S021,银巴线,银川,巴彦淖尔,2025,240.0,3.263825466442819,32638.25466442819,0.013599272776845079,低负荷,3.263825466442819,32638.25466442819,0.013599272776845079,低负荷,1,1,2017,银川 → 巴音淖尔,,0.21929489312989234
S140,格拉成品油管道,格尔木,拉萨,2025,130.0,3.027297592439661,30272.975924396607,0.02328690455722816,低负荷,3.027297592439661,30272.975924396607,0.02328690455722816,低负荷,1,1,1976,格尔木 → 拉萨,,0.21929489312989234
S006,西部成品油管道,武威,兰州,2025,1000.0,2.6969021547753553,26969.02154775355,0.0026969021547753554,低负荷,1253.976670108809,12539766.70108809,1.253976670108809,超过设计输量,1,17,2006,武威站 → 兰州末站,,0.21929489312989234
S007,独山子-703泵站-乌鲁木齐成品油管道,独山子,703,2025,100.0,0.0,0.0,0.0,低负荷,1259.7977979517345,12597977.979517346,12.597977979517346,超过设计输量,2,24,1998,独山子 → 703泵站,,0.21929489312989234
S008,独山子-703泵站-乌鲁木齐成品油管道,703,乌鲁木齐,2025,100.0,0.0,0.0,0.0,低负荷,1259.7977979517345,12597977.979517346,12.597977979517346,超过设计输量,1,23,1998,703泵站 → 乌鲁木齐,,0.21929489312989234
S009,独山子-乌鲁木齐成品油管道,独山子,王家沟,2025,520.0,0.0,0.0,0.0,低负荷,0.0,0.0,0.0,低负荷,1,1,2004,独山子 → 王家沟,,0.21929489312989234
S010,克拉玛依-乌鲁木齐成品油管道,克拉玛依,王家沟,2025,160.0,0.0,0.0,0.0,低负荷,0.0,0.0,0.0,低负荷,1,1,1996,克拉玛依 → 王家沟首站,,0.21929489312989234
S011,克拉玛依-乌鲁木齐成品油管道（复线）,克拉玛依,王家沟,2025,400.0,0.0,0.0,0.0,低负荷,0.0,0.0,0.0,低负荷,1,1,2009,克拉玛依 → 王家沟首站,,0.21929489312989234
S032,抚顺-锦州-郑州成品油管道,邯郸,郑州,2025,800.0,0.0,0.0,0.0,低负荷,987.1453480181978,9871453.480181977,1.233931685022747,超过设计输量,1,13,2018,邯郸 → 郑州,,0.21929489312989234
S035,兰成渝成品油管道,成都,重庆,2025,350.0,0.0,0.0,0.0,低负荷,0.0,0.0,0.0,低负荷,1,1,2002,成都 → 重庆,,0.21929489312989234
S042,云南成品油管网（安曲线）,寻甸,昆明,2025,168.0,0.0,0.0,0.0,低负荷,0.0,0.0,0.0,低负荷,1,1,2017,寻甸 → 昆明,,0.21929489312989234
S049,西南成品油管网（北线）,江津,重庆,2025,800.0,0.0,0.0,0.0,低负荷,0.0,0.0,0.0,低负荷,1,1,2005,江津 → 重庆,,0.21929489312989234
S050,西南成品油管网（北线）,柳州,柳库,2025,500.0,0.0,0.0,0.0,低负荷,0.0,0.0,0.0,低负荷,1,1,2006,柳州 → 柳库,,0.21929489312989234
S051,西南成品油管网（北线）,贵阳,简阳,2025,600.0,0.0,0.0,0.0,低负荷,0.0,0.0,0.0,低负荷,1,1,2016,贵阳 → 简阳,,0.21929489312989234
S056,西南成品油管网（南线）,南宁,黎塘,2025,800.0,0.0,0.0,0.0,低负荷,0.0,0.0,0.0,低负荷,1,1,2012,南宁 → 黎塘,,0.21929489312989234
S058,西南成品油管网（南线）,秋田冲,昆东,2025,800.0,0.0,0.0,0.0,低负荷,0.0,0.0,0.0,低负荷,1,1,2012,秋田冲 → 昆东,,0.21929489312989234
S060,珠三角成品油管网,南沙,南海,2025,250.0,0.0,0.0,0.0,低负荷,0.0,0.0,0.0,低负荷,1,1,2006,南沙 → 南海,,0.21929489312989234
S061,珠三角成品油管网,三水,花都,2025,250.0,0.0,0.0,0.0,低负荷,0.0,0.0,0.0,低负荷,1,1,2006,三水 → 花都,,0.21929489312989234
S062,珠三角成品油管网,南沙,斗门,2025,100.0,0.0,0.0,0.0,低负荷,0.0,0.0,0.0,低负荷,1,1,2006,南沙 → 斗门,,0.21929489312989234
S063,珠三角成品油管网,北沙,珠海,2025,100.0,0.0,0.0,0.0,低负荷,0.0,0.0,0.0,低负荷,1,1,2006,北沙 → 珠海,,0.21929489312989234
S066,珠三角成品油管网,大鹏湾,妈湾,2025,250.0,0.0,0.0,0.0,低负荷,0.0,0.0,0.0,低负荷,1,1,2006,大鹏湾 → 妈湾,,0.21929489312989234
S069,156支线,广水,广水武胜关镇,2025,10.0,0.0,0.0,0.0,低负荷,0.0,0.0,0.0,低负荷,1,1,2014,湖北广水 → 湖北广水武胜关镇,,0.21929489312989234
S096,苏北成品油管道,南京(扬子,徐州(新沂,2025,545.0,0.0,0.0,0.0,低负荷,0.0,0.0,0.0,低负荷,1,1,2015,江苏南京(扬子首站) → 江苏徐州(新沂末站),,0.21929489312989234
S102,绍杭成品油管道,绍兴,萧山,2025,500.0,0.0,0.0,0.0,低负荷,0.0,0.0,0.0,低负荷,1,1,2016,绍兴首站/浙江绍兴 → 萧山站/浙江萧山,,0.21929489312989234
S106,甬台温成品油管道,灵昆,瑞安,2025,460.0,0.0,0.0,0.0,低负荷,0.0,0.0,0.0,低负荷,1,1,2018,灵昆分输站 → 瑞安末站/浙江温州,,0.21929489312989234
S109,福建成品油管道（南线）,泉港,石湖山,2025,380.0,0.0,0.0,0.0,低负荷,0.0,0.0,0.0,低负荷,1,1,2013,泉港首站/福建泉州 → 石湖山末站/福建厦门,,0.21929489312989234
S117,鲁皖一期管道,曲阜,济宁,2025,655.0,0.0,0.0,0.0,低负荷,0.0,0.0,0.0,低负荷,1,1,2005,曲阜站 → 济宁站,,0.21929489312989234
S125,鲁皖二期管道（汤郑支线）,新乡,郑州,2025,820.0,0.0,0.0,0.0,低负荷,987.1453480181978,9871453.480181977,1.2038357902660948,超过设计输量,1,13,2010,新乡站 → 郑州站,,0.21929489312989234
S139,南武管道,南疆(天津,武清,2025,155.0,0.0,0.0,0.0,低负荷,0.0,0.0,0.0,低负荷,1,1,2018,南疆(天津) → 武清,,0.21929489312989234
S045,西南成品油管网（北线）,湛江,茂名,2030,500.0,652.7877801079228,6527877.8010792285,1.3055755602158456,超过设计输量,709.2302070113548,7092302.070113548,1.4184604140227095,超过设计输量,7,8,2006,湛江 → 茂名,,0.21929489312989234
S046,西南成品油管网（北线）,茂名,柳州,2030,800.0,539.8923786762201,5398923.786762201,0.6748654733452751,中负荷,539.8923786762201,5398923.786762201,0.6748654733452751,中负荷,6,6,2005,茂名 → 柳州,,0.21929489312989234
S026,抚顺-锦州-郑州成品油管道,抚顺,辽阳,2030,600.0,526.7095765369929,5267095.765369928,0.8778492942283216,高负荷,1616.7836900040925,16167836.90004092,2.694639483340154,超过设计输量,7,25,2018,抚顺 → 辽阳,,0.21929489312989234
S027,抚顺-锦州-郑州成品油管道,辽阳,辽河,2030,600.0,522.5614325677558,5225614.325677557,0.8709357209462596,高负荷,1612.6355460348552,16126355.46034855,2.687725910058092,超过设计输量,6,24,2018,辽阳 → 辽河,,0.21929489312989234
S028,抚顺-锦州-郑州成品油管道,辽河,锦州,2030,750.0,518.042053300727,5180420.53300727,0.6907227377343027,中负荷,1608.1161667678266,16081161.667678265,2.1441548890237687,超过设计输量,5,23,2018,辽河 → 锦州,,0.21929489312989234
S012,兰郑长成品油管道,兰州,咸阳,2030,1000.0,503.2101588072745,5032101.588072746,0.5032101588072745,中负荷,1100.6587794168488,11006587.794168487,1.1006587794168488,超过设计输量,4,14,2009,兰州 → 咸阳,,0.21929489312989234
S029,抚顺-锦州-郑州成品油管道,锦州,固安,2030,1300.0,500.91249372885585,5009124.937288557,0.38531730286835064,低负荷,1590.9866071959555,15909866.071959551,1.2238358516891965,超过设计输量,4,22,2018,锦州 → 固安,,0.21929489312989234
S094,浙苏成品油管道,嘉兴(陈山,苏州(苏州,2030,510.0,450.5062955714727,4505062.955714727,0.8833456775911229,高负荷,450.5062955714727,4505062.955714727,0.8833456775911229,高负荷,1,1,2007,浙江嘉兴(陈山首站) → 江苏苏州(苏州末站),,0.21929489312989234
S098,苏南成品油管道,南京(南京,苏州(苏州,2030,580.0,450.5062955714727,4505062.955714727,0.7767349923646082,中负荷,450.5062955714727,4505062.955714727,0.7767349923646082,中负荷,1,1,2010,江苏南京(南京首站) → 江苏苏州(苏州末站),,0.21929489312989234
S133,洛驻管道,洛阳,巩义,2030,820.0,410.73932469006576,4107393.246900657,0.5009016154756899,中负荷,1080.7481905046113,10807481.905046113,1.3179855981763553,超过设计输量,5,14,2007,洛阳 → 巩义,,0.21929489312989234
S047,西南成品油管网（北线）,柳州,贵阳,2030,800.0,384.2654755239778,3842654.7552397787,0.48033184440497223,低负荷,384.2654755239778,3842654.7552397787,0.48033184440497223,低负荷,3,3,2005,柳州 → 贵阳,,0.21929489312989234
S053,西南成品油管网（南线）,东海岛,南宁,2030,800.0,371.3990151892931,3713990.151892931,0.4642487689866164,低负荷,816.7466987322258,8167466.987322258,1.0209333734152823,超过设计输量,5,11,2012,东海岛 → 南宁,,0.21929489312989234
S110,鲁皖一期管道,齐鲁,淄博,2030,655.0,330.3948257869944,3303948.257869944,0.5044195813541898,中负荷,1740.8656650463854,17408656.650463853,2.6578101756433363,超过设计输量,9,35,2005,齐鲁站 → 淄博站,,0.21929489312989234
S013,兰郑长成品油管道,咸阳,郑州,2030,1500.0,321.82579168356284,3218257.916835628,0.2145505277890419,低负荷,919.2744122931368,9192744.122931369,0.6128496081954246,中负荷,3,13,2009,咸阳 → 郑州,,0.21929489312989234
S014,兰郑长成品油管道,郑州,武汉,2030,1000.0,321.82579168356284,3218257.916835628,0.32182579168356285,低负荷,670.0088658145455,6700088.658145456,0.6700088658145456,中负荷,2,9,2009,郑州 → 武汉,,0.21929489312989234
S072,长岭-郴州成品油管道,长岭,七里山,2030,600.0,292.01786996158006,2920178.6996158008,0.4866964499359668,低负荷,434.04531857998506,4340453.18579985,0.7234088642999751,中负荷,7,9,2014,长岭库站 → 七里山站,,0.21929489312989234
S111,鲁皖一期管道,淄博,济南,2030,655.0,287.35958633007635,2873595.863300764,0.43871692569477305,低负荷,1697.8304255894673,16978304.255894672,2.5921075199839194,超过设计输量,8,34,2005,淄博站 → 济南站,,0.21929489312989234
S081,九江-赣州成品油管道,九江,南昌,2030,330.0,285.2886178035588,2852886.178035588,0.8645109630410872,高负荷,285.2886178035588,2852886.178035588,0.8645109630410872,高负荷,4,4,2016,九江首站 → 南昌分输泵站,,0.21929489312989234
S103,甬台温成品油管道,算山,宁海,2030,460.0,283.0558264930157,2830558.2649301565,0.6153387532456862,中负荷,283.0558264930157,2830558.2649301565,0.6153387532456862,中负荷,4,4,2018,算山首站/浙江宁波 → 宁海分输站,,0.21929489312989234
S086,安庆-亳州成品油管道,安庆,合肥,2030,410.0,271.38065087196827,2713806.5087196827,0.6619040265169958,中负荷,337.10360093055544,3371036.009305555,0.8222039047086718,高负荷,4,6,2016,安徽安庆 → 安徽合肥,,0.21929489312989234
S073,长岭-郴州成品油管道,七里山,汨罗,2030,560.0,266.5536618432816,2665536.618432816,0.47598868186300286,低负荷,408.58111046168665,4085811.1046168655,0.7296091258244405,中负荷,6,8,2014,七里山站 → 汨罗站,,0.21929489312989234
S074,长岭-郴州成品油管道,汨罗,长沙,2030,538.0,266.5536618432816,2665536.618432816,0.49545290305442674,低负荷,408.58111046168665,4085811.1046168655,0.7594444432373357,中负荷,5,7,2014,汨罗站 → 长沙站,,0.21929489312989234
S112,鲁皖一期管道,济南,泰安,2030,655.0,259.4110635475273,2594110.6354752732,0.3960474252634005,低负荷,259.4110635475273,2594110.6354752732,0.3960474252634005,低负荷,7,7,2005,济南站 → 泰安站,,0.21929489312989234
S043,钦南柳成品油管道,钦州,南宁,2030,500.0,251.46038348321366,2514603.834832136,0.5029207669664273,中负荷,816.7466987322258,8167466.987322258,1.6334933974644517,超过设计输量,2,11,2018,钦州 → 南宁,,0.21929489312989234
S134,洛驻管道,巩义,郑州,2030,820.0,249.26554647859138,2492655.4647859135,0.30398237375437975,低负荷,919.2744122931368,9192744.122931369,1.121066356455045,超过设计输量,4,13,2007,巩义 → 郑州,,0.21929489312989234
S135,洛驻管道,郑州,许昌,2030,820.0,249.26554647859138,2492655.4647859135,0.30398237375437975,低负荷,308.28914733319147,3082891.4733319147,0.37596237479657496,低负荷,3,4,2007,郑州 → 许昌,,0.21929489312989234
S064,珠三角成品油管网,黄埔,南沙,2030,300.0,239.72514445274044,2397251.4445274044,0.7990838148424682,中负荷,239.72514445274044,2397251.4445274044,0.7990838148424682,中负荷,3,3,2006,黄埔 → 南沙,,0.21929489312989234
S113,鲁皖一期管道,泰安,曲阜,2030,655.0,237.7122781227578,2377122.781227578,0.36291950858436306,低负荷,237.7122781227578,2377122.781227578,0.36291950858436306,低负荷,6,6,2005,泰安站 → 曲阜站,,0.21929489312989234
S114,鲁皖一期管道,曲阜,枣庄,2030,655.0,237.7122781227578,2377122.781227578,0.36291950858436306,低负荷,237.7122781227578,2377122.781227578,0.36291950858436306,低负荷,4,4,2005,曲阜站 → 枣庄站,,0.21929489312989234
S065,珠三角成品油管网,黄埔,惠州,2030,350.0,218.22747373488485,2182274.7373488485,0.6235070678139567,中负荷,218.22747373488485,2182274.7373488485,0.6235070678139567,中负荷,2,2,2006,黄埔 → 惠州,,0.21929489312989234
S054,西南成品油管网（南线）,南宁,长坡,2030,800.0,204.33475467454036,2043347.546745404,0.2554184433431754,低负荷,267.233764410916,2672337.6441091606,0.33404220551364505,低负荷,3,4,2012,南宁 → 长坡,,0.21929489312989234
S087,安庆-亳州成品油管道,合肥,淮南,2030,270.0,197.94407930057554,1979440.7930057556,0.7331262196317613,中负荷,235.03220142565382,2350322.0142565384,0.870489634909829,高负荷,3,4,2016,安徽合肥 → 安徽淮南,,0.21929489312989234
S104,甬台温成品油管道,宁海,临海,2030,460.0,195.9335598727468,1959335.5987274675,0.42594252146249306,低负荷,195.9335598727468,1959335.5987274675,0.42594252146249306,低负荷,3,3,2018,宁海分输站 → 临海分输泵站,,0.21929489312989234
S121,鲁皖二期管道（西线）,济南,聊城,2030,820.0,166.6430492591091,1666430.492591091,0.20322323080379157,低负荷,1383.219559904199,13832195.599041991,1.6868531218343892,超过设计输量,3,24,2009,济南站 → 聊城站,,0.21929489312989234
S082,九江-赣州成品油管道,南昌,吉安长塘,2030,240.0,164.17434906900246,1641743.4906900246,0.6840597877875102,中负荷,164.17434906900246,1641743.4906900246,0.6840597877875102,中负荷,3,3,2016,南昌分输泵站 → 吉安长塘站,,0.21929489312989234
S088,安庆-亳州成品油管道,淮南,阜阳,2030,140.0,160.47513316472725,1604751.3316472725,1.1462509511766232,超过设计输量,160.47513316472725,1604751.3316472725,1.1462509511766232,超过设计输量,2,2,2016,安徽淮南 → 安徽阜阳,,0.21929489312989234
S115,鲁皖一期管道,枣庄,徐州,2030,655.0,160.35469027352477,1603546.9027352477,0.24481632102828207,低负荷,160.35469027352477,1603546.9027352477,0.24481632102828207,低负荷,2,2,2005,枣庄站 → 徐州站,,0.21929489312989234
S095,苏北成品油管道,南京(扬子,泰州(泰州,2030,545.0,158.74640432956357,1587464.0432956358,0.29127780610929094,低负荷,158.74640432956357,1587464.0432956358,0.29127780610929094,低负荷,1,1,2015,江苏南京(扬子首站) → 江苏泰州(泰州末站),,0.21929489312989234
S040,云南成品油管网（安曲线）,安宁,寻甸,2030,323.0,157.44370486966307,1574437.0486966309,0.4874418107419909,低负荷,157.44370486966307,1574437.0486966309,0.4874418107419909,低负荷,3,3,2017,安宁 → 寻甸,,0.21929489312989234
S041,云南成品油管网（安曲线）,寻甸,曲靖,2030,155.0,157.44370486966307,1574437.0486966309,1.015765837868794,超过设计输量,157.44370486966307,1574437.0486966309,1.015765837868794,超过设计输量,1,1,2017,寻甸 → 曲靖,,0.21929489312989234
S048,西南成品油管网（北线）,贵阳,曲靖,2030,800.0,157.44370486966307,1574437.0486966309,0.19680463108707882,低负荷,157.44370486966307,1574437.0486966309,0.19680463108707882,低负荷,1,1,2005,贵阳 → 曲靖,,0.21929489312989234
S057,西南成品油管网（南线）,长坡,曲靖,2030,800.0,157.44370486966307,1574437.0486966309,0.19680463108707882,低负荷,157.44370486966307,1574437.0486966309,0.19680463108707882,低负荷,1,1,2012,长坡 → 曲靖,,0.21929489312989234
S067,珠三角成品油管网,惠州,梅州,2030,120.0,156.41845470183532,1564184.5470183531,1.3034871225152942,超过设计输量,156.41845470183532,1564184.5470183531,1.3034871225152942,超过设计输量,1,1,2015,惠州 → 梅州,,0.21929489312989234
S136,洛驻管道,许昌,漯河,2030,820.0,149.97379930516846,1499737.9930516847,0.18289487720142494,低负荷,208.99740015976857,2089974.0015976857,0.2548748782436202,低负荷,2,3,2007,许昌 → 漯河,,0.21929489312989234
S122,鲁皖二期管道（西线）,聊城,濮阳,2030,820.0,148.4829692247746,1484829.692247746,0.18107679173753,低负荷,1365.0594798698646,13650594.798698647,1.6647066827681276,超过设计输量,2,23,2009,聊城站 → 濮阳站,,0.21929489312989234
S099,浙赣成品油管道,算山,龙游,2030,760.0,147.26887771123802,1472688.7771123804,0.19377483909373425,低负荷,214.06355355918012,2140635.535591801,0.2816625704726054,低负荷,2,3,2013,算山首站/浙江宁波 → 龙游,,0.21929489312989234
S075,长岭-郴州成品油管道,长沙,湘潭,2030,385.0,147.13202465797764,1471320.2465797765,0.38216110300773415,低负荷,289.15947327638264,2891594.7327638264,0.7510635669516432,中负荷,4,6,2014,长沙站 → 湘潭站,,0.21929489312989234
S105,甬台温成品油管道,临海,灵昆,2030,460.0,137.93013302197247,1379301.3302197242,0.29984811526515753,低负荷,137.93013302197247,1379301.3302197242,0.29984811526515753,低负荷,2,2,2018,临海分输泵站 → 灵昆分输站,,0.21929489312989234
S083,九江-赣州成品油管道,吉安长塘,樟树,2030,274.0,133.62156860347844,1336215.6860347844,0.4876699584068556,低负荷,133.62156860347844,1336215.6860347844,0.4876699584068556,低负荷,2,2,2016,吉安长塘站 → 樟树站,,0.21929489312989234
S070,荆门-襄阳成品油管道,荆门,襄阳,2030,350.0,130.23867452041378,1302386.745204138,0.37211049862975365,低负荷,130.23867452041378,1302386.745204138,0.37211049862975365,低负荷,1,1,2019,湖北荆门 → 湖北襄阳,,0.21929489312989234
S076,长岭-郴州成品油管道,湘潭,衡阳,2030,220.0,128.18176365819218,1281817.636581922,0.5826443802645099,中负荷,128.18176365819218,1281817.636581922,0.5826443802645099,中负荷,3,3,2014,湘潭站 → 衡阳站,,0.21929489312989234
S077,长岭-郴州成品油管道,衡阳,耒阳,2030,136.0,128.18176365819218,1281817.636581922,0.9425129680749426,高负荷,128.18176365819218,1281817.636581922,0.9425129680749426,高负荷,2,2,2014,衡阳站 → 耒阳站,,0.21929489312989234
S015,兰郑长成品油管道,武汉,长沙,2030,500.0,119.42163718530396,1194216.3718530396,0.23884327437060793,低负荷,408.58111046168665,4085811.1046168655,0.8171622209233733,高负荷,1,7,2009,武汉 → 长沙,,0.21929489312989234
S016,大港-济南-枣庄成品油管道,大港,沧州,2030,285.0,116.94212751592944,1169421.2751592945,0.4103232544418577,低负荷,1743.9508832133288,17439508.83213329,6.11912590601168,超过设计输量,6,36,2007,大港首站 → 沧州清管站,,0.21929489312989234
S079,湘娄支线,湘潭,娄底,2030,250.0,113.55662333096544,1135566.2333096545,0.4542264933238617,低负荷,113.55662333096544,1135566.2333096545,0.4542264933238617,低负荷,1,1,2014,湖南湘潭 → 湖南娄底,,0.21929489312989234
S129,石太管道,石家庄,高庄,2030,820.0,111.68817482348472,1116881.748234847,0.13620509124815208,低负荷,111.68817482348472,1116881.748234847,0.13620509124815208,低负荷,4,4,2007,石家庄 → 高庄,,0.21929489312989234
S130,石太管道,高庄,阳泉,2030,820.0,111.68817482348472,1116881.748234847,0.13620509124815208,低负荷,111.68817482348472,1116881.748234847,0.13620509124815208,低负荷,3,3,2007,高庄 → 阳泉,,0.21929489312989234
S038,云南成品油管网（安蒙线）,安宁,玉溪,2030,225.0,110.92386385515888,1109238.6385515889,0.4929949504673728,低负荷,110.92386385515888,1109238.6385515889,0.4929949504673728,低负荷,2,2,2017,安宁 → 玉溪,,0.21929489312989234
S036,云南成品油管网（安保线）,安宁,大理,2030,173.0,109.79005954125299,1097900.5954125298,0.6346246216257398,中负荷,109.79005954125299,1097900.5954125298,0.6346246216257398,中负荷,2,2,2017,安宁 → 大理,,0.21929489312989234
S101,浙赣成品油管道,诸暨,桐庐,2030,135.0,101.97809966024066,1019780.9966024066,0.7553933308165974,中负荷,101.97809966024066,1019780.9966024066,0.7553933308165974,中负荷,1,1,2013,诸暨 → 桐庐,,0.21929489312989234
S017,大港-济南-枣庄成品油管道,沧州,德州,2030,285.0,100.44114950517209,1004411.4950517209,0.35242508598306,低负荷,1727.4499052025715,17274499.052025717,6.0612277375528825,超过设计输量,5,35,2007,沧州清管站 → 德州分输泵站,,0.21929489312989234
S131,石太管道,阳泉,晋中,2030,820.0,99.41820617685558,994182.0617685558,0.12124171484982388,低负荷,99.41820617685558,994182.0617685558,0.12124171484982388,低负荷,2,2,2007,阳泉 → 晋中,,0.21929489312989234
S124,鲁皖二期管道（汤郑支线）,汤阴,新乡,2030,820.0,96.0205228629709,960205.2286297092,0.11709819861337915,低负荷,1015.2949351561078,10152949.351561079,1.2381645550684242,超过设计输量,2,14,2010,汤阴站 → 新乡站,,0.21929489312989234
S097,苏北成品油管道,南京(扬子,盐城(盐城,2030,545.0,93.08857769961519,930885.7769961519,0.17080472972406457,低负荷,93.08857769961519,930885.7769961519,0.17080472972406457,低负荷,1,1,2015,江苏南京(扬子首站) → 江苏盐城(盐城末站),,0.21929489312989234
S126,鲁皖二期管道（汤石支线）,汤阴,邯郸,2030,820.0,89.59340066549747,895934.0066549748,0.1092602447140213,低负荷,1120.5559877821192,11205559.87782119,1.3665316924172186,超过设计输量,3,20,2009,汤阴站 → 邯郸站,,0.21929489312989234
S089,安庆-亳州成品油管道,阜阳,亳州,2030,140.0,89.0565633726741,890565.6337267411,0.636118309804815,中负荷,89.0565633726741,890565.6337267411,0.636118309804815,中负荷,1,1,2016,安徽阜阳 → 安徽亳州,,0.21929489312989234
S123,鲁皖二期管道（西线）,濮阳,汤阴,2030,820.0,84.90290861950596,849029.0861950598,0.10354013246281216,低负荷,1301.4794192645961,13014794.19264596,1.5871700234934099,超过设计输量,1,22,2009,濮阳站 → 汤阴站,,0.21929489312989234
S044,钦南柳成品油管道,南宁,柳州,2030,300.0,84.39612296846092,843961.2296846091,0.2813204098948697,低负荷,539.8923786762201,5398923.786762201,1.799641262254067,超过设计输量,1,6,2018,南宁 → 柳州,,0.21929489312989234
S132,石太管道,晋中,太原,2030,820.0,84.0776157072108,840776.1570721079,0.10253367769172049,低负荷,84.0776157072108,840776.1570721079,0.10253367769172049,低负荷,1,1,2007,晋中 → 太原,,0.21929489312989234
S090,安庆-合肥成品油管道,安庆,合肥,2030,120.0,73.4365715713927,734365.715713927,0.6119714297616059,中负荷,337.10360093055544,3371036.009305555,2.8091966744212953,超过设计输量,1,6,2007,安徽安庆 → 安徽合肥,,0.21929489312989234
S052,西南成品油管网（北线）,柳州,桂林,2030,600.0,71.23078018378143,712307.8018378143,0.11871796697296906,低负荷,71.23078018378143,712307.8018378143,0.11871796697296906,低负荷,1,1,2016,柳州 → 桂林,,0.21929489312989234
S018,大港-济南-枣庄成品油管道,德州,济南,2030,285.0,70.82166989206792,708216.698920679,0.24849708734058917,低负荷,1697.8304255894673,16978304.255894672,5.957299738910412,超过设计输量,4,34,2007,德州分输泵站 → 济南分输站,,0.21929489312989234
S085,上饶-樟树成品油管道,上饶,樟树,2030,,66.82689275553636,668268.9275553636,,无设计输量,133.62156860347844,1336215.6860347844,,无设计输量,1,2,2016,江西上饶 → 江西樟树,,0.21929489312989234
S100,浙赣成品油管道,龙游,樟树,2030,450.0,66.82689275553636,668268.9275553636,0.14850420612341414,低负荷,133.62156860347844,1336215.6860347844,0.29693681911884096,低负荷,1,2,2013,龙游 → 樟树末站/江西樟树,,0.21929489312989234
S084,九江-赣州成品油管道,樟树,赣州,2030,170.0,66.79467584794209,667946.7584794209,0.3929098579290711,低负荷,66.79467584794209,667946.7584794209,0.3929098579290711,低负荷,1,1,2016,樟树站 → 赣州末站,,0.21929489312989234
S030,抚顺-锦州-郑州成品油管道,固安,保定,2030,800.0,66.28302652381751,662830.265238175,0.08285378315477189,低负荷,1156.357139990917,11563571.39990917,1.4454464249886463,超过设计输量,3,21,2018,固安 → 保定,,0.21929489312989234
S039,云南成品油管网（安蒙线）,玉溪,蒙自,2030,115.0,65.77428464654874,657742.8464654875,0.5719503012743369,中负荷,65.77428464654874,657742.8464654875,0.5719503012743369,中负荷,1,1,2017,玉溪 → 蒙自,,0.21929489312989234
S116,鲁皖一期管道,徐州,宿州,2030,655.0,64.95969269029497,649596.9269029497,0.09917510334396179,低负荷,64.95969269029497,649596.9269029497,0.09917510334396179,低负荷,1,1,2005,徐州站 → 宿州站,,0.21929489312989234
S037,云南成品油管网（安保线）,大理,保山,2030,57.0,62.89900973637569,628990.0973637569,1.103491398883784,超过设计输量,62.89900973637569,628990.0973637569,1.103491398883784,超过设计输量,1,1,2017,大理 → 保山,,0.21929489312989234
S118,鲁皖一期管道,枣庄,临沂,2030,655.0,61.73572009490602,617357.2009490603,0.09425300777848247,低负荷,61.73572009490602,617357.2009490603,0.09425300777848247,低负荷,1,1,2005,枣庄站 → 临沂站,,0.21929489312989234
S127,鲁皖二期管道（汤石支线）,邯郸,邢台,2030,820.0,59.111526350477874,591115.2635047788,0.07208722725668033,低负荷,170.7997011739626,1707997.011739626,0.20829231850483243,低负荷,2,6,2009,邯郸站 → 邢台站,,0.21929489312989234
S068,武汉-信阳成品油管道,武汉,信阳,2030,,59.0236008546001,590236.008546001,,无设计输量,59.0236008546001,590236.008546001,,无设计输量,1,1,2013,湖北武汉 → 河南信阳,,0.21929489312989234
S138,驻信管道,驻马店,信阳,2030,820.0,59.0236008546001,590236.008546001,0.07198000104219524,低负荷,59.0236008546001,590236.008546001,0.07198000104219524,低负荷,1,1,2013,驻马店 → 信阳,,0.21929489312989234
S059,珠三角成品油管网,茂名,江门,2030,550.0,56.442426903432015,564424.2690343201,0.10262259436987639,低负荷,56.442426903432015,564424.2690343201,0.10262259436987639,低负荷,1,1,2006,茂名 → 江门,,0.21929489312989234
S107,福建成品油管道（北线）,泉港,兴闽,2030,220.0,54.60912281994917,546091.2281994917,0.2482232855452235,低负荷,54.60912281994917,546091.2281994917,0.2482232855452235,低负荷,1,1,2010,泉港首站/福建泉州 → 兴闽末站/福建福州,,0.21929489312989234
S071,荆门-荆州成品油管道,荆门,荆州,2030,150.0,54.0177499010948,540177.499010948,0.36011833267396537,低负荷,54.0177499010948,540177.499010948,0.36011833267396537,低负荷,1,1,2003,湖北荆门 → 湖北荆州,,0.21929489312989234
S119,鲁皖二期管道（东线）,青岛,潍坊,2030,820.0,53.53596608012509,535359.660801251,0.06528776351234768,低负荷,1723.4178688870434,17234178.688870437,2.101729108398833,超过设计输量,2,35,2008,青岛站 → 潍坊站,,0.21929489312989234
S078,长岭-郴州成品油管道,耒阳,郴州,2030,100.0,49.80214300994622,498021.43009946216,0.4980214300994622,低负荷,49.80214300994622,498021.43009946216,0.4980214300994622,低负荷,1,1,2014,耒阳站 → 郴州站,,0.21929489312989234
S034,兰成渝成品油管道,兰州,成都,2030,700.0,48.88335270140601,488833.52701406006,0.06983336100200858,低负荷,48.88335270140601,488833.52701406006,0.06983336100200858,低负荷,2,2,2002,兰州 → 成都,,0.21929489312989234
S055,西南成品油管网（南线）,长坡,大理,2030,800.0,46.89104980487729,468910.4980487728,0.05861381225609661,低负荷,109.79005954125299,1097900.5954125298,0.13723757442656623,低负荷,1,2,2012,长坡 → 大理,,0.21929489312989234
S137,洛驻管道,漯河,驻马店,2030,820.0,45.17566143540678,451756.61435406783,0.055092270043179,低负荷,104.19926229000687,1041992.6229000688,0.12707227108537422,低负荷,1,2,2007,漯河 → 驻马店,,0.21929489312989234
S019,大港-济南-枣庄成品油管道,济南,济南,2030,285.0,42.87314710951886,428731.47109518864,0.1504320951211188,低负荷,1669.8819028069183,16698819.028069183,5.859234746690942,超过设计输量,3,33,2007,济南分输站 → 济南清管站,,0.21929489312989234
S020,大港-济南-枣庄成品油管道,济南,兖州,2030,285.0,42.87314710951886,428731.47109518864,0.1504320951211188,低负荷,264.9635574779496,2649635.5747794965,0.9296966929050864,高负荷,3,6,2007,济南清管站 → 兖州分输站,,0.21929489312989234
S128,鲁皖二期管道（汤石支线）,邢台,石家庄,2030,820.0,42.33192260505177,423319.22605051775,0.05162429585981924,低负荷,154.0200974285365,1540200.974285365,0.18782938710797134,低负荷,1,5,2009,邢台站 → 石家庄站,,0.21929489312989234
S092,淮蚌支线,淮南,蚌埠,2030,80.0,37.088122125078314,370881.2212507831,0.4636015265634789,低负荷,37.088122125078314,370881.2212507831,0.4636015265634789,低负荷,1,1,2016,安徽淮南 → 安徽蚌埠,,0.21929489312989234
S108,福建成品油管道（南线）,泉港,东孚,2030,380.0,35.275755257671776,352757.55257671775,0.09283093488860994,低负荷,35.275755257671776,352757.55257671775,0.09283093488860994,低负荷,1,1,2013,泉港首站/福建泉州 → 东孚末站/福建厦门,,0.21929489312989234
S031,抚顺-锦州-郑州成品油管道,保定,邯郸,2030,1100.0,30.481874315019592,304818.7431501959,0.027710794831835993,低负荷,1120.5559877821192,11205559.87782119,1.0186872616201084,超过设计输量,2,20,2018,保定 → 邯郸,,0.21929489312989234
S091,合六支线,合肥,六安,2030,140.0,28.6348279335089,286348.279335089,0.2045344852393493,低负荷,28.6348279335089,286348.279335089,0.2045344852393493,低负荷,1,1,2019,安徽合肥 → 安徽六安,,0.21929489312989234
S080,湘株支线,湘潭,株洲,2030,350.0,28.47082528743954,284708.25287439534,0.08134521510697011,低负荷,28.47082528743954,284708.25287439534,0.08134521510697011,低负荷,1,1,2008,湖南湘潭 → 湖南株洲,,0.21929489312989234
S120,鲁皖二期管道（东线）,潍坊,济南,2030,820.0,27.94852278254905,279485.22782549047,0.03408356436896225,低负荷,1697.8304255894673,16978304.255894672,2.070524909255448,超过设计输量,1,34,2008,潍坊站 → 济南站,,0.21929489312989234
S093,浙苏成品油管道,嘉兴(陈山,湖州(湖州,2030,510.0,24.376254329765473,243762.54329765472,0.047796577117187204,低负荷,24.376254329765473,243762.54329765472,0.047796577117187204,低负荷,1,1,2007,浙江嘉兴(陈山首站) → 浙江湖州(湖州末站),,0.21929489312989234
S022,大港-济南-枣庄成品油管道,兖州,肥城,2030,285.0,15.621867754326976,156218.67754326976,0.05481357106781395,低负荷,237.7122781227578,2377122.781227578,0.8340781688517818,高负荷,2,5,2007,兖州分输站 → 肥城分输泵站,,0.21929489312989234
S023,大港-济南-枣庄成品油管道,肥城,枣庄,2030,285.0,15.621867754326976,156218.67754326976,0.05481357106781395,低负荷,237.7122781227578,2377122.781227578,0.8340781688517818,高负荷,1,4,2007,肥城分输泵站 → 枣庄末站,,0.21929489312989234
S024,呼和浩特-包头-鄂尔多斯成品油管道,呼和浩特,包头,2030,200.0,13.291003194322029,132910.0319432203,0.06645501597161015,低负荷,13.291003194322029,132910.0319432203,0.06645501597161015,低负荷,2,2,2014,呼和浩特 → 包头,,0.21929489312989234
S025,呼和浩特-包头-鄂尔多斯成品油管道,包头,鄂尔多斯,2030,200.0,9.091151675783658,90911.51675783658,0.04545575837891829,低负荷,9.091151675783658,90911.51675783658,0.04545575837891829,低负荷,1,1,2014,包头 → 鄂尔多斯,,0.21929489312989234
S033,吉林石化-长春成品油管道,吉林,长春,2030,245.0,8.231784681826207,82317.84681826207,0.03359912115031105,低负荷,8.231784681826207,82317.84681826207,0.03359912115031105,低负荷,1,1,2014,吉林 → 长春,,0.21929489312989234
S001,西部成品油管道,乌鲁木齐,哈密,2030,1000.0,6.556909200611032,65569.09200611032,0.006556909200611032,低负荷,1156.0990413188656,11560990.413188657,1.1560990413188657,超过设计输量,6,22,2006,乌鲁木齐首站 → 哈密站,,0.21929489312989234
S002,西部成品油管道,哈密,柳园,2030,1000.0,6.556909200611032,65569.09200611032,0.006556909200611032,低负荷,1156.0990413188656,11560990.413188657,1.1560990413188657,超过设计输量,5,21,2006,哈密站 → 柳园站,,0.21929489312989234
S003,西部成品油管道,柳园,酒泉,2030,1000.0,6.500430217813657,65004.30217813657,0.006500430217813657,低负荷,1156.0425623360684,11560425.623360682,1.1560425623360684,超过设计输量,4,20,2006,柳园站 → 酒泉站,,0.21929489312989234
S004,西部成品油管道,酒泉,张掖,2030,1000.0,6.500430217813657,65004.30217813657,0.006500430217813657,低负荷,1156.0425623360684,11560425.623360682,1.1560425623360684,超过设计输量,3,19,2006,酒泉站 → 张掖站,,0.21929489312989234
S005,西部成品油管道,张掖,武威,2030,1000.0,6.450291759260366,64502.917592603655,0.006450291759260366,低负荷,1155.992423877515,11559924.23877515,1.155992423877515,超过设计输量,2,18,2006,张掖站 → 武威站,,0.21929489312989234
S006,西部成品油管道,武威,兰州,2030,1000.0,2.1491401853797716,21491.401853797714,0.0021491401853797718,低负荷,1151.6912723036344,11516912.723036343,1.1516912723036343,超过设计输量,1,17,2006,武威站 → 兰州末站,,0.21929489312989234
S021,银巴线,银川,巴彦淖尔,2030,240.0,1.737045088419764,17370.450884197635,0.007237687868415683,低负荷,1.737045088419764,17370.450884197635,0.007237687868415683,低负荷,1,1,2017,银川 → 巴音淖尔,,0.21929489312989234
S007,独山子-703泵站-乌鲁木齐成品油管道,独山子,703,2030,100.0,0.0,0.0,0.0,低负荷,1156.0990413188656,11560990.413188657,11.560990413188655,超过设计输量,2,24,1998,独山子 → 703泵站,,0.21929489312989234
S008,独山子-703泵站-乌鲁木齐成品油管道,703,乌鲁木齐,2030,100.0,0.0,0.0,0.0,低负荷,1156.0990413188656,11560990.413188657,11.560990413188655,超过设计输量,1,23,1998,703泵站 → 乌鲁木齐,,0.21929489312989234
S009,独山子-乌鲁木齐成品油管道,独山子,王家沟,2030,520.0,0.0,0.0,0.0,低负荷,0.0,0.0,0.0,低负荷,1,1,2004,独山子 → 王家沟,,0.21929489312989234
S010,克拉玛依-乌鲁木齐成品油管道,克拉玛依,王家沟,2030,160.0,0.0,0.0,0.0,低负荷,0.0,0.0,0.0,低负荷,1,1,1996,克拉玛依 → 王家沟首站,,0.21929489312989234
S011,克拉玛依-乌鲁木齐成品油管道（复线）,克拉玛依,王家沟,2030,400.0,0.0,0.0,0.0,低负荷,0.0,0.0,0.0,低负荷,1,1,2009,克拉玛依 → 王家沟首站,,0.21929489312989234
S032,抚顺-锦州-郑州成品油管道,邯郸,郑州,2030,800.0,0.0,0.0,0.0,低负荷,919.2744122931368,9192744.122931369,1.149093015366421,超过设计输量,1,13,2018,邯郸 → 郑州,,0.21929489312989234
S035,兰成渝成品油管道,成都,重庆,2030,350.0,0.0,0.0,0.0,低负荷,0.0,0.0,0.0,低负荷,1,1,2002,成都 → 重庆,,0.21929489312989234
S042,云南成品油管网（安曲线）,寻甸,昆明,2030,168.0,0.0,0.0,0.0,低负荷,0.0,0.0,0.0,低负荷,1,1,2017,寻甸 → 昆明,,0.21929489312989234
S049,西南成品油管网（北线）,江津,重庆,2030,800.0,0.0,0.0,0.0,低负荷,0.0,0.0,0.0,低负荷,1,1,2005,江津 → 重庆,,0.21929489312989234
S050,西南成品油管网（北线）,柳州,柳库,2030,500.0,0.0,0.0,0.0,低负荷,0.0,0.0,0.0,低负荷,1,1,2006,柳州 → 柳库,,0.21929489312989234
S051,西南成品油管网（北线）,贵阳,简阳,2030,600.0,0.0,0.0,0.0,低负荷,0.0,0.0,0.0,低负荷,1,1,2016,贵阳 → 简阳,,0.21929489312989234
S056,西南成品油管网（南线）,南宁,黎塘,2030,800.0,0.0,0.0,0.0,低负荷,0.0,0.0,0.0,低负荷,1,1,2012,南宁 → 黎塘,,0.21929489312989234
S058,西南成品油管网（南线）,秋田冲,昆东,2030,800.0,0.0,0.0,0.0,低负荷,0.0,0.0,0.0,低负荷,1,1,2012,秋田冲 → 昆东,,0.21929489312989234
S060,珠三角成品油管网,南沙,南海,2030,250.0,0.0,0.0,0.0,低负荷,0.0,0.0,0.0,低负荷,1,1,2006,南沙 → 南海,,0.21929489312989234
S061,珠三角成品油管网,三水,花都,2030,250.0,0.0,0.0,0.0,低负荷,0.0,0.0,0.0,低负荷,1,1,2006,三水 → 花都,,0.21929489312989234
S062,珠三角成品油管网,南沙,斗门,2030,100.0,0.0,0.0,0.0,低负荷,0.0,0.0,0.0,低负荷,1,1,2006,南沙 → 斗门,,0.21929489312989234
S063,珠三角成品油管网,北沙,珠海,2030,100.0,0.0,0.0,0.0,低负荷,0.0,0.0,0.0,低负荷,1,1,2006,北沙 → 珠海,,0.21929489312989234
S066,珠三角成品油管网,大鹏湾,妈湾,2030,250.0,0.0,0.0,0.0,低负荷,0.0,0.0,0.0,低负荷,1,1,2006,大鹏湾 → 妈湾,,0.21929489312989234
S069,156支线,广水,广水武胜关镇,2030,10.0,0.0,0.0,0.0,低负荷,0.0,0.0,0.0,低负荷,1,1,2014,湖北广水 → 湖北广水武胜关镇,,0.21929489312989234
S096,苏北成品油管道,南京(扬子,徐州(新沂,2030,545.0,0.0,0.0,0.0,低负荷,0.0,0.0,0.0,低负荷,1,1,2015,江苏南京(扬子首站) → 江苏徐州(新沂末站),,0.21929489312989234
S102,绍杭成品油管道,绍兴,萧山,2030,500.0,0.0,0.0,0.0,低负荷,0.0,0.0,0.0,低负荷,1,1,2016,绍兴首站/浙江绍兴 → 萧山站/浙江萧山,,0.21929489312989234
S106,甬台温成品油管道,灵昆,瑞安,2030,460.0,0.0,0.0,0.0,低负荷,0.0,0.0,0.0,低负荷,1,1,2018,灵昆分输站 → 瑞安末站/浙江温州,,0.21929489312989234
S109,福建成品油管道（南线）,泉港,石湖山,2030,380.0,0.0,0.0,0.0,低负荷,0.0,0.0,0.0,低负荷,1,1,2013,泉港首站/福建泉州 → 石湖山末站/福建厦门,,0.21929489312989234
S117,鲁皖一期管道,曲阜,济宁,2030,655.0,0.0,0.0,0.0,低负荷,0.0,0.0,0.0,低负荷,1,1,2005,曲阜站 → 济宁站,,0.21929489312989234
S125,鲁皖二期管道（汤郑支线）,新乡,郑州,2030,820.0,0.0,0.0,0.0,低负荷,919.2744122931368,9192744.122931369,1.121066356455045,超过设计输量,1,13,2010,新乡站 → 郑州站,,0.21929489312989234
S139,南武管道,南疆(天津,武清,2030,155.0,0.0,0.0,0.0,低负荷,0.0,0.0,0.0,低负荷,1,1,2018,南疆(天津) → 武清,,0.21929489312989234
S140,格拉成品油管道,格尔木,拉萨,2030,130.0,0.0,0.0,0.0,低负荷,0.0,0.0,0.0,低负荷,1,1,1976,格尔木 → 拉萨,,0.21929489312989234
S045,西南成品油管网（北线）,湛江,茂名,2035,500.0,607.86062593619,6078606.2593619,1.21572125187238,超过设计输量,660.4261972341841,6604261.972341841,1.320852394468368,超过设计输量,7,8,2006,湛江 → 茂名,,0.21929489312989234
S046,西南成品油管网（北线）,茂名,柳州,2035,800.0,501.0217299673464,5010217.299673464,0.626277162459183,中负荷,501.0217299673464,5010217.299673464,0.626277162459183,中负荷,6,6,2005,茂名 → 柳州,,0.21929489312989234
S012,兰郑长成品油管道,兰州,咸阳,2035,1000.0,460.5702205496186,4605702.205496186,0.4605702205496186,低负荷,975.0355257562602,9750355.257562602,0.9750355257562602,高负荷,4,14,2009,兰州 → 咸阳,,0.21929489312989234
S026,抚顺-锦州-郑州成品油管道,抚顺,辽阳,2035,600.0,442.9658257637899,4429658.257637898,0.7382763762729831,中负荷,1415.7073301909086,14157073.301909084,2.3595122169848475,超过设计输量,7,25,2018,抚顺 → 辽阳,,0.21929489312989234
S027,抚顺-锦州-郑州成品油管道,辽阳,辽河,2035,600.0,439.3525987377382,4393525.987377382,0.7322543312295637,中负荷,1412.094103164857,14120941.031648567,2.353490171941428,超过设计输量,6,24,2018,辽阳 → 辽河,,0.21929489312989234
S028,抚顺-锦州-郑州成品油管道,辽河,锦州,2035,750.0,435.40333198275886,4354033.319827587,0.5805377759770118,中负荷,1408.1448364098774,14081448.364098774,1.877526448546503,超过设计输量,5,23,2018,辽河 → 锦州,,0.21929489312989234
S029,抚顺-锦州-郑州成品油管道,锦州,固安,2035,1300.0,419.4873012596177,4194873.012596177,0.32268253943047515,低负荷,1392.2288056867365,13922288.056867363,1.0709452351436435,超过设计输量,4,22,2018,锦州 → 固安,,0.21929489312989234
S133,洛驻管道,洛阳,巩义,2035,820.0,417.6124036811915,4176124.036811915,0.5092834191234042,中负荷,968.1101957785427,9681101.957785426,1.1806221899738325,超过设计输量,5,14,2007,洛阳 → 巩义,,0.21929489312989234
S094,浙苏成品油管道,嘉兴(陈山,苏州(苏州,2035,510.0,385.57729216719724,3855772.921671972,0.7560339062101906,中负荷,385.57729216719724,3855772.921671972,0.7560339062101906,中负荷,1,1,2007,浙江嘉兴(陈山首站) → 江苏苏州(苏州末站),,0.21929489312989234
S098,苏南成品油管道,南京(南京,苏州(苏州,2035,580.0,385.57729216719724,3855772.921671972,0.6647884347710298,中负荷,385.57729216719724,3855772.921671972,0.6647884347710298,中负荷,1,1,2010,江苏南京(南京首站) → 江苏苏州(苏州末站),,0.21929489312989234
S053,西南成品油管网（南线）,东海岛,南宁,2035,800.0,357.3767564829838,3573767.5648298375,0.44672094560372977,低负荷,771.2684237998826,7712684.237998826,0.9640855297498533,高负荷,5,11,2012,东海岛 → 南宁,,0.21929489312989234
S047,西南成品油管网（北线）,柳州,贵阳,2035,800.0,349.79441777301776,3497944.177730178,0.4372430222162722,低负荷,349.79441777301776,3497944.177730178,0.4372430222162722,低负荷,3,3,2005,柳州 → 贵阳,,0.21929489312989234
S110,鲁皖一期管道,齐鲁,淄博,2035,655.0,302.5334918370818,3025334.918370818,0.46188319364439967,低负荷,1595.7952310211476,15957952.310211476,2.4363285969788513,超过设计输量,9,35,2005,齐鲁站 → 淄博站,,0.21929489312989234
S013,兰郑长成品油管道,咸阳,郑州,2035,1500.0,287.0566200319267,2870566.200319267,0.19137108002128445,低负荷,801.5219252385683,8015219.252385682,0.5343479501590456,中负荷,3,13,2009,咸阳 → 郑州,,0.21929489312989234
S014,兰郑长成品油管道,郑州,武汉,2035,1000.0,287.0566200319267,2870566.200319267,0.28705662003192667,低负荷,550.4977920973511,5504977.920973511,0.5504977920973511,中负荷,2,9,2009,郑州 → 武汉,,0.21929489312989234
S081,九江-赣州成品油管道,九江,南昌,2035,330.0,284.26752253945364,2842675.2253945363,0.8614167349680413,高负荷,284.26752253945364,2842675.2253945363,0.8614167349680413,高负荷,4,4,2016,九江首站 → 南昌分输泵站,,0.21929489312989234
S086,安庆-亳州成品油管道,安庆,合肥,2035,410.0,271.63040410717355,2716304.041071736,0.6625131807492037,中负荷,336.76588265340075,3367658.8265340077,0.8213802015936603,高负荷,4,6,2016,安徽安庆 → 安徽合肥,,0.21929489312989234
S111,鲁皖一期管道,淄博,济南,2035,655.0,261.40585496470766,2614058.5496470765,0.3990929083430651,低负荷,1554.6675941487736,15546675.941487735,2.373538311677517,超过设计输量,8,34,2005,淄博站 → 济南站,,0.21929489312989234
S103,甬台温成品油管道,算山,宁海,2035,460.0,251.14543596765546,2511454.359676555,0.5459683390601205,中负荷,251.14543596765546,2511454.359676555,0.5459683390601205,中负荷,4,4,2018,算山首站/浙江宁波 → 宁海分输站,,0.21929489312989234
S134,洛驻管道,巩义,郑州,2035,820.0,251.0241331412172,2510241.331412172,0.30612699163563073,低负荷,801.5219252385683,8015219.252385682,0.9774657624860589,高负荷,4,13,2007,巩义 → 郑州,,0.21929489312989234
S135,洛驻管道,郑州,许昌,2035,820.0,251.0241331412172,2510241.331412172,0.30612699163563073,低负荷,310.59823908435936,3105982.3908435935,0.3787783403467797,低负荷,3,4,2007,郑州 → 许昌,,0.21929489312989234
S043,钦南柳成品油管道,钦州,南宁,2035,500.0,245.35495207554717,2453549.5207554717,0.49070990415109433,低负荷,771.2684237998826,7712684.237998826,1.5425368475997652,超过设计输量,2,11,2018,钦州 → 南宁,,0.21929489312989234
S112,鲁皖一期管道,济南,泰安,2035,655.0,234.46764261909564,2344676.4261909565,0.3579658665940392,低负荷,234.46764261909564,2344676.4261909565,0.3579658665940392,低负荷,7,7,2005,济南站 → 泰安站,,0.21929489312989234
S064,珠三角成品油管网,黄埔,南沙,2035,300.0,225.11234018695998,2251123.4018695997,0.7503744672898666,中负荷,225.11234018695998,2251123.4018695997,0.7503744672898666,中负荷,3,3,2006,黄埔 → 南沙,,0.21929489312989234
S113,鲁皖一期管道,泰安,曲阜,2035,655.0,213.70639616709673,2137063.9616709673,0.3262693071253385,低负荷,213.70639616709673,2137063.9616709673,0.3262693071253385,低负荷,6,6,2005,泰安站 → 曲阜站,,0.21929489312989234
S114,鲁皖一期管道,曲阜,枣庄,2035,655.0,213.70639616709673,2137063.9616709673,0.3262693071253385,低负荷,213.70639616709673,2137063.9616709673,0.3262693071253385,低负荷,4,4,2005,曲阜站 → 枣庄站,,0.21929489312989234
S072,长岭-郴州成品油管道,长岭,七里山,2035,600.0,207.1261278291738,2071261.2782917381,0.34521021304862304,低负荷,304.9111870238121,3049111.8702381207,0.5081853117063535,中负荷,7,9,2014,长岭库站 → 七里山站,,0.21929489312989234
S065,珠三角成品油管网,黄埔,惠州,2035,350.0,202.10496068307157,2021049.6068307154,0.5774427448087759,中负荷,202.10496068307157,2021049.6068307154,0.5774427448087759,中负荷,2,2,2006,黄埔 → 惠州,,0.21929489312989234
S087,安庆-亳州成品油管道,合肥,淮南,2035,270.0,197.214384731315,1972143.8473131498,0.7304236471530184,中负荷,234.26566362450654,2342656.636245066,0.8676506060166909,高负荷,3,4,2016,安徽合肥 → 安徽淮南,,0.21929489312989234
S054,西南成品油管网（南线）,南宁,长坡,2035,800.0,193.9213119061484,1939213.1190614838,0.24240163988268548,低负荷,255.3404343060617,2553404.343060617,0.3191755428825771,低负荷,3,4,2012,南宁 → 长坡,,0.21929489312989234
S073,长岭-郴州成品油管道,七里山,汨罗,2035,560.0,189.45630290395334,1894563.0290395338,0.3383148266142024,低负荷,287.2413620985916,2872413.6209859164,0.512931003747485,中负荷,6,8,2014,七里山站 → 汨罗站,,0.21929489312989234
S074,长岭-郴州成品油管道,汨罗,长沙,2035,538.0,189.45630290395334,1894563.0290395338,0.352149261903259,低负荷,287.2413620985916,2872413.6209859164,0.5339058775066758,中负荷,5,7,2014,汨罗站 → 长沙站,,0.21929489312989234
S104,甬台温成品油管道,宁海,临海,2035,460.0,173.8088174017234,1738088.174017234,0.3778452552211378,低负荷,173.8088174017234,1738088.174017234,0.3778452552211378,低负荷,3,3,2018,宁海分输站 → 临海分输泵站,,0.21929489312989234
S121,鲁皖二期管道（西线）,济南,聊城,2035,820.0,167.50914431651228,1675091.4431651228,0.20427944428842962,低负荷,1267.312224156935,12673122.241569351,1.545502712386506,超过设计输量,3,24,2009,济南站 → 聊城站,,0.21929489312989234
S082,九江-赣州成品油管道,南昌,吉安长塘,2035,240.0,162.61602371788032,1626160.2371788032,0.677566765491168,中负荷,162.61602371788032,1626160.2371788032,0.677566765491168,中负荷,3,3,2016,南昌分输泵站 → 吉安长塘站,,0.21929489312989234
S088,安庆-亳州成品油管道,淮南,阜阳,2035,140.0,159.8465069924479,1598465.0699244791,1.1417607642317706,超过设计输量,159.8465069924479,1598465.0699244791,1.1417607642317706,超过设计输量,2,2,2016,安徽淮南 → 安徽阜阳,,0.21929489312989234
S136,洛驻管道,许昌,漯河,2035,820.0,150.68023587534816,1506802.3587534819,0.18375638521383922,低负荷,210.25434181849036,2102543.4181849035,0.2564077339249882,低负荷,2,3,2007,许昌 → 漯河,,0.21929489312989234
S122,鲁皖二期管道（西线）,聊城,濮阳,2035,820.0,150.33750836914072,1503375.0836914075,0.18333842484041551,低负荷,1250.1405882095635,12501405.882095635,1.524561692938492,超过设计输量,2,23,2009,聊城站 → 濮阳站,,0.21929489312989234
S040,云南成品油管网（安曲线）,安宁,寻甸,2035,323.0,148.54918505036088,1485491.8505036086,0.45990459767913583,低负荷,148.54918505036088,1485491.8505036086,0.45990459767913583,低负荷,3,3,2017,安宁 → 寻甸,,0.21929489312989234
S041,云南成品油管网（安曲线）,寻甸,曲靖,2035,155.0,148.54918505036088,1485491.8505036086,0.9583818390345863,高负荷,148.54918505036088,1485491.8505036086,0.9583818390345863,高负荷,1,1,2017,寻甸 → 曲靖,,0.21929489312989234
S048,西南成品油管网（北线）,贵阳,曲靖,2035,800.0,148.54918505036088,1485491.8505036086,0.1856864813129511,低负荷,148.54918505036088,1485491.8505036086,0.1856864813129511,低负荷,1,1,2005,贵阳 → 曲靖,,0.21929489312989234
S057,西南成品油管网（南线）,长坡,曲靖,2035,800.0,148.54918505036088,1485491.8505036086,0.1856864813129511,低负荷,148.54918505036088,1485491.8505036086,0.1856864813129511,低负荷,1,1,2012,长坡 → 曲靖,,0.21929489312989234
S067,珠三角成品油管网,惠州,梅州,2035,120.0,145.234918496261,1452349.18496261,1.2102909874688417,超过设计输量,145.234918496261,1452349.18496261,1.2102909874688417,超过设计输量,1,1,2015,惠州 → 梅州,,0.21929489312989234
S115,鲁皖一期管道,枣庄,徐州,2035,655.0,144.24469302245677,1442446.930224568,0.2202209053777966,低负荷,144.24469302245677,1442446.930224568,0.2202209053777966,低负荷,2,2,2005,枣庄站 → 徐州站,,0.21929489312989234
S099,浙赣成品油管道,算山,龙游,2035,760.0,138.426250639683,1384262.5063968298,0.18213980347326708,低负荷,204.29068234466618,2042906.8234466622,0.26880352940087654,低负荷,2,3,2013,算山首站/浙江宁波 → 龙游,,0.21929489312989234
S095,苏北成品油管道,南京(扬子,泰州(泰州,2035,545.0,133.80252901341015,1338025.2901341016,0.24550922754754156,低负荷,133.80252901341015,1338025.2901341016,0.24550922754754156,低负荷,1,1,2015,江苏南京(扬子首站) → 江苏泰州(泰州末站),,0.21929489312989234
S083,九江-赣州成品油管道,吉安长塘,樟树,2035,274.0,132.5631960026134,1325631.9600261343,0.4838072846810708,低负荷,132.5631960026134,1325631.9600261343,0.4838072846810708,低负荷,2,2,2016,吉安长塘站 → 樟树站,,0.21929489312989234
S070,荆门-襄阳成品油管道,荆门,襄阳,2035,350.0,129.8266799577072,1298266.7995770723,0.37093337130773485,低负荷,129.8266799577072,1298266.7995770723,0.37093337130773485,低负荷,1,1,2019,湖北荆门 → 湖北襄阳,,0.21929489312989234
S105,甬台温成品油管道,临海,灵昆,2035,460.0,122.6531812284957,1226531.8122849567,0.26663735049672976,低负荷,122.6531812284957,1226531.8122849567,0.26663735049672976,低负荷,2,2,2018,临海分输泵站 → 灵昆分输站,,0.21929489312989234
S129,石太管道,石家庄,高庄,2035,820.0,117.18623911392567,1171862.3911392565,0.14291004769990934,低负荷,117.18623911392567,1171862.3911392565,0.14291004769990934,低负荷,4,4,2007,石家庄 → 高庄,,0.21929489312989234
S130,石太管道,高庄,阳泉,2035,820.0,117.18623911392567,1171862.3911392565,0.14291004769990934,低负荷,117.18623911392567,1171862.3911392565,0.14291004769990934,低负荷,3,3,2007,高庄 → 阳泉,,0.21929489312989234
S016,大港-济南-枣庄成品油管道,大港,沧州,2035,285.0,109.65127572182273,1096512.7572182273,0.384741318322185,低负荷,1596.4789047772595,15964789.047772596,5.601680367639507,超过设计输量,6,36,2007,大港首站 → 沧州清管站,,0.21929489312989234
S038,云南成品油管网（安蒙线）,安宁,玉溪,2035,225.0,108.89871036026693,1088987.1036026692,0.483994268267853,低负荷,108.89871036026693,1088987.1036026692,0.483994268267853,低负荷,2,2,2017,安宁 → 玉溪,,0.21929489312989234
S036,云南成品油管网（安保线）,安宁,大理,2035,173.0,106.79124925570082,1067912.492557008,0.6172904581254383,中负荷,106.79124925570082,1067912.492557008,0.6172904581254383,中负荷,2,2,2017,安宁 → 大理,,0.21929489312989234
S075,长岭-郴州成品油管道,长沙,湘潭,2035,385.0,106.082006927644,1060820.06927644,0.27553768033154286,低负荷,203.86706612228224,2038670.6612228225,0.529524847070863,中负荷,4,6,2014,长沙站 → 湘潭站,,0.21929489312989234
S131,石太管道,阳泉,晋中,2035,820.0,104.26153381368304,1042615.3381368306,0.12714821196790616,低负荷,104.26153381368304,1042615.3381368306,0.12714821196790616,低负荷,2,2,2007,阳泉 → 晋中,,0.21929489312989234
S124,鲁皖二期管道（汤郑支线）,汤阴,新乡,2035,820.0,99.39766032139272,993976.6032139271,0.1212166589285277,低负荷,900.919585559961,9009195.85559961,1.0986824214145865,超过设计输量,2,14,2010,汤阴站 → 新乡站,,0.21929489312989234
S017,大港-济南-枣庄成品油管道,沧州,德州,2035,285.0,94.8731528906285,948731.5289062851,0.33288825575659126,低负荷,1581.7007819460653,15817007.819460653,5.549827305073913,超过设计输量,5,35,2007,沧州清管站 → 德州分输泵站,,0.21929489312989234
S076,长岭-郴州成品油管道,湘潭,衡阳,2035,220.0,92.80451510373163,928045.1510373163,0.42183870501696197,低负荷,92.80451510373163,928045.1510373163,0.42183870501696197,低负荷,3,3,2014,湘潭站 → 衡阳站,,0.21929489312989234
S077,长岭-郴州成品油管道,衡阳,耒阳,2035,136.0,92.80451510373163,928045.1510373163,0.6823861404686149,中负荷,92.80451510373163,928045.1510373163,0.6823861404686149,中负荷,2,2,2014,衡阳站 → 耒阳站,,0.21929489312989234
S101,浙赣成品油管道,诸暨,桐庐,2035,135.0,90.75427779084048,907542.7779084048,0.6722539095617813,中负荷,90.75427779084048,907542.7779084048,0.6722539095617813,中负荷,1,1,2013,诸暨 → 桐庐,,0.21929489312989234
S089,安庆-亳州成品油管道,阜阳,亳州,2035,140.0,88.79621088325733,887962.1088325732,0.6342586491661238,中负荷,88.79621088325733,887962.1088325732,0.6342586491661238,中负荷,1,1,2016,安徽阜阳 → 安徽亳州,,0.21929489312989234
S132,石太管道,晋中,太原,2035,820.0,88.25714418138573,882571.4418138573,0.10763066363583625,低负荷,88.25714418138573,882571.4418138573,0.10763066363583625,低负荷,1,1,2007,晋中 → 太原,,0.21929489312989234
S123,鲁皖二期管道（西线）,濮阳,汤阴,2035,820.0,87.81360869385233,878136.0869385232,0.10708976669981991,低负荷,1187.6166885342752,11876166.88534275,1.4483130347978965,超过设计输量,1,22,2009,濮阳站 → 汤阴站,,0.21929489312989234
S015,兰郑长成品油管道,武汉,长沙,2035,500.0,83.37429597630934,833742.9597630935,0.16674859195261868,低负荷,287.2413620985916,2872413.6209859164,0.5744827241971832,中负荷,1,7,2009,武汉 → 长沙,,0.21929489312989234
S044,钦南柳成品油管道,南宁,柳州,2035,300.0,81.89950749871178,818995.0749871178,0.2729983583290393,低负荷,501.0217299673464,5010217.299673464,1.670072433224488,超过设计输量,1,6,2018,南宁 → 柳州,,0.21929489312989234
S126,鲁皖二期管道（汤石支线）,汤阴,邯郸,2035,820.0,81.69725516653611,816972.5516653612,0.09963079898358063,低负荷,1000.4054195190301,10004054.195190301,1.220006609169549,超过设计输量,3,20,2009,汤阴站 → 邯郸站,,0.21929489312989234
S079,湘娄支线,湘潭,娄底,2035,250.0,77.80349681677009,778034.9681677009,0.3112139872670804,低负荷,77.80349681677009,778034.9681677009,0.3112139872670804,低负荷,1,1,2014,湖南湘潭 → 湖南娄底,,0.21929489312989234
S097,苏北成品油管道,南京(扬子,盐城(盐城,2035,545.0,77.76033204463899,777603.32044639,0.14267950833878712,低负荷,77.76033204463899,777603.32044639,0.14267950833878712,低负荷,1,1,2015,江苏南京(扬子首站) → 江苏盐城(盐城末站),,0.21929489312989234
S090,安庆-合肥成品油管道,安庆,合肥,2035,120.0,74.41601937585857,744160.1937585857,0.6201334947988214,中负荷,336.76588265340075,3367658.8265340077,2.8063823554450065,超过设计输量,1,6,2007,安徽安庆 → 安徽合肥,,0.21929489312989234
S052,西南成品油管网（北线）,柳州,桂林,2035,600.0,69.32780469561683,693278.0469561684,0.1155463411593614,低负荷,69.32780469561683,693278.0469561684,0.1155463411593614,低负荷,1,1,2016,柳州 → 桂林,,0.21929489312989234
S018,大港-济南-枣庄成品油管道,德州,济南,2035,285.0,67.83996509333674,678399.6509333673,0.23803496523977805,低负荷,1554.6675941487736,15546675.941487735,5.4549740145571,超过设计输量,4,34,2007,德州分输泵站 → 济南分输站,,0.21929489312989234
S085,上饶-樟树成品油管道,上饶,樟树,2035,,66.69876429763019,666987.6429763021,,无设计输量,132.5631960026134,1325631.9600261343,,无设计输量,1,2,2016,江西上饶 → 江西樟树,,0.21929489312989234
S100,浙赣成品油管道,龙游,樟树,2035,450.0,66.69876429763019,666987.6429763021,0.14821947621695597,低负荷,132.5631960026134,1325631.9600261343,0.29458488000580757,低负荷,1,2,2013,龙游 → 樟树末站/江西樟树,,0.21929489312989234
S084,九江-赣州成品油管道,樟树,赣州,2035,170.0,65.8644317049832,658644.3170498321,0.38743783355872474,低负荷,65.8644317049832,658644.3170498321,0.38743783355872474,低负荷,1,1,2016,樟树站 → 赣州末站,,0.21929489312989234
S116,鲁皖一期管道,徐州,宿州,2035,655.0,64.28321066085115,642832.1066085115,0.0981423063524445,低负荷,64.28321066085115,642832.1066085115,0.0981423063524445,低负荷,1,1,2005,徐州站 → 宿州站,,0.21929489312989234
S039,云南成品油管网（安蒙线）,玉溪,蒙自,2035,115.0,63.86896583862017,638689.6583862017,0.5553823116401754,中负荷,63.86896583862017,638689.6583862017,0.5553823116401754,中负荷,1,1,2017,玉溪 → 蒙自,,0.21929489312989234
S037,云南成品油管网（安保线）,大理,保山,2035,57.0,61.41912239991331,614191.2239991331,1.077528463156374,超过设计输量,61.41912239991331,614191.2239991331,1.077528463156374,超过设计输量,1,1,2017,大理 → 保山,,0.21929489312989234
S030,抚顺-锦州-郑州成品油管道,固安,保定,2035,800.0,60.158244295337624,601582.4429533762,0.07519780536917203,低负荷,1032.8997487224563,10328997.487224562,1.2911246859030703,超过设计输量,3,21,2018,固安 → 保定,,0.21929489312989234
S068,武汉-信阳成品油管道,武汉,信阳,2035,,59.574105943142186,595741.0594314218,,无设计输量,59.574105943142186,595741.0594314218,,无设计输量,1,1,2013,湖北武汉 → 河南信阳,,0.21929489312989234
S138,驻信管道,驻马店,信阳,2035,820.0,59.574105943142186,595741.0594314218,0.072651348711149,低负荷,59.574105943142186,595741.0594314218,0.072651348711149,低负荷,1,1,2013,驻马店 → 信阳,,0.21929489312989234
S118,鲁皖一期管道,枣庄,临沂,2035,655.0,54.50946542404601,545094.6542404601,0.0832205578993069,低负荷,54.50946542404601,545094.6542404601,0.0832205578993069,低负荷,1,1,2005,枣庄站 → 临沂站,,0.21929489312989234
S127,鲁皖二期管道（汤石支线）,邯郸,邢台,2035,820.0,54.033340074624654,540333.4007462466,0.0658943171641764,低负荷,171.2195791885503,1712195.7918855033,0.20880436486408574,低负荷,2,6,2009,邯郸站 → 邢台站,,0.21929489312989234
S071,荆门-荆州成品油管道,荆门,荆州,2035,150.0,53.29507920095813,532950.7920095813,0.3553005280063875,低负荷,53.29507920095813,532950.7920095813,0.3553005280063875,低负荷,1,1,2003,湖北荆门 → 湖北荆州,,0.21929489312989234
S059,珠三角成品油管网,茂名,江门,2035,550.0,52.565571297994055,525655.7129799406,0.09557376599635282,低负荷,52.565571297994055,525655.7129799406,0.09557376599635282,低负荷,1,1,2006,茂名 → 江门,,0.21929489312989234
S119,鲁皖二期管道（东线）,青岛,潍坊,2035,820.0,51.255883720802764,512558.83720802766,0.06250717526927166,低负荷,1578.9852655239642,15789852.655239642,1.9255917872243467,超过设计输量,2,35,2008,青岛站 → 潍坊站,,0.21929489312989234
S137,洛驻管道,漯河,驻马店,2035,820.0,45.50662582486822,455066.2582486822,0.055495885152278324,低负荷,105.08073176801041,1050807.317680104,0.12814723386342733,低负荷,1,2,2007,漯河 → 驻马店,,0.21929489312989234
S055,西南成品油管网（南线）,长坡,大理,2035,800.0,45.3721268557875,453721.26855787507,0.05671515856973437,低负荷,106.79124925570082,1067912.492557008,0.13348906156962603,低负荷,1,2,2012,长坡 → 大理,,0.21929489312989234
S107,福建成品油管道（北线）,泉港,兴闽,2035,220.0,44.828328068422095,448283.28068422095,0.2037651275837368,低负荷,44.828328068422095,448283.28068422095,0.2037651275837368,低负荷,1,1,2010,泉港首站/福建泉州 → 兴闽末站/福建福州,,0.21929489312989234
S019,大港-济南-枣庄成品油管道,济南,济南,2035,285.0,40.90175274772472,409017.52747724723,0.14351492192184112,低负荷,1527.7293818031615,15277293.818031615,5.3604539712391635,超过设计输量,3,33,2007,济南分输站 → 济南清管站,,0.21929489312989234
S020,大港-济南-枣庄成品油管道,济南,兖州,2035,285.0,40.90175274772472,409017.52747724723,0.14351492192184112,低负荷,239.6559111942275,2396559.111942275,0.8408979340148334,高负荷,3,6,2007,济南清管站 → 兖州分输站,,0.21929489312989234
S128,鲁皖二期管道（汤石支线）,邢台,石家庄,2035,820.0,38.79432494305422,387943.2494305422,0.04731015236957832,低负荷,155.9805640569799,1559805.6405697989,0.19022020006948767,低负荷,1,5,2009,邢台站 → 石家庄站,,0.21929489312989234
S078,长岭-郴州成品油管道,耒阳,郴州,2035,100.0,38.57674682868277,385767.46828682773,0.38576746828682773,低负荷,38.57674682868277,385767.46828682773,0.38576746828682773,低负荷,1,1,2014,耒阳站 → 郴州站,,0.21929489312989234
S092,淮蚌支线,淮南,蚌埠,2035,80.0,37.051278893191565,370512.78893191565,0.4631409861648946,低负荷,37.051278893191565,370512.78893191565,0.4631409861648946,低负荷,1,1,2016,安徽淮南 → 安徽蚌埠,,0.21929489312989234
S034,兰成渝成品油管道,兰州,成都,2035,700.0,32.61434466941692,326143.4466941692,0.04659192095630989,低负荷,32.61434466941692,326143.4466941692,0.04659192095630989,低负荷,2,2,2002,兰州 → 成都,,0.21929489312989234
S108,福建成品油管道（南线）,泉港,东孚,2035,380.0,29.05220961276704,290522.09612767043,0.0764531831914922,低负荷,29.05220961276704,290522.09612767043,0.0764531831914922,低负荷,1,1,2013,泉港首站/福建泉州 → 东孚末站/福建厦门,,0.21929489312989234
S091,合六支线,合肥,六安,2035,140.0,28.084199653035625,280841.99653035623,0.2006014260931116,低负荷,28.084199653035625,280841.99653035623,0.2006014260931116,低负荷,1,1,2019,安徽合肥 → 安徽六安,,0.21929489312989234
S031,抚顺-锦州-郑州成品油管道,保定,邯郸,2035,1100.0,27.66391509191146,276639.1509191146,0.025149013719919507,低负荷,1000.4054195190301,10004054.195190301,0.9094594722900274,高负荷,2,20,2018,保定 → 邯郸,,0.21929489312989234
S120,鲁皖二期管道（东线）,潍坊,济南,2035,820.0,26.938212345612015,269382.12345612014,0.03285147847025856,低负荷,1554.6675941487736,15546675.941487735,1.8959360904253335,超过设计输量,1,34,2008,潍坊站 → 济南站,,0.21929489312989234
S093,浙苏成品油管道,嘉兴(陈山,湖州(湖州,2035,510.0,21.51051171053999,215105.1171053999,0.042177473942235276,低负荷,21.51051171053999,215105.1171053999,0.042177473942235276,低负荷,1,1,2007,浙江嘉兴(陈山首站) → 浙江湖州(湖州末站),,0.21929489312989234
S080,湘株支线,湘潭,株洲,2035,350.0,19.98156237786815,199815.6237786815,0.057090178222480435,低负荷,19.98156237786815,199815.6237786815,0.057090178222480435,低负荷,1,1,2008,湖南湘潭 → 湖南株洲,,0.21929489312989234
S022,大港-济南-枣庄成品油管道,兖州,肥城,2035,285.0,14.952237720593946,149522.37720593947,0.05246399200208402,低负荷,213.70639616709673,2137063.9616709673,0.7498470040950762,中负荷,2,5,2007,兖州分输站 → 肥城分输泵站,,0.21929489312989234
S023,大港-济南-枣庄成品油管道,肥城,枣庄,2035,285.0,14.952237720593946,149522.37720593947,0.05246399200208402,低负荷,213.70639616709673,2137063.9616709673,0.7498470040950762,中负荷,1,4,2007,肥城分输泵站 → 枣庄末站,,0.21929489312989234
S024,呼和浩特-包头-鄂尔多斯成品油管道,呼和浩特,包头,2035,200.0,13.175389669154148,131753.8966915415,0.06587694834577074,低负荷,13.175389669154148,131753.8966915415,0.06587694834577074,低负荷,2,2,2014,呼和浩特 → 包头,,0.21929489312989234
S033,吉林石化-长春成品油管道,吉林,长春,2035,245.0,8.561639615907323,85616.39615907324,0.03494546782002989,低负荷,8.561639615907323,85616.39615907324,0.03494546782002989,低负荷,1,1,2014,吉林 → 长春,,0.21929489312989234
S025,呼和浩特-包头-鄂尔多斯成品油管道,包头,鄂尔多斯,2035,200.0,8.393687688097264,83936.87688097266,0.041968438440486325,低负荷,8.393687688097264,83936.87688097266,0.041968438440486325,低负荷,1,1,2014,包头 → 鄂尔多斯,,0.21929489312989234
S001,西部成品油管道,乌鲁木齐,哈密,2035,1000.0,5.576974861560694,55769.74861560694,0.005576974861560694,低负荷,1013.2268452872378,10132268.452872379,1.0132268452872377,超过设计输量,6,22,2006,乌鲁木齐首站 → 哈密站,,0.21929489312989234
S002,西部成品油管道,哈密,柳园,2035,1000.0,5.576974861560694,55769.74861560694,0.005576974861560694,低负荷,1013.2268452872378,10132268.452872379,1.0132268452872377,超过设计输量,5,21,2006,哈密站 → 柳园站,,0.21929489312989234
S003,西部成品油管道,柳园,酒泉,2035,1000.0,5.522091904667338,55220.919046673385,0.005522091904667338,低负荷,1013.1719623303445,10131719.623303445,1.0131719623303446,超过设计输量,4,20,2006,柳园站 → 酒泉站,,0.21929489312989234
S004,西部成品油管道,酒泉,张掖,2035,1000.0,5.522091904667338,55220.919046673385,0.005522091904667338,低负荷,1013.1719623303445,10131719.623303445,1.0131719623303446,超过设计输量,3,19,2006,酒泉站 → 张掖站,,0.21929489312989234
S005,西部成品油管道,张掖,武威,2035,1000.0,5.473195889633922,54731.958896339216,0.005473195889633921,低负荷,1013.123066315311,10131230.66315311,1.013123066315311,超过设计输量,2,18,2006,张掖站 → 武威站,,0.21929489312989234
S021,银巴线,银川,巴彦淖尔,2035,240.0,1.9301133631421077,19301.133631421075,0.008042139013092116,低负荷,1.9301133631421077,19301.133631421075,0.008042139013092116,低负荷,1,1,2017,银川 → 巴音淖尔,,0.21929489312989234
S006,西部成品油管道,武威,兰州,2035,1000.0,1.8820936685443763,18820.93668544376,0.0018820936685443764,低负荷,1009.5319640942215,10095319.640942216,1.0095319640942215,超过设计输量,1,17,2006,武威站 → 兰州末站,,0.21929489312989234
S007,独山子-703泵站-乌鲁木齐成品油管道,独山子,703,2035,100.0,0.0,0.0,0.0,低负荷,1013.2268452872378,10132268.452872379,10.132268452872378,超过设计输量,2,24,1998,独山子 → 703泵站,,0.21929489312989234
S008,独山子-703泵站-乌鲁木齐成品油管道,703,乌鲁木齐,2035,100.0,0.0,0.0,0.0,低负荷,1013.2268452872378,10132268.452872379,10.132268452872378,超过设计输量,1,23,1998,703泵站 → 乌鲁木齐,,0.21929489312989234
S009,独山子-乌鲁木齐成品油管道,独山子,王家沟,2035,520.0,0.0,0.0,0.0,低负荷,0.0,0.0,0.0,低负荷,1,1,2004,独山子 → 王家沟,,0.21929489312989234
S010,克拉玛依-乌鲁木齐成品油管道,克拉玛依,王家沟,2035,160.0,0.0,0.0,0.0,低负荷,0.0,0.0,0.0,低负荷,1,1,1996,克拉玛依 → 王家沟首站,,0.21929489312989234
S011,克拉玛依-乌鲁木齐成品油管道（复线）,克拉玛依,王家沟,2035,400.0,0.0,0.0,0.0,低负荷,0.0,0.0,0.0,低负荷,1,1,2009,克拉玛依 → 王家沟首站,,0.21929489312989234
S032,抚顺-锦州-郑州成品油管道,邯郸,郑州,2035,800.0,0.0,0.0,0.0,低负荷,801.5219252385683,8015219.252385682,1.0019024065482105,超过设计输量,1,13,2018,邯郸 → 郑州,,0.21929489312989234
S035,兰成渝成品油管道,成都,重庆,2035,350.0,0.0,0.0,0.0,低负荷,0.0,0.0,0.0,低负荷,1,1,2002,成都 → 重庆,,0.21929489312989234
S042,云南成品油管网（安曲线）,寻甸,昆明,2035,168.0,0.0,0.0,0.0,低负荷,0.0,0.0,0.0,低负荷,1,1,2017,寻甸 → 昆明,,0.21929489312989234
S049,西南成品油管网（北线）,江津,重庆,2035,800.0,0.0,0.0,0.0,低负荷,0.0,0.0,0.0,低负荷,1,1,2005,江津 → 重庆,,0.21929489312989234
S050,西南成品油管网（北线）,柳州,柳库,2035,500.0,0.0,0.0,0.0,低负荷,0.0,0.0,0.0,低负荷,1,1,2006,柳州 → 柳库,,0.21929489312989234
S051,西南成品油管网（北线）,贵阳,简阳,2035,600.0,0.0,0.0,0.0,低负荷,0.0,0.0,0.0,低负荷,1,1,2016,贵阳 → 简阳,,0.21929489312989234
S056,西南成品油管网（南线）,南宁,黎塘,2035,800.0,0.0,0.0,0.0,低负荷,0.0,0.0,0.0,低负荷,1,1,2012,南宁 → 黎塘,,0.21929489312989234
S058,西南成品油管网（南线）,秋田冲,昆东,2035,800.0,0.0,0.0,0.0,低负荷,0.0,0.0,0.0,低负荷,1,1,2012,秋田冲 → 昆东,,0.21929489312989234
S060,珠三角成品油管网,南沙,南海,2035,250.0,0.0,0.0,0.0,低负荷,0.0,0.0,0.0,低负荷,1,1,2006,南沙 → 南海,,0.21929489312989234
S061,珠三角成品油管网,三水,花都,2035,250.0,0.0,0.0,0.0,低负荷,0.0,0.0,0.0,低负荷,1,1,2006,三水 → 花都,,0.21929489312989234
S062,珠三角成品油管网,南沙,斗门,2035,100.0,0.0,0.0,0.0,低负荷,0.0,0.0,0.0,低负荷,1,1,2006,南沙 → 斗门,,0.21929489312989234
S063,珠三角成品油管网,北沙,珠海,2035,100.0,0.0,0.0,0.0,低负荷,0.0,0.0,0.0,低负荷,1,1,2006,北沙 → 珠海,,0.21929489312989234
S066,珠三角成品油管网,大鹏湾,妈湾,2035,250.0,0.0,0.0,0.0,低负荷,0.0,0.0,0.0,低负荷,1,1,2006,大鹏湾 → 妈湾,,0.21929489312989234
S069,156支线,广水,广水武胜关镇,2035,10.0,0.0,0.0,0.0,低负荷,0.0,0.0,0.0,低负荷,1,1,2014,湖北广水 → 湖北广水武胜关镇,,0.21929489312989234
S096,苏北成品油管道,南京(扬子,徐州(新沂,2035,545.0,0.0,0.0,0.0,低负荷,0.0,0.0,0.0,低负荷,1,1,2015,江苏南京(扬子首站) → 江苏徐州(新沂末站),,0.21929489312989234
S102,绍杭成品油管道,绍兴,萧山,2035,500.0,0.0,0.0,0.0,低负荷,0.0,0.0,0.0,低负荷,1,1,2016,绍兴首站/浙江绍兴 → 萧山站/浙江萧山,,0.21929489312989234
S106,甬台温成品油管道,灵昆,瑞安,2035,460.0,0.0,0.0,0.0,低负荷,0.0,0.0,0.0,低负荷,1,1,2018,灵昆分输站 → 瑞安末站/浙江温州,,0.21929489312989234
S109,福建成品油管道（南线）,泉港,石湖山,2035,380.0,0.0,0.0,0.0,低负荷,0.0,0.0,0.0,低负荷,1,1,2013,泉港首站/福建泉州 → 石湖山末站/福建厦门,,0.21929489312989234
S117,鲁皖一期管道,曲阜,济宁,2035,655.0,0.0,0.0,0.0,低负荷,0.0,0.0,0.0,低负荷,1,1,2005,曲阜站 → 济宁站,,0.21929489312989234
S125,鲁皖二期管道（汤郑支线）,新乡,郑州,2035,820.0,0.0,0.0,0.0,低负荷,801.5219252385683,8015219.252385682,0.9774657624860589,高负荷,1,13,2010,新乡站 → 郑州站,,0.21929489312989234
S139,南武管道,南疆(天津,武清,2035,155.0,0.0,0.0,0.0,低负荷,0.0,0.0,0.0,低负荷,1,1,2018,南疆(天津) → 武清,,0.21929489312989234
S140,格拉成品油管道,格尔木,拉萨,2035,130.0,0.0,0.0,0.0,低负荷,0.0,0.0,0.0,低负荷,1,1,1976,格尔木 → 拉萨,,0.21929489312989234
S045,西南成品油管网（北线）,湛江,茂名,2040,500.0,508.5401342479379,5085401.342479379,1.0170802684958757,超过设计输量,555.9120043481703,5559120.043481704,1.1118240086963405,超过设计输量,7,8,2006,湛江 → 茂名,,0.21929489312989234
S012,兰郑长成品油管道,兰州,咸阳,2040,1000.0,453.1108475609132,4531108.475609132,0.4531108475609132,低负荷,1009.813099205285,10098130.99205285,1.009813099205285,超过设计输量,4,14,2009,兰州 → 咸阳,,0.21929489312989234
S133,洛驻管道,洛阳,巩义,2040,820.0,432.6513727527693,4326513.727527693,0.5276236253082552,中负荷,1010.2206289725335,10102206.289725335,1.2319763767957725,超过设计输量,5,14,2007,洛阳 → 巩义,,0.21929489312989234
S046,西南成品油管网（北线）,茂名,柳州,2040,800.0,416.99643566348834,4169964.356634883,0.5212455445793605,中负荷,416.99643566348834,4169964.356634883,0.5212455445793605,中负荷,6,6,2005,茂名 → 柳州,,0.21929489312989234
S026,抚顺-锦州-郑州成品油管道,抚顺,辽阳,2040,600.0,377.32962953323715,3773296.2953323717,0.6288827158887286,中负荷,1359.9582584784523,13599582.584784523,2.266597097464087,超过设计输量,7,25,2018,抚顺 → 辽阳,,0.21929489312989234
S027,抚顺-锦州-郑州成品油管道,辽阳,辽河,2040,600.0,374.36594358679423,3743659.4358679424,0.6239432393113237,中负荷,1356.9945725320094,13569945.725320093,2.2616576208866825,超过设计输量,6,24,2018,辽阳 → 辽河,,0.21929489312989234
S028,抚顺-锦州-郑州成品油管道,辽河,锦州,2040,750.0,371.11698847535087,3711169.8847535085,0.4948226513004678,低负荷,1353.745617420566,13537456.174205659,1.8049941565607548,超过设计输量,5,23,2018,辽河 → 锦州,,0.21929489312989234
S029,抚顺-锦州-郑州成品油管道,锦州,固安,2040,1300.0,355.70057621472625,3557005.7621472627,0.27361582785748173,低负荷,1338.3292051599415,13383292.051599413,1.0294840039691857,超过设计输量,4,22,2018,锦州 → 固安,,0.21929489312989234
S094,浙苏成品油管道,嘉兴(陈山,苏州(苏州,2040,510.0,337.5574072880887,3375574.072880887,0.6618772691923308,中负荷,337.5574072880887,3375574.072880887,0.6618772691923308,中负荷,1,1,2007,浙江嘉兴(陈山首站) → 江苏苏州(苏州末站),,0.21929489312989234
S098,苏南成品油管道,南京(南京,苏州(苏州,2040,580.0,337.5574072880887,3375574.072880887,0.5819955298070495,中负荷,337.5574072880887,3375574.072880887,0.5819955298070495,中负荷,1,1,2010,江苏南京(南京首站) → 江苏苏州(苏州末站),,0.21929489312989234
S047,西南成品油管网（北线）,柳州,贵阳,2040,800.0,291.6142080081191,2916142.080081191,0.36451776001014885,低负荷,291.6142080081191,2916142.080081191,0.36451776001014885,低负荷,3,3,2005,柳州 → 贵阳,,0.21929489312989234
S053,西南成品油管网（南线）,东海岛,南宁,2040,800.0,284.40034104059635,2844003.410405963,0.3555004263007454,低负荷,631.4797604634422,6314797.604634423,0.7893497005793028,中负荷,5,11,2012,东海岛 → 南宁,,0.21929489312989234
S110,鲁皖一期管道,齐鲁,淄博,2040,655.0,283.6698091644599,2836698.0916445986,0.4330836781136792,低负荷,1582.2127091843477,15822127.091843477,2.4155919224188516,超过设计输量,9,35,2005,齐鲁站 → 淄博站,,0.21929489312989234
S013,兰郑长成品油管道,咸阳,郑州,2040,1500.0,279.05407166433525,2790540.716643352,0.1860360477762235,低负荷,835.7563233087069,8357563.233087068,0.5571708822058046,中负荷,3,13,2009,咸阳 → 郑州,,0.21929489312989234
S014,兰郑长成品油管道,郑州,武汉,2040,1000.0,279.05407166433525,2790540.716643352,0.27905407166433527,低负荷,577.5692562197642,5775692.5621976415,0.5775692562197642,中负荷,2,9,2009,郑州 → 武汉,,0.21929489312989234
S086,安庆-亳州成品油管道,安庆,合肥,2040,410.0,264.22498710665434,2642249.8710665433,0.6444511880650106,中负荷,326.02093753422565,3260209.3753422564,0.7951730183761602,中负荷,4,6,2016,安徽安庆 → 安徽合肥,,0.21929489312989234
S134,洛驻管道,巩义,郑州,2040,820.0,258.1870670889428,2581870.670889428,0.3148622769377351,低负荷,835.7563233087069,8357563.233087068,1.0192150284252524,超过设计输量,4,13,2007,巩义 → 郑州,,0.21929489312989234
S135,洛驻管道,郑州,许昌,2040,820.0,258.1870670889428,2581870.670889428,0.3148622769377351,低负荷,319.6067315238684,3196067.3152386844,0.38976430673642487,低负荷,3,4,2007,郑州 → 许昌,,0.21929489312989234
S081,九江-赣州成品油管道,九江,南昌,2040,330.0,257.1270452459819,2571270.452459819,0.7791728643817633,中负荷,257.1270452459819,2571270.452459819,0.7791728643817633,中负荷,4,4,2016,九江首站 → 南昌分输泵站,,0.21929489312989234
S111,鲁皖一期管道,淄博,济南,2040,655.0,244.8957075166482,2448957.075166482,0.37388657636129496,低负荷,1543.438607536536,15434386.07536536,2.356394820666467,超过设计输量,8,34,2005,淄博站 → 济南站,,0.21929489312989234
S072,长岭-郴州成品油管道,长岭,七里山,2040,600.0,242.16208974662106,2421620.8974662106,0.4036034829110351,低负荷,358.4065445616778,3584065.4456167775,0.5973442409361296,中负荷,7,9,2014,长岭库站 → 七里山站,,0.21929489312989234
S073,长岭-郴州成品油管道,七里山,汨罗,2040,560.0,221.02553948955912,2210255.3948955913,0.3946884633742127,低负荷,337.2699943046158,3372699.943046158,0.6022678469725282,中负荷,6,8,2014,七里山站 → 汨罗站,,0.21929489312989234
S074,长岭-郴州成品油管道,汨罗,长沙,2040,538.0,221.02553948955912,2210255.3948955913,0.4108281403151657,低负荷,337.2699943046158,3372699.943046158,0.6268959001944532,中负荷,5,7,2014,汨罗站 → 长沙站,,0.21929489312989234
S112,鲁皖一期管道,济南,泰安,2040,655.0,219.33058050105026,2193305.8050105027,0.3348558480932065,低负荷,219.33058050105026,2193305.8050105027,0.3348558480932065,低负荷,7,7,2005,济南站 → 泰安站,,0.21929489312989234
S064,珠三角成品油管网,黄埔,南沙,2040,300.0,204.27920385160579,2042792.038516058,0.6809306795053526,中负荷,204.27920385160579,2042792.038516058,0.6809306795053526,中负荷,3,3,2006,黄埔 → 南沙,,0.21929489312989234
S043,钦南柳成品油管道,钦州,南宁,2040,500.0,204.0971739714944,2040971.739714944,0.4081943479429888,低负荷,631.4797604634422,6314797.604634423,1.2629595209268845,超过设计输量,2,11,2018,钦州 → 南宁,,0.21929489312989234
S113,鲁皖一期管道,泰安,曲阜,2040,655.0,199.73700484781827,1997370.0484781824,0.3049419921340737,低负荷,199.73700484781827,1997370.0484781824,0.3049419921340737,低负荷,6,6,2005,泰安站 → 曲阜站,,0.21929489312989234
S114,鲁皖一期管道,曲阜,枣庄,2040,655.0,199.73700484781827,1997370.0484781824,0.3049419921340737,低负荷,199.73700484781827,1997370.0484781824,0.3049419921340737,低负荷,4,4,2005,曲阜站 → 枣庄站,,0.21929489312989234
S103,甬台温成品油管道,算山,宁海,2040,460.0,192.71476863876387,1927147.686387639,0.41894514921470405,低负荷,192.71476863876387,1927147.686387639,0.41894514921470405,低负荷,4,4,2018,算山首站/浙江宁波 → 宁海分输站,,0.21929489312989234
S087,安庆-亳州成品油管道,合肥,淮南,2040,270.0,192.5076390466613,1925076.390466613,0.7129912557283752,中负荷,227.86455252465956,2278645.525246596,0.8439427871283688,高负荷,3,4,2016,安徽合肥 → 安徽淮南,,0.21929489312989234
S065,珠三角成品油管网,黄埔,惠州,2040,350.0,181.6176568564326,1816176.568564326,0.5189075910183789,中负荷,181.6176568564326,1816176.568564326,0.5189075910183789,中负荷,2,2,2006,黄埔 → 惠州,,0.21929489312989234
S121,鲁皖二期管道（西线）,济南,聊城,2040,820.0,164.48560762905302,1644856.0762905302,0.2005922044256744,低负荷,1274.1541428311953,12741541.428311955,1.5538465156477992,超过设计输量,3,24,2009,济南站 → 聊城站,,0.21929489312989234
S088,安庆-亳州成品油管道,淮南,阜阳,2040,140.0,156.90091443877844,1569009.1443877842,1.120720817419846,超过设计输量,156.90091443877844,1569009.1443877842,1.120720817419846,超过设计输量,2,2,2016,安徽淮南 → 安徽阜阳,,0.21929489312989234
S136,洛驻管道,许昌,漯河,2040,820.0,154.71556619797778,1547155.661979778,0.18867751975363145,低负荷,216.13523063290341,2161352.3063290343,0.2635795495523212,低负荷,2,3,2007,许昌 → 漯河,,0.21929489312989234
S122,鲁皖二期管道（西线）,聊城,濮阳,2040,820.0,148.43908338621532,1484390.8338621533,0.1810232724222138,低负荷,1258.1076185883578,12581076.185883578,1.5342775836443387,超过设计输量,2,23,2009,聊城站 → 濮阳站,,0.21929489312989234
S054,西南成品油管网（南线）,南宁,长坡,2040,800.0,148.12087421595072,1481208.7421595072,0.1851510927699384,低负荷,192.9032255688143,1929032.255688143,0.24112903196101787,低负荷,3,4,2012,南宁 → 长坡,,0.21929489312989234
S082,九江-赣州成品油管道,南昌,吉安长塘,2040,240.0,146.4603132896768,1464603.1328967682,0.6102513053736534,中负荷,146.4603132896768,1464603.1328967682,0.6102513053736534,中负荷,3,3,2016,南昌分输泵站 → 吉安长塘站,,0.21929489312989234
S115,鲁皖一期管道,枣庄,徐州,2040,655.0,134.98651653784287,1349865.1653784288,0.20608628479059982,低负荷,134.98651653784287,1349865.1653784288,0.20608628479059982,低负荷,2,2,2005,枣庄站 → 徐州站,,0.21929489312989234
S104,甬台温成品油管道,宁海,临海,2040,460.0,133.34635905368165,1333463.5905368167,0.289883389247134,低负荷,133.34635905368165,1333463.5905368167,0.289883389247134,低负荷,3,3,2018,宁海分输站 → 临海分输泵站,,0.21929489312989234
S067,珠三角成品油管网,惠州,梅州,2040,120.0,130.9327548594499,1309327.548594499,1.0911062904954156,超过设计输量,130.9327548594499,1309327.548594499,1.0911062904954156,超过设计输量,1,1,2015,惠州 → 梅州,,0.21929489312989234
S070,荆门-襄阳成品油管道,荆门,襄阳,2040,350.0,125.43150964524268,1254315.0964524269,0.35837574184355053,低负荷,125.43150964524268,1254315.0964524269,0.35837574184355053,低负荷,1,1,2019,湖北荆门 → 湖北襄阳,,0.21929489312989234
S095,苏北成品油管道,南京(扬子,泰州(泰州,2040,545.0,124.39053161426067,1243905.3161426068,0.22823950754910213,低负荷,124.39053161426067,1243905.3161426068,0.22823950754910213,低负荷,1,1,2015,江苏南京(扬子首站) → 江苏泰州(泰州末站),,0.21929489312989234
S075,长岭-郴州成品油管道,长沙,湘潭,2040,385.0,120.85106530544655,1208510.6530544653,0.3138988709232378,低负荷,237.09552012050324,2370955.2012050324,0.6158325197935149,中负荷,4,6,2014,长沙站 → 湘潭站,,0.21929489312989234
S083,九江-赣州成品油管道,吉安长塘,樟树,2040,274.0,119.53312481086215,1195331.2481086212,0.4362522803316137,低负荷,119.53312481086215,1195331.2481086212,0.4362522803316137,低负荷,2,2,2016,吉安长塘站 → 樟树站,,0.21929489312989234
S099,浙赣成品油管道,算山,龙游,2040,760.0,117.14417262560741,1171441.726256074,0.15413706924422027,低负荷,176.25106649495146,1762510.6649495142,0.23190929801967297,低负荷,2,3,2013,算山首站/浙江宁波 → 龙游,,0.21929489312989234
S040,云南成品油管网（安曲线）,安宁,寻甸,2040,323.0,114.699367593506,1146993.67593506,0.3551064012182848,低负荷,114.699367593506,1146993.67593506,0.3551064012182848,低负荷,3,3,2017,安宁 → 寻甸,,0.21929489312989234
S041,云南成品油管网（安曲线）,寻甸,曲靖,2040,155.0,114.699367593506,1146993.67593506,0.7399959199581032,中负荷,114.699367593506,1146993.67593506,0.7399959199581032,中负荷,1,1,2017,寻甸 → 曲靖,,0.21929489312989234
S048,西南成品油管网（北线）,贵阳,曲靖,2040,800.0,114.699367593506,1146993.67593506,0.1433742094918825,低负荷,114.699367593506,1146993.67593506,0.1433742094918825,低负荷,1,1,2005,贵阳 → 曲靖,,0.21929489312989234
S057,西南成品油管网（南线）,长坡,曲靖,2040,800.0,114.699367593506,1146993.67593506,0.1433742094918825,低负荷,114.699367593506,1146993.67593506,0.1433742094918825,低负荷,1,1,2012,长坡 → 曲靖,,0.21929489312989234
S076,长岭-郴州成品油管道,湘潭,衡阳,2040,220.0,104.85572934722634,1048557.2934722633,0.4766169515783016,低负荷,104.85572934722634,1048557.2934722633,0.4766169515783016,低负荷,3,3,2014,湘潭站 → 衡阳站,,0.21929489312989234
S077,长岭-郴州成品油管道,衡阳,耒阳,2040,136.0,104.85572934722634,1048557.2934722633,0.770998009906076,中负荷,104.85572934722634,1048557.2934722633,0.770998009906076,中负荷,2,2,2014,衡阳站 → 耒阳站,,0.21929489312989234
S016,大港-济南-枣庄成品油管道,大港,沧州,2040,285.0,103.93607560191552,1039360.7560191553,0.3646879845681246,低负荷,1583.302269748785,15833022.69748785,5.555446560522053,超过设计输量,6,36,2007,大港首站 → 沧州清管站,,0.21929489312989234
S124,鲁皖二期管道（汤郑支线）,汤阴,新乡,2040,820.0,100.26083739180741,1002608.3739180743,0.12226931389244806,低负荷,936.0171607005143,9360171.607005144,1.1414843423177004,超过设计输量,2,14,2010,汤阴站 → 新乡站,,0.21929489312989234
S015,兰郑长成品油管道,武汉,长沙,2040,500.0,100.17447418411258,1001744.7418411258,0.20034894836822517,低负荷,337.2699943046158,3372699.943046158,0.6745399886092316,中负荷,1,7,2009,武汉 → 长沙,,0.21929489312989234
S129,石太管道,石家庄,高庄,2040,820.0,94.31881927722443,943188.1927722446,0.11502295033807858,低负荷,94.31881927722443,943188.1927722446,0.11502295033807858,低负荷,4,4,2007,石家庄 → 高庄,,0.21929489312989234
S130,石太管道,高庄,阳泉,2040,820.0,94.31881927722443,943188.1927722446,0.11502295033807858,低负荷,94.31881927722443,943188.1927722446,0.11502295033807858,低负荷,3,3,2007,高庄 → 阳泉,,0.21929489312989234
S105,甬台温成品油管道,临海,灵昆,2040,460.0,94.27724374864482,942772.4374864483,0.2049505298883583,低负荷,94.27724374864482,942772.4374864483,0.2049505298883583,低负荷,2,2,2018,临海分输泵站 → 灵昆分输站,,0.21929489312989234
S079,湘娄支线,湘潭,娄底,2040,250.0,92.13595417029184,921359.5417029185,0.36854381668116737,低负荷,92.13595417029184,921359.5417029185,0.36854381668116737,低负荷,1,1,2014,湖南湘潭 → 湖南娄底,,0.21929489312989234
S017,大港-济南-枣庄成品油管道,沧州,德州,2040,285.0,89.75323015062723,897532.3015062724,0.31492361456360435,低负荷,1569.1194242974966,15691194.242974965,5.505682190517532,超过设计输量,5,35,2007,沧州清管站 → 德州分输泵站,,0.21929489312989234
S089,安庆-亳州成品油管道,阜阳,亳州,2040,140.0,89.30639271614828,893063.9271614827,0.6379028051153449,中负荷,89.30639271614828,893063.9271614827,0.6379028051153449,中负荷,1,1,2016,安徽阜阳 → 安徽亳州,,0.21929489312989234
S123,鲁皖二期管道（西线）,濮阳,汤阴,2040,820.0,86.12497077676106,861249.7077676106,0.10503045216678178,低负荷,1195.7935059789033,11957935.059789035,1.4582847633889064,超过设计输量,1,22,2009,濮阳站 → 汤阴站,,0.21929489312989234
S131,石太管道,阳泉,晋中,2040,820.0,83.87868820359293,838786.8820359292,0.10229108317511333,低负荷,83.87868820359293,838786.8820359292,0.10229108317511333,低负荷,2,2,2007,阳泉 → 晋中,,0.21929489312989234
S038,云南成品油管网（安蒙线）,安宁,玉溪,2040,225.0,79.77759658827286,797775.9658827285,0.3545670959478794,低负荷,79.77759658827286,797775.9658827285,0.3545670959478794,低负荷,2,2,2017,安宁 → 玉溪,,0.21929489312989234
S126,鲁皖二期管道（汤石支线）,汤阴,邯郸,2040,820.0,79.33255522440362,793325.5522440362,0.09674701856634588,低负荷,1009.4076978103351,10094076.978103349,1.230984997329677,超过设计输量,3,20,2009,汤阴站 → 邯郸站,,0.21929489312989234
S036,云南成品油管网（安保线）,安宁,大理,2040,173.0,78.20385797530831,782038.579753083,0.4520454218225914,低负荷,78.20385797530831,782038.579753083,0.4520454218225914,低负荷,2,2,2017,安宁 → 大理,,0.21929489312989234
S097,苏北成品油管道,南京(扬子,盐城(盐城,2040,545.0,71.8852758232752,718852.758232752,0.13189958866655999,低负荷,71.8852758232752,718852.758232752,0.13189958866655999,低负荷,1,1,2015,江苏南京(扬子首站) → 江苏盐城(盐城末站),,0.21929489312989234
S090,安庆-合肥成品油管道,安庆,合肥,2040,120.0,71.71734805999303,717173.4805999302,0.5976445671666085,中负荷,326.02093753422565,3260209.3753422564,2.716841146118547,超过设计输量,1,6,2007,安徽安庆 → 安徽合肥,,0.21929489312989234
S132,石太管道,晋中,太原,2040,820.0,71.0540257188792,710540.2571887921,0.08665125087668195,低负荷,71.0540257188792,710540.2571887921,0.08665125087668195,低负荷,1,1,2007,晋中 → 太原,,0.21929489312989234
S101,浙赣成品油管道,诸暨,桐庐,2040,135.0,69.80683392905101,698068.33929051,0.5170876587337112,中负荷,69.80683392905101,698068.33929051,0.5170876587337112,中负荷,1,1,2013,诸暨 → 桐庐,,0.21929489312989234
S044,钦南柳成品油管道,南宁,柳州,2040,300.0,67.81770714684879,678177.0714684881,0.2260590238228293,低负荷,416.99643566348834,4169964.356634883,1.3899881188782945,超过设计输量,1,6,2018,南宁 → 柳州,,0.21929489312989234
S018,大港-济南-枣庄成品油管道,德州,济南,2040,285.0,64.07241338966664,640724.1338966663,0.22481548557777767,低负荷,1543.438607536536,15434386.07536536,5.415574061531705,超过设计输量,4,34,2007,德州分输泵站 → 济南分输站,,0.21929489312989234
S068,武汉-信阳成品油管道,武汉,信阳,2040,,61.41966443492564,614196.6443492564,,无设计输量,61.41966443492564,614196.6443492564,,无设计输量,1,1,2013,湖北武汉 → 河南信阳,,0.21929489312989234
S138,驻信管道,驻马店,信阳,2040,820.0,61.41966443492564,614196.6443492564,0.0749020297986898,低负荷,61.41966443492564,614196.6443492564,0.0749020297986898,低负荷,1,1,2013,驻马店 → 信阳,,0.21929489312989234
S116,鲁皖一期管道,徐州,宿州,2040,655.0,60.914412820116254,609144.1282011626,0.09299910354216222,低负荷,60.914412820116254,609144.1282011626,0.09299910354216222,低负荷,1,1,2005,徐州站 → 宿州站,,0.21929489312989234
S085,上饶-樟树成品油管道,上饶,樟树,2040,,60.42623094151812,604262.3094151812,,无设计输量,119.53312481086215,1195331.2481086212,,无设计输量,1,2,2016,江西上饶 → 江西樟树,,0.21929489312989234
S100,浙赣成品油管道,龙游,樟树,2040,450.0,60.42623094151812,604262.3094151812,0.1342805132033736,低负荷,119.53312481086215,1195331.2481086212,0.26562916624636035,低负荷,1,2,2013,龙游 → 樟树末站/江西樟树,,0.21929489312989234
S084,九江-赣州成品油管道,樟树,赣州,2040,170.0,59.10689386934402,591068.9386934402,0.3476876109961413,低负荷,59.10689386934402,591068.9386934402,0.3476876109961413,低负荷,1,1,2016,樟树站 → 赣州末站,,0.21929489312989234
S030,抚顺-锦州-郑州成品油管道,固安,保定,2040,800.0,58.23678300662599,582367.83006626,0.07279597875828249,低负荷,1040.8654119518412,10408654.11951841,1.3010817649398014,超过设计输量,3,21,2018,固安 → 保定,,0.21929489312989234
S052,西南成品油管网（北线）,柳州,桂林,2040,600.0,57.56452050852046,575645.2050852046,0.09594086751420076,低负荷,57.56452050852046,575645.2050852046,0.09594086751420076,低负荷,1,1,2016,柳州 → 桂林,,0.21929489312989234
S127,鲁皖二期管道（汤石支线）,邯郸,邢台,2040,820.0,52.55348635928375,525534.8635928376,0.06408961751132165,低负荷,146.8723056365082,1468723.056365082,0.17911256784940024,低负荷,2,6,2009,邯郸站 → 邢台站,,0.21929489312989234
S118,鲁皖一期管道,枣庄,临沂,2040,655.0,50.63195912459911,506319.5912459911,0.07730070095358643,低负荷,50.63195912459911,506319.5912459911,0.07730070095358643,低负荷,1,1,2005,枣庄站 → 临沂站,,0.21929489312989234
S119,鲁皖二期管道（东线）,青岛,潍坊,2040,820.0,48.38311059688082,483831.1059688082,0.059003793410830264,低负荷,1566.256591117819,15662565.91117819,1.9100690135583158,超过设计输量,2,35,2008,青岛站 → 潍坊站,,0.21929489312989234
S059,珠三角成品油管网,茂名,江门,2040,550.0,47.3718701002325,473718.701002325,0.08613067290951364,低负荷,47.3718701002325,473718.701002325,0.08613067290951364,低负荷,1,1,2006,茂名 → 江门,,0.21929489312989234
S137,洛驻管道,漯河,驻马店,2040,820.0,46.82012798386761,468201.279838676,0.05709771705349708,低负荷,108.23979241879324,1082397.9241879324,0.13199974685218688,低负荷,1,2,2007,漯河 → 驻马店,,0.21929489312989234
S039,云南成品油管网（安蒙线）,玉溪,蒙自,2040,115.0,46.34070292184294,463407.02921842935,0.4029626341029821,低负荷,46.34070292184294,463407.02921842935,0.4029626341029821,低负荷,1,1,2017,玉溪 → 蒙自,,0.21929489312989234
S071,荆门-荆州成品油管道,荆门,荆州,2040,150.0,46.01478621337097,460147.8621337097,0.30676524142247313,低负荷,46.01478621337097,460147.8621337097,0.30676524142247313,低负荷,1,1,2003,湖北荆门 → 湖北荆州,,0.21929489312989234
S037,云南成品油管网（安保线）,大理,保山,2040,57.0,44.78235135286357,447823.51352863567,0.7856552868923433,中负荷,44.78235135286357,447823.51352863567,0.7856552868923433,中负荷,1,1,2017,大理 → 保山,,0.21929489312989234
S078,长岭-郴州成品油管道,耒阳,郴州,2040,100.0,40.14167833112432,401416.7833112432,0.4014167833112432,低负荷,40.14167833112432,401416.7833112432,0.4014167833112432,低负荷,1,1,2014,耒阳站 → 郴州站,,0.21929489312989234
S019,大港-济南-枣庄成品油管道,济南,济南,2040,285.0,38.50728637406869,385072.8637406869,0.13511328552304805,低负荷,1517.873480520938,15178734.80520938,5.325871861476975,超过设计输量,3,33,2007,济南分输站 → 济南清管站,,0.21929489312989234
S020,大港-济南-枣庄成品油管道,济南,兖州,2040,285.0,38.50728637406869,385072.8637406869,0.13511328552304805,低负荷,224.12576203651068,2241257.620365107,0.786406182584248,中负荷,3,6,2007,济南清管站 → 兖州分输站,,0.21929489312989234
S107,福建成品油管道（北线）,泉港,兴闽,2040,220.0,38.17977702978413,381797.7702978413,0.1735444410444733,低负荷,38.17977702978413,381797.7702978413,0.1735444410444733,低负荷,1,1,2010,泉港首站/福建泉州 → 兴闽末站/福建福州,,0.21929489312989234
S128,鲁皖二期管道（汤石支线）,邢台,石家庄,2040,820.0,37.79215136314572,377921.51363145723,0.04608798946725088,低负荷,132.11097064037017,1321109.7064037018,0.16111093980532948,低负荷,1,5,2009,邢台站 → 石家庄站,,0.21929489312989234
S092,淮蚌支线,淮南,蚌埠,2040,80.0,35.35691347799828,353569.13477998285,0.44196141847497855,低负荷,35.35691347799828,353569.13477998285,0.44196141847497855,低负荷,1,1,2016,安徽淮南 → 安徽蚌埠,,0.21929489312989234
S055,西南成品油管网（南线）,长坡,大理,2040,800.0,33.42150662244473,334215.0662244473,0.04177688327805591,低负荷,78.20385797530831,782038.579753083,0.09775482246913539,低负荷,1,2,2012,长坡 → 大理,,0.21929489312989234
S034,兰成渝成品油管道,兰州,成都,2040,700.0,27.732208422700797,277322.08422700793,0.03961744060385828,低负荷,27.732208422700797,277322.08422700793,0.03961744060385828,低负荷,2,2,2002,兰州 → 成都,,0.21929489312989234
S031,抚顺-锦州-郑州成品油管道,保定,邯郸,2040,1100.0,26.77906886511986,267790.6886511986,0.024344608059199874,低负荷,1009.4076978103351,10094076.978103349,0.9176433616457592,高负荷,2,20,2018,保定 → 邯郸,,0.21929489312989234
S091,合六支线,合肥,六安,2040,140.0,26.439036949573037,264390.3694957304,0.1888502639255217,低负荷,26.439036949573037,264390.3694957304,0.1888502639255217,低负荷,1,1,2019,安徽合肥 → 安徽六安,,0.21929489312989234
S120,鲁皖二期管道（东线）,潍坊,济南,2040,820.0,25.56512701559794,255651.2701559794,0.031176984165363342,低负荷,1543.438607536536,15434386.07536536,1.8822422043128488,超过设计输量,1,34,2008,潍坊站 → 济南站,,0.21929489312989234
S108,福建成品油管道（南线）,泉港,东孚,2040,380.0,24.800464078627588,248004.64078627585,0.06526437915428313,低负荷,24.800464078627588,248004.64078627585,0.06526437915428313,低负荷,1,1,2013,泉港首站/福建泉州 → 东孚末站/福建厦门,,0.21929489312989234
S080,湘株支线,湘潭,株洲,2040,350.0,24.108500644764842,241085.0064476484,0.06888143041361383,低负荷,24.108500644764842,241085.0064476484,0.06888143041361383,低负荷,1,1,2008,湖南湘潭 → 湖南株洲,,0.21929489312989234
S093,浙苏成品油管道,嘉兴(陈山,湖州(湖州,2040,510.0,16.439155766310815,164391.55766310816,0.032233638757472184,低负荷,16.439155766310815,164391.55766310816,0.032233638757472184,低负荷,1,1,2007,浙江嘉兴(陈山首站) → 浙江湖州(湖州末站),,0.21929489312989234
S022,大港-济南-枣庄成品油管道,兖州,肥城,2040,285.0,14.118529185376264,141185.29185376264,0.04953869889605707,低负荷,199.73700484781827,1997370.0484781824,0.7008315959572571,中负荷,2,5,2007,兖州分输站 → 肥城分输泵站,,0.21929489312989234
S023,大港-济南-枣庄成品油管道,肥城,枣庄,2040,285.0,14.118529185376264,141185.29185376264,0.04953869889605707,低负荷,199.73700484781827,1997370.0484781824,0.7008315959572571,中负荷,1,4,2007,肥城分输泵站 → 枣庄末站,,0.21929489312989234
S024,呼和浩特-包头-鄂尔多斯成品油管道,呼和浩特,包头,2040,200.0,13.787562896413412,137875.6289641341,0.06893781448206707,低负荷,13.787562896413412,137875.6289641341,0.06893781448206707,低负荷,2,2,2014,呼和浩特 → 包头,,0.21929489312989234
S033,吉林石化-长春成品油管道,吉林,长春,2040,245.0,8.794975096370589,87949.75096370588,0.03589785753620649,低负荷,8.794975096370589,87949.75096370588,0.03589785753620649,低负荷,1,1,2014,吉林 → 长春,,0.21929489312989234
S025,呼和浩特-包头-鄂尔多斯成品油管道,包头,鄂尔多斯,2040,200.0,8.215490982969023,82154.90982969022,0.041077454914845116,低负荷,8.215490982969023,82154.90982969022,0.041077454914845116,低负荷,1,1,2014,包头 → 鄂尔多斯,,0.21929489312989234
S001,西部成品油管道,乌鲁木齐,哈密,2040,1000.0,4.406868843542316,44068.688435423166,0.004406868843542316,低负荷,1041.952176471528,10419521.76471528,1.041952176471528,超过设计输量,6,22,2006,乌鲁木齐首站 → 哈密站,,0.21929489312989234
S002,西部成品油管道,哈密,柳园,2040,1000.0,4.406868843542316,44068.688435423166,0.004406868843542316,低负荷,1041.952176471528,10419521.76471528,1.041952176471528,超过设计输量,5,21,2006,哈密站 → 柳园站,,0.21929489312989234
S003,西部成品油管道,柳园,酒泉,2040,1000.0,4.363144690403213,43631.44690403214,0.004363144690403213,低负荷,1041.9084523183888,10419084.52318389,1.0419084523183888,超过设计输量,4,20,2006,柳园站 → 酒泉站,,0.21929489312989234
S004,西部成品油管道,酒泉,张掖,2040,1000.0,4.363144690403213,43631.44690403214,0.004363144690403213,低负荷,1041.9084523183888,10419084.52318389,1.0419084523183888,超过设计输量,3,19,2006,酒泉站 → 张掖站,,0.21929489312989234
S005,西部成品油管道,张掖,武威,2040,1000.0,4.3240686497551195,43240.6864975512,0.00432406864975512,低负荷,1041.8693762777407,10418693.762777407,1.0418693762777407,超过设计输量,2,18,2006,张掖站 → 武威站,,0.21929489312989234
S021,银巴线,银川,巴彦淖尔,2040,240.0,2.205847049766172,22058.470497661718,0.009191029374025717,低负荷,2.205847049766172,22058.470497661718,0.009191029374025717,低负荷,1,1,2017,银川 → 巴音淖尔,,0.21929489312989234
S006,西部成品油管道,武威,兰州,2040,1000.0,1.481650803169555,14816.508031695554,0.0014816508031695549,低负荷,1039.0269584311554,10390269.584311552,1.0390269584311553,超过设计输量,1,17,2006,武威站 → 兰州末站,,0.21929489312989234
S007,独山子-703泵站-乌鲁木齐成品油管道,独山子,703,2040,100.0,0.0,0.0,0.0,低负荷,1041.952176471528,10419521.76471528,10.41952176471528,超过设计输量,2,24,1998,独山子 → 703泵站,,0.21929489312989234
S008,独山子-703泵站-乌鲁木齐成品油管道,703,乌鲁木齐,2040,100.0,0.0,0.0,0.0,低负荷,1041.952176471528,10419521.76471528,10.41952176471528,超过设计输量,1,23,1998,703泵站 → 乌鲁木齐,,0.21929489312989234
S009,独山子-乌鲁木齐成品油管道,独山子,王家沟,2040,520.0,0.0,0.0,0.0,低负荷,0.0,0.0,0.0,低负荷,1,1,2004,独山子 → 王家沟,,0.21929489312989234
S010,克拉玛依-乌鲁木齐成品油管道,克拉玛依,王家沟,2040,160.0,0.0,0.0,0.0,低负荷,0.0,0.0,0.0,低负荷,1,1,1996,克拉玛依 → 王家沟首站,,0.21929489312989234
S011,克拉玛依-乌鲁木齐成品油管道（复线）,克拉玛依,王家沟,2040,400.0,0.0,0.0,0.0,低负荷,0.0,0.0,0.0,低负荷,1,1,2009,克拉玛依 → 王家沟首站,,0.21929489312989234
S032,抚顺-锦州-郑州成品油管道,邯郸,郑州,2040,800.0,0.0,0.0,0.0,低负荷,835.7563233087069,8357563.233087068,1.0446954041358836,超过设计输量,1,13,2018,邯郸 → 郑州,,0.21929489312989234
S035,兰成渝成品油管道,成都,重庆,2040,350.0,0.0,0.0,0.0,低负荷,0.0,0.0,0.0,低负荷,1,1,2002,成都 → 重庆,,0.21929489312989234
S042,云南成品油管网（安曲线）,寻甸,昆明,2040,168.0,0.0,0.0,0.0,低负荷,0.0,0.0,0.0,低负荷,1,1,2017,寻甸 → 昆明,,0.21929489312989234
S049,西南成品油管网（北线）,江津,重庆,2040,800.0,0.0,0.0,0.0,低负荷,0.0,0.0,0.0,低负荷,1,1,2005,江津 → 重庆,,0.21929489312989234
S050,西南成品油管网（北线）,柳州,柳库,2040,500.0,0.0,0.0,0.0,低负荷,0.0,0.0,0.0,低负荷,1,1,2006,柳州 → 柳库,,0.21929489312989234
S051,西南成品油管网（北线）,贵阳,简阳,2040,600.0,0.0,0.0,0.0,低负荷,0.0,0.0,0.0,低负荷,1,1,2016,贵阳 → 简阳,,0.21929489312989234
S056,西南成品油管网（南线）,南宁,黎塘,2040,800.0,0.0,0.0,0.0,低负荷,0.0,0.0,0.0,低负荷,1,1,2012,南宁 → 黎塘,,0.21929489312989234
S058,西南成品油管网（南线）,秋田冲,昆东,2040,800.0,0.0,0.0,0.0,低负荷,0.0,0.0,0.0,低负荷,1,1,2012,秋田冲 → 昆东,,0.21929489312989234
S060,珠三角成品油管网,南沙,南海,2040,250.0,0.0,0.0,0.0,低负荷,0.0,0.0,0.0,低负荷,1,1,2006,南沙 → 南海,,0.21929489312989234
S061,珠三角成品油管网,三水,花都,2040,250.0,0.0,0.0,0.0,低负荷,0.0,0.0,0.0,低负荷,1,1,2006,三水 → 花都,,0.21929489312989234
S062,珠三角成品油管网,南沙,斗门,2040,100.0,0.0,0.0,0.0,低负荷,0.0,0.0,0.0,低负荷,1,1,2006,南沙 → 斗门,,0.21929489312989234
S063,珠三角成品油管网,北沙,珠海,2040,100.0,0.0,0.0,0.0,低负荷,0.0,0.0,0.0,低负荷,1,1,2006,北沙 → 珠海,,0.21929489312989234
S066,珠三角成品油管网,大鹏湾,妈湾,2040,250.0,0.0,0.0,0.0,低负荷,0.0,0.0,0.0,低负荷,1,1,2006,大鹏湾 → 妈湾,,0.21929489312989234
S069,156支线,广水,广水武胜关镇,2040,10.0,0.0,0.0,0.0,低负荷,0.0,0.0,0.0,低负荷,1,1,2014,湖北广水 → 湖北广水武胜关镇,,0.21929489312989234
S096,苏北成品油管道,南京(扬子,徐州(新沂,2040,545.0,0.0,0.0,0.0,低负荷,0.0,0.0,0.0,低负荷,1,1,2015,江苏南京(扬子首站) → 江苏徐州(新沂末站),,0.21929489312989234
S102,绍杭成品油管道,绍兴,萧山,2040,500.0,0.0,0.0,0.0,低负荷,0.0,0.0,0.0,低负荷,1,1,2016,绍兴首站/浙江绍兴 → 萧山站/浙江萧山,,0.21929489312989234
S106,甬台温成品油管道,灵昆,瑞安,2040,460.0,0.0,0.0,0.0,低负荷,0.0,0.0,0.0,低负荷,1,1,2018,灵昆分输站 → 瑞安末站/浙江温州,,0.21929489312989234
S109,福建成品油管道（南线）,泉港,石湖山,2040,380.0,0.0,0.0,0.0,低负荷,0.0,0.0,0.0,低负荷,1,1,2013,泉港首站/福建泉州 → 石湖山末站/福建厦门,,0.21929489312989234
S117,鲁皖一期管道,曲阜,济宁,2040,655.0,0.0,0.0,0.0,低负荷,0.0,0.0,0.0,低负荷,1,1,2005,曲阜站 → 济宁站,,0.21929489312989234
S125,鲁皖二期管道（汤郑支线）,新乡,郑州,2040,820.0,0.0,0.0,0.0,低负荷,835.7563233087069,8357563.233087068,1.0192150284252524,超过设计输量,1,13,2010,新乡站 → 郑州站,,0.21929489312989234
S139,南武管道,南疆(天津,武清,2040,155.0,0.0,0.0,0.0,低负荷,0.0,0.0,0.0,低负荷,1,1,2018,南疆(天津) → 武清,,0.21929489312989234
S140,格拉成品油管道,格尔木,拉萨,2040,130.0,0.0,0.0,0.0,低负荷,0.0,0.0,0.0,低负荷,1,1,1976,格尔木 → 拉萨,,0.21929489312989234
S133,洛驻管道,洛阳,巩义,2045,820.0,429.6792330073346,4296792.330073345,0.523999064643091,中负荷,914.3870606121661,9143870.606121661,1.1151061714782513,超过设计输量,5,14,2007,洛阳 → 巩义,,0.21929489312989234
S045,西南成品油管网（北线）,湛江,茂名,2045,500.0,421.9097032558878,4219097.032558878,0.8438194065117756,高负荷,463.31812943570725,4633181.294357072,0.9266362588714145,高负荷,7,8,2006,湛江 → 茂名,,0.21929489312989234
S012,兰郑长成品油管道,兰州,咸阳,2045,1000.0,388.64601152999336,3886460.115299932,0.38864601152999334,低负荷,900.7412369161976,9007412.369161975,0.9007412369161977,高负荷,4,14,2009,兰州 → 咸阳,,0.21929489312989234
S046,西南成品油管网（北线）,茂名,柳州,2045,800.0,345.1972847784671,3451972.847784671,0.4314966059730839,低负荷,345.1972847784671,3451972.847784671,0.4314966059730839,低负荷,6,6,2005,茂名 → 柳州,,0.21929489312989234
S026,抚顺-锦州-郑州成品油管道,抚顺,辽阳,2045,600.0,299.54549825815803,2995454.9825815805,0.4992424970969301,低负荷,1168.4129264808023,11684129.264808023,1.9473548774680038,超过设计输量,7,25,2018,抚顺 → 辽阳,,0.21929489312989234
S027,抚顺-锦州-郑州成品油管道,辽阳,辽河,2045,600.0,297.18088878554914,2971808.887855491,0.49530148130924856,低负荷,1166.0483170081934,11660483.170081934,1.9434138616803223,超过设计输量,6,24,2018,辽阳 → 辽河,,0.21929489312989234
S028,抚顺-锦州-郑州成品油管道,辽河,锦州,2045,750.0,294.58100153446384,2945810.015344638,0.39277466871261846,低负荷,1163.4484297571082,11634484.297571082,1.5512645730094776,超过设计输量,5,23,2018,辽河 → 锦州,,0.21929489312989234
S094,浙苏成品油管道,嘉兴(陈山,苏州(苏州,2045,510.0,288.070134887826,2880701.3488782593,0.5648434017408352,中负荷,288.070134887826,2880701.3488782593,0.5648434017408352,中负荷,1,1,2007,浙江嘉兴(陈山首站) → 江苏苏州(苏州末站),,0.21929489312989234
S098,苏南成品油管道,南京(南京,苏州(苏州,2045,580.0,288.070134887826,2880701.3488782593,0.49667264635832065,低负荷,288.070134887826,2880701.3488782593,0.49667264635832065,低负荷,1,1,2010,江苏南京(南京首站) → 江苏苏州(苏州末站),,0.21929489312989234
S029,抚顺-锦州-郑州成品油管道,锦州,固安,2045,1300.0,281.3346074333016,2813346.074333016,0.21641123648715507,低负荷,1150.2020356559458,11502020.356559457,0.8847707966584198,高负荷,4,22,2018,锦州 → 固安,,0.21929489312989234
S110,鲁皖一期管道,齐鲁,淄博,2045,655.0,259.7470815877151,2597470.8158771517,0.3965604299049086,低负荷,1432.4719923532316,14324719.923532316,2.1869801409973,超过设计输量,9,35,2005,齐鲁站 → 淄博站,,0.21929489312989234
S134,洛驻管道,巩义,郑州,2045,820.0,254.97077806772177,2549707.780677217,0.31093997325331924,低负荷,739.6786056725533,7396786.056725534,0.9020470800884797,高负荷,4,13,2007,巩义 → 郑州,,0.21929489312989234
S135,洛驻管道,郑州,许昌,2045,820.0,254.97077806772177,2549707.780677217,0.31093997325331924,低负荷,315.76136932937794,3157613.693293779,0.38507484064558284,低负荷,3,4,2007,郑州 → 许昌,,0.21929489312989234
S086,安庆-亳州成品油管道,安庆,合肥,2045,410.0,247.40109007130084,2474010.9007130084,0.6034172928568313,中负荷,303.8920174197101,3038920.174197101,0.7412000424870978,中负荷,4,6,2016,安徽安庆 → 安徽合肥,,0.21929489312989234
S047,西南成品油管网（北线）,柳州,贵阳,2045,800.0,242.96635007605875,2429663.5007605874,0.3037079375950734,低负荷,242.96635007605875,2429663.5007605874,0.3037079375950734,低负荷,3,3,2005,柳州 → 贵阳,,0.21929489312989234
S013,兰郑长成品油管道,咸阳,郑州,2045,1500.0,227.5833802863491,2275833.802863491,0.15172225352423274,低负荷,739.6786056725533,7396786.056725534,0.4931190704483689,低负荷,3,13,2009,咸阳 → 郑州,,0.21929489312989234
S014,兰郑长成品油管道,郑州,武汉,2045,1000.0,227.5833802863491,2275833.802863491,0.22758338028634909,低负荷,484.70782760483155,4847078.276048316,0.48470782760483155,低负荷,2,9,2009,郑州 → 武汉,,0.21929489312989234
S111,鲁皖一期管道,淄博,济南,2045,655.0,223.56694523451617,2235669.4523451612,0.3413235805107117,低负荷,1396.2918560000326,13962918.560000326,2.131743291603103,超过设计输量,8,34,2005,淄博站 → 济南站,,0.21929489312989234
S053,西南成品油管网（南线）,东海岛,南宁,2045,800.0,222.88398973332875,2228839.8973332876,0.27860498716666093,低负荷,512.3748632416679,5123748.632416679,0.6404685790520849,中负荷,5,11,2012,东海岛 → 南宁,,0.21929489312989234
S081,九江-赣州成品油管道,九江,南昌,2045,330.0,215.30276286849377,2153027.6286849375,0.6524326147530114,中负荷,215.30276286849377,2153027.6286849375,0.6524326147530114,中负荷,4,4,2016,九江首站 → 南昌分输泵站,,0.21929489312989234
S072,长岭-郴州成品油管道,长岭,七里山,2045,600.0,201.30336167885415,2013033.6167885412,0.3355056027980902,低负荷,297.2065526069348,2972065.526069348,0.4953442543448913,低负荷,7,9,2014,长岭库站 → 七里山站,,0.21929489312989234
S112,鲁皖一期管道,济南,泰安,2045,655.0,199.56855312139865,1995685.5312139867,0.3046848139257995,低负荷,199.56855312139865,1995685.5312139867,0.3046848139257995,低负荷,7,7,2005,济南站 → 泰安站,,0.21929489312989234
S073,长岭-郴州成品油管道,七里山,汨罗,2045,560.0,183.77750047166444,1837775.0047166443,0.3281741079851151,低负荷,279.6806913997451,2796806.9139974513,0.4994298060709734,低负荷,6,8,2014,七里山站 → 汨罗站,,0.21929489312989234
S074,长岭-郴州成品油管道,汨罗,长沙,2045,538.0,183.77750047166444,1837775.0047166443,0.3415938670477034,低负荷,279.6806913997451,2796806.9139974513,0.5198525862448794,中负荷,5,7,2014,汨罗站 → 长沙站,,0.21929489312989234
S113,鲁皖一期管道,泰安,曲阜,2045,655.0,181.26680850164527,1812668.0850164527,0.2767432190864813,低负荷,181.26680850164527,1812668.0850164527,0.2767432190864813,低负荷,6,6,2005,泰安站 → 曲阜站,,0.21929489312989234
S114,鲁皖一期管道,曲阜,枣庄,2045,655.0,181.26680850164527,1812668.0850164527,0.2767432190864813,低负荷,181.26680850164527,1812668.0850164527,0.2767432190864813,低负荷,4,4,2005,曲阜站 → 枣庄站,,0.21929489312989234
S087,安庆-亳州成品油管道,合肥,淮南,2045,270.0,181.07268825401033,1810726.8825401033,0.6706395861259642,中负荷,213.53909356029254,2135390.935602925,0.7908855317047871,中负荷,3,4,2016,安徽合肥 → 安徽淮南,,0.21929489312989234
S064,珠三角成品油管网,黄埔,南沙,2045,300.0,179.82640394004764,1798264.0394004763,0.5994213464668254,中负荷,179.82640394004764,1798264.0394004763,0.5994213464668254,中负荷,3,3,2006,黄埔 → 南沙,,0.21929489312989234
S043,钦南柳成品油管道,钦州,南宁,2045,500.0,166.8731830635057,1668731.8306350573,0.3337463661270114,低负荷,512.3748632416679,5123748.632416679,1.0247497264833358,超过设计输量,2,11,2018,钦州 → 南宁,,0.21929489312989234
S103,甬台温成品油管道,算山,宁海,2045,460.0,160.54952058760577,1605495.2058760575,0.34902069692957777,低负荷,160.54952058760577,1605495.2058760575,0.34902069692957777,低负荷,4,4,2018,算山首站/浙江宁波 → 宁海分输站,,0.21929489312989234
S121,鲁皖二期管道（西线）,济南,聊城,2045,820.0,159.18800497736572,1591880.049773657,0.19413171338703136,低负荷,1150.0366553162107,11500366.553162107,1.4024837259953788,超过设计输量,3,24,2009,济南站 → 聊城站,,0.21929489312989234
S065,珠三角成品油管网,黄埔,惠州,2045,350.0,158.63216847380167,1586321.6847380167,0.45323476706800475,低负荷,158.63216847380167,1586321.6847380167,0.45323476706800475,低负荷,2,2,2006,黄埔 → 惠州,,0.21929489312989234
S136,洛驻管道,许昌,漯河,2045,820.0,152.5886500716911,1525886.500716911,0.18608371959962328,低负荷,213.37924133334732,2133792.413333473,0.260218586991887,低负荷,2,3,2007,许昌 → 漯河,,0.21929489312989234
S088,安庆-亳州成品油管道,淮南,阜阳,2045,140.0,148.41946485492423,1484194.6485492424,1.0601390346780302,超过设计输量,148.41946485492423,1484194.6485492424,1.0601390346780302,超过设计输量,2,2,2016,安徽淮南 → 安徽阜阳,,0.21929489312989234
S122,鲁皖二期管道（西线）,聊城,濮阳,2045,820.0,144.3418564501786,1443418.564501786,0.17602665420753488,低负荷,1135.1905067890236,11351905.067890236,1.3843786668158824,超过设计输量,2,23,2009,聊城站 → 濮阳站,,0.21929489312989234
S082,九江-赣州成品油管道,南昌,吉安长塘,2045,240.0,122.24706406148613,1222470.6406148612,0.5093627669228589,中负荷,122.24706406148613,1222470.6406148612,0.5093627669228589,中负荷,3,3,2016,南昌分输泵站 → 吉安长塘站,,0.21929489312989234
S115,鲁皖一期管道,枣庄,徐州,2045,655.0,121.99565280166689,1219956.5280166687,0.18625290504071282,低负荷,121.99565280166689,1219956.5280166687,0.18625290504071282,低负荷,2,2,2005,枣庄站 → 徐州站,,0.21929489312989234
S070,荆门-襄阳成品油管道,荆门,襄阳,2045,350.0,115.67314247377838,1156731.424737784,0.33049469278222393,低负荷,115.67314247377838,1156731.424737784,0.33049469278222393,低负荷,1,1,2019,湖北荆门 → 湖北襄阳,,0.21929489312989234
S067,珠三角成品油管网,惠州,梅州,2045,120.0,114.85431440158467,1148543.1440158465,0.9571192866798722,高负荷,114.85431440158467,1148543.1440158465,0.9571192866798722,高负荷,1,1,2015,惠州 → 梅州,,0.21929489312989234
S095,苏北成品油管道,南京(扬子,泰州(泰州,2045,545.0,111.7251606744975,1117251.606744975,0.20500029481559176,低负荷,111.7251606744975,1117251.606744975,0.20500029481559176,低负荷,1,1,2015,江苏南京(扬子首站) → 江苏泰州(泰州末站),,0.21929489312989234
S054,西南成品油管网（南线）,南宁,长坡,2045,800.0,111.24220471455466,1112422.0471455466,0.13905275589319332,低负荷,142.86383525796407,1428638.3525796407,0.17857979407245508,低负荷,3,4,2012,南宁 → 长坡,,0.21929489312989234
S104,甬台温成品油管道,宁海,临海,2045,460.0,111.06677653360126,1110667.7653360127,0.24144951420348099,低负荷,111.06677653360126,1110667.7653360127,0.24144951420348099,低负荷,3,3,2018,宁海分输站 → 临海分输泵站,,0.21929489312989234
S075,长岭-郴州成品油管道,长沙,湘潭,2045,385.0,100.43066512874562,1004306.6512874562,0.2608588704642743,低负荷,196.3338560568263,1963338.560568263,0.5099580676800683,中负荷,4,6,2014,长沙站 → 湘潭站,,0.21929489312989234
S083,九江-赣州成品油管道,吉安长塘,樟树,2045,274.0,99.86064359471261,998606.435947126,0.364454903630338,低负荷,99.86064359471261,998606.435947126,0.364454903630338,低负荷,2,2,2016,吉安长塘站 → 樟树站,,0.21929489312989234
S124,鲁皖二期管道（汤郑支线）,汤阴,新乡,2045,820.0,99.04058870592443,990405.8870592446,0.12078120573893224,低负荷,838.7191943784778,8387191.943784777,1.022828285827412,超过设计输量,2,14,2010,汤阴站 → 新乡站,,0.21929489312989234
S099,浙赣成品油管道,算山,龙游,2045,760.0,98.40346262158181,984034.626215818,0.12947824029155502,低负荷,147.5948551318983,1475948.5513189828,0.19420375675249776,低负荷,2,3,2013,算山首站/浙江宁波 → 龙游,,0.21929489312989234
S016,大港-济南-枣庄成品油管道,大港,沧州,2045,285.0,94.51062442544598,945106.2442544597,0.33161622605419644,低负荷,1430.9192075483816,14309192.075483814,5.020769149292567,超过设计输量,6,36,2007,大港首站 → 沧州清管站,,0.21929489312989234
S040,云南成品油管网（安曲线）,安宁,寻甸,2045,323.0,87.3280418135374,873280.418135374,0.2703654545310755,低负荷,87.3280418135374,873280.418135374,0.2703654545310755,低负荷,3,3,2017,安宁 → 寻甸,,0.21929489312989234
S041,云南成品油管网（安曲线）,寻甸,曲靖,2045,155.0,87.3280418135374,873280.418135374,0.5634067213776606,中负荷,87.3280418135374,873280.418135374,0.5634067213776606,中负荷,1,1,2017,寻甸 → 曲靖,,0.21929489312989234
S048,西南成品油管网（北线）,贵阳,曲靖,2045,800.0,87.3280418135374,873280.418135374,0.10916005226692174,低负荷,87.3280418135374,873280.418135374,0.10916005226692174,低负荷,1,1,2005,贵阳 → 曲靖,,0.21929489312989234
S057,西南成品油管网（南线）,长坡,曲靖,2045,800.0,87.3280418135374,873280.418135374,0.10916005226692174,低负荷,87.3280418135374,873280.418135374,0.10916005226692174,低负荷,1,1,2012,长坡 → 曲靖,,0.21929489312989234
S076,长岭-郴州成品油管道,湘潭,衡阳,2045,220.0,87.094448982679,870944.4898267899,0.39588385901217726,低负荷,87.094448982679,870944.4898267899,0.39588385901217726,低负荷,3,3,2014,湘潭站 → 衡阳站,,0.21929489312989234
S077,长岭-郴州成品油管道,衡阳,耒阳,2045,136.0,87.094448982679,870944.4898267899,0.6404003601667574,中负荷,87.094448982679,870944.4898267899,0.6404003601667574,中负荷,2,2,2014,衡阳站 → 耒阳站,,0.21929489312989234
S089,安庆-亳州成品油管道,阜阳,亳州,2045,140.0,86.49637368107344,864963.7368107344,0.617831240579096,中负荷,86.49637368107344,864963.7368107344,0.617831240579096,中负荷,1,1,2016,安徽阜阳 → 安徽亳州,,0.21929489312989234
S123,鲁皖二期管道（西线）,濮阳,汤阴,2045,820.0,84.0698996078134,840698.9960781339,0.10252426781440659,低负荷,1074.9185499466587,10749185.499466585,1.3108762804227545,超过设计输量,1,22,2009,濮阳站 → 汤阴站,,0.21929489312989234
S129,石太管道,石家庄,高庄,2045,820.0,84.01377889071553,840137.7889071553,0.10245582791550674,低负荷,84.01377889071553,840137.7889071553,0.10245582791550674,低负荷,4,4,2007,石家庄 → 高庄,,0.21929489312989234
S130,石太管道,高庄,阳泉,2045,820.0,84.01377889071553,840137.7889071553,0.10245582791550674,低负荷,84.01377889071553,840137.7889071553,0.10245582791550674,低负荷,3,3,2007,高庄 → 阳泉,,0.21929489312989234
S015,兰郑长成品油管道,武汉,长沙,2045,500.0,83.34683534291881,833468.3534291881,0.16669367068583762,低负荷,279.6806913997451,2796806.9139974513,0.5593613827994902,中负荷,1,7,2009,武汉 → 长沙,,0.21929489312989234
S017,大港-济南-枣庄成品油管道,沧州,德州,2045,285.0,82.43445193415137,824344.5193415137,0.28924369099702235,低负荷,1418.843035057087,14188430.350570869,4.978396614235393,超过设计输量,5,35,2007,沧州清管站 → 德州分输泵站,,0.21929489312989234
S105,甬台温成品油管道,临海,灵昆,2045,460.0,78.66927595813995,786692.7595813996,0.1710201651263912,低负荷,78.66927595813995,786692.7595813996,0.1710201651263912,低负荷,2,2,2018,临海分输泵站 → 灵昆分输站,,0.21929489312989234
S079,湘娄支线,湘潭,娄底,2045,250.0,75.77568182562531,757756.8182562533,0.30310272730250126,低负荷,75.77568182562531,757756.8182562533,0.30310272730250126,低负荷,1,1,2014,湖南湘潭 → 湖南娄底,,0.21929489312989234
S131,石太管道,阳泉,晋中,2045,820.0,74.68319086883503,746831.9086883502,0.09107706203516466,低负荷,74.68319086883503,746831.9086883502,0.09107706203516466,低负荷,2,2,2007,阳泉 → 晋中,,0.21929489312989234
S126,鲁皖二期管道（汤石支线）,汤阴,邯郸,2045,820.0,68.1156770696518,681156.770696518,0.08306789886542902,低负荷,891.8080616329206,8918080.616329206,1.0875708068694154,超过设计输量,3,20,2009,汤阴站 → 邯郸站,,0.21929489312989234
S090,安庆-合肥成品油管道,安庆,合肥,2045,120.0,66.3284018172905,663284.018172905,0.5527366818107542,中负荷,303.8920174197101,3038920.174197101,2.5324334784975844,超过设计输量,1,6,2007,安徽安庆 → 安徽合肥,,0.21929489312989234
S097,苏北成品油管道,南京(扬子,盐城(盐城,2045,545.0,64.32231754836612,643223.1754836612,0.11802260100617636,低负荷,64.32231754836612,643223.1754836612,0.11802260100617636,低负荷,1,1,2015,江苏南京(扬子首站) → 江苏盐城(盐城末站),,0.21929489312989234
S132,石太管道,晋中,太原,2045,820.0,63.30203222260926,633020.3222260926,0.07719760027147471,低负荷,63.30203222260926,633020.3222260926,0.07719760027147471,低负荷,1,1,2007,晋中 → 太原,,0.21929489312989234
S068,武汉-信阳成品油管道,武汉,信阳,2045,,60.790591261656196,607905.912616562,,无设计输量,60.790591261656196,607905.912616562,,无设计输量,1,1,2013,湖北武汉 → 河南信阳,,0.21929489312989234
S138,驻信管道,驻马店,信阳,2045,820.0,60.790591261656196,607905.912616562,0.07413486739226366,低负荷,60.790591261656196,607905.912616562,0.07413486739226366,低负荷,1,1,2013,驻马店 → 信阳,,0.21929489312989234
S018,大港-济南-枣庄成品油管道,德州,济南,2045,285.0,59.883272877097134,598832.7287709714,0.21011674693718294,低负荷,1396.2918560000326,13962918.560000326,4.899269670175553,超过设计输量,4,34,2007,德州分输泵站 → 济南分输站,,0.21929489312989234
S101,浙赣成品油管道,诸暨,桐庐,2045,135.0,58.29840134660981,582984.013466098,0.4318400099748875,低负荷,58.29840134660981,582984.013466098,0.4318400099748875,低负荷,1,1,2013,诸暨 → 桐庐,,0.21929489312989234
S038,云南成品油管网（安蒙线）,安宁,玉溪,2045,225.0,56.56152957646522,565615.2957646522,0.251384575895401,低负荷,56.56152957646522,565615.2957646522,0.251384575895401,低负荷,2,2,2017,安宁 → 玉溪,,0.21929489312989234
S116,鲁皖一期管道,徐州,宿州,2045,655.0,55.62963138622415,556296.3138622415,0.08493073494080022,低负荷,55.62963138622415,556296.3138622415,0.08493073494080022,低负荷,1,1,2005,徐州站 → 宿州站,,0.21929489312989234
S036,云南成品油管网（安保线）,安宁,大理,2045,173.0,55.535793444426666,555357.9344442667,0.3210161470776108,低负荷,55.535793444426666,555357.9344442667,0.3210161470776108,低负荷,2,2,2017,安宁 → 大理,,0.21929489312989234
S044,钦南柳成品油管道,南宁,柳州,2045,300.0,55.23139804473163,552313.9804473163,0.18410466014910543,低负荷,345.1972847784671,3451972.847784671,1.1506576159282238,超过设计输量,1,6,2018,南宁 → 柳州,,0.21929489312989234
S085,上饶-樟树成品油管道,上饶,樟树,2045,,50.669251084396144,506692.5108439613,,无设计输量,99.86064359471261,998606.435947126,,无设计输量,1,2,2016,江西上饶 → 江西樟树,,0.21929489312989234
S100,浙赣成品油管道,龙游,樟树,2045,450.0,50.669251084396144,506692.5108439613,0.11259833574310255,低负荷,99.86064359471261,998606.435947126,0.22191254132158358,低负荷,1,2,2013,龙游 → 樟树末站/江西樟树,,0.21929489312989234
S030,抚顺-锦州-郑州成品油管道,固安,保定,2045,800.0,49.892097383980094,498920.9738398009,0.06236512172997512,低负荷,918.7595256066244,9187595.256066242,1.1484494070082805,超过设计输量,3,21,2018,固安 → 保定,,0.21929489312989234
S084,九江-赣州成品油管道,樟树,赣州,2045,170.0,49.191392510316476,491913.92510316474,0.2893611324136263,低负荷,49.191392510316476,491913.92510316474,0.2893611324136263,低负荷,1,1,2016,樟树站 → 赣州末站,,0.21929489312989234
S052,西南成品油管网（北线）,柳州,桂林,2045,600.0,46.999536657676735,469995.36657676735,0.07833256109612789,低负荷,46.999536657676735,469995.36657676735,0.07833256109612789,低负荷,1,1,2016,柳州 → 桂林,,0.21929489312989234
S137,洛驻管道,漯河,驻马店,2045,820.0,46.25230777084672,462523.07770846714,0.056405253379081366,低负荷,107.04289903250292,1070428.990325029,0.13054012077134503,低负荷,1,2,2007,漯河 → 驻马店,,0.21929489312989234
S118,鲁皖一期管道,枣庄,临沂,2045,655.0,46.074530385304385,460745.3038530439,0.07034279448138074,低负荷,46.074530385304385,460745.3038530439,0.07034279448138074,低负荷,1,1,2005,枣庄站 → 临沂站,,0.21929489312989234
S119,鲁皖二期管道（东线）,青岛,潍坊,2045,820.0,45.192227307544925,451922.2730754492,0.0551124723262743,低负荷,1417.48569119446,14174856.9119446,1.7286410868225122,超过设计输量,2,35,2008,青岛站 → 潍坊站,,0.21929489312989234
S127,鲁皖二期管道（汤石支线）,邯郸,邢台,2045,820.0,45.175043659375426,451750.4365937542,0.05509151665777491,低负荷,129.18882255009095,1291888.2255009094,0.15754734457328165,低负荷,2,6,2009,邯郸站 → 邢台站,,0.21929489312989234
S059,珠三角成品油管网,茂名,江门,2045,550.0,41.40842617981942,414084.2617981942,0.07528804759967167,低负荷,41.40842617981942,414084.2617981942,0.07528804759967167,低负荷,1,1,2006,茂名 → 江门,,0.21929489312989234
S071,荆门-荆州成品油管道,荆门,荆州,2045,150.0,36.51758169981511,365175.8169981511,0.24345054466543406,低负荷,36.51758169981511,365175.8169981511,0.24345054466543406,低负荷,1,1,2003,湖北荆门 → 湖北荆州,,0.21929489312989234
S019,大港-济南-枣庄成品油管道,济南,济南,2045,285.0,35.88488076397965,358848.8076397965,0.12591186232975315,低负荷,1372.2934638869153,13722934.638869151,4.815064785568124,超过设计输量,3,33,2007,济南分输站 → 济南清管站,,0.21929489312989234
S020,大港-济南-枣庄成品油管道,济南,兖州,2045,285.0,35.88488076397965,358848.8076397965,0.12591186232975315,低负荷,203.95506395095092,2039550.639509509,0.7156318033366699,中负荷,3,6,2007,济南清管站 → 兖州分输站,,0.21929489312989234
S107,福建成品油管道（北线）,泉港,兴闽,2045,220.0,33.70067304240014,337006.73042400135,0.15318487746545517,低负荷,33.70067304240014,337006.73042400135,0.15318487746545517,低负荷,1,1,2010,泉港首站/福建泉州 → 兴闽末站/福建福州,,0.21929489312989234
S078,长岭-郴州成品油管道,耒阳,郴州,2045,100.0,33.53652516427194,335365.25164271944,0.3353652516427194,低负荷,33.53652516427194,335365.25164271944,0.3353652516427194,低负荷,1,1,2014,耒阳站 → 郴州站,,0.21929489312989234
S039,云南成品油管网（安蒙线）,玉溪,蒙自,2045,115.0,32.58094759674938,325809.47596749384,0.2833125877978207,低负荷,32.58094759674938,325809.47596749384,0.2833125877978207,低负荷,1,1,2017,玉溪 → 蒙自,,0.21929489312989234
S128,鲁皖二期管道（汤石支线）,邢台,石家庄,2045,820.0,32.522120986941495,325221.2098694149,0.0396611231548067,低负荷,116.53589987765703,1165358.9987765702,0.14211695107031344,低负荷,1,5,2009,邢台站 → 石家庄站,,0.21929489312989234
S092,淮蚌支线,淮南,蚌埠,2045,80.0,32.4664053062822,324664.053062822,0.4058300663285275,低负荷,32.4664053062822,324664.053062822,0.4058300663285275,低负荷,1,1,2016,安徽淮南 → 安徽蚌埠,,0.21929489312989234
S037,云南成品油管网（安保线）,大理,保山,2045,57.0,31.621630543409413,316216.3054340941,0.5547654481299897,中负荷,31.621630543409413,316216.3054340941,0.5547654481299897,中负荷,1,1,2017,大理 → 保山,,0.21929489312989234
S034,兰成渝成品油管道,兰州,成都,2045,700.0,24.579170114815607,245791.70114815605,0.0351131001640223,低负荷,24.579170114815607,245791.70114815605,0.0351131001640223,低负荷,2,2,2002,兰州 → 成都,,0.21929489312989234
S091,合六支线,合肥,六安,2045,140.0,24.024522042127074,240245.22042127076,0.17160372887233624,低负荷,24.024522042127074,240245.22042127076,0.17160372887233624,低负荷,1,1,2019,安徽合肥 → 安徽六安,,0.21929489312989234
S120,鲁皖二期管道（东线）,潍坊,济南,2045,820.0,23.99839211311749,239983.92113117487,0.029266331845265232,低负荷,1396.2918560000326,13962918.560000326,1.702794946341503,超过设计输量,1,34,2008,潍坊站 → 济南站,,0.21929489312989234
S055,西南成品油管网（南线）,长坡,大理,2045,800.0,23.91416290101726,239141.6290101726,0.029892703626271576,低负荷,55.535793444426666,555357.9344442667,0.06941974180553333,低负荷,1,2,2012,长坡 → 大理,,0.21929489312989234
S031,抚顺-锦州-郑州成品油管道,保定,邯郸,2045,1100.0,22.940633410276376,229406.3341027638,0.020855121282069435,低负荷,891.8080616329206,8918080.616329206,0.8107346014844733,高负荷,2,20,2018,保定 → 邯郸,,0.21929489312989234
S108,福建成品油管道（南线）,泉港,东孚,2045,380.0,21.930505805852842,219305.05805852843,0.05771185738382327,低负荷,21.930505805852842,219305.05805852843,0.05771185738382327,低负荷,1,1,2013,泉港首站/福建泉州 → 东孚末站/福建厦门,,0.21929489312989234
S080,湘株支线,湘潭,株洲,2045,350.0,20.127509102455363,201275.09102455364,0.05750716886415818,低负荷,20.127509102455363,201275.09102455364,0.05750716886415818,低负荷,1,1,2008,湖南湘潭 → 湖南株洲,,0.21929489312989234
S093,浙苏成品油管道,嘉兴(陈山,湖州(湖州,2045,510.0,13.644567566918642,136445.67566918643,0.02675405405278165,低负荷,13.644567566918642,136445.67566918643,0.02675405405278165,低负荷,1,1,2007,浙江嘉兴(陈山首站) → 浙江湖州(湖州末站),,0.21929489312989234
S022,大港-济南-枣庄成品油管道,兖州,肥城,2045,285.0,13.196625314673994,131966.25314673994,0.04630394847254033,低负荷,181.26680850164527,1812668.0850164527,0.6360238894794571,中负荷,2,5,2007,兖州分输站 → 肥城分输泵站,,0.21929489312989234
S023,大港-济南-枣庄成品油管道,肥城,枣庄,2045,285.0,13.196625314673994,131966.25314673994,0.04630394847254033,低负荷,181.26680850164527,1812668.0850164527,0.6360238894794571,中负荷,1,4,2007,肥城分输泵站 → 枣庄末站,,0.21929489312989234
S024,呼和浩特-包头-鄂尔多斯成品油管道,呼和浩特,包头,2045,200.0,12.601435576401022,126014.35576401022,0.0630071778820051,低负荷,12.601435576401022,126014.35576401022,0.0630071778820051,低负荷,2,2,2014,呼和浩特 → 包头,,0.21929489312989234
S033,吉林石化-长春成品油管道,吉林,长春,2045,245.0,8.431058697009062,84310.58697009062,0.03441248447758801,低负荷,8.431058697009062,84310.58697009062,0.03441248447758801,低负荷,1,1,2014,吉林 → 长春,,0.21929489312989234
S025,呼和浩特-包头-鄂尔多斯成品油管道,包头,鄂尔多斯,2045,200.0,7.359859236707028,73598.59236707029,0.03679929618353514,低负荷,7.359859236707028,73598.59236707029,0.03679929618353514,低负荷,1,1,2014,包头 → 鄂尔多斯,,0.21929489312989234
S001,西部成品油管道,乌鲁木齐,哈密,2045,1000.0,3.7816992644642657,37816.99264464266,0.003781699264464266,低负荷,929.1021062954774,9291021.062954774,0.9291021062954774,高负荷,6,22,2006,乌鲁木齐首站 → 哈密站,,0.21929489312989234
S002,西部成品油管道,哈密,柳园,2045,1000.0,3.7816992644642657,37816.99264464266,0.003781699264464266,低负荷,929.1021062954774,9291021.062954774,0.9291021062954774,高负荷,5,21,2006,哈密站 → 柳园站,,0.21929489312989234
S003,西部成品油管道,柳园,酒泉,2045,1000.0,3.7480253328049207,37480.253328049206,0.0037480253328049207,低负荷,929.0684323638181,9290684.32363818,0.9290684323638182,高负荷,4,20,2006,柳园站 → 酒泉站,,0.21929489312989234
S004,西部成品油管道,酒泉,张掖,2045,1000.0,3.7480253328049207,37480.253328049206,0.0037480253328049207,低负荷,929.0684323638181,9290684.32363818,0.9290684323638182,高负荷,3,19,2006,酒泉站 → 张掖站,,0.21929489312989234
S005,西部成品油管道,张掖,武威,2045,1000.0,3.717856219488512,37178.56219488512,0.0037178562194885123,低负荷,929.0382632505018,9290382.632505016,0.9290382632505018,高负荷,2,18,2006,张掖站 → 武威站,,0.21929489312989234
S021,银巴线,银川,巴彦淖尔,2045,240.0,2.042244331311084,20422.44331311084,0.00850935138046285,低负荷,2.042244331311084,20422.44331311084,0.00850935138046285,低负荷,1,1,2017,银川 → 巴音淖尔,,0.21929489312989234
S006,西部成品油管道,武威,兰州,2045,1000.0,1.2189465045122867,12189.465045122868,0.0012189465045122866,低负荷,926.5393535355256,9265393.535355253,0.9265393535355256,高负荷,1,17,2006,武威站 → 兰州末站,,0.21929489312989234
S007,独山子-703泵站-乌鲁木齐成品油管道,独山子,703,2045,100.0,0.0,0.0,0.0,低负荷,929.1021062954774,9291021.062954774,9.291021062954774,超过设计输量,2,24,1998,独山子 → 703泵站,,0.21929489312989234
S008,独山子-703泵站-乌鲁木齐成品油管道,703,乌鲁木齐,2045,100.0,0.0,0.0,0.0,低负荷,929.1021062954774,9291021.062954774,9.291021062954774,超过设计输量,1,23,1998,703泵站 → 乌鲁木齐,,0.21929489312989234
S009,独山子-乌鲁木齐成品油管道,独山子,王家沟,2045,520.0,0.0,0.0,0.0,低负荷,0.0,0.0,0.0,低负荷,1,1,2004,独山子 → 王家沟,,0.21929489312989234
S010,克拉玛依-乌鲁木齐成品油管道,克拉玛依,王家沟,2045,160.0,0.0,0.0,0.0,低负荷,0.0,0.0,0.0,低负荷,1,1,1996,克拉玛依 → 王家沟首站,,0.21929489312989234
S011,克拉玛依-乌鲁木齐成品油管道（复线）,克拉玛依,王家沟,2045,400.0,0.0,0.0,0.0,低负荷,0.0,0.0,0.0,低负荷,1,1,2009,克拉玛依 → 王家沟首站,,0.21929489312989234
S032,抚顺-锦州-郑州成品油管道,邯郸,郑州,2045,800.0,0.0,0.0,0.0,低负荷,739.6786056725533,7396786.056725534,0.9245982570906917,高负荷,1,13,2018,邯郸 → 郑州,,0.21929489312989234
S035,兰成渝成品油管道,成都,重庆,2045,350.0,0.0,0.0,0.0,低负荷,0.0,0.0,0.0,低负荷,1,1,2002,成都 → 重庆,,0.21929489312989234
S042,云南成品油管网（安曲线）,寻甸,昆明,2045,168.0,0.0,0.0,0.0,低负荷,0.0,0.0,0.0,低负荷,1,1,2017,寻甸 → 昆明,,0.21929489312989234
S049,西南成品油管网（北线）,江津,重庆,2045,800.0,0.0,0.0,0.0,低负荷,0.0,0.0,0.0,低负荷,1,1,2005,江津 → 重庆,,0.21929489312989234
S050,西南成品油管网（北线）,柳州,柳库,2045,500.0,0.0,0.0,0.0,低负荷,0.0,0.0,0.0,低负荷,1,1,2006,柳州 → 柳库,,0.21929489312989234
S051,西南成品油管网（北线）,贵阳,简阳,2045,600.0,0.0,0.0,0.0,低负荷,0.0,0.0,0.0,低负荷,1,1,2016,贵阳 → 简阳,,0.21929489312989234
S056,西南成品油管网（南线）,南宁,黎塘,2045,800.0,0.0,0.0,0.0,低负荷,0.0,0.0,0.0,低负荷,1,1,2012,南宁 → 黎塘,,0.21929489312989234
S058,西南成品油管网（南线）,秋田冲,昆东,2045,800.0,0.0,0.0,0.0,低负荷,0.0,0.0,0.0,低负荷,1,1,2012,秋田冲 → 昆东,,0.21929489312989234
S060,珠三角成品油管网,南沙,南海,2045,250.0,0.0,0.0,0.0,低负荷,0.0,0.0,0.0,低负荷,1,1,2006,南沙 → 南海,,0.21929489312989234
S061,珠三角成品油管网,三水,花都,2045,250.0,0.0,0.0,0.0,低负荷,0.0,0.0,0.0,低负荷,1,1,2006,三水 → 花都,,0.21929489312989234
S062,珠三角成品油管网,南沙,斗门,2045,100.0,0.0,0.0,0.0,低负荷,0.0,0.0,0.0,低负荷,1,1,2006,南沙 → 斗门,,0.21929489312989234
S063,珠三角成品油管网,北沙,珠海,2045,100.0,0.0,0.0,0.0,低负荷,0.0,0.0,0.0,低负荷,1,1,2006,北沙 → 珠海,,0.21929489312989234
S066,珠三角成品油管网,大鹏湾,妈湾,2045,250.0,0.0,0.0,0.0,低负荷,0.0,0.0,0.0,低负荷,1,1,2006,大鹏湾 → 妈湾,,0.21929489312989234
S069,156支线,广水,广水武胜关镇,2045,10.0,0.0,0.0,0.0,低负荷,0.0,0.0,0.0,低负荷,1,1,2014,湖北广水 → 湖北广水武胜关镇,,0.21929489312989234
S096,苏北成品油管道,南京(扬子,徐州(新沂,2045,545.0,0.0,0.0,0.0,低负荷,0.0,0.0,0.0,低负荷,1,1,2015,江苏南京(扬子首站) → 江苏徐州(新沂末站),,0.21929489312989234
S102,绍杭成品油管道,绍兴,萧山,2045,500.0,0.0,0.0,0.0,低负荷,0.0,0.0,0.0,低负荷,1,1,2016,绍兴首站/浙江绍兴 → 萧山站/浙江萧山,,0.21929489312989234
S106,甬台温成品油管道,灵昆,瑞安,2045,460.0,0.0,0.0,0.0,低负荷,0.0,0.0,0.0,低负荷,1,1,2018,灵昆分输站 → 瑞安末站/浙江温州,,0.21929489312989234
S109,福建成品油管道（南线）,泉港,石湖山,2045,380.0,0.0,0.0,0.0,低负荷,0.0,0.0,0.0,低负荷,1,1,2013,泉港首站/福建泉州 → 石湖山末站/福建厦门,,0.21929489312989234
S117,鲁皖一期管道,曲阜,济宁,2045,655.0,0.0,0.0,0.0,低负荷,0.0,0.0,0.0,低负荷,1,1,2005,曲阜站 → 济宁站,,0.21929489312989234
S125,鲁皖二期管道（汤郑支线）,新乡,郑州,2045,820.0,0.0,0.0,0.0,低负荷,739.6786056725533,7396786.056725534,0.9020470800884797,高负荷,1,13,2010,新乡站 → 郑州站,,0.21929489312989234
S139,南武管道,南疆(天津,武清,2045,155.0,0.0,0.0,0.0,低负荷,0.0,0.0,0.0,低负荷,1,1,2018,南疆(天津) → 武清,,0.21929489312989234
S140,格拉成品油管道,格尔木,拉萨,2045,130.0,0.0,0.0,0.0,低负荷,0.0,0.0,0.0,低负荷,1,1,1976,格尔木 → 拉萨,,0.21929489312989234
S133,洛驻管道,洛阳,巩义,2050,820.0,395.65060525653695,3956506.05256537,0.482500738117728,低负荷,788.3807712892767,7883807.712892767,0.9614399649869229,高负荷,5,14,2007,洛阳 → 巩义,,0.21929489312989234
S045,西南成品油管网（北线）,湛江,茂名,2050,500.0,326.41563465921024,3264156.346592102,0.6528312693184205,中负荷,360.7674600716331,3607674.6007163306,0.7215349201432661,中负荷,7,8,2006,湛江 → 茂名,,0.21929489312989234
S012,兰郑长成品油管道,兰州,咸阳,2050,1000.0,322.1561711953572,3221561.711953572,0.3221561711953572,低负荷,773.0276733174804,7730276.733174805,0.7730276733174805,中负荷,4,14,2009,兰州 → 咸阳,,0.21929489312989234
S046,西南成品油管网（北线）,茂名,柳州,2050,800.0,266.2033903804431,2662033.9038044317,0.3327542379755539,低负荷,266.2033903804431,2662033.9038044317,0.3327542379755539,低负荷,6,6,2005,茂名 → 柳州,,0.21929489312989234
S134,洛驻管道,巩义,郑州,2050,820.0,233.89798355023692,2338979.835502369,0.28524144335394747,低负荷,626.6281495829766,6266281.495829766,0.7641806702231422,中负荷,4,13,2007,巩义 → 郑州,,0.21929489312989234
S135,洛驻管道,郑州,许昌,2050,820.0,233.89798355023692,2338979.835502369,0.28524144335394747,低负荷,289.7591339840007,2897591.3398400065,0.35336479754146427,低负荷,3,4,2007,郑州 → 许昌,,0.21929489312989234
S094,浙苏成品油管道,嘉兴(陈山,苏州(苏州,2050,510.0,225.49198876710355,2254919.887671035,0.44214115444530105,低负荷,225.49198876710355,2254919.887671035,0.44214115444530105,低负荷,1,1,2007,浙江嘉兴(陈山首站) → 江苏苏州(苏州末站),,0.21929489312989234
S098,苏南成品油管道,南京(南京,苏州(苏州,2050,580.0,225.49198876710355,2254919.887671035,0.38877929097776476,低负荷,225.49198876710355,2254919.887671035,0.38877929097776476,低负荷,1,1,2010,江苏南京(南京首站) → 江苏苏州(苏州末站),,0.21929489312989234
S026,抚顺-锦州-郑州成品油管道,抚顺,辽阳,2050,600.0,223.3774057201687,2233774.0572016872,0.37229567620028114,低负荷,956.8515370552087,9568515.370552085,1.5947525617586813,超过设计输量,7,25,2018,抚顺 → 辽阳,,0.21929489312989234
S027,抚顺-锦州-郑州成品油管道,辽阳,辽河,2050,600.0,221.66606921334716,2216660.692133472,0.36944344868891194,低负荷,955.140200548387,9551402.00548387,1.5919003342473117,超过设计输量,6,24,2018,辽阳 → 辽河,,0.21929489312989234
S028,抚顺-锦州-郑州成品油管道,辽河,锦州,2050,750.0,219.77959103239456,2197795.910323946,0.2930394547098594,低负荷,953.2537223674345,9532537.223674346,1.2710049631565794,超过设计输量,5,23,2018,辽河 → 锦州,,0.21929489312989234
S086,安庆-亳州成品油管道,安庆,合肥,2050,410.0,216.83260218597002,2168326.0218597,0.5288600053316342,中负荷,265.3261708794132,2653261.708794132,0.6471370021449103,中负荷,4,6,2016,安徽安庆 → 安徽合肥,,0.21929489312989234
S110,鲁皖一期管道,齐鲁,淄博,2050,655.0,214.78505646091338,2147850.5646091336,0.3279161167342189,低负荷,1217.5399168338417,12175399.168338418,1.8588395676852545,超过设计输量,9,35,2005,齐鲁站 → 淄博站,,0.21929489312989234
S029,抚顺-锦州-郑州成品油管道,锦州,固安,2050,1300.0,208.17710223881457,2081771.0223881458,0.16013623249139583,低负荷,941.6512335738546,9416512.335738545,0.724347102749119,中负荷,4,22,2018,锦州 → 固安,,0.21929489312989234
S047,西南成品油管网（北线）,柳州,贵阳,2050,800.0,189.51574520020523,1895157.4520020522,0.23689468150025653,低负荷,189.51574520020523,1895157.4520020522,0.23689468150025653,低负荷,3,3,2005,柳州 → 贵阳,,0.21929489312989234
S111,鲁皖一期管道,淄博,济南,2050,655.0,185.69209450721968,1856920.9450721971,0.28349938092705296,低负荷,1188.446954880148,11884469.54880148,1.8144228318780886,超过设计输量,8,34,2005,淄博站 → 济南站,,0.21929489312989234
S013,兰郑长成品油管道,咸阳,郑州,2050,1500.0,175.7566474608533,1757566.4746085329,0.11717109830723553,低负荷,626.6281495829766,6266281.495829766,0.41775209972198435,低负荷,3,13,2009,咸阳 → 郑州,,0.21929489312989234
S014,兰郑长成品油管道,郑州,武汉,2050,1000.0,175.7566474608533,1757566.4746085329,0.1757566474608533,低负荷,392.7301660327397,3927301.660327397,0.3927301660327397,低负荷,2,9,2009,郑州 → 武汉,,0.21929489312989234
S112,鲁皖一期管道,济南,泰安,2050,655.0,166.30936920726057,1663093.6920726055,0.2539074339042146,低负荷,166.30936920726057,1663093.6920726055,0.2539074339042146,低负荷,7,7,2005,济南站 → 泰安站,,0.21929489312989234
S072,长岭-郴州成品油管道,长岭,七里山,2050,600.0,165.64961508985232,1656496.1508985232,0.27608269181642053,低负荷,244.31517071509364,2443151.7071509366,0.4071919511918227,低负荷,7,9,2014,长岭库站 → 七里山站,,0.21929489312989234
S053,西南成品油管网（南线）,东海岛,南宁,2050,800.0,162.39233522432164,1623923.3522432165,0.20299041903040205,低负荷,386.9682346832566,3869682.3468325664,0.48371029335407073,低负荷,5,11,2012,东海岛 → 南宁,,0.21929489312989234
S087,安庆-亳州成品油管道,合肥,淮南,2050,270.0,159.47045253757878,1594704.525375788,0.5906313056947362,中负荷,187.42241664461608,1874224.1664461608,0.6941570986837633,中负荷,3,4,2016,安徽合肥 → 安徽淮南,,0.21929489312989234
S081,九江-赣州成品油管道,九江,南昌,2050,330.0,156.66861765146012,1566686.1765146013,0.4747533868226064,低负荷,156.66861765146012,1566686.1765146013,0.4747533868226064,低负荷,4,4,2016,九江首站 → 南昌分输泵站,,0.21929489312989234
S113,鲁皖一期管道,泰安,曲阜,2050,655.0,151.5806080153113,1515806.080153113,0.2314207755958951,低负荷,151.5806080153113,1515806.080153113,0.2314207755958951,低负荷,6,6,2005,泰安站 → 曲阜站,,0.21929489312989234
S114,鲁皖一期管道,曲阜,枣庄,2050,655.0,151.5806080153113,1515806.080153113,0.2314207755958951,低负荷,151.5806080153113,1515806.080153113,0.2314207755958951,低负荷,4,4,2005,曲阜站 → 枣庄站,,0.21929489312989234
S073,长岭-郴州成品油管道,七里山,汨罗,2050,560.0,151.2214260596234,1512214.260596234,0.2700382608207561,低负荷,229.88698168486474,2298869.8168486473,0.41051246729440133,低负荷,6,8,2014,七里山站 → 汨罗站,,0.21929489312989234
S074,长岭-郴州成品油管道,汨罗,长沙,2050,538.0,151.2214260596234,1512214.260596234,0.2810807175829431,低负荷,229.88698168486474,2298869.8168486473,0.42729922246257385,低负荷,5,7,2014,汨罗站 → 长沙站,,0.21929489312989234
S064,珠三角成品油管网,黄埔,南沙,2050,300.0,150.02754396726542,1500275.4396726545,0.500091813224218,中负荷,150.02754396726542,1500275.4396726545,0.500091813224218,中负荷,3,3,2006,黄埔 → 南沙,,0.21929489312989234
S121,鲁皖二期管道（西线）,济南,聊城,2050,820.0,140.8531276477946,1408531.276477946,0.17177210688755437,低负荷,984.5540889173808,9845540.889173808,1.2006757181919279,超过设计输量,3,24,2009,济南站 → 聊城站,,0.21929489312989234
S136,洛驻管道,许昌,漯河,2050,820.0,139.85522492209262,1398552.2492209263,0.1705551523440154,低负荷,195.7163753558564,1957163.753558564,0.2386785065315322,低负荷,2,3,2007,许昌 → 漯河,,0.21929489312989234
S088,安庆-亳州成品油管道,淮南,阜阳,2050,140.0,131.38464834838635,1313846.4834838635,0.9384617739170453,高负荷,131.38464834838635,1313846.4834838635,0.9384617739170453,高负荷,2,2,2016,安徽淮南 → 安徽阜阳,,0.21929489312989234
S065,珠三角成品油管网,黄埔,惠州,2050,350.0,130.95749606283505,1309574.9606283505,0.374164274465243,低负荷,130.95749606283505,1309574.9606283505,0.374164274465243,低负荷,2,2,2006,黄埔 → 惠州,,0.21929489312989234
S122,鲁皖二期管道（西线）,聊城,濮阳,2050,820.0,128.99315978274032,1289931.597827403,0.15730873144236623,低负荷,972.6941210523266,9726941.210523266,1.1862123427467397,超过设计输量,2,23,2009,聊城站 → 濮阳站,,0.21929489312989234
S043,钦南柳成品油管道,钦州,南宁,2050,500.0,125.44679689822509,1254467.9689822507,0.25089359379645015,低负荷,386.9682346832566,3869682.3468325664,0.7739364693665132,中负荷,2,11,2018,钦州 → 南宁,,0.21929489312989234
S103,甬台温成品油管道,算山,宁海,2050,460.0,107.62562559771057,1076256.2559771056,0.2339687512993708,低负荷,107.62562559771057,1076256.2559771056,0.2339687512993708,低负荷,4,4,2018,算山首站/浙江宁波 → 宁海分输站,,0.21929489312989234
S115,鲁皖一期管道,枣庄,徐州,2050,655.0,103.24892473661913,1032489.2473661911,0.1576319461627773,低负荷,103.24892473661913,1032489.2473661911,0.1576319461627773,低负荷,2,2,2005,枣庄站 → 徐州站,,0.21929489312989234
S070,荆门-襄阳成品油管道,荆门,襄阳,2050,350.0,99.90337478909397,999033.7478909399,0.28543821368312566,低负荷,99.90337478909397,999033.7478909399,0.28543821368312566,低负荷,1,1,2019,湖北荆门 → 湖北襄阳,,0.21929489312989234
S067,珠三角成品油管网,惠州,梅州,2050,120.0,95.00523896779553,950052.3896779553,0.7917103247316295,中负荷,95.00523896779553,950052.3896779553,0.7917103247316295,中负荷,1,1,2015,惠州 → 梅州,,0.21929489312989234
S095,苏北成品油管道,南京(扬子,泰州(泰州,2050,545.0,93.59811855981889,935981.185598189,0.17173966708223648,低负荷,93.59811855981889,935981.185598189,0.17173966708223648,低负荷,1,1,2015,江苏南京(扬子首站) → 江苏泰州(泰州末站),,0.21929489312989234
S124,鲁皖二期管道（汤郑支线）,汤阴,新乡,2050,820.0,90.33557038819293,903355.7038819294,0.1101653297416987,低负荷,716.9637199711696,7169637.199711695,0.874345999964841,高负荷,2,14,2010,汤阴站 → 新乡站,,0.21929489312989234
S082,九江-赣州成品油管道,南昌,吉安长塘,2050,240.0,88.76473340048317,887647.3340048316,0.3698530558353465,低负荷,88.76473340048317,887647.3340048316,0.3698530558353465,低负荷,3,3,2016,南昌分输泵站 → 吉安长塘站,,0.21929489312989234
S075,长岭-郴州成品油管道,长沙,湘潭,2050,385.0,82.44681251288131,824468.125128813,0.21414756496852289,低负荷,161.11236813812263,1611123.6813812265,0.4184736834756432,低负荷,4,6,2014,长沙站 → 湘潭站,,0.21929489312989234
S054,西南成品油管网（南线）,南宁,长坡,2050,800.0,78.33685199812575,783368.5199812575,0.0979210649976572,低负荷,99.09288181449475,990928.8181449475,0.12386610226811844,低负荷,3,4,2012,南宁 → 长坡,,0.21929489312989234
S089,安庆-亳州成品油管道,阜阳,亳州,2050,140.0,78.1536326381841,781536.3263818411,0.5582402331298865,中负荷,78.1536326381841,781536.3263818411,0.5582402331298865,中负荷,1,1,2016,安徽阜阳 → 安徽亳州,,0.21929489312989234
S016,大港-济南-枣庄成品油管道,大港,沧州,2050,285.0,77.56919500367502,775691.9500367503,0.27217261404798254,低负荷,1217.8054392947886,12178054.392947884,4.273001541385223,超过设计输量,6,36,2007,大港首站 → 沧州清管站,,0.21929489312989234
S123,鲁皖二期管道（西线）,濮阳,汤阴,2050,820.0,75.74442853735948,757444.2853735947,0.09237125431385303,低负荷,919.4453898069457,9194453.898069456,1.1212748656182265,超过设计输量,1,22,2009,濮阳站 → 汤阴站,,0.21929489312989234
S104,甬台温成品油管道,宁海,临海,2050,460.0,74.4409537572117,744409.5375721169,0.16182816034176456,低负荷,74.4409537572117,744409.5375721169,0.16182816034176456,低负荷,3,3,2018,宁海分输站 → 临海分输泵站,,0.21929489312989234
S083,九江-赣州成品油管道,吉安长塘,樟树,2050,274.0,72.55440185335348,725544.018533535,0.2647970870560346,低负荷,72.55440185335348,725544.018533535,0.2647970870560346,低负荷,2,2,2016,吉安长塘站 → 樟树站,,0.21929489312989234
S076,长岭-郴州成品油管道,湘潭,衡阳,2050,220.0,71.42623169552661,714262.316955266,0.32466468952512095,低负荷,71.42623169552661,714262.316955266,0.32466468952512095,低负荷,3,3,2014,湘潭站 → 衡阳站,,0.21929489312989234
S077,长岭-郴州成品油管道,衡阳,耒阳,2050,136.0,71.42623169552661,714262.316955266,0.5251928801141662,中负荷,71.42623169552661,714262.316955266,0.5251928801141662,中负荷,2,2,2014,衡阳站 → 耒阳站,,0.21929489312989234
S099,浙赣成品油管道,算山,龙游,2050,760.0,70.71532385437588,707153.2385437589,0.09304647875575774,低负荷,106.35919181185915,1063591.9181185914,0.13994630501560415,低负荷,2,3,2013,算山首站/浙江宁波 → 龙游,,0.21929489312989234
S015,兰郑长成品油管道,武汉,长沙,2050,500.0,68.7746135467421,687746.135467421,0.13754922709348422,低负荷,229.88698168486474,2298869.8168486473,0.4597739633697295,低负荷,1,7,2009,武汉 → 长沙,,0.21929489312989234
S129,石太管道,石家庄,高庄,2050,820.0,67.6015536003126,676015.5360031261,0.08244091902477146,低负荷,67.6015536003126,676015.5360031261,0.08244091902477146,低负荷,4,4,2007,石家庄 → 高庄,,0.21929489312989234
S130,石太管道,高庄,阳泉,2050,820.0,67.6015536003126,676015.5360031261,0.08244091902477146,低负荷,67.6015536003126,676015.5360031261,0.08244091902477146,低负荷,3,3,2007,高庄 → 阳泉,,0.21929489312989234
S017,大港-济南-枣庄成品油管道,沧州,德州,2050,285.0,67.13347784649993,671334.7784649993,0.23555606261929798,低负荷,1207.3697221376135,12073697.221376134,4.236384989956538,超过设计输量,5,35,2007,沧州清管站 → 德州分输泵站,,0.21929489312989234
S040,云南成品油管网（安曲线）,安宁,寻甸,2050,323.0,62.38352073787719,623835.207378772,0.19313783510178698,低负荷,62.38352073787719,623835.207378772,0.19313783510178698,低负荷,3,3,2017,安宁 → 寻甸,,0.21929489312989234
S041,云南成品油管网（安曲线）,寻甸,曲靖,2050,155.0,62.38352073787719,623835.207378772,0.4024743273411432,低负荷,62.38352073787719,623835.207378772,0.4024743273411432,低负荷,1,1,2017,寻甸 → 曲靖,,0.21929489312989234
S048,西南成品油管网（北线）,贵阳,曲靖,2050,800.0,62.38352073787719,623835.207378772,0.0779794009223465,低负荷,62.38352073787719,623835.207378772,0.0779794009223465,低负荷,1,1,2005,贵阳 → 曲靖,,0.21929489312989234
S057,西南成品油管网（南线）,长坡,曲靖,2050,800.0,62.38352073787719,623835.207378772,0.0779794009223465,低负荷,62.38352073787719,623835.207378772,0.0779794009223465,低负荷,1,1,2012,长坡 → 曲靖,,0.21929489312989234
S079,湘娄支线,湘潭,娄底,2050,250.0,62.015907097793516,620159.0709779352,0.24806362839117407,低负荷,62.015907097793516,620159.0709779352,0.24806362839117407,低负荷,1,1,2014,湖南湘潭 → 湖南娄底,,0.21929489312989234
S131,石太管道,阳泉,晋中,2050,820.0,60.07409587746076,600740.9587746076,0.07326109253348874,低负荷,60.07409587746076,600740.9587746076,0.07326109253348874,低负荷,2,2,2007,阳泉 → 晋中,,0.21929489312989234
S126,鲁皖二期管道（汤石支线）,汤阴,邯郸,2050,820.0,59.135687698104114,591356.8769810412,0.07211669231476112,低负荷,753.3653908813933,7533653.908813933,0.9187382815626748,高负荷,3,20,2009,汤阴站 → 邯郸站,,0.21929489312989234
S090,安庆-合肥成品油管道,安庆,合肥,2050,120.0,57.36214964839122,573621.4964839122,0.47801791373659347,低负荷,265.3261708794132,2653261.708794132,2.21105142399511,超过设计输量,1,6,2007,安徽安庆 → 安徽合肥,,0.21929489312989234
S068,武汉-信阳成品油管道,武汉,信阳,2050,,55.86115043376377,558611.5043376377,,无设计输量,55.86115043376377,558611.5043376377,,无设计输量,1,1,2013,湖北武汉 → 河南信阳,,0.21929489312989234
S138,驻信管道,驻马店,信阳,2050,820.0,55.86115043376377,558611.5043376377,0.06812335418751679,低负荷,55.86115043376377,558611.5043376377,0.06812335418751679,低负荷,1,1,2013,驻马店 → 信阳,,0.21929489312989234
S097,苏北成品油管道,南京(扬子,盐城(盐城,2050,545.0,53.782325007393645,537823.2500739364,0.098683165151181,低负荷,53.782325007393645,537823.2500739364,0.098683165151181,低负荷,1,1,2015,江苏南京(扬子首站) → 江苏盐城(盐城末站),,0.21929489312989234
S105,甬台温成品油管道,临海,灵昆,2050,460.0,52.79380821478449,527938.0821478448,0.11476914829300976,低负荷,52.79380821478449,527938.0821478448,0.11476914829300976,低负荷,2,2,2018,临海分输泵站 → 灵昆分输站,,0.21929489312989234
S132,石太管道,晋中,太原,2050,820.0,50.940433061859316,509404.3306185932,0.06212247934373087,低负荷,50.940433061859316,509404.3306185932,0.06212247934373087,低负荷,1,1,2007,晋中 → 太原,,0.21929489312989234
S018,大港-济南-枣庄成品油管道,德州,济南,2050,285.0,48.21071058903459,482107.1058903458,0.16916038803170033,低负荷,1188.446954880148,11884469.54880148,4.169989315368941,超过设计输量,4,34,2007,德州分输泵站 → 济南分输站,,0.21929489312989234
S116,鲁皖一期管道,徐州,宿州,2050,655.0,47.721183450749045,477211.83450749045,0.07285676862709778,低负荷,47.721183450749045,477211.83450749045,0.07285676862709778,低负荷,1,1,2005,徐州站 → 宿州站,,0.21929489312989234
S030,抚顺-锦州-郑州成品油管道,固安,保定,2050,800.0,43.26136963739455,432613.69637394557,0.05407671204674319,低负荷,776.7355009724345,7767355.009724345,0.970919376215543,高负荷,3,21,2018,固安 → 保定,,0.21929489312989234
S137,洛驻管道,漯河,驻马店,2050,820.0,42.43861117238888,424386.1117238888,0.05175440386876693,低负荷,98.29976160615264,982997.6160615265,0.11987775805628371,低负荷,1,2,2007,漯河 → 驻马店,,0.21929489312989234
S044,钦南柳成品油管道,南宁,柳州,2050,300.0,41.39131367202918,413913.13672029175,0.1379710455734306,低负荷,266.2033903804431,2662033.9038044317,0.8873446346014771,高负荷,1,6,2018,南宁 → 柳州,,0.21929489312989234
S127,鲁皖二期管道（汤石支线）,邯郸,邢台,2050,820.0,39.24442815175073,392444.28151750733,0.04785905872164723,低负荷,106.84598175206334,1068459.8175206333,0.13029997774641872,低负荷,2,6,2009,邯郸站 → 邢台站,,0.21929489312989234
S101,浙赣成品油管道,诸暨,桐庐,2050,135.0,39.15127260025856,391512.72600258555,0.2900094266685819,低负荷,39.15127260025856,391512.72600258555,0.2900094266685819,低负荷,1,1,2013,诸暨 → 桐庐,,0.21929489312989234
S118,鲁皖一期管道,枣庄,临沂,2050,655.0,37.70446944516425,377044.6944516425,0.05756407548880038,低负荷,37.70446944516425,377044.6944516425,0.05756407548880038,低负荷,1,1,2005,枣庄站 → 临沂站,,0.21929489312989234
S038,云南成品油管网（安蒙线）,安宁,玉溪,2050,225.0,37.247086612394604,372470.8661239461,0.16554260716619823,低负荷,37.247086612394604,372470.8661239461,0.16554260716619823,低负荷,2,2,2017,安宁 → 玉溪,,0.21929489312989234
S085,上饶-樟树成品油管道,上饶,樟树,2050,,36.91053389587021,369105.3389587021,,无设计输量,72.55440185335348,725544.018533535,,无设计输量,1,2,2016,江西上饶 → 江西樟树,,0.21929489312989234
S100,浙赣成品油管道,龙游,樟树,2050,450.0,36.91053389587021,369105.3389587021,0.08202340865748936,低负荷,72.55440185335348,725544.018533535,0.16123200411856328,低负荷,1,2,2013,龙游 → 樟树末站/江西樟树,,0.21929489312989234
S036,云南成品油管网（安保线）,安宁,大理,2050,173.0,36.709361076617554,367093.61076617555,0.21219283859316507,低负荷,36.709361076617554,367093.61076617555,0.21219283859316507,低负荷,2,2,2017,安宁 → 大理,,0.21929489312989234
S119,鲁皖二期管道（东线）,青岛,潍坊,2050,820.0,36.36412685296441,363641.268529644,0.04434649616215172,低负荷,1205.4283564331533,12054283.564331533,1.4700345810160407,超过设计输量,2,35,2008,青岛站 → 潍坊站,,0.21929489312989234
S084,九江-赣州成品油管道,樟树,赣州,2050,170.0,35.64386795748327,356438.6795748328,0.20966981151460748,低负荷,35.64386795748327,356438.6795748328,0.20966981151460748,低负荷,1,1,2016,樟树站 → 赣州末站,,0.21929489312989234
S052,西南成品油管网（北线）,柳州,桂林,2050,600.0,35.29633150820872,352963.31508208724,0.058827219180347876,低负荷,35.29633150820872,352963.31508208724,0.058827219180347876,低负荷,1,1,2016,柳州 → 桂林,,0.21929489312989234
S059,珠三角成品油管网,茂名,江门,2050,550.0,34.35182541242282,343518.25412422814,0.062457864386223305,低负荷,34.35182541242282,343518.25412422814,0.062457864386223305,低负荷,1,1,2006,茂名 → 江门,,0.21929489312989234
S019,大港-济南-枣庄成品油管道,济南,济南,2050,285.0,28.827985289075464,288279.8528907546,0.10115082557570339,低负荷,1169.0642295801888,11690642.29580189,4.101979752912943,超过设计输量,3,33,2007,济南分输站 → 济南清管站,,0.21929489312989234
S020,大港-济南-枣庄成品油管道,济南,兖州,2050,285.0,28.827985289075464,288279.8528907546,0.10115082557570339,低负荷,169.78137947085884,1697813.7947085884,0.5957241384942416,中负荷,3,6,2007,济南清管站 → 兖州分输站,,0.21929489312989234
S128,鲁皖二期管道（汤石支线）,邢台,石家庄,2050,820.0,28.26940704474448,282694.0704474448,0.03447488663993229,低负荷,95.87096064505708,958709.6064505709,0.11691580566470376,低负荷,1,5,2009,邢台站 → 石家庄站,,0.21929489312989234
S092,淮蚌支线,淮南,蚌埠,2050,80.0,27.95196410703728,279519.64107037283,0.349399551337966,低负荷,27.95196410703728,279519.64107037283,0.349399551337966,低负荷,1,1,2016,安徽淮南 → 安徽蚌埠,,0.21929489312989234
S078,长岭-郴州成品油管道,耒阳,郴州,2050,100.0,27.394765547862157,273947.6554786216,0.27394765547862154,低负荷,27.394765547862157,273947.6554786216,0.27394765547862154,低负荷,1,1,2014,耒阳站 → 郴州站,,0.21929489312989234
S071,荆门-荆州成品油管道,荆门,荆州,2050,150.0,26.738504332143094,267385.0433214309,0.17825669554762064,低负荷,26.738504332143094,267385.0433214309,0.17825669554762064,低负荷,1,1,2003,湖北荆门 → 湖北荆州,,0.21929489312989234
S107,福建成品油管道（北线）,泉港,兴闽,2050,220.0,23.786177993304797,237861.77993304798,0.10811899087865817,低负荷,23.786177993304797,237861.77993304798,0.10811899087865817,低负荷,1,1,2010,泉港首站/福建泉州 → 兴闽末站/福建福州,,0.21929489312989234
S039,云南成品油管网（安蒙线）,玉溪,蒙自,2050,115.0,21.31141016445068,213114.10164450685,0.1853166101256581,低负荷,21.31141016445068,213114.10164450685,0.1853166101256581,低负荷,1,1,2017,玉溪 → 蒙自,,0.21929489312989234
S034,兰成渝成品油管道,兰州,成都,2050,700.0,20.947637339895397,209476.37339895396,0.029925196199850568,低负荷,20.947637339895397,209476.37339895396,0.029925196199850568,低负荷,2,2,2002,兰州 → 成都,,0.21929489312989234
S037,云南成品油管网（安保线）,大理,保山,2050,57.0,20.756029816369004,207560.29816369,0.36414087397138606,低负荷,20.756029816369004,207560.29816369,0.36414087397138606,低负荷,1,1,2017,大理 → 保山,,0.21929489312989234
S091,合六支线,合肥,六安,2050,140.0,20.541604586405878,205416.04586405877,0.14672574704575628,低负荷,20.541604586405878,205416.04586405877,0.14672574704575628,低负荷,1,1,2019,安徽合肥 → 安徽六安,,0.21929489312989234
S031,抚顺-锦州-郑州成品油管道,保定,邯郸,2050,1100.0,19.891259546353382,198912.59546353383,0.01808296322395762,低负荷,753.3653908813933,7533653.908813933,0.6848776280739939,中负荷,2,20,2018,保定 → 邯郸,,0.21929489312989234
S120,鲁皖二期管道（东线）,潍坊,济南,2050,820.0,19.38272529995912,193827.2529995912,0.023637469877998925,低负荷,1188.446954880148,11884469.54880148,1.449325554731888,超过设计输量,1,34,2008,潍坊站 → 济南站,,0.21929489312989234
S080,湘株支线,湘潭,株洲,2050,350.0,16.649648527447813,166496.48527447812,0.04757042436413661,低负荷,16.649648527447813,166496.48527447812,0.04757042436413661,低负荷,1,1,2008,湖南湘潭 → 湖南株洲,,0.21929489312989234
S055,西南成品油管网（南线）,长坡,大理,2050,800.0,15.953331260248552,159533.31260248553,0.01994166407531069,低负荷,36.709361076617554,367093.61076617555,0.04588670134577194,低负荷,1,2,2012,长坡 → 大理,,0.21929489312989234
S108,福建成品油管道（南线）,泉港,东孚,2050,380.0,15.499204542504879,154992.0454250488,0.04078738037501284,低负荷,15.499204542504879,154992.0454250488,0.04078738037501284,低负荷,1,1,2013,泉港首站/福建泉州 → 东孚末站/福建厦门,,0.21929489312989234
S024,呼和浩特-包头-鄂尔多斯成品油管道,呼和浩特,包头,2050,200.0,11.979681170656853,119796.81170656851,0.059898405853284264,低负荷,11.979681170656853,119796.81170656851,0.059898405853284264,低负荷,2,2,2014,呼和浩特 → 包头,,0.21929489312989234
S022,大港-济南-枣庄成品油管道,兖州,肥城,2050,285.0,10.627213833527916,106272.13833527916,0.03728846959132602,低负荷,151.5806080153113,1515806.080153113,0.5318617825098642,中负荷,2,5,2007,兖州分输站 → 肥城分输泵站,,0.21929489312989234
S023,大港-济南-枣庄成品油管道,肥城,枣庄,2050,285.0,10.627213833527916,106272.13833527916,0.03728846959132602,低负荷,151.5806080153113,1515806.080153113,0.5318617825098642,中负荷,1,4,2007,肥城分输泵站 → 枣庄末站,,0.21929489312989234
S093,浙苏成品油管道,嘉兴(陈山,湖州(湖州,2050,510.0,9.124295448577906,91242.95448577906,0.01789077538936844,低负荷,9.124295448577906,91242.95448577906,0.01789077538936844,低负荷,1,1,2007,浙江嘉兴(陈山首站) → 浙江湖州(湖州末站),,0.21929489312989234
S033,吉林石化-长春成品油管道,吉林,长春,2050,245.0,8.074975180596605,80749.75180596605,0.03295908236978206,低负荷,8.074975180596605,80749.75180596605,0.03295908236978206,低负荷,1,1,2014,吉林 → 长春,,0.21929489312989234
S025,呼和浩特-包头-鄂尔多斯成品油管道,包头,鄂尔多斯,2050,200.0,6.616110472914528,66161.10472914527,0.03308055236457264,低负荷,6.616110472914528,66161.10472914527,0.03308055236457264,低负荷,1,1,2014,包头 → 鄂尔多斯,,0.21929489312989234
S001,西部成品油管道,乌鲁木齐,哈密,2050,1000.0,3.0362050278265036,30362.050278265036,0.0030362050278265034,低负荷,797.0115156852024,7970115.156852025,0.7970115156852025,中负荷,6,22,2006,乌鲁木齐首站 → 哈密站,,0.21929489312989234
S002,西部成品油管道,哈密,柳园,2050,1000.0,3.0362050278265036,30362.050278265036,0.0030362050278265034,低负荷,797.0115156852024,7970115.156852025,0.7970115156852025,中负荷,5,21,2006,哈密站 → 柳园站,,0.21929489312989234
S003,西部成品油管道,柳园,酒泉,2050,1000.0,3.012837805827991,30128.378058279915,0.003012837805827991,低负荷,796.9881484632039,7969881.4846320385,0.7969881484632039,中负荷,4,20,2006,柳园站 → 酒泉站,,0.21929489312989234
S004,西部成品油管道,酒泉,张掖,2050,1000.0,3.012837805827991,30128.378058279915,0.003012837805827991,低负荷,796.9881484632039,7969881.4846320385,0.7969881484632039,中负荷,3,19,2006,酒泉站 → 张掖站,,0.21929489312989234
S005,西部成品油管道,张掖,武威,2050,1000.0,2.991861917455226,29918.619174552256,0.002991861917455226,低负荷,796.9671725748311,7969671.725748311,0.7969671725748311,中负荷,2,18,2006,张掖站 → 武威站,,0.21929489312989234
S021,银巴线,银川,巴彦淖尔,2050,240.0,2.06403911236384,20640.3911236384,0.008600162968182667,低负荷,2.06403911236384,20640.3911236384,0.008600162968182667,低负荷,1,1,2017,银川 → 巴音淖尔,,0.21929489312989234
S006,西部成品油管道,武威,兰州,2050,1000.0,0.9284573246345902,9284.573246345904,0.0009284573246345902,低负荷,794.9037679820105,7949037.6798201045,0.7949037679820106,中负荷,1,17,2006,武威站 → 兰州末站,,0.21929489312989234
S007,独山子-703泵站-乌鲁木齐成品油管道,独山子,703,2050,100.0,0.0,0.0,0.0,低负荷,797.0115156852024,7970115.156852025,7.9701151568520245,超过设计输量,2,24,1998,独山子 → 703泵站,,0.21929489312989234
S008,独山子-703泵站-乌鲁木齐成品油管道,703,乌鲁木齐,2050,100.0,0.0,0.0,0.0,低负荷,797.0115156852024,7970115.156852025,7.9701151568520245,超过设计输量,1,23,1998,703泵站 → 乌鲁木齐,,0.21929489312989234
S009,独山子-乌鲁木齐成品油管道,独山子,王家沟,2050,520.0,0.0,0.0,0.0,低负荷,0.0,0.0,0.0,低负荷,1,1,2004,独山子 → 王家沟,,0.21929489312989234
S010,克拉玛依-乌鲁木齐成品油管道,克拉玛依,王家沟,2050,160.0,0.0,0.0,0.0,低负荷,0.0,0.0,0.0,低负荷,1,1,1996,克拉玛依 → 王家沟首站,,0.21929489312989234
S011,克拉玛依-乌鲁木齐成品油管道（复线）,克拉玛依,王家沟,2050,400.0,0.0,0.0,0.0,低负荷,0.0,0.0,0.0,低负荷,1,1,2009,克拉玛依 → 王家沟首站,,0.21929489312989234
S032,抚顺-锦州-郑州成品油管道,邯郸,郑州,2050,800.0,0.0,0.0,0.0,低负荷,626.6281495829766,6266281.495829766,0.7832851869787207,中负荷,1,13,2018,邯郸 → 郑州,,0.21929489312989234
S035,兰成渝成品油管道,成都,重庆,2050,350.0,0.0,0.0,0.0,低负荷,0.0,0.0,0.0,低负荷,1,1,2002,成都 → 重庆,,0.21929489312989234
S042,云南成品油管网（安曲线）,寻甸,昆明,2050,168.0,0.0,0.0,0.0,低负荷,0.0,0.0,0.0,低负荷,1,1,2017,寻甸 → 昆明,,0.21929489312989234
S049,西南成品油管网（北线）,江津,重庆,2050,800.0,0.0,0.0,0.0,低负荷,0.0,0.0,0.0,低负荷,1,1,2005,江津 → 重庆,,0.21929489312989234
S050,西南成品油管网（北线）,柳州,柳库,2050,500.0,0.0,0.0,0.0,低负荷,0.0,0.0,0.0,低负荷,1,1,2006,柳州 → 柳库,,0.21929489312989234
S051,西南成品油管网（北线）,贵阳,简阳,2050,600.0,0.0,0.0,0.0,低负荷,0.0,0.0,0.0,低负荷,1,1,2016,贵阳 → 简阳,,0.21929489312989234
S056,西南成品油管网（南线）,南宁,黎塘,2050,800.0,0.0,0.0,0.0,低负荷,0.0,0.0,0.0,低负荷,1,1,2012,南宁 → 黎塘,,0.21929489312989234
S058,西南成品油管网（南线）,秋田冲,昆东,2050,800.0,0.0,0.0,0.0,低负荷,0.0,0.0,0.0,低负荷,1,1,2012,秋田冲 → 昆东,,0.21929489312989234
S060,珠三角成品油管网,南沙,南海,2050,250.0,0.0,0.0,0.0,低负荷,0.0,0.0,0.0,低负荷,1,1,2006,南沙 → 南海,,0.21929489312989234
S061,珠三角成品油管网,三水,花都,2050,250.0,0.0,0.0,0.0,低负荷,0.0,0.0,0.0,低负荷,1,1,2006,三水 → 花都,,0.21929489312989234
S062,珠三角成品油管网,南沙,斗门,2050,100.0,0.0,0.0,0.0,低负荷,0.0,0.0,0.0,低负荷,1,1,2006,南沙 → 斗门,,0.21929489312989234
S063,珠三角成品油管网,北沙,珠海,2050,100.0,0.0,0.0,0.0,低负荷,0.0,0.0,0.0,低负荷,1,1,2006,北沙 → 珠海,,0.21929489312989234
S066,珠三角成品油管网,大鹏湾,妈湾,2050,250.0,0.0,0.0,0.0,低负荷,0.0,0.0,0.0,低负荷,1,1,2006,大鹏湾 → 妈湾,,0.21929489312989234
S069,156支线,广水,广水武胜关镇,2050,10.0,0.0,0.0,0.0,低负荷,0.0,0.0,0.0,低负荷,1,1,2014,湖北广水 → 湖北广水武胜关镇,,0.21929489312989234
S096,苏北成品油管道,南京(扬子,徐州(新沂,2050,545.0,0.0,0.0,0.0,低负荷,0.0,0.0,0.0,低负荷,1,1,2015,江苏南京(扬子首站) → 江苏徐州(新沂末站),,0.21929489312989234
S102,绍杭成品油管道,绍兴,萧山,2050,500.0,0.0,0.0,0.0,低负荷,0.0,0.0,0.0,低负荷,1,1,2016,绍兴首站/浙江绍兴 → 萧山站/浙江萧山,,0.21929489312989234
S106,甬台温成品油管道,灵昆,瑞安,2050,460.0,0.0,0.0,0.0,低负荷,0.0,0.0,0.0,低负荷,1,1,2018,灵昆分输站 → 瑞安末站/浙江温州,,0.21929489312989234
S109,福建成品油管道（南线）,泉港,石湖山,2050,380.0,0.0,0.0,0.0,低负荷,0.0,0.0,0.0,低负荷,1,1,2013,泉港首站/福建泉州 → 石湖山末站/福建厦门,,0.21929489312989234
S117,鲁皖一期管道,曲阜,济宁,2050,655.0,0.0,0.0,0.0,低负荷,0.0,0.0,0.0,低负荷,1,1,2005,曲阜站 → 济宁站,,0.21929489312989234
S125,鲁皖二期管道（汤郑支线）,新乡,郑州,2050,820.0,0.0,0.0,0.0,低负荷,626.6281495829766,6266281.495829766,0.7641806702231422,中负荷,1,13,2010,新乡站 → 郑州站,,0.21929489312989234
S139,南武管道,南疆(天津,武清,2050,155.0,0.0,0.0,0.0,低负荷,0.0,0.0,0.0,低负荷,1,1,2018,南疆(天津) → 武清,,0.21929489312989234
S140,格拉成品油管道,格尔木,拉萨,2050,130.0,0.0,0.0,0.0,低负荷,0.0,0.0,0.0,低负荷,1,1,1976,格尔木 → 拉萨,,0.21929489312989234
S133,洛驻管道,洛阳,巩义,2055,820.0,347.39527452478893,3473952.7452478893,0.4236527738107182,低负荷,577.0435436606003,5770435.436606003,0.7037116386104882,中负荷,5,14,2007,洛阳 → 巩义,,0.21929489312989234
S012,兰郑长成品油管道,兰州,咸阳,2055,1000.0,218.6656123950202,2186656.1239502016,0.2186656123950202,低负荷,562.188885211293,5621888.852112931,0.5621888852112931,中负荷,4,14,2009,兰州 → 咸阳,,0.21929489312989234
S134,洛驻管道,巩义,郑州,2055,820.0,204.8065978912743,2048065.9789127428,0.2497641437698467,低负荷,434.4548670270857,4344548.6702708565,0.5298230085696167,中负荷,4,13,2007,巩义 → 郑州,,0.21929489312989234
S135,洛驻管道,郑州,许昌,2055,820.0,204.8065978912743,2048065.9789127428,0.2497641437698467,低负荷,253.7849563045691,2537849.5630456912,0.3094938491519135,低负荷,3,4,2007,郑州 → 许昌,,0.21929489312989234
S045,西南成品油管网（北线）,湛江,茂名,2055,500.0,185.44405497711702,1854440.5497711697,0.37088810995423405,低负荷,211.02386465822778,2110238.6465822775,0.42204772931645557,低负荷,7,8,2006,湛江 → 茂名,,0.21929489312989234
S086,安庆-亳州成品油管道,安庆,合肥,2055,410.0,172.74709751771925,1727470.9751771926,0.42133438418955915,低负荷,209.7361815938551,2097361.815938551,0.5115516624240368,中负荷,4,6,2016,安徽安庆 → 安徽合肥,,0.21929489312989234
S026,抚顺-锦州-郑州成品油管道,抚顺,辽阳,2055,600.0,149.74454002595326,1497445.4002595325,0.24957423337658877,低负荷,670.9946897792788,6709946.897792787,1.1183244829654646,超过设计输量,7,25,2018,抚顺 → 辽阳,,0.21929489312989234
S027,抚顺-锦州-郑州成品油管道,辽阳,辽河,2055,600.0,148.6904060899553,1486904.0608995531,0.24781734348325885,低负荷,669.9405558432808,6699405.558432808,1.1165675930721346,超过设计输量,6,24,2018,辽阳 → 辽河,,0.21929489312989234
S028,抚顺-锦州-郑州成品油管道,辽河,锦州,2055,750.0,147.52559198026609,1475255.9198026606,0.19670078930702145,低负荷,668.7757417335916,6687757.417335915,0.8917009889781222,高负荷,5,23,2018,辽河 → 锦州,,0.21929489312989234
S046,西南成品油管网（北线）,茂名,柳州,2055,800.0,145.77611304573028,1457761.1304573026,0.18222014130716285,低负荷,145.77611304573028,1457761.1304573026,0.18222014130716285,低负荷,6,6,2005,茂名 → 柳州,,0.21929489312989234
S110,鲁皖一期管道,齐鲁,淄博,2055,655.0,145.4987090933889,1454987.090933889,0.22213543373036473,低负荷,894.3628468186417,8943628.468186418,1.3654394607918194,超过设计输量,9,35,2005,齐鲁站 → 淄博站,,0.21929489312989234
S029,抚顺-锦州-郑州成品油管道,锦州,固安,2055,1300.0,138.14593291243554,1381459.3291243555,0.10626610224033503,低负荷,659.3960826657611,6593960.826657611,0.5072277558967393,中负荷,4,22,2018,锦州 → 固安,,0.21929489312989234
S094,浙苏成品油管道,嘉兴(陈山,苏州(苏州,2055,510.0,135.23354351514007,1352335.4351514007,0.26516381081400014,低负荷,135.23354351514007,1352335.4351514007,0.26516381081400014,低负荷,1,1,2007,浙江嘉兴(陈山首站) → 江苏苏州(苏州末站),,0.21929489312989234
S098,苏南成品油管道,南京(南京,苏州(苏州,2055,580.0,135.23354351514007,1352335.4351514007,0.23316128192265528,低负荷,135.23354351514007,1352335.4351514007,0.23316128192265528,低负荷,1,1,2010,江苏南京(南京首站) → 江苏苏州(苏州末站),,0.21929489312989234
S087,安庆-亳州成品油管道,合肥,淮南,2055,270.0,128.74892517865746,1287489.2517865745,0.47684787103206466,低负荷,150.11743477536626,1501174.3477536626,0.5559904991680232,中负荷,3,4,2016,安徽合肥 → 安徽淮南,,0.21929489312989234
S111,鲁皖一期管道,淄博,济南,2055,655.0,124.2863735742327,1242863.735742327,0.18975018866295068,低负荷,873.1505112994855,8731505.112994855,1.3330542157244054,超过设计输量,8,34,2005,淄博站 → 济南站,,0.21929489312989234
S136,洛驻管道,许昌,漯河,2055,820.0,122.38216465324793,1223821.6465324794,0.14924654226005846,低负荷,171.36052306654275,1713605.2306654276,0.2089762476421253,低负荷,2,3,2007,许昌 → 漯河,,0.21929489312989234
S121,鲁皖二期管道（西线）,济南,聊城,2055,820.0,118.71099078757801,1187109.9078757802,0.14476950096046098,低负荷,735.6227200745595,7356227.200745595,0.8971008781397067,高负荷,3,24,2009,济南站 → 聊城站,,0.21929489312989234
S064,珠三角成品油管网,黄埔,南沙,2055,300.0,112.32153947630438,1123215.394763044,0.3744051315876813,低负荷,112.32153947630438,1123215.394763044,0.3744051315876813,低负荷,3,3,2006,黄埔 → 南沙,,0.21929489312989234
S122,鲁皖二期管道（西线）,聊城,濮阳,2055,820.0,110.11555628039915,1101155.5628039916,0.1342872637565843,低负荷,727.0272855673807,7270272.855673807,0.8866186409358301,高负荷,2,23,2009,聊城站 → 濮阳站,,0.21929489312989234
S112,鲁皖一期管道,济南,泰安,2055,655.0,110.09890222200423,1100989.022220042,0.168089927056495,低负荷,110.09890222200423,1100989.022220042,0.168089927056495,低负荷,7,7,2005,济南站 → 泰安站,,0.21929489312989234
S088,安庆-亳州成品油管道,淮南,阜阳,2055,140.0,107.29455602044968,1072945.5602044968,0.7663896858603548,中负荷,107.29455602044968,1072945.5602044968,0.7663896858603548,中负荷,2,2,2016,安徽淮南 → 安徽阜阳,,0.21929489312989234
S047,西南成品油管网（北线）,柳州,贵阳,2055,800.0,101.63054897639731,1016305.489763973,0.12703818622049665,低负荷,101.63054897639731,1016305.489763973,0.12703818622049665,低负荷,3,3,2005,柳州 → 贵阳,,0.21929489312989234
S113,鲁皖一期管道,泰安,曲阜,2055,655.0,99.35139549892524,993513.9549892525,0.1516815198456874,低负荷,99.35139549892524,993513.9549892525,0.1516815198456874,低负荷,6,6,2005,泰安站 → 曲阜站,,0.21929489312989234
S114,鲁皖一期管道,曲阜,枣庄,2055,655.0,99.35139549892524,993513.9549892525,0.1516815198456874,低负荷,99.35139549892524,993513.9549892525,0.1516815198456874,低负荷,4,4,2005,曲阜站 → 枣庄站,,0.21929489312989234
S065,珠三角成品油管网,黄埔,惠州,2055,350.0,96.37036885842559,963703.6885842559,0.27534391102407313,低负荷,96.37036885842559,963703.6885842559,0.27534391102407313,低负荷,2,2,2006,黄埔 → 惠州,,0.21929489312989234
S072,长岭-郴州成品油管道,长岭,七里山,2055,600.0,92.39535752779929,923953.5752779928,0.15399226254633216,低负荷,135.1269675747315,1351269.675747315,0.22521161262455253,低负荷,7,9,2014,长岭库站 → 七里山站,,0.21929489312989234
S013,兰郑长成品油管道,咸阳,郑州,2055,1500.0,90.93159421081273,909315.9421081273,0.06062106280720849,低负荷,434.4548670270857,4344548.6702708565,0.28963657801805714,低负荷,3,13,2009,咸阳 → 郑州,,0.21929489312989234
S014,兰郑长成品油管道,郑州,武汉,2055,1000.0,90.93159421081273,909315.9421081273,0.09093159421081273,低负荷,229.64826913581138,2296482.6913581137,0.22964826913581138,低负荷,2,9,2009,郑州 → 武汉,,0.21929489312989234
S053,西南成品油管网（南线）,东海岛,南宁,2055,800.0,85.96311121184404,859631.1121184403,0.10745388901480504,低负荷,210.4179059348742,2104179.059348742,0.26302238241859277,低负荷,5,11,2012,东海岛 → 南宁,,0.21929489312989234
S073,长岭-郴州成品油管道,七里山,汨罗,2055,560.0,84.53558651085307,845355.8651085306,0.15095640448366618,低负荷,127.26719655778531,1272671.965577853,0.2272628509960452,低负荷,6,8,2014,七里山站 → 汨罗站,,0.21929489312989234
S074,长岭-郴州成品油管道,汨罗,长沙,2055,538.0,84.53558651085307,845355.8651085306,0.15712934295697595,低负荷,127.26719655778531,1272671.965577853,0.2365561274308277,低负荷,5,7,2014,汨罗站 → 长沙站,,0.21929489312989234
S081,九江-赣州成品油管道,九江,南昌,2055,330.0,84.43612355299938,844361.2355299937,0.2558670410696951,低负荷,84.43612355299938,844361.2355299937,0.2558670410696951,低负荷,4,4,2016,九江首站 → 南昌分输泵站,,0.21929489312989234
S124,鲁皖二期管道（汤郑支线）,汤阴,新乡,2055,820.0,78.8317188609312,788317.1886093122,0.09613624251333074,低负荷,513.2865858880169,5132865.858880169,0.6259592510829475,中负荷,2,14,2010,汤阴站 → 新乡站,,0.21929489312989234
S070,荆门-襄阳成品油管道,荆门,襄阳,2055,350.0,78.16157294798627,781615.7294798627,0.22331877985138934,低负荷,78.16157294798627,781615.7294798627,0.22331877985138934,低负荷,1,1,2019,湖北荆门 → 湖北襄阳,,0.21929489312989234
S043,钦南柳成品油管道,钦州,南宁,2055,500.0,72.33765823339559,723376.5823339559,0.14467531646679116,低负荷,210.4179059348742,2104179.059348742,0.4208358118697484,低负荷,2,11,2018,钦州 → 南宁,,0.21929489312989234
S067,珠三角成品油管网,惠州,梅州,2055,120.0,69.86829482585662,698682.9482585662,0.5822357902154719,中负荷,69.86829482585662,698682.9482585662,0.5822357902154719,中负荷,1,1,2015,惠州 → 梅州,,0.21929489312989234
S115,鲁皖一期管道,枣庄,徐州,2055,655.0,67.44109317890069,674410.9317890069,0.1029635010364896,低负荷,67.44109317890069,674410.9317890069,0.1029635010364896,低负荷,2,2,2005,枣庄站 → 徐州站,,0.21929489312989234
S089,安庆-亳州成品油管道,阜阳,亳州,2055,140.0,66.64725926846472,666472.5926846473,0.4760518519176052,低负荷,66.64725926846472,666472.5926846473,0.4760518519176052,低负荷,1,1,2016,安徽阜阳 → 安徽亳州,,0.21929489312989234
S123,鲁皖二期管道（西线）,濮阳,汤阴,2055,820.0,65.53053939019367,655305.3939019367,0.07991529193926057,低负荷,682.4422686771751,6824422.686771751,0.8322466691185062,高负荷,1,22,2009,濮阳站 → 汤阴站,,0.21929489312989234
S103,甬台温成品油管道,算山,宁海,2055,460.0,60.586105879401146,605861.0587940114,0.1317089258247851,低负荷,60.586105879401146,605861.0587940114,0.1317089258247851,低负荷,4,4,2018,算山首站/浙江宁波 → 宁海分输站,,0.21929489312989234
S016,大港-济南-枣庄成品油管道,大港,沧州,2055,285.0,59.14794697797277,591479.4697797276,0.20753665606306235,低负荷,897.1098603689857,8971098.603689857,3.1477538960315288,超过设计输量,6,36,2007,大港首站 → 沧州清管站,,0.21929489312989234
S129,石太管道,石家庄,高庄,2055,820.0,53.55036167544497,535503.6167544496,0.0653053191163963,低负荷,53.55036167544497,535503.6167544496,0.0653053191163963,低负荷,4,4,2007,石家庄 → 高庄,,0.21929489312989234
S130,石太管道,高庄,阳泉,2055,820.0,53.55036167544497,535503.6167544496,0.0653053191163963,低负荷,53.55036167544497,535503.6167544496,0.0653053191163963,低负荷,3,3,2007,高庄 → 阳泉,,0.21929489312989234
S095,苏北成品油管道,南京(扬子,泰州(泰州,2055,545.0,52.3915533883865,523915.53388386493,0.09613129062089265,低负荷,52.3915533883865,523915.53388386493,0.09613129062089265,低负荷,1,1,2015,江苏南京(扬子首站) → 江苏泰州(泰州末站),,0.21929489312989234
S017,大港-济南-枣庄成品油管道,沧州,德州,2055,285.0,50.33758258011838,503375.82580118376,0.1766230967723452,低负荷,888.2994959711314,8882994.959711313,3.116840336740812,超过设计输量,5,35,2007,沧州清管站 → 德州分输泵站,,0.21929489312989234
S126,鲁皖二期管道（汤石支线）,汤阴,邯郸,2055,820.0,50.07478172351968,500747.8172351968,0.06106680697990204,低负荷,538.0800104260503,5380800.104260502,0.6561951346659151,中负荷,3,20,2009,汤阴站 → 邯郸站,,0.21929489312989234
S068,武汉-信阳成品油管道,武汉,信阳,2055,,48.97835841329481,489783.58413294813,,无设计输量,48.97835841329481,489783.58413294813,,无设计输量,1,1,2013,湖北武汉 → 河南信阳,,0.21929489312989234
S138,驻信管道,驻马店,信阳,2055,820.0,48.97835841329481,489783.58413294813,0.059729705382066844,低负荷,48.97835841329481,489783.58413294813,0.059729705382066844,低负荷,1,1,2013,驻马店 → 信阳,,0.21929489312989234
S082,九江-赣州成品油管道,南昌,吉安长塘,2055,240.0,47.76631027974269,477663.10279742687,0.1990262928322612,低负荷,47.76631027974269,477663.10279742687,0.1990262928322612,低负荷,3,3,2016,南昌分输泵站 → 吉安长塘站,,0.21929489312989234
S131,石太管道,阳泉,晋中,2055,820.0,47.574325367843564,475743.25367843563,0.058017469960784836,低负荷,47.574325367843564,475743.25367843563,0.058017469960784836,低负荷,2,2,2007,阳泉 → 晋中,,0.21929489312989234
S075,长岭-郴州成品油管道,长沙,湘潭,2055,385.0,47.006706464771575,470067.0646477157,0.12209534146693915,低负荷,89.73831651170381,897383.1651170381,0.23308653639403587,低负荷,4,6,2014,长沙站 → 湘潭站,,0.21929489312989234
S090,安庆-合肥成品油管道,安庆,合肥,2055,120.0,43.99817233906182,439981.72339061816,0.3666514361588485,低负荷,209.7361815938551,2097361.815938551,1.7478015132821259,超过设计输量,1,6,2007,安徽安庆 → 安徽合肥,,0.21929489312989234
S104,甬台温成品油管道,宁海,临海,2055,460.0,41.89803626854676,418980.3626854675,0.09108268754031905,低负荷,41.89803626854676,418980.3626854675,0.09108268754031905,低负荷,3,3,2018,宁海分输站 → 临海分输泵站,,0.21929489312989234
S076,长岭-郴州成品油管道,湘潭,衡阳,2055,220.0,40.98643983739605,409864.39837396046,0.18630199926089114,低负荷,40.98643983739605,409864.39837396046,0.18630199926089114,低负荷,3,3,2014,湘潭站 → 衡阳站,,0.21929489312989234
S077,长岭-郴州成品油管道,衡阳,耒阳,2055,136.0,40.98643983739605,409864.39837396046,0.3013708811573239,低负荷,40.98643983739605,409864.39837396046,0.3013708811573239,低负荷,2,2,2014,衡阳站 → 耒阳站,,0.21929489312989234
S099,浙赣成品油管道,算山,龙游,2055,760.0,40.68648195234201,406864.81952342007,0.05353484467413422,低负荷,59.83728165091956,598372.8165091956,0.07873326533015731,低负荷,2,3,2013,算山首站/浙江宁波 → 龙游,,0.21929489312989234
S132,石太管道,晋中,太原,2055,820.0,40.354250532468974,403542.50532468973,0.049212500649352404,低负荷,40.354250532468974,403542.50532468973,0.049212500649352404,低负荷,1,1,2007,晋中 → 太原,,0.21929489312989234
S083,九江-赣州成品油管道,吉安长塘,樟树,2055,274.0,39.06065979443172,390606.5979443172,0.14255715253442233,低负荷,39.06065979443172,390606.5979443172,0.14255715253442233,低负荷,2,2,2016,吉安长塘站 → 樟树站,,0.21929489312989234
S015,兰郑长成品油管道,武汉,长沙,2055,500.0,37.52888004608149,375288.80046081485,0.07505776009216297,低负荷,127.26719655778531,1272671.965577853,0.25453439311557063,低负荷,1,7,2009,武汉 → 长沙,,0.21929489312989234
S054,西南成品油管网（南线）,南宁,长坡,2055,800.0,37.43302301177418,374330.23011774174,0.046791278764717725,低负荷,46.443694833129314,464436.94833129295,0.05805461854141164,低负荷,3,4,2012,南宁 → 长坡,,0.21929489312989234
S137,洛驻管道,漯河,驻马店,2055,820.0,37.16639360120411,371663.9360120411,0.04532487024537087,低负荷,86.14475201449892,861447.5201449892,0.10505457562743771,低负荷,1,2,2007,漯河 → 驻马店,,0.21929489312989234
S030,抚顺-锦州-郑州成品油管道,固安,保定,2055,800.0,36.603716272621895,366037.1627262189,0.04575464534077737,低负荷,557.8538660259475,5578538.660259474,0.6973173325324343,中负荷,3,21,2018,固安 → 保定,,0.21929489312989234
S116,鲁皖一期管道,徐州,宿州,2055,655.0,36.38089897472879,363808.9897472879,0.05554335721332639,低负荷,36.38089897472879,363808.9897472879,0.05554335721332639,低负荷,1,1,2005,徐州站 → 宿州站,,0.21929489312989234
S018,大港-济南-枣庄成品油管道,德州,济南,2055,285.0,35.188597908472644,351885.9790847264,0.12346876459113208,低负荷,873.1505112994855,8731505.112994855,3.063686004559598,超过设计输量,4,34,2007,德州分输泵站 → 济南分输站,,0.21929489312989234
S079,湘娄支线,湘潭,娄底,2055,250.0,33.62868465307055,336286.8465307055,0.1345147386122822,低负荷,33.62868465307055,336286.8465307055,0.1345147386122822,低负荷,1,1,2014,湖南湘潭 → 湖南娄底,,0.21929489312989234
S127,鲁皖二期管道（汤石支线）,邯郸,邢台,2055,820.0,33.24492105079491,332449.210507949,0.04054258664731086,低负荷,86.79528272623988,867952.8272623987,0.10584790576370716,低负荷,2,6,2009,邯郸站 → 邢台站,,0.21929489312989234
S040,云南成品油管网（安曲线）,安宁,寻甸,2055,323.0,30.331990144055247,303319.90144055244,0.09390709022927321,低负荷,30.331990144055247,303319.90144055244,0.09390709022927321,低负荷,3,3,2017,安宁 → 寻甸,,0.21929489312989234
S041,云南成品油管网（安曲线）,寻甸,曲靖,2055,155.0,30.331990144055247,303319.90144055244,0.19569025899390483,低负荷,30.331990144055247,303319.90144055244,0.19569025899390483,低负荷,1,1,2017,寻甸 → 曲靖,,0.21929489312989234
S048,西南成品油管网（北线）,贵阳,曲靖,2055,800.0,30.331990144055247,303319.90144055244,0.03791498768006906,低负荷,30.331990144055247,303319.90144055244,0.03791498768006906,低负荷,1,1,2005,贵阳 → 曲靖,,0.21929489312989234
S057,西南成品油管网（南线）,长坡,曲靖,2055,800.0,30.331990144055247,303319.90144055244,0.03791498768006906,低负荷,30.331990144055247,303319.90144055244,0.03791498768006906,低负荷,1,1,2012,长坡 → 曲靖,,0.21929489312989234
S097,苏北成品油管道,南京(扬子,盐城(盐城,2055,545.0,30.07202987918143,300720.29879181425,0.055178036475562256,低负荷,30.07202987918143,300720.29879181425,0.055178036475562256,低负荷,1,1,2015,江苏南京(扬子首站) → 江苏盐城(盐城末站),,0.21929489312989234
S105,甬台温成品油管道,临海,灵昆,2055,460.0,29.746340172701874,297463.4017270187,0.06466595689717798,低负荷,29.746340172701874,297463.4017270187,0.06466595689717798,低负荷,2,2,2018,临海分输泵站 → 灵昆分输站,,0.21929489312989234
S119,鲁皖二期管道（东线）,青岛,潍坊,2055,820.0,26.528109870458632,265281.09870458633,0.03235135350055931,低负荷,885.4911498177157,8854911.498177158,1.079867255875263,超过设计输量,2,35,2008,青岛站 → 潍坊站,,0.21929489312989234
S059,珠三角成品油管网,茂名,江门,2055,550.0,25.579809681110763,255798.09681110765,0.04650874487474684,低负荷,25.579809681110763,255798.09681110765,0.04650874487474684,低负荷,1,1,2006,茂名 → 江门,,0.21929489312989234
S118,鲁皖一期管道,枣庄,临沂,2055,655.0,24.150593414473732,241505.93414473734,0.03687113498392936,低负荷,24.150593414473732,241505.93414473734,0.03687113498392936,低负荷,1,1,2005,枣庄站 → 临沂站,,0.21929489312989234
S128,鲁皖二期管道（汤石支线）,邢台,石家庄,2055,820.0,23.956646916088197,239566.46916088197,0.02921542306840024,低负荷,77.50700859153316,775070.0859153316,0.09452074218479654,低负荷,1,5,2009,邢台站 → 石家庄站,,0.21929489312989234
S044,钦南柳成品油管道,南宁,柳州,2055,300.0,23.807570033325717,238075.7003332572,0.0793585667777524,低负荷,145.77611304573028,1457761.1304573026,0.48592037681910094,低负荷,1,6,2018,南宁 → 柳州,,0.21929489312989234
S101,浙赣成品油管道,诸暨,桐庐,2055,135.0,22.075227091799164,220752.27091799164,0.16352020067999382,低负荷,22.075227091799164,220752.27091799164,0.16352020067999382,低负荷,1,1,2013,诸暨 → 桐庐,,0.21929489312989234
S092,淮蚌支线,淮南,蚌埠,2055,80.0,21.368509596708833,213685.09596708833,0.2671063699588604,低负荷,21.368509596708833,213685.09596708833,0.2671063699588604,低负荷,1,1,2016,安徽淮南 → 安徽蚌埠,,0.21929489312989234
S019,大港-济南-枣庄成品油管道,济南,济南,2055,285.0,21.001126556244156,210011.26556244155,0.07368816335524266,低负荷,858.963039947257,8589630.39947257,3.013905403323709,超过设计输量,3,33,2007,济南分输站 → 济南清管站,,0.21929489312989234
S020,大港-济南-枣庄成品油管道,济南,兖州,2055,285.0,21.001126556244156,210011.26556244155,0.07368816335524266,低负荷,112.59281314961858,1125928.131496186,0.39506250227936346,低负荷,3,6,2007,济南清管站 → 兖州分输站,,0.21929489312989234
S052,西南成品油管网（北线）,柳州,桂林,2055,600.0,20.337994036007252,203379.9403600725,0.033896656726678756,低负荷,20.337994036007252,203379.9403600725,0.033896656726678756,低负荷,1,1,2016,柳州 → 桂林,,0.21929489312989234
S085,上饶-樟树成品油管道,上饶,樟树,2055,,19.90986009585417,199098.60095854168,,无设计输量,39.06065979443172,390606.5979443172,,无设计输量,1,2,2016,江西上饶 → 江西樟树,,0.21929489312989234
S100,浙赣成品油管道,龙游,樟树,2055,450.0,19.90986009585417,199098.60095854168,0.0442441335463426,低负荷,39.06065979443172,390606.5979443172,0.08680146620984827,低负荷,1,2,2013,龙游 → 樟树末站/江西樟树,,0.21929489312989234
S084,九江-赣州成品油管道,樟树,赣州,2055,170.0,19.15079969857755,191507.99698577553,0.11265176293280912,低负荷,19.15079969857755,191507.99698577553,0.11265176293280912,低负荷,1,1,2016,樟树站 → 赣州末站,,0.21929489312989234
S078,长岭-郴州成品油管道,耒阳,郴州,2055,100.0,17.02576511383091,170257.6511383091,0.1702576511383091,低负荷,17.02576511383091,170257.6511383091,0.1702576511383091,低负荷,1,1,2014,耒阳站 → 郴州站,,0.21929489312989234
S031,抚顺-锦州-郑州成品油管道,保定,邯郸,2055,1100.0,16.829860672724777,168298.60672724777,0.015299873338840706,低负荷,538.0800104260503,5380800.104260502,0.4891636458418639,低负荷,2,20,2018,保定 → 邯郸,,0.21929489312989234
S038,云南成品油管网（安蒙线）,安宁,玉溪,2055,225.0,16.21221924013282,162122.19240132824,0.07205430773392366,低负荷,16.21221924013282,162122.19240132824,0.07205430773392366,低负荷,2,2,2017,安宁 → 玉溪,,0.21929489312989234
S036,云南成品油管网（安保线）,安宁,大理,2055,173.0,16.11170468907406,161117.04689074057,0.0931312409773067,低负荷,16.11170468907406,161117.04689074057,0.0931312409773067,低负荷,2,2,2017,安宁 → 大理,,0.21929489312989234
S091,合六支线,合肥,六安,2055,140.0,15.620574479427017,156205.74479427017,0.11157553199590727,低负荷,15.620574479427017,156205.74479427017,0.11157553199590727,低负荷,1,1,2019,安徽合肥 → 安徽六安,,0.21929489312989234
S120,鲁皖二期管道（东线）,潍坊,济南,2055,820.0,14.187471352228489,141874.71352228487,0.017301794331985962,低负荷,873.1505112994855,8731505.112994855,1.0648176967066896,超过设计输量,1,34,2008,潍坊站 → 济南站,,0.21929489312989234
S071,荆门-荆州成品油管道,荆门,荆州,2055,150.0,13.187656085778105,131876.56085778103,0.0879177072385207,低负荷,13.187656085778105,131876.56085778103,0.0879177072385207,低负荷,1,1,2003,湖北荆门 → 湖北荆州,,0.21929489312989234
S034,兰成渝成品油管道,兰州,成都,2055,700.0,12.83130586270588,128313.05862705881,0.018330436946722685,低负荷,12.83130586270588,128313.05862705881,0.018330436946722685,低负荷,2,2,2002,兰州 → 成都,,0.21929489312989234
S024,呼和浩特-包头-鄂尔多斯成品油管道,呼和浩特,包头,2055,200.0,10.041537507683527,100415.37507683528,0.05020768753841764,低负荷,10.041537507683527,100415.37507683528,0.05020768753841764,低负荷,2,2,2014,呼和浩特 → 包头,,0.21929489312989234
S039,云南成品油管网（安蒙线）,玉溪,蒙自,2055,115.0,9.225423187332032,92254.23187332033,0.08022107119419158,低负荷,9.225423187332032,92254.23187332033,0.08022107119419158,低负荷,1,1,2017,玉溪 → 蒙自,,0.21929489312989234
S107,福建成品油管道（北线）,泉港,兴闽,2055,220.0,9.164461712969379,91644.6171296938,0.04165664414986081,低负荷,9.164461712969379,91644.6171296938,0.04165664414986081,低负荷,1,1,2010,泉港首站/福建泉州 → 兴闽末站/福建福州,,0.21929489312989234
S080,湘株支线,湘潭,株洲,2055,350.0,9.102925393861673,91029.25393861673,0.02600835826817621,低负荷,9.102925393861673,91029.25393861673,0.02600835826817621,低负荷,1,1,2008,湖南湘潭 → 湖南株洲,,0.21929489312989234
S037,云南成品油管网（安保线）,大理,保山,2055,57.0,9.010671821355128,90106.71821355127,0.15808196177816014,低负荷,9.010671821355128,90106.71821355127,0.15808196177816014,低负荷,1,1,2017,大理 → 保山,,0.21929489312989234
S022,大港-济南-枣庄成品油管道,兖州,肥城,2055,285.0,7.759708905550825,77597.08905550824,0.027227048791406406,低负荷,99.35139549892524,993513.9549892525,0.3486013877155272,低负荷,2,5,2007,兖州分输站 → 肥城分输泵站,,0.21929489312989234
S023,大港-济南-枣庄成品油管道,肥城,枣庄,2055,285.0,7.759708905550825,77597.08905550824,0.027227048791406406,低负荷,99.35139549892524,993513.9549892525,0.3486013877155272,低负荷,1,4,2007,肥城分输泵站 → 枣庄末站,,0.21929489312989234
S055,西南成品油管网（南线）,长坡,大理,2055,800.0,7.1010328677189305,71010.32867718929,0.008876291084648663,低负荷,16.11170468907406,161117.04689074057,0.020139630861342576,低负荷,1,2,2012,长坡 → 大理,,0.21929489312989234
S033,吉林石化-长春成品油管道,吉林,长春,2055,245.0,6.788269772925269,67882.6977292527,0.027707223562960282,低负荷,6.788269772925269,67882.6977292527,0.027707223562960282,低负荷,1,1,2014,吉林 → 长春,,0.21929489312989234
S108,福建成品油管道（南线）,泉港,东孚,2055,380.0,5.9777133725426514,59777.133725426516,0.015730824664585925,低负荷,5.9777133725426514,59777.133725426516,0.015730824664585925,低负荷,1,1,2013,泉港首站/福建泉州 → 东孚末站/福建厦门,,0.21929489312989234
S025,呼和浩特-包头-鄂尔多斯成品油管道,包头,鄂尔多斯,2055,200.0,5.6209410363420895,56209.41036342088,0.028104705181710446,低负荷,5.6209410363420895,56209.41036342088,0.028104705181710446,低负荷,1,1,2014,包头 → 鄂尔多斯,,0.21929489312989234
S093,浙苏成品油管道,嘉兴(陈山,湖州(湖州,2055,510.0,5.1258023877922705,51258.02387792271,0.010050592917239747,低负荷,5.1258023877922705,51258.02387792271,0.010050592917239747,低负荷,1,1,2007,浙江嘉兴(陈山首站) → 浙江湖州(湖州末站),,0.21929489312989234
S001,西部成品油管道,乌鲁木齐,哈密,2055,1000.0,1.9643536415175311,19643.53641517531,0.001964353641517531,低负荷,576.9845447155166,5769845.4471551655,0.5769845447155165,中负荷,6,22,2006,乌鲁木齐首站 → 哈密站,,0.21929489312989234
S002,西部成品油管道,哈密,柳园,2055,1000.0,1.9643536415175311,19643.53641517531,0.001964353641517531,低负荷,576.9845447155166,5769845.4471551655,0.5769845447155165,中负荷,5,21,2006,哈密站 → 柳园站,,0.21929489312989234
S003,西部成品油管道,柳园,酒泉,2055,1000.0,1.952000184906947,19520.00184906947,0.0019520001849069471,低负荷,576.9721912589059,5769721.912589059,0.576972191258906,中负荷,4,20,2006,柳园站 → 酒泉站,,0.21929489312989234
S004,西部成品油管道,酒泉,张掖,2055,1000.0,1.952000184906947,19520.00184906947,0.0019520001849069471,低负荷,576.9721912589059,5769721.912589059,0.576972191258906,中负荷,3,19,2006,酒泉站 → 张掖站,,0.21929489312989234
S005,西部成品油管道,张掖,武威,2055,1000.0,1.9408942603394297,19408.9426033943,0.0019408942603394298,低负荷,576.9610853343385,5769610.853343383,0.5769610853343384,中负荷,2,18,2006,张掖站 → 武威站,,0.21929489312989234
S021,银巴线,银川,巴彦淖尔,2055,240.0,1.6841983613409874,16841.983613409877,0.007017493172254114,低负荷,1.6841983613409874,16841.983613409877,0.007017493172254114,低负荷,1,1,2017,银川 → 巴音淖尔,,0.21929489312989234
S006,西部成品油管道,武威,兰州,2055,1000.0,0.5621506481679198,5621.506481679196,0.0005621506481679198,低负荷,575.5823417221669,5755823.417221669,0.5755823417221669,中负荷,1,17,2006,武威站 → 兰州末站,,0.21929489312989234
S007,独山子-703泵站-乌鲁木齐成品油管道,独山子,703,2055,100.0,0.0,0.0,0.0,低负荷,576.9845447155166,5769845.4471551655,5.7698454471551655,超过设计输量,2,24,1998,独山子 → 703泵站,,0.21929489312989234
S008,独山子-703泵站-乌鲁木齐成品油管道,703,乌鲁木齐,2055,100.0,0.0,0.0,0.0,低负荷,576.9845447155166,5769845.4471551655,5.7698454471551655,超过设计输量,1,23,1998,703泵站 → 乌鲁木齐,,0.21929489312989234
S009,独山子-乌鲁木齐成品油管道,独山子,王家沟,2055,520.0,0.0,0.0,0.0,低负荷,0.0,0.0,0.0,低负荷,1,1,2004,独山子 → 王家沟,,0.21929489312989234
S010,克拉玛依-乌鲁木齐成品油管道,克拉玛依,王家沟,2055,160.0,0.0,0.0,0.0,低负荷,0.0,0.0,0.0,低负荷,1,1,1996,克拉玛依 → 王家沟首站,,0.21929489312989234
S011,克拉玛依-乌鲁木齐成品油管道（复线）,克拉玛依,王家沟,2055,400.0,0.0,0.0,0.0,低负荷,0.0,0.0,0.0,低负荷,1,1,2009,克拉玛依 → 王家沟首站,,0.21929489312989234
S032,抚顺-锦州-郑州成品油管道,邯郸,郑州,2055,800.0,0.0,0.0,0.0,低负荷,434.4548670270857,4344548.6702708565,0.5430685837838571,中负荷,1,13,2018,邯郸 → 郑州,,0.21929489312989234
S035,兰成渝成品油管道,成都,重庆,2055,350.0,0.0,0.0,0.0,低负荷,0.0,0.0,0.0,低负荷,1,1,2002,成都 → 重庆,,0.21929489312989234
S042,云南成品油管网（安曲线）,寻甸,昆明,2055,168.0,0.0,0.0,0.0,低负荷,0.0,0.0,0.0,低负荷,1,1,2017,寻甸 → 昆明,,0.21929489312989234
S049,西南成品油管网（北线）,江津,重庆,2055,800.0,0.0,0.0,0.0,低负荷,0.0,0.0,0.0,低负荷,1,1,2005,江津 → 重庆,,0.21929489312989234
S050,西南成品油管网（北线）,柳州,柳库,2055,500.0,0.0,0.0,0.0,低负荷,0.0,0.0,0.0,低负荷,1,1,2006,柳州 → 柳库,,0.21929489312989234
S051,西南成品油管网（北线）,贵阳,简阳,2055,600.0,0.0,0.0,0.0,低负荷,0.0,0.0,0.0,低负荷,1,1,2016,贵阳 → 简阳,,0.21929489312989234
S056,西南成品油管网（南线）,南宁,黎塘,2055,800.0,0.0,0.0,0.0,低负荷,0.0,0.0,0.0,低负荷,1,1,2012,南宁 → 黎塘,,0.21929489312989234
S058,西南成品油管网（南线）,秋田冲,昆东,2055,800.0,0.0,0.0,0.0,低负荷,0.0,0.0,0.0,低负荷,1,1,2012,秋田冲 → 昆东,,0.21929489312989234
S060,珠三角成品油管网,南沙,南海,2055,250.0,0.0,0.0,0.0,低负荷,0.0,0.0,0.0,低负荷,1,1,2006,南沙 → 南海,,0.21929489312989234
S061,珠三角成品油管网,三水,花都,2055,250.0,0.0,0.0,0.0,低负荷,0.0,0.0,0.0,低负荷,1,1,2006,三水 → 花都,,0.21929489312989234
S062,珠三角成品油管网,南沙,斗门,2055,100.0,0.0,0.0,0.0,低负荷,0.0,0.0,0.0,低负荷,1,1,2006,南沙 → 斗门,,0.21929489312989234
S063,珠三角成品油管网,北沙,珠海,2055,100.0,0.0,0.0,0.0,低负荷,0.0,0.0,0.0,低负荷,1,1,2006,北沙 → 珠海,,0.21929489312989234
S066,珠三角成品油管网,大鹏湾,妈湾,2055,250.0,0.0,0.0,0.0,低负荷,0.0,0.0,0.0,低负荷,1,1,2006,大鹏湾 → 妈湾,,0.21929489312989234
S069,156支线,广水,广水武胜关镇,2055,10.0,0.0,0.0,0.0,低负荷,0.0,0.0,0.0,低负荷,1,1,2014,湖北广水 → 湖北广水武胜关镇,,0.21929489312989234
S096,苏北成品油管道,南京(扬子,徐州(新沂,2055,545.0,0.0,0.0,0.0,低负荷,0.0,0.0,0.0,低负荷,1,1,2015,江苏南京(扬子首站) → 江苏徐州(新沂末站),,0.21929489312989234
S102,绍杭成品油管道,绍兴,萧山,2055,500.0,0.0,0.0,0.0,低负荷,0.0,0.0,0.0,低负荷,1,1,2016,绍兴首站/浙江绍兴 → 萧山站/浙江萧山,,0.21929489312989234
S106,甬台温成品油管道,灵昆,瑞安,2055,460.0,0.0,0.0,0.0,低负荷,0.0,0.0,0.0,低负荷,1,1,2018,灵昆分输站 → 瑞安末站/浙江温州,,0.21929489312989234
S109,福建成品油管道（南线）,泉港,石湖山,2055,380.0,0.0,0.0,0.0,低负荷,0.0,0.0,0.0,低负荷,1,1,2013,泉港首站/福建泉州 → 石湖山末站/福建厦门,,0.21929489312989234
S117,鲁皖一期管道,曲阜,济宁,2055,655.0,0.0,0.0,0.0,低负荷,0.0,0.0,0.0,低负荷,1,1,2005,曲阜站 → 济宁站,,0.21929489312989234
S125,鲁皖二期管道（汤郑支线）,新乡,郑州,2055,820.0,0.0,0.0,0.0,低负荷,434.4548670270857,4344548.6702708565,0.5298230085696167,中负荷,1,13,2010,新乡站 → 郑州站,,0.21929489312989234
S139,南武管道,南疆(天津,武清,2055,155.0,0.0,0.0,0.0,低负荷,0.0,0.0,0.0,低负荷,1,1,2018,南疆(天津) → 武清,,0.21929489312989234
S140,格拉成品油管道,格尔木,拉萨,2055,130.0,0.0,0.0,0.0,低负荷,0.0,0.0,0.0,低负荷,1,1,1976,格尔木 → 拉萨,,0.21929489312989234
S133,洛驻管道,洛阳,巩义,2060,820.0,137.84590109147499,1378459.01091475,0.16810475742862804,低负荷,164.87784762701597,1648778.4762701597,0.20107054588660483,低负荷,5,14,2007,洛阳 → 巩义,,0.21929489312989234
S134,洛驻管道,巩义,郑州,2060,820.0,81.13818183261954,811381.8183261952,0.09894900223490187,低负荷,108.17012836816052,1081701.2836816052,0.13191479069287868,低负荷,4,13,2007,巩义 → 郑州,,0.21929489312989234
S135,洛驻管道,郑州,许昌,2060,820.0,81.13818183261954,811381.8183261952,0.09894900223490187,低负荷,100.55712416867132,1005571.2416867131,0.12263063923008698,低负荷,3,4,2007,郑州 → 许昌,,0.21929489312989234
S012,兰郑长成品油管道,兰州,咸阳,2060,1000.0,72.88035262443177,728803.5262443175,0.07288035262443177,低负荷,176.33879270352222,1763387.927035222,0.1763387927035222,低负荷,4,14,2009,兰州 → 咸阳,,0.21929489312989234
S086,安庆-亳州成品油管道,安庆,合肥,2060,410.0,70.519085031546,705190.85031546,0.17199776836962438,低负荷,85.81064505946725,858106.4505946724,0.20929425624260303,低负荷,4,6,2016,安徽安庆 → 安徽合肥,,0.21929489312989234
S026,抚顺-锦州-郑州成品油管道,抚顺,辽阳,2060,600.0,62.746185392235226,627461.8539223523,0.10457697565372538,低负荷,227.81667723221798,2278166.77232218,0.3796944620536966,低负荷,7,25,2018,抚顺 → 辽阳,,0.21929489312989234
S027,抚顺-锦州-郑州成品油管道,辽阳,辽河,2060,600.0,62.48760528480998,624876.0528480998,0.10414600880801664,低负荷,227.55809712479274,2275580.9712479278,0.3792634952079879,低负荷,6,24,2018,辽阳 → 辽河,,0.21929489312989234
S028,抚顺-锦州-郑州成品油管道,辽河,锦州,2060,750.0,62.20129400763549,622012.940076355,0.08293505867684732,低负荷,227.27178584761828,2272717.8584761824,0.3030290477968244,低负荷,5,23,2018,辽河 → 锦州,,0.21929489312989234
S029,抚顺-锦州-郑州成品油管道,锦州,固安,2060,1300.0,57.40290081334736,574029.0081334736,0.04415607754872874,低负荷,222.47339265333014,2224733.9265333014,0.1711333789641001,低负荷,4,22,2018,锦州 → 固安,,0.21929489312989234
S045,西南成品油管网（北线）,湛江,茂名,2060,500.0,54.25325044959817,542532.5044959817,0.10850650089919633,低负荷,63.21677488286198,632167.7488286198,0.12643354976572396,低负荷,7,8,2006,湛江 → 茂名,,0.21929489312989234
S087,安庆-亳州成品油管道,合肥,淮南,2060,270.0,52.26866259243577,522686.6259243577,0.19358763923124359,低负荷,61.1146811470921,611146.811470921,0.22635067091515593,低负荷,3,4,2016,安徽合肥 → 安徽淮南,,0.21929489312989234
S136,洛驻管道,许昌,漯河,2060,820.0,48.46634697602948,484663.46976029477,0.05910530119027985,低负荷,67.88528931208126,678852.8931208125,0.08278693818546494,低负荷,2,3,2007,许昌 → 漯河,,0.21929489312989234
S121,鲁皖二期管道（西线）,济南,聊城,2060,820.0,48.16934758718033,481693.4758718034,0.05874310681363455,低负荷,255.76759928225366,2557675.9928225367,0.31191170644177274,低负荷,3,24,2009,济南站 → 聊城站,,0.21929489312989234
S122,鲁皖二期管道（西线）,聊城,濮阳,2060,820.0,46.073197878729914,460731.9787872992,0.05618682668137794,低负荷,253.67144957380322,2536714.4957380323,0.3093554263095161,低负荷,2,23,2009,聊城站 → 濮阳站,,0.21929489312989234
S046,西南成品油管网（北线）,茂名,柳州,2060,800.0,43.57493488661896,435749.3488661896,0.0544686686082737,低负荷,43.57493488661896,435749.3488661896,0.0544686686082737,低负荷,6,6,2005,茂名 → 柳州,,0.21929489312989234
S088,安庆-亳州成品油管道,淮南,阜阳,2060,140.0,43.39144892527639,433914.4892527639,0.3099389208948314,低负荷,43.39144892527639,433914.4892527639,0.3099389208948314,低负荷,2,2,2016,安徽淮南 → 安徽阜阳,,0.21929489312989234
S094,浙苏成品油管道,嘉兴(陈山,苏州(苏州,2060,510.0,41.24367052004295,412436.70520042954,0.08086994219616264,低负荷,41.24367052004295,412436.70520042954,0.08086994219616264,低负荷,1,1,2007,浙江嘉兴(陈山首站) → 江苏苏州(苏州末站),,0.21929489312989234
S098,苏南成品油管道,南京(南京,苏州(苏州,2060,580.0,41.24367052004295,412436.70520042954,0.07110977675869473,低负荷,41.24367052004295,412436.70520042954,0.07110977675869473,低负荷,1,1,2010,江苏南京(南京首站) → 江苏苏州(苏州末站),,0.21929489312989234
S129,石太管道,石家庄,高庄,2060,820.0,40.14804929863271,401480.49298632715,0.0489610357300399,低负荷,40.14804929863271,401480.49298632715,0.0489610357300399,低负荷,4,4,2007,石家庄 → 高庄,,0.21929489312989234
S130,石太管道,高庄,阳泉,2060,820.0,40.14804929863271,401480.49298632715,0.0489610357300399,低负荷,40.14804929863271,401480.49298632715,0.0489610357300399,低负荷,3,3,2007,高庄 → 阳泉,,0.21929489312989234
S110,鲁皖一期管道,齐鲁,淄博,2060,655.0,40.05423609190761,400542.36091907613,0.06115150548382842,低负荷,299.0600048035846,2990600.048035846,0.4565801600054727,低负荷,9,35,2005,齐鲁站 → 淄博站,,0.21929489312989234
S064,珠三角成品油管网,黄埔,南沙,2060,300.0,39.528268013759224,395282.6801375922,0.1317608933791974,低负荷,39.528268013759224,395282.6801375922,0.1317608933791974,低负荷,3,3,2006,黄埔 → 南沙,,0.21929489312989234
S047,西南成品油管网（北线）,柳州,贵阳,2060,800.0,36.40363059847913,364036.30598479137,0.045504538248098914,低负荷,36.40363059847913,364036.30598479137,0.045504538248098914,低负荷,3,3,2005,柳州 → 贵阳,,0.21929489312989234
S131,石太管道,阳泉,晋中,2060,820.0,35.6607454019676,356607.454019676,0.04348871390483854,低负荷,35.6607454019676,356607.454019676,0.04348871390483854,低负荷,2,2,2007,阳泉 → 晋中,,0.21929489312989234
S111,鲁皖一期管道,淄博,济南,2060,655.0,34.858233146461664,348582.3314646166,0.05321867655948346,低负荷,293.86400185813864,2938640.0185813867,0.4486473310811277,低负荷,8,34,2005,淄博站 → 济南站,,0.21929489312989234
S124,鲁皖二期管道（汤郑支线）,汤阴,新乡,2060,820.0,34.0509289973004,340509.2899730041,0.041525523167439515,低负荷,142.22105736546095,1422210.5736546093,0.17344031386031825,低负荷,2,14,2010,汤阴站 → 新乡站,,0.21929489312989234
S065,珠三角成品油管网,黄埔,惠州,2060,350.0,33.76130848875016,337613.08488750155,0.09646088139642903,低负荷,33.76130848875016,337613.08488750155,0.09646088139642903,低负荷,2,2,2006,黄埔 → 惠州,,0.21929489312989234
S112,鲁皖一期管道,济南,泰安,2060,655.0,31.3733074724153,313733.074724153,0.04789817934719893,低负荷,31.3733074724153,313733.074724153,0.04789817934719893,低负荷,7,7,2005,济南站 → 泰安站,,0.21929489312989234
S132,石太管道,晋中,太原,2060,820.0,30.25509303640426,302550.9303640426,0.03689645492244422,低负荷,30.25509303640426,302550.9303640426,0.03689645492244422,低负荷,1,1,2007,晋中 → 太原,,0.21929489312989234
S123,鲁皖二期管道（西线）,濮阳,汤阴,2060,820.0,29.871509327686756,298715.0932768676,0.036428669911813115,低负荷,237.46976102276008,2374697.6102276007,0.2895972695399513,低负荷,1,22,2009,濮阳站 → 汤阴站,,0.21929489312989234
S113,鲁皖一期管道,泰安,曲阜,2060,655.0,28.73909487722795,287390.9487722795,0.043876480728592286,低负荷,28.73909487722795,287390.9487722795,0.043876480728592286,低负荷,6,6,2005,泰安站 → 曲阜站,,0.21929489312989234
S114,鲁皖一期管道,曲阜,枣庄,2060,655.0,28.73909487722795,287390.9487722795,0.043876480728592286,低负荷,28.73909487722795,287390.9487722795,0.043876480728592286,低负荷,4,4,2005,曲阜站 → 枣庄站,,0.21929489312989234
S070,荆门-襄阳成品油管道,荆门,襄阳,2060,350.0,27.252967311481143,272529.6731148115,0.07786562088994613,低负荷,27.252967311481143,272529.6731148115,0.07786562088994613,低负荷,1,1,2019,湖北荆门 → 湖北襄阳,,0.21929489312989234
S089,安庆-亳州成品油管道,阜阳,亳州,2060,140.0,26.575729716049633,265757.29716049635,0.18982664082892595,低负荷,26.575729716049633,265757.29716049635,0.18982664082892595,低负荷,1,1,2016,安徽阜阳 → 安徽亳州,,0.21929489312989234
S126,鲁皖二期管道（汤石支线）,汤阴,邯郸,2060,820.0,25.229145030979677,252291.45030979672,0.030767250037780094,低负荷,173.54732269777293,1735473.226977729,0.2116430764606987,低负荷,3,20,2009,汤阴站 → 邯郸站,,0.21929489312989234
S067,珠三角成品油管网,惠州,梅州,2060,120.0,24.55117498104925,245511.74981049245,0.2045931248420771,低负荷,24.55117498104925,245511.74981049245,0.2045931248420771,低负荷,1,1,2015,惠州 → 梅州,,0.21929489312989234
S053,西南成品油管网（南线）,东海岛,南宁,2060,800.0,22.376955390057557,223769.5539005756,0.027971194237571946,低负荷,58.126465074043274,581264.6507404327,0.0726580813425541,低负荷,5,11,2012,东海岛 → 南宁,,0.21929489312989234
S115,鲁皖一期管道,枣庄,徐州,2060,655.0,21.370731048966825,213707.31048966822,0.032627070303766145,低负荷,21.370731048966825,213707.31048966822,0.032627070303766145,低负荷,2,2,2005,枣庄站 → 徐州站,,0.21929489312989234
S068,武汉-信阳成品油管道,武汉,信阳,2060,,19.418942336051774,194189.42336051774,,无设计输量,19.418942336051774,194189.42336051774,,无设计输量,1,1,2013,湖北武汉 → 河南信阳,,0.21929489312989234
S138,驻信管道,驻马店,信阳,2060,820.0,19.418942336051774,194189.42336051774,0.02368163699518509,低负荷,19.418942336051774,194189.42336051774,0.02368163699518509,低负荷,1,1,2013,驻马店 → 信阳,,0.21929489312989234
S016,大港-济南-枣庄成品油管道,大港,沧州,2060,285.0,19.37991602861227,193799.1602861227,0.06799970536355184,低负荷,304.61794656726767,3046179.465672677,1.068834900236027,超过设计输量,6,36,2007,大港首站 → 沧州清管站,,0.21929489312989234
S030,抚顺-锦州-郑州成品油管道,固安,保定,2060,800.0,18.436501291408472,184365.0129140847,0.02304562661426059,低负荷,183.50699313139125,1835069.9313139126,0.22938374141423906,低负荷,3,21,2018,固安 → 保定,,0.21929489312989234
S090,安庆-合肥成品油管道,安庆,合肥,2060,120.0,18.250422439110228,182504.22439110227,0.1520868536592519,低负荷,85.81064505946725,858106.4505946724,0.7150887088288937,中负荷,1,6,2007,安徽安庆 → 安徽合肥,,0.21929489312989234
S127,鲁皖二期管道（汤石支线）,邯郸,邢台,2060,820.0,16.75231417318954,167523.14173189542,0.02042965143071895,低负荷,56.90036347182225,569003.6347182225,0.06939068716075884,低负荷,2,6,2009,邯郸站 → 邢台站,,0.21929489312989234
S116,鲁皖一期管道,徐州,宿州,2060,655.0,15.035348383243699,150353.483832437,0.022954730356097252,低负荷,15.035348383243699,150353.483832437,0.022954730356097252,低负荷,1,1,2005,徐州站 → 宿州站,,0.21929489312989234
S017,大港-济南-枣庄成品油管道,沧州,德州,2060,285.0,14.946276147295642,149462.76147295642,0.05244307420103734,低负荷,300.18430668595107,3001843.0668595107,1.0532782690735125,超过设计输量,5,35,2007,沧州清管站 → 德州分输泵站,,0.21929489312989234
S137,洛驻管道,漯河,驻马店,2060,820.0,14.725491145647409,147254.9114564741,0.01795791603127733,低负荷,34.14443348169919,341444.3348169918,0.041639553026462425,低负荷,1,2,2007,漯河 → 驻马店,,0.21929489312989234
S054,西南成品油管网（南线）,南宁,长坡,2060,800.0,14.475984550933246,144759.84550933246,0.018094980688666558,低负荷,18.221231731802874,182212.3173180288,0.02277653966475359,低负荷,3,4,2012,南宁 → 长坡,,0.21929489312989234
S128,鲁皖二期管道（汤石支线）,邢台,石家庄,2060,820.0,12.073578927985825,120735.78927985825,0.014723876741446127,低负荷,52.22162822661854,522216.28226618544,0.06368491247148603,低负荷,1,5,2009,邢台站 → 石家庄站,,0.21929489312989234
S043,钦南柳成品油管道,钦州,南宁,2060,500.0,11.765932989839984,117659.32989839985,0.023531865979679968,低负荷,58.126465074043274,581264.6507404327,0.11625293014808655,低负荷,2,11,2018,钦州 → 南宁,,0.21929489312989234
S040,云南成品油管网（安曲线）,安宁,寻甸,2060,323.0,11.570672383502874,115706.72383502875,0.035822515119203945,低负荷,11.570672383502874,115706.72383502875,0.035822515119203945,低负荷,3,3,2017,安宁 → 寻甸,,0.21929489312989234
S041,云南成品油管网（安曲线）,寻甸,曲靖,2060,155.0,11.570672383502874,115706.72383502875,0.07464949924840564,低负荷,11.570672383502874,115706.72383502875,0.07464949924840564,低负荷,1,1,2017,寻甸 → 曲靖,,0.21929489312989234
S048,西南成品油管网（北线）,贵阳,曲靖,2060,800.0,11.570672383502874,115706.72383502875,0.014463340479378592,低负荷,11.570672383502874,115706.72383502875,0.014463340479378592,低负荷,1,1,2005,贵阳 → 曲靖,,0.21929489312989234
S057,西南成品油管网（南线）,长坡,曲靖,2060,800.0,11.570672383502874,115706.72383502875,0.014463340479378592,低负荷,11.570672383502874,115706.72383502875,0.014463340479378592,低负荷,1,1,2012,长坡 → 曲靖,,0.21929489312989234
S095,苏北成品油管道,南京(扬子,泰州(泰州,2060,545.0,10.686888838083117,106868.88838083118,0.019608970345106638,低负荷,10.686888838083117,106868.88838083118,0.019608970345106638,低负荷,1,1,2015,江苏南京(扬子首站) → 江苏泰州(泰州末站),,0.21929489312989234
S081,九江-赣州成品油管道,九江,南昌,2060,330.0,9.390089107620271,93900.89107620271,0.028454815477637185,低负荷,9.390089107620271,93900.89107620271,0.028454815477637185,低负荷,4,4,2016,九江首站 → 南昌分输泵站,,0.21929489312989234
S059,珠三角成品油管网,茂名,江门,2060,550.0,8.963524433263816,89635.24433263815,0.016297317151388754,低负荷,8.963524433263816,89635.24433263815,0.016297317151388754,低负荷,1,1,2006,茂名 → 江门,,0.21929489312989234
S092,淮蚌支线,淮南,蚌埠,2060,80.0,8.846018554656329,88460.1855465633,0.11057523193320411,低负荷,8.846018554656329,88460.1855465633,0.11057523193320411,低负荷,1,1,2016,安徽淮南 → 安徽蚌埠,,0.21929489312989234
S018,大港-济南-枣庄成品油管道,德州,济南,2060,285.0,8.625971319483234,86259.71319483235,0.030266566033274506,低负荷,293.86400185813864,2938640.0185813867,1.0311017609057496,超过设计输量,4,34,2007,德州分输泵站 → 济南分输站,,0.21929489312989234
S031,抚顺-锦州-郑州成品油管道,保定,邯郸,2060,1100.0,8.476830857790132,84768.30857790132,0.007706209870718302,低负荷,173.54732269777293,1735473.226977729,0.15777029336161175,低负荷,2,20,2018,保定 → 邯郸,,0.21929489312989234
S103,甬台温成品油管道,算山,宁海,2060,460.0,7.838040132695703,78380.40132695704,0.017039217679773268,低负荷,7.838040132695703,78380.40132695704,0.017039217679773268,低负荷,4,4,2018,算山首站/浙江宁波 → 宁海分输站,,0.21929489312989234
S099,浙赣成品油管道,算山,龙游,2060,760.0,6.908529355842762,69085.29355842761,0.009090170205056265,低负荷,9.034016258648895,90340.16258648895,0.01188686349822223,低负荷,2,3,2013,算山首站/浙江宁波 → 龙游,,0.21929489312989234
S038,云南成品油管网（安蒙线）,安宁,玉溪,2060,225.0,6.75177622523352,67517.76225233519,0.0300078943343712,低负荷,6.75177622523352,67517.76225233519,0.0300078943343712,低负荷,2,2,2017,安宁 → 玉溪,,0.21929489312989234
S036,云南成品油管网（安保线）,安宁,大理,2060,173.0,6.650559348300001,66505.59348300002,0.038442539585549135,低负荷,6.650559348300001,66505.59348300002,0.038442539585549135,低负荷,2,2,2017,安宁 → 大理,,0.21929489312989234
S119,鲁皖二期管道（东线）,青岛,潍坊,2060,820.0,6.500366884241217,65003.668842412175,0.007927276688099045,低负荷,296.87944306833356,2968794.4306833353,0.3620481013028458,低负荷,2,35,2008,青岛站 → 潍坊站,,0.21929489312989234
S091,合六支线,合肥,六安,2060,140.0,6.445541473264911,64455.414732649115,0.04603958195189222,低负荷,6.445541473264911,64455.414732649115,0.04603958195189222,低负荷,1,1,2019,安徽合肥 → 安徽六安,,0.21929489312989234
S097,苏北成品油管道,南京(扬子,盐城(盐城,2060,545.0,6.1329902619817,61329.90261981701,0.011253193141250825,低负荷,6.1329902619817,61329.90261981701,0.011253193141250825,低负荷,1,1,2015,江苏南京(扬子首站) → 江苏盐城(盐城末站),,0.21929489312989234
S024,呼和浩特-包头-鄂尔多斯成品油管道,呼和浩特,包头,2060,200.0,5.826225342512901,58262.253425129,0.029131126712564504,低负荷,5.826225342512901,58262.253425129,0.029131126712564504,低负荷,2,2,2014,呼和浩特 → 包头,,0.21929489312989234
S118,鲁皖一期管道,枣庄,临沂,2060,655.0,5.4654876122475935,54654.87612247594,0.00834425589656121,低负荷,5.4654876122475935,54654.87612247594,0.00834425589656121,低负荷,1,1,2005,枣庄站 → 临沂站,,0.21929489312989234
S104,甬台温成品油管道,宁海,临海,2060,460.0,5.419696830296928,54196.96830296928,0.011781949631080278,低负荷,5.419696830296928,54196.96830296928,0.011781949631080278,低负荷,3,3,2018,宁海分输站 → 临海分输泵站,,0.21929489312989234
S082,九江-赣州成品油管道,南昌,吉安长塘,2060,240.0,5.3069054134200035,53069.05413420003,0.022112105889250014,低负荷,5.3069054134200035,53069.05413420003,0.022112105889250014,低负荷,3,3,2016,南昌分输泵站 → 吉安长塘站,,0.21929489312989234
S019,大港-济南-枣庄成品油管道,济南,济南,2060,285.0,5.141045645436873,51410.45645436872,0.018038756650655696,低负荷,290.3790761840923,2903790.761840923,1.0188739515231309,超过设计输量,3,33,2007,济南分输站 → 济南清管站,,0.21929489312989234
S020,大港-济南-枣庄成品油管道,济南,兖州,2060,285.0,5.141045645436873,51410.45645436872,0.018038756650655696,低负荷,31.97726430665129,319772.6430665129,0.11220092739175891,低负荷,3,6,2007,济南清管站 → 兖州分输站,,0.21929489312989234
S013,兰郑长成品油管道,咸阳,郑州,2060,1500.0,4.711688289070083,47116.88289070082,0.003141125526046722,低负荷,108.17012836816052,1081701.2836816052,0.07211341891210701,低负荷,3,13,2009,咸阳 → 郑州,,0.21929489312989234
S014,兰郑长成品油管道,郑州,武汉,2060,1000.0,4.711688289070083,47116.88289070082,0.004711688289070083,低负荷,27.031946535540985,270319.4653554099,0.027031946535540984,低负荷,2,9,2009,郑州 → 武汉,,0.21929489312989234
S083,九江-赣州成品油管道,吉安长塘,樟树,2060,274.0,4.340936864037047,43409.36864037047,0.015842835270208203,低负荷,4.340936864037047,43409.36864037047,0.015842835270208203,低负荷,2,2,2016,吉安长塘站 → 樟树站,,0.21929489312989234
S034,兰成渝成品油管道,兰州,成都,2060,700.0,4.111654985913926,41116.54985913925,0.0058737928370198944,低负荷,4.111654985913926,41116.54985913925,0.0058737928370198944,低负荷,2,2,2002,兰州 → 成都,,0.21929489312989234
S044,钦南柳成品油管道,南宁,柳州,2060,300.0,3.864962150715673,38649.621507156735,0.012883207169052243,低负荷,43.57493488661896,435749.3488661896,0.14524978295539653,低负荷,1,6,2018,南宁 → 柳州,,0.21929489312989234
S105,甬台温成品油管道,临海,灵昆,2060,460.0,3.850527757890876,38505.27757890876,0.008370712517154077,低负荷,3.850527757890876,38505.27757890876,0.008370712517154077,低负荷,2,2,2018,临海分输泵站 → 灵昆分输站,,0.21929489312989234
S039,云南成品油管网（安蒙线）,玉溪,蒙自,2060,115.0,3.82632559828029,38263.2559828029,0.03327239650678513,低负荷,3.82632559828029,38263.2559828029,0.03327239650678513,低负荷,1,1,2017,玉溪 → 蒙自,,0.21929489312989234
S037,云南成品油管网（安保线）,大理,保山,2060,57.0,3.745247180869628,37452.47180869629,0.06570609089244962,低负荷,3.745247180869628,37452.47180869629,0.06570609089244962,低负荷,1,1,2017,大理 → 保山,,0.21929489312989234
S033,吉林石化-长春成品油管道,吉林,长春,2060,245.0,3.672202745492484,36722.02745492485,0.0149885826346632,低负荷,3.672202745492484,36722.02745492485,0.0149885826346632,低负荷,1,1,2014,吉林 → 长春,,0.21929489312989234
S120,鲁皖二期管道（东线）,潍坊,济南,2060,820.0,3.4849256740463623,34849.25674046362,0.0042499093585931244,低负荷,293.86400185813864,2938640.0185813867,0.3583707339733398,低负荷,1,34,2008,潍坊站 → 济南站,,0.21929489312989234
S052,西南成品油管网（北线）,柳州,桂林,2060,600.0,3.3063421374241533,33063.42137424152,0.005510570229040256,低负荷,3.3063421374241533,33063.42137424152,0.005510570229040256,低负荷,1,1,2016,柳州 → 桂林,,0.21929489312989234
S107,福建成品油管道（北线）,泉港,兴闽,2060,220.0,3.239348680706749,32393.486807067482,0.014724312185030676,低负荷,3.239348680706749,32393.486807067482,0.014724312185030676,低负荷,1,1,2010,泉港首站/福建泉州 → 兴闽末站/福建福州,,0.21929489312989234
S025,呼和浩特-包头-鄂尔多斯成品油管道,包头,鄂尔多斯,2060,200.0,3.026097090663279,30260.97090663279,0.015130485453316396,低负荷,3.026097090663279,30260.97090663279,0.015130485453316396,低负荷,1,1,2014,包头 → 鄂尔多斯,,0.21929489312989234
S055,西南成品油管网（南线）,长坡,大理,2060,800.0,2.905312167430372,29053.121674303726,0.003631640209287965,低负荷,6.650559348300001,66505.59348300002,0.008313199185375,低负荷,1,2,2012,长坡 → 大理,,0.21929489312989234
S072,长岭-郴州成品油管道,长岭,七里山,2060,600.0,2.9013159104191324,29013.159104191327,0.004835526517365221,低负荷,2.9013159104191324,29013.159104191327,0.004835526517365221,低负荷,7,9,2014,长岭库站 → 七里山站,,0.21929489312989234
S073,长岭-郴州成品油管道,七里山,汨罗,2060,560.0,2.9013159104191324,29013.159104191327,0.005180921268605593,低负荷,2.9013159104191324,29013.159104191327,0.005180921268605593,低负荷,6,8,2014,七里山站 → 汨罗站,,0.21929489312989234
S074,长岭-郴州成品油管道,汨罗,长沙,2060,538.0,2.9013159104191324,29013.159104191327,0.005392780502637792,低负荷,2.9013159104191324,29013.159104191327,0.005392780502637792,低负荷,5,7,2014,汨罗站 → 长沙站,,0.21929489312989234
S075,长岭-郴州成品油管道,长沙,湘潭,2060,385.0,2.9013159104191324,29013.159104191327,0.007535885481608136,低负荷,2.9013159104191324,29013.159104191327,0.007535885481608136,低负荷,4,6,2014,长沙站 → 湘潭站,,0.21929489312989234
S076,长岭-郴州成品油管道,湘潭,衡阳,2060,220.0,2.9013159104191324,29013.159104191327,0.013187799592814239,低负荷,2.9013159104191324,29013.159104191327,0.013187799592814239,低负荷,3,3,2014,湘潭站 → 衡阳站,,0.21929489312989234
S077,长岭-郴州成品油管道,衡阳,耒阳,2060,136.0,2.9013159104191324,29013.159104191327,0.02133320522367009,低负荷,2.9013159104191324,29013.159104191327,0.02133320522367009,低负荷,2,2,2014,衡阳站 → 耒阳站,,0.21929489312989234
S078,长岭-郴州成品油管道,耒阳,郴州,2060,100.0,2.9013159104191324,29013.159104191327,0.029013159104191322,低负荷,2.9013159104191324,29013.159104191327,0.029013159104191322,低负荷,1,1,2014,耒阳站 → 郴州站,,0.21929489312989234
S101,浙赣成品油管道,诸暨,桐庐,2060,135.0,2.859019795837829,28590.19795837829,0.021177924413613547,低负荷,2.859019795837829,28590.19795837829,0.021177924413613547,低负荷,1,1,2013,诸暨 → 桐庐,,0.21929489312989234
S085,上饶-樟树成品油管道,上饶,樟树,2060,,2.215449961230914,22154.49961230914,,无设计输量,4.340936864037047,43409.36864037047,,无设计输量,1,2,2016,江西上饶 → 江西樟树,,0.21929489312989234
S100,浙赣成品油管道,龙游,樟树,2060,450.0,2.215449961230914,22154.49961230914,0.004923222136068698,低负荷,4.340936864037047,43409.36864037047,0.009646526364526772,低负荷,1,2,2013,龙游 → 樟树末站/江西樟树,,0.21929489312989234
S084,九江-赣州成品油管道,樟树,赣州,2060,170.0,2.1254869028061334,21254.869028061334,0.012502864134153725,低负荷,2.1254869028061334,21254.869028061334,0.012502864134153725,低负荷,1,1,2016,樟树站 → 赣州末站,,0.21929489312989234
S108,福建成品油管道（南线）,泉港,东孚,2060,380.0,2.1144533712161855,21144.533712161854,0.005564350976884699,低负荷,2.1144533712161855,21144.533712161854,0.005564350976884699,低负荷,1,1,2013,泉港首站/福建泉州 → 东孚末站/福建厦门,,0.21929489312989234
S022,大港-济南-枣庄成品油管道,兖州,肥城,2060,285.0,1.9028762160135337,19028.76216013534,0.006676758652679066,低负荷,28.73909487722795,287390.9487722795,0.10083892939378228,低负荷,2,5,2007,兖州分输站 → 肥城分输泵站,,0.21929489312989234
S023,大港-济南-枣庄成品油管道,肥城,枣庄,2060,285.0,1.9028762160135337,19028.76216013534,0.006676758652679066,低负荷,28.73909487722795,287390.9487722795,0.10083892939378228,低负荷,1,4,2007,肥城分输泵站 → 枣庄末站,,0.21929489312989234
S071,荆门-荆州成品油管道,荆门,荆州,2060,150.0,1.1527031719990222,11527.031719990222,0.007684687813326815,低负荷,1.1527031719990222,11527.031719990222,0.007684687813326815,低负荷,1,1,2003,湖北荆门 → 湖北荆州,,0.21929489312989234
S021,银巴线,银川,巴彦淖尔,2060,240.0,1.0585390122702427,10585.390122702427,0.004410579217792678,低负荷,1.0585390122702427,10585.390122702427,0.004410579217792678,低负荷,1,1,2017,银川 → 巴音淖尔,,0.21929489312989234
S093,浙苏成品油管道,嘉兴(陈山,湖州(湖州,2060,510.0,0.66225305540649,6622.530554064901,0.0012985354027578236,低负荷,0.66225305540649,6622.530554064901,0.0012985354027578236,低负荷,1,1,2007,浙江嘉兴(陈山首站) → 浙江湖州(湖州末站),,0.21929489312989234
S001,西部成品油管道,乌鲁木齐,哈密,2060,1000.0,0.6079969679015221,6079.969679015221,0.0006079969679015221,低负荷,181.05844465733767,1810584.4465733764,0.18105844465733767,低负荷,6,22,2006,乌鲁木齐首站 → 哈密站,,0.21929489312989234
S002,西部成品油管道,哈密,柳园,2060,1000.0,0.6079969679015221,6079.969679015221,0.0006079969679015221,低负荷,181.05844465733767,1810584.4465733764,0.18105844465733767,低负荷,5,21,2006,哈密站 → 柳园站,,0.21929489312989234
S003,西部成品油管道,柳园,酒泉,2060,1000.0,0.6060659862358873,6060.659862358872,0.0006060659862358873,低负荷,181.05651367567202,1810565.13675672,0.18105651367567202,低负荷,4,20,2006,柳园站 → 酒泉站,,0.21929489312989234
S004,西部成品油管道,酒泉,张掖,2060,1000.0,0.6060659862358873,6060.659862358872,0.0006060659862358873,低负荷,181.05651367567202,1810565.13675672,0.18105651367567202,低负荷,3,19,2006,酒泉站 → 张掖站,,0.21929489312989234
S005,西部成品油管道,张掖,武威,2060,1000.0,0.6043280879321675,6043.280879321674,0.0006043280879321675,低负荷,181.05477577736832,1810547.757773683,0.1810547757773683,低负荷,2,18,2006,张掖站 → 武威站,,0.21929489312989234
S006,西部成品油管道,武威,兰州,2060,1000.0,0.14870456340964094,1487.0456340964095,0.00014870456340964095,低负荷,180.59915225284578,1805991.5225284577,0.18059915225284578,低负荷,1,17,2006,武威站 → 兰州末站,,0.21929489312989234
S007,独山子-703泵站-乌鲁木齐成品油管道,独山子,703,2060,100.0,0.0,0.0,0.0,低负荷,181.05844465733767,1810584.4465733764,1.8105844465733767,超过设计输量,2,24,1998,独山子 → 703泵站,,0.21929489312989234
S008,独山子-703泵站-乌鲁木齐成品油管道,703,乌鲁木齐,2060,100.0,0.0,0.0,0.0,低负荷,181.05844465733767,1810584.4465733764,1.8105844465733767,超过设计输量,1,23,1998,703泵站 → 乌鲁木齐,,0.21929489312989234
S009,独山子-乌鲁木齐成品油管道,独山子,王家沟,2060,520.0,0.0,0.0,0.0,低负荷,0.0,0.0,0.0,低负荷,1,1,2004,独山子 → 王家沟,,0.21929489312989234
S010,克拉玛依-乌鲁木齐成品油管道,克拉玛依,王家沟,2060,160.0,0.0,0.0,0.0,低负荷,0.0,0.0,0.0,低负荷,1,1,1996,克拉玛依 → 王家沟首站,,0.21929489312989234
S011,克拉玛依-乌鲁木齐成品油管道（复线）,克拉玛依,王家沟,2060,400.0,0.0,0.0,0.0,低负荷,0.0,0.0,0.0,低负荷,1,1,2009,克拉玛依 → 王家沟首站,,0.21929489312989234
S015,兰郑长成品油管道,武汉,长沙,2060,500.0,0.0,0.0,0.0,低负荷,2.9013159104191324,29013.159104191327,0.0058026318208382645,低负荷,1,7,2009,武汉 → 长沙,,0.21929489312989234
S032,抚顺-锦州-郑州成品油管道,邯郸,郑州,2060,800.0,0.0,0.0,0.0,低负荷,108.17012836816052,1081701.2836816052,0.13521266046020064,低负荷,1,13,2018,邯郸 → 郑州,,0.21929489312989234
S035,兰成渝成品油管道,成都,重庆,2060,350.0,0.0,0.0,0.0,低负荷,0.0,0.0,0.0,低负荷,1,1,2002,成都 → 重庆,,0.21929489312989234
S042,云南成品油管网（安曲线）,寻甸,昆明,2060,168.0,0.0,0.0,0.0,低负荷,0.0,0.0,0.0,低负荷,1,1,2017,寻甸 → 昆明,,0.21929489312989234
S049,西南成品油管网（北线）,江津,重庆,2060,800.0,0.0,0.0,0.0,低负荷,0.0,0.0,0.0,低负荷,1,1,2005,江津 → 重庆,,0.21929489312989234
S050,西南成品油管网（北线）,柳州,柳库,2060,500.0,0.0,0.0,0.0,低负荷,0.0,0.0,0.0,低负荷,1,1,2006,柳州 → 柳库,,0.21929489312989234
S051,西南成品油管网（北线）,贵阳,简阳,2060,600.0,0.0,0.0,0.0,低负荷,0.0,0.0,0.0,低负荷,1,1,2016,贵阳 → 简阳,,0.21929489312989234
S056,西南成品油管网（南线）,南宁,黎塘,2060,800.0,0.0,0.0,0.0,低负荷,0.0,0.0,0.0,低负荷,1,1,2012,南宁 → 黎塘,,0.21929489312989234
S058,西南成品油管网（南线）,秋田冲,昆东,2060,800.0,0.0,0.0,0.0,低负荷,0.0,0.0,0.0,低负荷,1,1,2012,秋田冲 → 昆东,,0.21929489312989234
S060,珠三角成品油管网,南沙,南海,2060,250.0,0.0,0.0,0.0,低负荷,0.0,0.0,0.0,低负荷,1,1,2006,南沙 → 南海,,0.21929489312989234
S061,珠三角成品油管网,三水,花都,2060,250.0,0.0,0.0,0.0,低负荷,0.0,0.0,0.0,低负荷,1,1,2006,三水 → 花都,,0.21929489312989234
S062,珠三角成品油管网,南沙,斗门,2060,100.0,0.0,0.0,0.0,低负荷,0.0,0.0,0.0,低负荷,1,1,2006,南沙 → 斗门,,0.21929489312989234
S063,珠三角成品油管网,北沙,珠海,2060,100.0,0.0,0.0,0.0,低负荷,0.0,0.0,0.0,低负荷,1,1,2006,北沙 → 珠海,,0.21929489312989234
S066,珠三角成品油管网,大鹏湾,妈湾,2060,250.0,0.0,0.0,0.0,低负荷,0.0,0.0,0.0,低负荷,1,1,2006,大鹏湾 → 妈湾,,0.21929489312989234
S069,156支线,广水,广水武胜关镇,2060,10.0,0.0,0.0,0.0,低负荷,0.0,0.0,0.0,低负荷,1,1,2014,湖北广水 → 湖北广水武胜关镇,,0.21929489312989234
S079,湘娄支线,湘潭,娄底,2060,250.0,0.0,0.0,0.0,低负荷,0.0,0.0,0.0,低负荷,1,1,2014,湖南湘潭 → 湖南娄底,,0.21929489312989234
S080,湘株支线,湘潭,株洲,2060,350.0,0.0,0.0,0.0,低负荷,0.0,0.0,0.0,低负荷,1,1,2008,湖南湘潭 → 湖南株洲,,0.21929489312989234
S096,苏北成品油管道,南京(扬子,徐州(新沂,2060,545.0,0.0,0.0,0.0,低负荷,0.0,0.0,0.0,低负荷,1,1,2015,江苏南京(扬子首站) → 江苏徐州(新沂末站),,0.21929489312989234
S102,绍杭成品油管道,绍兴,萧山,2060,500.0,0.0,0.0,0.0,低负荷,0.0,0.0,0.0,低负荷,1,1,2016,绍兴首站/浙江绍兴 → 萧山站/浙江萧山,,0.21929489312989234
S106,甬台温成品油管道,灵昆,瑞安,2060,460.0,0.0,0.0,0.0,低负荷,0.0,0.0,0.0,低负荷,1,1,2018,灵昆分输站 → 瑞安末站/浙江温州,,0.21929489312989234
S109,福建成品油管道（南线）,泉港,石湖山,2060,380.0,0.0,0.0,0.0,低负荷,0.0,0.0,0.0,低负荷,1,1,2013,泉港首站/福建泉州 → 石湖山末站/福建厦门,,0.21929489312989234
S117,鲁皖一期管道,曲阜,济宁,2060,655.0,0.0,0.0,0.0,低负荷,0.0,0.0,0.0,低负荷,1,1,2005,曲阜站 → 济宁站,,0.21929489312989234
S125,鲁皖二期管道（汤郑支线）,新乡,郑州,2060,820.0,0.0,0.0,0.0,低负荷,108.17012836816052,1081701.2836816052,0.13191479069287868,低负荷,1,13,2010,新乡站 → 郑州站,,0.21929489312989234
S139,南武管道,南疆(天津,武清,2060,155.0,0.0,0.0,0.0,低负荷,0.0,0.0,0.0,低负荷,1,1,2018,南疆(天津) → 武清,,0.21929489312989234
S140,格拉成品油管道,格尔木,拉萨,2060,130.0,0.0,0.0,0.0,低负荷,0.0,0.0,0.0,低负荷,1,1,1976,格尔木 → 拉萨,,0.21929489312989234
