province,province_std,year,scenario,projected_curtailed_wind_TWh,projected_curtailed_solar_TWh,projected_curtailed_total_TWh,methanol_supply_Mt,h2_required_Mt,co2_required_Mt,allocation_basis
内蒙古,内蒙古,2025,base,18.75650685224431,7.49047239035592,26.24697924260023,2.4997123088190696,0.47169571267415844,3.433354856162992,2025 province calibrated curtailed wind/solar shares from NBS generation + province utilization
新疆,新疆,2025,base,8.92123408041998,15.21328832778759,24.13452240820757,2.298525943638816,0.4337318455646446,3.157025383587914,2025 province calibrated curtailed wind/solar shares from NBS generation + province utilization
河北省,河北,2025,base,7.550537585881702,4.300650989378535,11.851188575260236,1.1286846262152606,0.21298278896681969,1.5502483341066604,2025 province calibrated curtailed wind/solar shares from NBS generation + province utilization
青海省,青海,2025,base,1.2164685006353329,10.499203445223973,11.715671945859306,1.1157782805580292,0.2105473615413001,1.532521468346453,2025 province calibrated curtailed wind/solar shares from NBS generation + province utilization
甘肃省,甘肃,2025,base,3.8494893402760972,5.207888063190141,9.057377403466237,0.8626073717586893,0.16277401105086467,1.1847912251105597,2025 province calibrated curtailed wind/solar shares from NBS generation + province utilization
云南省,云南,2025,base,1.0472821271845012,4.772304745864704,5.8195868730492055,0.5542463688618291,0.10458628980422716,0.7612573876317222,2025 province calibrated curtailed wind/solar shares from NBS generation + province utilization
宁夏,宁夏,2025,base,1.4040630208374498,3.7613482456724627,5.165411266509913,0.4919439301438012,0.0928298196181353,0.675684988052511,2025 province calibrated curtailed wind/solar shares from NBS generation + province utilization
山西省,山西,2025,base,3.6456476485695966,0.933863556358693,4.57951120492829,0.4361439242788847,0.08230035851142554,0.5990436799970481,2025 province calibrated curtailed wind/solar shares from NBS generation + province utilization
山东省,山东,2025,base,2.791119104277188,1.5720135069206416,4.3631326111978295,0.415536439161698,0.07841172606981242,0.5707392991885922,2025 province calibrated curtailed wind/solar shares from NBS generation + province utilization
陕西省,陕西,2025,base,1.159878675317219,2.6009103757397622,3.7607890510569812,0.3581703858149506,0.06758675180328118,0.4919470249168346,2025 province calibrated curtailed wind/solar shares from NBS generation + province utilization
辽宁省,辽宁,2025,base,3.0884897367996644,0.41335961441926156,3.501849351218926,0.3335094620208501,0.06293323548333442,0.45807524608563754,2025 province calibrated curtailed wind/solar shares from NBS generation + province utilization
吉林省,吉林,2025,base,2.9876977969712124,0.29409548635666977,3.281793283327882,0.3125517412693221,0.05897851357752108,0.4292898166334139,2025 province calibrated curtailed wind/solar shares from NBS generation + province utilization
黑龙江省,黑龙江,2025,base,2.280255762000019,0.5937535319909774,2.8740092939909965,0.2737151708562854,0.05165005274058106,0.37594778717110794,2025 province calibrated curtailed wind/solar shares from NBS generation + province utilization
河南省,河南,2025,base,2.544971216598712,0.2263665444672212,2.7713377610659333,0.263936929625327,0.04980489862029921,0.3625173728403866,2025 province calibrated curtailed wind/solar shares from NBS generation + province utilization
湖南省,湖南,2025,base,1.746283310743122,0.2645062551806918,2.0107895659238135,0.19150376818322035,0.03613676105617368,0.2630304255996531,2025 province calibrated curtailed wind/solar shares from NBS generation + province utilization
广西,广西,2025,base,1.4186153730328108,0.5830851984927504,2.001700571525561,0.19063814966910106,0.03597341884255937,0.2618414985705103,2025 province calibrated curtailed wind/solar shares from NBS generation + province utilization
西藏,西藏,2025,base,0.22774988315134762,1.461457138051902,1.6892070212032495,0.16087685916221423,0.030357463323909824,0.22096436605930123,2025 province calibrated curtailed wind/solar shares from NBS generation + province utilization
湖北省,湖北,2025,base,0.35677934785504173,1.0757864120760279,1.4325657599310695,0.1364348342791495,0.02574525322847551,0.18739324488241182,2025 province calibrated curtailed wind/solar shares from NBS generation + province utilization
贵州省,贵州,2025,base,0.13143647857843593,1.2188436076349438,1.3502800862133797,0.1285981034488933,0.024266462120806166,0.17662949508705494,2025 province calibrated curtailed wind/solar shares from NBS generation + province utilization
江苏省,江苏,2025,base,1.0436840622819785,0.22092844481716403,1.2646125070991425,0.12043928639039453,0.02272689334186745,0.16542335985720688,2025 province calibrated curtailed wind/solar shares from NBS generation + province utilization
江西省,江西,2025,base,0.6681894695032881,0.22158922039710843,0.8897786899003965,0.08474082760956157,0.01599059416992427,0.11639152672173282,2025 province calibrated curtailed wind/solar shares from NBS generation + province utilization
广东省,广东,2025,base,0.5984724037529313,0.11832434784170882,0.7167967515946402,0.06826635729472763,0.012881861621515105,0.0937638417443084,2025 province calibrated curtailed wind/solar shares from NBS generation + province utilization
安徽省,安徽,2025,base,0.22348686876085186,0.4173112317588635,0.6407981005197153,0.06102839052568717,0.011516057292197169,0.08382249438703132,2025 province calibrated curtailed wind/solar shares from NBS generation + province utilization
四川省,四川,2025,base,0.299529773423876,0.29717855621340944,0.5967083296372855,0.05682936472736052,0.01072370112405293,0.07805513245302967,2025 province calibrated curtailed wind/solar shares from NBS generation + province utilization
天津市,天津,2025,base,0.10957376561250053,0.23735720835425528,0.3469309739667558,0.03304104513969103,0.0062348452178596974,0.04538187549936563,2025 province calibrated curtailed wind/solar shares from NBS generation + province utilization
海南省,海南,2025,base,0.13502473580959576,0.17906358584842935,0.31408832165802514,0.02991317349124049,0.00564461583779708,0.041085743790218815,2025 province calibrated curtailed wind/solar shares from NBS generation + province utilization
浙江省,浙江,2025,base,0.08717861875969313,0.0,0.08717861875969313,0.008302725596161251,0.0015667243199956281,0.011403793606327478,2025 province calibrated curtailed wind/solar shares from NBS generation + province utilization
北京市,北京,2025,base,0.013641841421469772,0.0022651594796036178,0.01590700090107339,0.0015149524667688943,0.00028587153047929037,0.0020807872131070764,2025 province calibrated curtailed wind/solar shares from NBS generation + province utilization
上海市,上海,2025,base,0.0,0.0,0.0,0.0,0.0,0.0,2025 province calibrated curtailed wind/solar shares from NBS generation + province utilization
福建省,福建,2025,base,0.0,0.0,0.0,0.0,0.0,0.0,2025 province calibrated curtailed wind/solar shares from NBS generation + province utilization
重庆市,重庆,2025,base,0.0,0.0,0.0,0.0,0.0,0.0,2025 province calibrated curtailed wind/solar shares from NBS generation + province utilization
内蒙古,内蒙古,2025,high,18.75650685224431,7.49047239035592,26.24697924260023,2.4997123088190696,0.47169571267415844,3.433354856162992,2025 province calibrated curtailed wind/solar shares from NBS generation + province utilization
新疆,新疆,2025,high,8.92123408041998,15.21328832778759,24.13452240820757,2.298525943638816,0.4337318455646446,3.157025383587914,2025 province calibrated curtailed wind/solar shares from NBS generation + province utilization
河北省,河北,2025,high,7.550537585881702,4.300650989378535,11.851188575260236,1.1286846262152606,0.21298278896681969,1.5502483341066604,2025 province calibrated curtailed wind/solar shares from NBS generation + province utilization
青海省,青海,2025,high,1.2164685006353329,10.499203445223973,11.715671945859306,1.1157782805580292,0.2105473615413001,1.532521468346453,2025 province calibrated curtailed wind/solar shares from NBS generation + province utilization
甘肃省,甘肃,2025,high,3.8494893402760972,5.207888063190141,9.057377403466237,0.8626073717586893,0.16277401105086467,1.1847912251105597,2025 province calibrated curtailed wind/solar shares from NBS generation + province utilization
云南省,云南,2025,high,1.0472821271845012,4.772304745864704,5.8195868730492055,0.5542463688618291,0.10458628980422716,0.7612573876317222,2025 province calibrated curtailed wind/solar shares from NBS generation + province utilization
宁夏,宁夏,2025,high,1.4040630208374498,3.7613482456724627,5.165411266509913,0.4919439301438012,0.0928298196181353,0.675684988052511,2025 province calibrated curtailed wind/solar shares from NBS generation + province utilization
山西省,山西,2025,high,3.6456476485695966,0.933863556358693,4.57951120492829,0.4361439242788847,0.08230035851142554,0.5990436799970481,2025 province calibrated curtailed wind/solar shares from NBS generation + province utilization
山东省,山东,2025,high,2.791119104277188,1.5720135069206416,4.3631326111978295,0.415536439161698,0.07841172606981242,0.5707392991885922,2025 province calibrated curtailed wind/solar shares from NBS generation + province utilization
陕西省,陕西,2025,high,1.159878675317219,2.6009103757397622,3.7607890510569812,0.3581703858149506,0.06758675180328118,0.4919470249168346,2025 province calibrated curtailed wind/solar shares from NBS generation + province utilization
辽宁省,辽宁,2025,high,3.0884897367996644,0.41335961441926156,3.501849351218926,0.3335094620208501,0.06293323548333442,0.45807524608563754,2025 province calibrated curtailed wind/solar shares from NBS generation + province utilization
吉林省,吉林,2025,high,2.9876977969712124,0.29409548635666977,3.281793283327882,0.3125517412693221,0.05897851357752108,0.4292898166334139,2025 province calibrated curtailed wind/solar shares from NBS generation + province utilization
黑龙江省,黑龙江,2025,high,2.280255762000019,0.5937535319909774,2.8740092939909965,0.2737151708562854,0.05165005274058106,0.37594778717110794,2025 province calibrated curtailed wind/solar shares from NBS generation + province utilization
河南省,河南,2025,high,2.544971216598712,0.2263665444672212,2.7713377610659333,0.263936929625327,0.04980489862029921,0.3625173728403866,2025 province calibrated curtailed wind/solar shares from NBS generation + province utilization
湖南省,湖南,2025,high,1.746283310743122,0.2645062551806918,2.0107895659238135,0.19150376818322035,0.03613676105617368,0.2630304255996531,2025 province calibrated curtailed wind/solar shares from NBS generation + province utilization
广西,广西,2025,high,1.4186153730328108,0.5830851984927504,2.001700571525561,0.19063814966910106,0.03597341884255937,0.2618414985705103,2025 province calibrated curtailed wind/solar shares from NBS generation + province utilization
西藏,西藏,2025,high,0.22774988315134762,1.461457138051902,1.6892070212032495,0.16087685916221423,0.030357463323909824,0.22096436605930123,2025 province calibrated curtailed wind/solar shares from NBS generation + province utilization
湖北省,湖北,2025,high,0.35677934785504173,1.0757864120760279,1.4325657599310695,0.1364348342791495,0.02574525322847551,0.18739324488241182,2025 province calibrated curtailed wind/solar shares from NBS generation + province utilization
贵州省,贵州,2025,high,0.13143647857843593,1.2188436076349438,1.3502800862133797,0.1285981034488933,0.024266462120806166,0.17662949508705494,2025 province calibrated curtailed wind/solar shares from NBS generation + province utilization
江苏省,江苏,2025,high,1.0436840622819785,0.22092844481716403,1.2646125070991425,0.12043928639039453,0.02272689334186745,0.16542335985720688,2025 province calibrated curtailed wind/solar shares from NBS generation + province utilization
江西省,江西,2025,high,0.6681894695032881,0.22158922039710843,0.8897786899003965,0.08474082760956157,0.01599059416992427,0.11639152672173282,2025 province calibrated curtailed wind/solar shares from NBS generation + province utilization
广东省,广东,2025,high,0.5984724037529313,0.11832434784170882,0.7167967515946402,0.06826635729472763,0.012881861621515105,0.0937638417443084,2025 province calibrated curtailed wind/solar shares from NBS generation + province utilization
安徽省,安徽,2025,high,0.22348686876085186,0.4173112317588635,0.6407981005197153,0.06102839052568717,0.011516057292197169,0.08382249438703132,2025 province calibrated curtailed wind/solar shares from NBS generation + province utilization
四川省,四川,2025,high,0.299529773423876,0.29717855621340944,0.5967083296372855,0.05682936472736052,0.01072370112405293,0.07805513245302967,2025 province calibrated curtailed wind/solar shares from NBS generation + province utilization
天津市,天津,2025,high,0.10957376561250053,0.23735720835425528,0.3469309739667558,0.03304104513969103,0.0062348452178596974,0.04538187549936563,2025 province calibrated curtailed wind/solar shares from NBS generation + province utilization
海南省,海南,2025,high,0.13502473580959576,0.17906358584842935,0.31408832165802514,0.02991317349124049,0.00564461583779708,0.041085743790218815,2025 province calibrated curtailed wind/solar shares from NBS generation + province utilization
浙江省,浙江,2025,high,0.08717861875969313,0.0,0.08717861875969313,0.008302725596161251,0.0015667243199956281,0.011403793606327478,2025 province calibrated curtailed wind/solar shares from NBS generation + province utilization
北京市,北京,2025,high,0.013641841421469772,0.0022651594796036178,0.01590700090107339,0.0015149524667688943,0.00028587153047929037,0.0020807872131070764,2025 province calibrated curtailed wind/solar shares from NBS generation + province utilization
上海市,上海,2025,high,0.0,0.0,0.0,0.0,0.0,0.0,2025 province calibrated curtailed wind/solar shares from NBS generation + province utilization
福建省,福建,2025,high,0.0,0.0,0.0,0.0,0.0,0.0,2025 province calibrated curtailed wind/solar shares from NBS generation + province utilization
重庆市,重庆,2025,high,0.0,0.0,0.0,0.0,0.0,0.0,2025 province calibrated curtailed wind/solar shares from NBS generation + province utilization
内蒙古,内蒙古,2025,low,18.75650685224431,7.49047239035592,26.24697924260023,2.4997123088190696,0.47169571267415844,3.433354856162992,2025 province calibrated curtailed wind/solar shares from NBS generation + province utilization
新疆,新疆,2025,low,8.92123408041998,15.21328832778759,24.13452240820757,2.298525943638816,0.4337318455646446,3.157025383587914,2025 province calibrated curtailed wind/solar shares from NBS generation + province utilization
河北省,河北,2025,low,7.550537585881702,4.300650989378535,11.851188575260236,1.1286846262152606,0.21298278896681969,1.5502483341066604,2025 province calibrated curtailed wind/solar shares from NBS generation + province utilization
青海省,青海,2025,low,1.2164685006353329,10.499203445223973,11.715671945859306,1.1157782805580292,0.2105473615413001,1.532521468346453,2025 province calibrated curtailed wind/solar shares from NBS generation + province utilization
甘肃省,甘肃,2025,low,3.8494893402760972,5.207888063190141,9.057377403466237,0.8626073717586893,0.16277401105086467,1.1847912251105597,2025 province calibrated curtailed wind/solar shares from NBS generation + province utilization
云南省,云南,2025,low,1.0472821271845012,4.772304745864704,5.8195868730492055,0.5542463688618291,0.10458628980422716,0.7612573876317222,2025 province calibrated curtailed wind/solar shares from NBS generation + province utilization
宁夏,宁夏,2025,low,1.4040630208374498,3.7613482456724627,5.165411266509913,0.4919439301438012,0.0928298196181353,0.675684988052511,2025 province calibrated curtailed wind/solar shares from NBS generation + province utilization
山西省,山西,2025,low,3.6456476485695966,0.933863556358693,4.57951120492829,0.4361439242788847,0.08230035851142554,0.5990436799970481,2025 province calibrated curtailed wind/solar shares from NBS generation + province utilization
山东省,山东,2025,low,2.791119104277188,1.5720135069206416,4.3631326111978295,0.415536439161698,0.07841172606981242,0.5707392991885922,2025 province calibrated curtailed wind/solar shares from NBS generation + province utilization
陕西省,陕西,2025,low,1.159878675317219,2.6009103757397622,3.7607890510569812,0.3581703858149506,0.06758675180328118,0.4919470249168346,2025 province calibrated curtailed wind/solar shares from NBS generation + province utilization
辽宁省,辽宁,2025,low,3.0884897367996644,0.41335961441926156,3.501849351218926,0.3335094620208501,0.06293323548333442,0.45807524608563754,2025 province calibrated curtailed wind/solar shares from NBS generation + province utilization
吉林省,吉林,2025,low,2.9876977969712124,0.29409548635666977,3.281793283327882,0.3125517412693221,0.05897851357752108,0.4292898166334139,2025 province calibrated curtailed wind/solar shares from NBS generation + province utilization
黑龙江省,黑龙江,2025,low,2.280255762000019,0.5937535319909774,2.8740092939909965,0.2737151708562854,0.05165005274058106,0.37594778717110794,2025 province calibrated curtailed wind/solar shares from NBS generation + province utilization
河南省,河南,2025,low,2.544971216598712,0.2263665444672212,2.7713377610659333,0.263936929625327,0.04980489862029921,0.3625173728403866,2025 province calibrated curtailed wind/solar shares from NBS generation + province utilization
湖南省,湖南,2025,low,1.746283310743122,0.2645062551806918,2.0107895659238135,0.19150376818322035,0.03613676105617368,0.2630304255996531,2025 province calibrated curtailed wind/solar shares from NBS generation + province utilization
广西,广西,2025,low,1.4186153730328108,0.5830851984927504,2.001700571525561,0.19063814966910106,0.03597341884255937,0.2618414985705103,2025 province calibrated curtailed wind/solar shares from NBS generation + province utilization
西藏,西藏,2025,low,0.22774988315134762,1.461457138051902,1.6892070212032495,0.16087685916221423,0.030357463323909824,0.22096436605930123,2025 province calibrated curtailed wind/solar shares from NBS generation + province utilization
湖北省,湖北,2025,low,0.35677934785504173,1.0757864120760279,1.4325657599310695,0.1364348342791495,0.02574525322847551,0.18739324488241182,2025 province calibrated curtailed wind/solar shares from NBS generation + province utilization
贵州省,贵州,2025,low,0.13143647857843593,1.2188436076349438,1.3502800862133797,0.1285981034488933,0.024266462120806166,0.17662949508705494,2025 province calibrated curtailed wind/solar shares from NBS generation + province utilization
江苏省,江苏,2025,low,1.0436840622819785,0.22092844481716403,1.2646125070991425,0.12043928639039453,0.02272689334186745,0.16542335985720688,2025 province calibrated curtailed wind/solar shares from NBS generation + province utilization
江西省,江西,2025,low,0.6681894695032881,0.22158922039710843,0.8897786899003965,0.08474082760956157,0.01599059416992427,0.11639152672173282,2025 province calibrated curtailed wind/solar shares from NBS generation + province utilization
广东省,广东,2025,low,0.5984724037529313,0.11832434784170882,0.7167967515946402,0.06826635729472763,0.012881861621515105,0.0937638417443084,2025 province calibrated curtailed wind/solar shares from NBS generation + province utilization
安徽省,安徽,2025,low,0.22348686876085186,0.4173112317588635,0.6407981005197153,0.06102839052568717,0.011516057292197169,0.08382249438703132,2025 province calibrated curtailed wind/solar shares from NBS generation + province utilization
四川省,四川,2025,low,0.299529773423876,0.29717855621340944,0.5967083296372855,0.05682936472736052,0.01072370112405293,0.07805513245302967,2025 province calibrated curtailed wind/solar shares from NBS generation + province utilization
天津市,天津,2025,low,0.10957376561250053,0.23735720835425528,0.3469309739667558,0.03304104513969103,0.0062348452178596974,0.04538187549936563,2025 province calibrated curtailed wind/solar shares from NBS generation + province utilization
海南省,海南,2025,low,0.13502473580959576,0.17906358584842935,0.31408832165802514,0.02991317349124049,0.00564461583779708,0.041085743790218815,2025 province calibrated curtailed wind/solar shares from NBS generation + province utilization
浙江省,浙江,2025,low,0.08717861875969313,0.0,0.08717861875969313,0.008302725596161251,0.0015667243199956281,0.011403793606327478,2025 province calibrated curtailed wind/solar shares from NBS generation + province utilization
北京市,北京,2025,low,0.013641841421469772,0.0022651594796036178,0.01590700090107339,0.0015149524667688943,0.00028587153047929037,0.0020807872131070764,2025 province calibrated curtailed wind/solar shares from NBS generation + province utilization
上海市,上海,2025,low,0.0,0.0,0.0,0.0,0.0,0.0,2025 province calibrated curtailed wind/solar shares from NBS generation + province utilization
福建省,福建,2025,low,0.0,0.0,0.0,0.0,0.0,0.0,2025 province calibrated curtailed wind/solar shares from NBS generation + province utilization
重庆市,重庆,2025,low,0.0,0.0,0.0,0.0,0.0,0.0,2025 province calibrated curtailed wind/solar shares from NBS generation + province utilization
内蒙古,内蒙古,2030,base,31.287579840821405,13.968604089405392,45.2561839302268,4.310112755259695,0.8133182769175045,5.919939869349191,2025 province calibrated curtailed wind/solar shares from NBS generation + province utilization
新疆,新疆,2030,base,14.881439586198777,28.370493938732675,43.25193352493145,4.119231764279186,0.7772990339194824,5.657764828237461,2025 province calibrated curtailed wind/solar shares from NBS generation + province utilization
青海省,青海,2030,base,2.0291814268667077,19.57943485237065,21.608616279237356,2.0579634551654626,0.38833770398972284,2.826612805669763,2025 province calibrated curtailed wind/solar shares from NBS generation + province utilization
河北省,河北,2030,base,12.59499166984441,8.020067075433657,20.615058745278066,1.9633389281217206,0.37048205573656867,2.696646017775183,2025 province calibrated curtailed wind/solar shares from NBS generation + province utilization
甘肃省,甘肃,2030,base,6.421302539383442,9.711927727055766,16.133230266439206,1.5364981206132577,0.28993719535972173,2.1103801686623096,2025 province calibrated curtailed wind/solar shares from NBS generation + province utilization
云南省,云南,2030,base,1.746962983474166,8.899630372418597,10.646593355892763,1.013961271989787,0.1913344920244728,1.3926758070779723,2025 province calibrated curtailed wind/solar shares from NBS generation + province utilization
宁夏,宁夏,2030,base,2.342106353387448,7.014348594866341,9.35645494825379,0.8910909474527419,0.1681488617843324,1.223913416326341,2025 province calibrated curtailed wind/solar shares from NBS generation + province utilization
山西省,山西,2030,base,6.0812758353496825,1.7415150356997529,7.822790871049436,0.7450277020047081,0.14058672736828842,1.0232955487034665,2025 province calibrated curtailed wind/solar shares from NBS generation + province utilization
山东省,山东,2030,base,4.655843569820426,2.9315686857940326,7.587412255614459,0.7226106910109008,0.13635663739375697,0.9925057841034722,2025 province calibrated curtailed wind/solar shares from NBS generation + province utilization
陕西省,陕西,2030,base,1.934784389520344,4.850306551761957,6.7850909412823,0.646199137264981,0.12193777720190192,0.8875545150334514,2025 province calibrated curtailed wind/solar shares from NBS generation + province utilization
辽宁省,辽宁,2030,base,5.151885155850039,0.7708534922051253,5.922738648055164,0.5640703474338251,0.1064400745607628,0.7747506222003587,2025 province calibrated curtailed wind/solar shares from NBS generation + province utilization
吉林省,吉林,2030,base,4.983754922990789,0.5484438362908436,5.532198759281632,0.5268760723125364,0.09942151484537562,0.7236642853212687,2025 province calibrated curtailed wind/solar shares from NBS generation + province utilization
黑龙江省,黑龙江,2030,base,3.803676493340871,1.1072610087644907,4.910937502105362,0.467708333533844,0.08825656253783637,0.6423973961087347,2025 province calibrated curtailed wind/solar shares from NBS generation + province utilization
河南省,河南,2030,base,4.245246236902418,0.42213954927869995,4.667385786181119,0.4445129320172494,0.08387959027165497,0.610538512125692,2025 province calibrated curtailed wind/solar shares from NBS generation + province utilization
广西,广西,2030,base,2.36638101629621,1.0873661718083676,3.453747188104577,0.3289283036290073,0.062068770894793686,0.45178302503444157,2025 province calibrated curtailed wind/solar shares from NBS generation + province utilization
湖南省,湖南,2030,base,2.9129612960438727,0.4932643717567666,3.4062256678006393,0.3244024445524418,0.06121474128704577,0.4455667575927788,2025 province calibrated curtailed wind/solar shares from NBS generation + province utilization
西藏,西藏,2030,base,0.3799077679532265,2.725397690720609,3.1053054586738353,0.29574337701655573,0.05580677524302407,0.40620352833223927,2025 province calibrated curtailed wind/solar shares from NBS generation + province utilization
湖北省,湖北,2030,base,0.5951407913800928,2.0061798097540176,2.6013206011341103,0.24774481915562957,0.046749447374667304,0.3402775091102572,2025 province calibrated curtailed wind/solar shares from NBS generation + province utilization
贵州省,贵州,2030,base,0.21924814411949878,2.2729599569548786,2.4922081010743775,0.23735315248327404,0.04478853987359381,0.3260045549357769,2025 province calibrated curtailed wind/solar shares from NBS generation + province utilization
江苏省,江苏,2030,base,1.740961080038897,0.41199831157676464,2.1529593916156617,0.20504375158244398,0.03869175592360718,0.2816275927984868,2025 province calibrated curtailed wind/solar shares from NBS generation + province utilization
江西省,江西,2030,base,1.1146015375127654,0.4132305586217006,1.527832096134466,0.14550781867947296,0.027457325384816548,0.1998549889562561,2025 province calibrated curtailed wind/solar shares from NBS generation + province utilization
广东省,广东,2030,base,0.9983070548505482,0.22065710718938836,1.2189641620399365,0.11609182495618443,0.021906527369232005,0.1594521215773193,2025 province calibrated curtailed wind/solar shares from NBS generation + province utilization
安徽省,安徽,2030,base,0.3727966675678556,0.7782226640347683,1.1510193316026238,0.10962088872405941,0.020685461702230012,0.1505642906624956,2025 province calibrated curtailed wind/solar shares from NBS generation + province utilization
四川省,四川,2030,base,0.4996432317876562,0.5541932977352545,1.0538365295229106,0.10036538376408673,0.018938947916283165,0.13785185459997312,2025 province calibrated curtailed wind/solar shares from NBS generation + province utilization
天津市,天津,2030,base,0.18277912657549816,0.44263548391632956,0.6254146104918277,0.05956329623731692,0.011239593999981702,0.08181018738195478,2025 province calibrated curtailed wind/solar shares from NBS generation + province utilization
海南省,海南,2030,base,0.22523368745620406,0.3339266480397658,0.5591603354959699,0.053253365285330465,0.010048910029341858,0.07314349721940139,2025 province calibrated curtailed wind/solar shares from NBS generation + province utilization
浙江省,浙江,2030,base,0.14542196030120916,0.0,0.14542196030120916,0.013849710504877063,0.002613440372270302,0.019022577378448646,2025 province calibrated curtailed wind/solar shares from NBS generation + province utilization
北京市,北京,2030,base,0.022755847131471014,0.004224181643161095,0.026980028774632108,0.002569526549964963,0.0004848696599783885,0.003529244716376876,2025 province calibrated curtailed wind/solar shares from NBS generation + province utilization
上海市,上海,2030,base,0.0,0.0,0.0,0.0,0.0,0.0,2025 province calibrated curtailed wind/solar shares from NBS generation + province utilization
福建省,福建,2030,base,0.0,0.0,0.0,0.0,0.0,0.0,2025 province calibrated curtailed wind/solar shares from NBS generation + province utilization
重庆市,重庆,2030,base,0.0,0.0,0.0,0.0,0.0,0.0,2025 province calibrated curtailed wind/solar shares from NBS generation + province utilization
内蒙古,内蒙古,2030,high,54.46356490809656,24.315718229705702,78.77928313780225,7.5027888702668815,1.4157762598193606,10.30508051331156,2025 province calibrated curtailed wind/solar shares from NBS generation + province utilization
新疆,新疆,2030,high,25.90472816856826,49.38567463409025,75.2904028026585,7.170514552634144,1.353076096082063,9.848701738042996,2025 province calibrated curtailed wind/solar shares from NBS generation + province utilization
青海省,青海,2030,high,3.5322787801013082,34.08271992820079,37.614998708302096,3.5823808293621044,0.6759952625006291,4.92040006912885,2025 province calibrated curtailed wind/solar shares from NBS generation + province utilization
河北省,河北,2030,high,21.92461512898843,13.96085750168082,35.885472630669256,3.4176640600637387,0.6449132081340275,4.694161586497545,2025 province calibrated curtailed wind/solar shares from NBS generation + province utilization
甘肃省,甘肃,2030,high,11.17782293892674,16.905948265615606,28.083771204542344,2.6746448766230806,0.5047054882187754,3.6736247380418012,2025 province calibrated curtailed wind/solar shares from NBS generation + province utilization
云南省,云南,2030,high,3.041009637899476,15.491949166802755,18.532958804702233,1.765043695685927,0.3330637453759344,2.4242875160246204,2025 province calibrated curtailed wind/solar shares from NBS generation + province utilization
宁夏,宁夏,2030,high,4.076999948489264,12.210162368841416,16.28716231733068,1.5511583159362552,0.29270357421717136,2.1305159469384463,2025 province calibrated curtailed wind/solar shares from NBS generation + province utilization
山西省,山西,2030,high,10.585924602275382,3.031526173255128,13.61745077553051,1.2969000738600487,0.2447250439373912,1.7812922514467768,2025 province calibrated curtailed wind/solar shares from NBS generation + province utilization
山东省,山东,2030,high,8.10461658450223,5.103101045641468,13.207717630143698,1.257877869537495,0.23736155398172532,1.7276952538097494,2025 province calibrated curtailed wind/solar shares from NBS generation + province utilization
陕西省,陕西,2030,high,3.3679580113872682,8.443126219733783,11.81108423112105,1.1248651648686714,0.21226205661071829,1.5450023039471201,2025 province calibrated curtailed wind/solar shares from NBS generation + province utilization
辽宁省,辽宁,2030,high,8.968096382405628,1.3418560790237377,10.309952461429365,0.9819002344218443,0.185284574235402,1.348639971978403,2025 province calibrated curtailed wind/solar shares from NBS generation + province utilization
吉林省,吉林,2030,high,8.675425236317304,0.9546985298396172,9.630123766156922,0.9171546443958973,0.17306708139750585,1.259711904077765,2025 province calibrated curtailed wind/solar shares from NBS generation + province utilization
黑龙江省,黑龙江,2030,high,6.621214636556336,1.927454348590041,8.548668985146376,0.8141589509663215,0.15363179404734487,1.1182473191522426,2025 province calibrated curtailed wind/solar shares from NBS generation + province utilization
河南省,河南,2030,high,7.389873079052364,0.7348355117073672,8.124708590759731,0.7737817705485458,0.1460126201025106,1.0627892618484276,2025 province calibrated curtailed wind/solar shares from NBS generation + province utilization
广西,广西,2030,high,4.1192558431822945,1.892822595370123,6.012078438552417,0.572578898909754,0.10804563822427059,0.7864371176525471,2025 province calibrated curtailed wind/solar shares from NBS generation + province utilization
湖南省,湖南,2030,high,5.070710404224522,0.8586453878728906,5.929355792097413,0.564700551628325,0.10655899409226494,0.7756162076615043,2025 province calibrated curtailed wind/solar shares from NBS generation + province utilization
西藏,西藏,2030,high,0.6613209294000615,4.7442107949581,5.405531724358162,0.5148125451769678,0.09714512727489384,0.7070950308005653,2025 province calibrated curtailed wind/solar shares from NBS generation + province utilization
湖北省,湖北,2030,high,1.0359858220320142,3.4922389280903294,4.528224750122344,0.43125950001165175,0.08137866765219869,0.5923349232660037,2025 province calibrated curtailed wind/solar shares from NBS generation + province utilization
贵州省,贵州,2030,high,0.38165417680060926,3.9566339991436807,4.33828817594429,0.4131703024708847,0.07796523607625595,0.5674894104437601,2025 province calibrated curtailed wind/solar shares from NBS generation + province utilization
江苏省,江苏,2030,high,3.0305618800677117,0.7171822460780723,3.747744126145784,0.3569280120138842,0.06735231586701995,0.4902406245010699,2025 province calibrated curtailed wind/solar shares from NBS generation + province utilization
江西省,江西,2030,high,1.940232306040741,0.7193272687118497,2.6595595747525906,0.2532913880716753,0.04779608492912513,0.347895721516446,2025 province calibrated curtailed wind/solar shares from NBS generation + province utilization
广东省,广东,2030,high,1.7377937621472517,0.3841068162185652,2.1219005783658167,0.20208576936817302,0.03813358467977425,0.2775648042271856,2025 province calibrated curtailed wind/solar shares from NBS generation + province utilization
安徽省,安徽,2030,high,0.6489423472477491,1.3546838966531163,2.0036262439008654,0.19082154703817766,0.03600802592610412,0.262093394856937,2025 province calibrated curtailed wind/solar shares from NBS generation + province utilization
四川省,四川,2030,high,0.8697493294081429,0.9647068516132216,1.8344561810213644,0.17471011247822518,0.03296779822464109,0.23996433948884227,2025 province calibrated curtailed wind/solar shares from NBS generation + province utilization
天津市,天津,2030,high,0.3181710721869785,0.7705136201506484,1.088684692337627,0.10368425641310733,0.019565219185153353,0.1424103261834029,2025 province calibrated curtailed wind/solar shares from NBS generation + province utilization
海南省,海南,2030,high,0.39207345594228143,0.5812797206618149,0.9733531766040964,0.09270030253372347,0.017492547088113618,0.12732386553006916,2025 province calibrated curtailed wind/solar shares from NBS generation + province utilization
浙江省,浙江,2030,high,0.2531419308946976,0.0,0.2531419308946976,0.024108755323304535,0.004549322129507566,0.033113375436558776,2025 province calibrated curtailed wind/solar shares from NBS generation + province utilization
北京市,北京,2030,high,0.03961203019181994,0.00735320508253969,0.04696523527435963,0.004472879549939013,0.0008440323710734917,0.006143500061841234,2025 province calibrated curtailed wind/solar shares from NBS generation + province utilization
上海市,上海,2030,high,0.0,0.0,0.0,0.0,0.0,0.0,2025 province calibrated curtailed wind/solar shares from NBS generation + province utilization
福建省,福建,2030,high,0.0,0.0,0.0,0.0,0.0,0.0,2025 province calibrated curtailed wind/solar shares from NBS generation + province utilization
重庆市,重庆,2030,high,0.0,0.0,0.0,0.0,0.0,0.0,2025 province calibrated curtailed wind/solar shares from NBS generation + province utilization
内蒙古,内蒙古,2030,low,20.423836840536236,9.118394336139652,29.542231176675887,2.8135458263500843,0.530916097432261,3.864405192491841,2025 province calibrated curtailed wind/solar shares from NBS generation + province utilization
新疆,新疆,2030,low,9.71427306321311,18.519627987783867,28.233901050996977,2.688942957237807,0.5074035360307743,3.693263151766128,2025 province calibrated curtailed wind/solar shares from NBS generation + province utilization
青海省,青海,2030,low,1.3246045425379922,12.781019973075312,14.105624515613304,1.3433928110107909,0.25349822343773626,1.8451500259233211,2025 province calibrated curtailed wind/solar shares from NBS generation + province utilization
河北省,河北,2030,low,8.221730673370672,5.235321563130315,13.457052236500987,1.2816240225239035,0.2418424530502606,1.7603105949365814,2025 province calibrated curtailed wind/solar shares from NBS generation + province utilization
甘肃省,甘肃,2030,low,4.191683602097533,6.33973059960586,10.531414201703393,1.0029918287336566,0.18926455808204098,1.3776092767656771,2025 province calibrated curtailed wind/solar shares from NBS generation + province utilization
云南省,云南,2030,low,1.1403786142123051,5.809480937551041,6.949859551763346,0.6618913858822234,0.12489890451597556,0.9091078185092338,2025 province calibrated curtailed wind/solar shares from NBS generation + province utilization
宁夏,宁夏,2030,low,1.528874980683476,4.578810888315537,6.107685868999013,0.5816843684760965,0.10976384033143942,0.7989434801019185,2025 province calibrated curtailed wind/solar shares from NBS generation + province utilization
山西省,山西,2030,low,3.969721725853273,1.1368223149706744,5.106544040823947,0.4863375276975188,0.0917718914765218,0.6679845942925421,2025 province calibrated curtailed wind/solar shares from NBS generation + province utilization
山东省,山东,2030,low,3.03923121918834,1.913662892115553,4.952894111303893,0.47170420107656125,0.0890105827431471,0.6478857201786569,2025 province calibrated curtailed wind/solar shares from NBS generation + province utilization
陕西省,陕西,2030,low,1.2629842542702272,3.1661723324001727,4.4291565866704,0.4218244368257524,0.07959827122901948,0.5793758639801708,2025 province calibrated curtailed wind/solar shares from NBS generation + province utilization
辽宁省,辽宁,2030,low,3.3630361434021148,0.5031960296339024,3.866232173036017,0.3682125879081921,0.06948171533827585,0.5057399894919018,2025 province calibrated curtailed wind/solar shares from NBS generation + province utilization
吉林省,吉林,2030,low,3.2532844636189933,0.358011948689857,3.6112964123088505,0.34393299164846197,0.06490015552406478,0.4723919640291625,2025 province calibrated curtailed wind/solar shares from NBS generation + province utilization
黑龙江省,黑龙江,2030,low,2.4829554887086287,0.7227953807212664,3.2057508694298953,0.305309606612371,0.05761192276775441,0.41934274468209154,2025 province calibrated curtailed wind/solar shares from NBS generation + province utilization
河南省,河南,2030,low,2.7712024046446397,0.2755633168902631,3.0467657215349027,0.290168163955705,0.054754732538441535,0.3985459731931608,2025 province calibrated curtailed wind/solar shares from NBS generation + province utilization
广西,广西,2030,low,1.5447209411933622,0.7098084732637971,2.2545294144571595,0.21471708709115805,0.040517114334101524,0.29491391911970555,2025 province calibrated curtailed wind/solar shares from NBS generation + province utilization
湖南省,湖南,2030,low,1.9015164015841983,0.32199202045233444,2.2235084220365327,0.21176270686062215,0.0399596227845994,0.2908560778730645,2025 province calibrated curtailed wind/solar shares from NBS generation + province utilization
西藏,西藏,2030,low,0.24799534852502336,1.77907904810929,2.027074396634313,0.19305470444136316,0.03642942272808523,0.26516063655021227,2025 province calibrated curtailed wind/solar shares from NBS generation + province utilization
湖北省,湖北,2030,low,0.3884946832620058,1.3095895980338754,1.6980842812958812,0.16172231250436964,0.03051700036957455,0.2221255962247517,2025 province calibrated curtailed wind/solar shares from NBS generation + province utilization
贵州省,贵州,2030,low,0.14312031630022864,1.4837377496788824,1.626858065979111,0.154938863426582,0.029236963528596026,0.21280852891641036,2025 province calibrated curtailed wind/solar shares from NBS generation + province utilization
江苏省,江苏,2030,low,1.1364607050253932,0.26894334227927746,1.4054040473046707,0.13384800450520673,0.02525711845013251,0.18384023418790144,2025 province calibrated curtailed wind/solar shares from NBS generation + province utilization
江西省,江西,2030,low,0.7275871147652788,0.269747725766944,0.9973348405322229,0.09498427052687837,0.01792353184842195,0.13046089556866744,2025 province calibrated curtailed wind/solar shares from NBS generation + province utilization
广东省,广东,2030,low,0.6516726608052202,0.14404005608196216,0.7957127168871824,0.07578216351306499,0.014300094254915364,0.10408680158519476,2025 province calibrated curtailed wind/solar shares from NBS generation + province utilization
安徽省,安徽,2030,low,0.24335338021790623,0.5080064612449193,0.7513598414628255,0.07155808013931672,0.013503009722289065,0.09828502307135151,2025 province calibrated curtailed wind/solar shares from NBS generation + province utilization
四川省,四川,2030,low,0.326155998528054,0.36176506935495856,0.6879210678830125,0.06551629217933452,0.012362924334240424,0.08998662730831597,2025 province calibrated curtailed wind/solar shares from NBS generation + province utilization
天津市,天津,2030,low,0.11931415207011709,0.28894260755649354,0.4082567596266106,0.0388815961549153,0.007336957194432518,0.05340387231877616,2025 province calibrated curtailed wind/solar shares from NBS generation + province utilization
海南省,海南,2030,low,0.1470275459783557,0.2179798952481809,0.3650074412265366,0.03476261345014634,0.0065597051580426145,0.047746449573775995,2025 province calibrated curtailed wind/solar shares from NBS generation + province utilization
浙江省,浙江,2030,low,0.09492822408551171,0.0,0.09492822408551171,0.009040783246239211,0.0017059957985653394,0.012417515788709556,2025 province calibrated curtailed wind/solar shares from NBS generation + province utilization
北京市,北京,2030,low,0.014854511321932495,0.0027574519059523875,0.017611963227884882,0.0016773298312271316,0.0003165121391525597,0.002303812523190465,2025 province calibrated curtailed wind/solar shares from NBS generation + province utilization
上海市,上海,2030,low,0.0,0.0,0.0,0.0,0.0,0.0,2025 province calibrated curtailed wind/solar shares from NBS generation + province utilization
福建省,福建,2030,low,0.0,0.0,0.0,0.0,0.0,0.0,2025 province calibrated curtailed wind/solar shares from NBS generation + province utilization
重庆市,重庆,2030,low,0.0,0.0,0.0,0.0,0.0,0.0,2025 province calibrated curtailed wind/solar shares from NBS generation + province utilization
内蒙古,内蒙古,2035,base,48.4243150872272,21.82157295474581,70.24588804197302,6.690084575426002,1.2624189593828865,9.188831164347613,2025 province calibrated curtailed wind/solar shares from NBS generation + province utilization
新疆,新疆,2035,base,23.032255071816596,44.3200193293317,67.35227440114829,6.414502323918885,1.2104165885234937,8.810318941902588,2025 province calibrated curtailed wind/solar shares from NBS generation + province utilization
青海省,青海,2035,base,3.1405983231575836,30.586740329175296,33.72733865233288,3.2121274906983697,0.6061284574947824,4.41185710847421,2025 province calibrated curtailed wind/solar shares from NBS generation + province utilization
河北省,河北,2035,base,19.493481063236352,12.528845235242123,32.022326298478475,3.0497453617598547,0.5754869497640845,4.18882525437716,2025 province calibrated curtailed wind/solar shares from NBS generation + province utilization
甘肃省,甘肃,2035,base,9.938358256518715,15.171848100978524,25.11020635749724,2.391448224523547,0.45126627996759333,3.2846541363830917,2025 province calibrated curtailed wind/solar shares from NBS generation + province utilization
云南省,云南,2035,base,2.703804077779848,13.902887661430656,16.606691739210504,1.5815896894486194,0.2984459743989545,2.1723134384576785,2025 province calibrated curtailed wind/solar shares from NBS generation + province utilization
宁夏,宁夏,2035,base,3.624917510438319,10.957724810096623,14.582642320534942,1.388823078146185,0.2620709148461851,1.907548497833785,2025 province calibrated curtailed wind/solar shares from NBS generation + province utilization
山西省,山西,2035,base,9.41209319102077,2.720572303436698,12.132665494457468,1.1554919518530922,0.2180413313146785,1.587068195870222,2025 province calibrated curtailed wind/solar shares from NBS generation + province utilization
山东省,山东,2035,base,7.205927629073724,4.579658750398865,11.785586379472589,1.1224367980450085,0.2118038237910931,1.541666942114819,2025 province calibrated curtailed wind/solar shares from NBS generation + province utilization
陕西省,陕西,2035,base,2.994498436141169,7.577086271092139,10.571584707233308,1.006817591165077,0.18998647945285002,1.3828639614652332,2025 province calibrated curtailed wind/solar shares from NBS generation + province utilization
辽宁省,辽宁,2035,base,7.973659559139019,1.2042173727532972,9.177876931892316,0.8740835173230777,0.16493955971886476,1.2005537110432472,2025 province calibrated curtailed wind/solar shares from NBS generation + province utilization
吉林省,吉林,2035,base,7.713441561675286,0.8567718798958925,8.570213441571179,0.8162108039591599,0.15401897870709347,1.121065539237906,2025 province calibrated curtailed wind/solar shares from NBS generation + province utilization
黑龙江省,黑龙江,2035,base,5.887014270215352,1.729748851642648,7.616763121858,0.7254060116055238,0.13688411438996234,0.9963451569401869,2025 province calibrated curtailed wind/solar shares from NBS generation + province utilization
河南省,河南,2035,base,6.570439210846654,0.6594609534860677,7.229900164332722,0.6885619204126402,0.1299316343818652,0.9457397976867613,2025 province calibrated curtailed wind/solar shares from NBS generation + province utilization
广西,广西,2035,base,3.662487815693967,1.6986693942192619,5.3611572099132285,0.510586400944117,0.09634765385815489,0.7012904216967447,2025 province calibrated curtailed wind/solar shares from NBS generation + province utilization
湖南省,湖南,2035,base,4.508439334527414,0.7705712328428751,5.279010567370289,0.5027629111781228,0.09487136133931177,0.6905448585031516,2025 province calibrated curtailed wind/solar shares from NBS generation + province utilization
西藏,西藏,2035,base,0.5879896608509704,4.257581083843798,4.8455707446947685,0.4614829280661684,0.08708182852608598,0.6338468016988823,2025 province calibrated curtailed wind/solar shares from NBS generation + province utilization
湖北省,湖北,2035,base,0.9211094418191585,3.134028196281199,4.055137638100358,0.38620358458098647,0.07287661641043215,0.5304506234219849,2025 province calibrated curtailed wind/solar shares from NBS generation + province utilization
贵州省,贵州,2035,base,0.33933405099234665,3.550788697742962,3.8901227487353087,0.3704878808319342,0.06991106311298598,0.5088651043226615,2025 province calibrated curtailed wind/solar shares from NBS generation + province utilization
江苏省,江苏,2035,base,2.694514830591308,0.6436184428853094,3.3381332734766174,0.3179174546168207,0.059991023686194064,0.4366596239162032,2025 province calibrated curtailed wind/solar shares from NBS generation + province utilization
江西省,江西,2035,base,1.725087601016859,0.6455434433089191,2.370631044325778,0.22577438517388362,0.04260362648231184,0.31010111803632917,2025 province calibrated curtailed wind/solar shares from NBS generation + province utilization
广东省,广东,2035,base,1.545096668512907,0.34470768386716943,1.8898043523800765,0.17998136689334063,0.03396248393277338,0.24720440742800334,2025 province calibrated curtailed wind/solar shares from NBS generation + province utilization
安徽省,安徽,2035,base,0.5769836908325152,1.21572939783951,1.7927130886720253,0.17073457987352622,0.0322176152221344,0.23450394545628825,2025 province calibrated curtailed wind/solar shares from NBS generation + province utilization
四川省,四川,2035,base,0.7733062579585815,0.8657536143309654,1.6390598722895469,0.15610094021805207,0.029456247419146427,0.2144046413894945,2025 province calibrated curtailed wind/solar shares from NBS generation + province utilization
天津市,天津,2035,base,0.2828903373699785,0.6914794379465128,0.9743697753164913,0.09279712145871345,0.01751081681925923,0.12745684632354293,2025 province calibrated curtailed wind/solar shares from NBS generation + province utilization
海南省,海南,2035,base,0.34859797738037307,0.5216558981194274,0.8702538754998004,0.08288132147617147,0.015639705362553557,0.11383749504752151,2025 province calibrated curtailed wind/solar shares from NBS generation + province utilization
浙江省,浙江,2035,base,0.22507202097620352,0.0,0.22507202097620352,0.02143543056916224,0.004044865748400915,0.029441563886744335,2025 province calibrated curtailed wind/solar shares from NBS generation + province utilization
北京市,北京,2035,base,0.035219608457328286,0.00659896202300209,0.04181857048033037,0.003982720998126702,0.0007515394523465087,0.0054702672909270255,2025 province calibrated curtailed wind/solar shares from NBS generation + province utilization
上海市,上海,2035,base,0.0,0.0,0.0,0.0,0.0,0.0,2025 province calibrated curtailed wind/solar shares from NBS generation + province utilization
福建省,福建,2035,base,0.0,0.0,0.0,0.0,0.0,0.0,2025 province calibrated curtailed wind/solar shares from NBS generation + province utilization
重庆市,重庆,2035,base,0.0,0.0,0.0,0.0,0.0,0.0,2025 province calibrated curtailed wind/solar shares from NBS generation + province utilization
内蒙古,内蒙古,2035,high,77.39612753257701,34.877214893482716,112.27334242605973,10.692699278672356,2.0177123538854738,14.68642245925648,2025 province calibrated curtailed wind/solar shares from NBS generation + province utilization
新疆,新疆,2035,high,36.81223673871551,70.83627021012865,107.64850694884416,10.252238757032776,1.934597453452085,14.081449932784517,2025 province calibrated curtailed wind/solar shares from NBS generation + province utilization
青海省,青海,2035,high,5.019588772909997,48.886499500476894,53.90608827338689,5.13391316889399,0.968769414970296,7.051429737475895,2025 province calibrated curtailed wind/solar shares from NBS generation + province utilization
河北省,河北,2035,high,31.156247511326562,20.024735546925502,51.18098305825207,4.874379338881149,0.9197953812468729,6.694960021953258,2025 province calibrated curtailed wind/solar shares from NBS generation + province utilization
甘肃省,甘肃,2035,high,15.88438456383765,24.24902217848711,40.13340674232476,3.822229213554739,0.7212546525977792,5.249831824817433,2025 province calibrated curtailed wind/solar shares from NBS generation + province utilization
云南省,云南,2035,high,4.321464637135325,22.220854638355043,26.542319275490367,2.5278399309990824,0.4770033949795269,3.4719881452272396,2025 province calibrated curtailed wind/solar shares from NBS generation + province utilization
宁夏,宁夏,2035,high,5.793671576512543,17.513628542633114,23.30730011914566,2.2197428684900626,0.41886547928407486,3.0488168298711007,2025 province calibrated curtailed wind/solar shares from NBS generation + province utilization
山西省,山西,2035,high,15.043260057443494,4.348265134552684,19.391525191996177,1.8468119230472548,0.348493409879017,2.5365961763054043,2025 province calibrated curtailed wind/solar shares from NBS generation + province utilization
山东省,山东,2035,high,11.517166381511025,7.319625524141796,18.83679190565282,1.7939801814907448,0.3385240602473035,2.464031779277538,2025 province calibrated curtailed wind/solar shares from NBS generation + province utilization
陕西省,陕西,2035,high,4.786078697080343,12.110385749523369,16.896464446603712,1.6091870901527345,0.303653603911821,2.210218468324781,2025 province calibrated curtailed wind/solar shares from NBS generation + province utilization
辽宁省,辽宁,2035,high,12.744225107341885,1.924689305169805,14.66891441251169,1.397039467858256,0.26362134758485295,1.9188337091033145,2025 province calibrated curtailed wind/solar shares from NBS generation + province utilization
吉林省,吉林,2035,high,12.328321128489593,1.3693704405173706,13.697691569006963,1.3045420541911394,0.24616708562586803,1.79178851143153,2025 province calibrated curtailed wind/solar shares from NBS generation + province utilization
黑龙江省,黑龙江,2035,high,9.40915956008781,2.764641326984411,12.17380088707222,1.1594096082925924,0.2187805930848122,1.5924490969898757,2025 province calibrated curtailed wind/solar shares from NBS generation + province utilization
河南省,河南,2035,high,10.501471217336134,1.0540102418965385,11.555481459232672,1.100522043736445,0.20766850965306716,1.511567027072007,2025 province calibrated curtailed wind/solar shares from NBS generation + province utilization
广西,广西,2035,high,5.853719842177553,2.71496732238464,8.568687164562194,0.8160654442440185,0.1539915493288463,1.1208658876691593,2025 province calibrated curtailed wind/solar shares from NBS generation + province utilization
湖南省,湖南,2035,high,7.205796201338707,1.2315967567659662,8.437392958104674,0.8035612341052071,0.1516320048756526,1.103691355043502,2025 province calibrated curtailed wind/solar shares from NBS generation + province utilization
西藏,西藏,2035,high,0.939778346830186,6.804851817767457,7.744630164597643,0.7375838251997755,0.13918206781519765,1.0130713839118917,2025 province calibrated curtailed wind/solar shares from NBS generation + province utilization
湖北省,湖北,2035,high,1.472200560856266,5.009087800893896,6.481288361750162,0.6172655582619202,0.11647801084402434,0.8478142442727473,2025 province calibrated curtailed wind/solar shares from NBS generation + province utilization
贵州省,贵州,2035,high,0.5423544233809315,5.675192192119108,6.21754661550004,0.5921472967142896,0.11173819488998644,0.8133143120370767,2025 province calibrated curtailed wind/solar shares from NBS generation + province utilization
江苏省,江苏,2035,high,4.306617720688684,1.0286893061500273,5.335307026838711,0.5081244787465439,0.09588308913947283,0.6979089715583779,2025 province calibrated curtailed wind/solar shares from NBS generation + province utilization
江西省,江西,2035,high,2.757191293932936,1.031766016228788,3.7889573101617238,0.3608530771582594,0.06809297565976356,0.4956317014768693,2025 province calibrated curtailed wind/solar shares from NBS generation + province utilization
广东省,广东,2035,high,2.4695134787343114,0.5509430502834262,3.0204565290177374,0.28766252657311786,0.05428191876434734,0.39510448024817735,2025 province calibrated curtailed wind/solar shares from NBS generation + province utilization
安徽省,安徽,2035,high,0.9221876084246209,1.9430888666323847,2.8652764750570054,0.2728834738149529,0.05149311150888162,0.37480545128483783,2025 province calibrated curtailed wind/solar shares from NBS generation + province utilization
四川省,四川,2035,high,1.2359681216944884,1.3837258622212905,2.619693983915779,0.2494946651348361,0.047079643310943574,0.34268092256269733,2025 province calibrated curtailed wind/solar shares from NBS generation + province utilization
天津市,天津,2035,high,0.45214096656569336,1.1051850845811817,1.557326051146875,0.14831676677589284,0.02798737389061098,0.2037130791666888,2025 province calibrated curtailed wind/solar shares from NBS generation + province utilization
海南省,海南,2035,high,0.5571608698301704,0.8337577175071212,1.3909185873372918,0.13246843688926588,0.024996794041004473,0.18194539806740667,2025 province calibrated curtailed wind/solar shares from NBS generation + province utilization
浙江省,浙江,2035,high,0.35973049506453136,0.0,0.35973049506453136,0.034260047149002985,0.006464870897016864,0.0470561747591556,2025 province calibrated curtailed wind/solar shares from NBS generation + province utilization
北京市,北京,2035,high,0.05629116907282399,0.010547058959840976,0.06683822803266497,0.006365545526920473,0.0012011784409298933,0.00874307678122527,2025 province calibrated curtailed wind/solar shares from NBS generation + province utilization
上海市,上海,2035,high,0.0,0.0,0.0,0.0,0.0,0.0,2025 province calibrated curtailed wind/solar shares from NBS generation + province utilization
福建省,福建,2035,high,0.0,0.0,0.0,0.0,0.0,0.0,2025 province calibrated curtailed wind/solar shares from NBS generation + province utilization
重庆市,重庆,2035,high,0.0,0.0,0.0,0.0,0.0,0.0,2025 province calibrated curtailed wind/solar shares from NBS generation + province utilization
内蒙古,内蒙古,2035,low,29.02354782471642,13.078955585056036,42.10250340977245,4.0097622295021385,0.7566421327070536,5.507408422221187,2025 province calibrated curtailed wind/solar shares from NBS generation + province utilization
新疆,新疆,2035,low,13.804588777018337,26.563601328798278,40.368190105816616,3.8445895338872966,0.725474045044533,5.280543724794201,2025 province calibrated curtailed wind/solar shares from NBS generation + province utilization
青海省,青海,2035,low,1.8823457898412517,18.33243731267886,20.214783102520112,1.9252174383352487,0.36328853061386146,2.644286151553464,2025 province calibrated curtailed wind/solar shares from NBS generation + province utilization
河北省,河北,2035,low,11.683592816747476,7.509275830097073,19.19286864684455,1.8278922520804333,0.3449232679675778,2.510610008232475,2025 province calibrated curtailed wind/solar shares from NBS generation + province utilization
甘肃省,甘肃,2035,low,5.9566442114391265,9.093383316932679,15.050027528371805,1.4333359550830291,0.2704704947241676,1.9686869343065405,2025 province calibrated curtailed wind/solar shares from NBS generation + province utilization
云南省,云南,2035,low,1.620549238925749,8.332820489383153,9.953369728308902,0.9479399741246572,0.17887627311732282,1.3019955544602166,2025 province calibrated curtailed wind/solar shares from NBS generation + province utilization
宁夏,宁夏,2035,low,2.1726268411922067,6.567610703487426,8.740237544679633,0.8324035756837747,0.1570745547315283,1.1433063112016644,2025 province calibrated curtailed wind/solar shares from NBS generation + province utilization
山西省,山西,2035,low,5.641222521541318,1.6305994254572587,7.2718219469985765,0.6925544711427216,0.13068502870463158,0.9512235661145281,2025 province calibrated curtailed wind/solar shares from NBS generation + province utilization
山东省,山东,2035,low,4.318937393066641,2.744859571553177,7.063796964619818,0.6727425680590302,0.126946522592739,0.9240119172290779,2025 province calibrated curtailed wind/solar shares from NBS generation + province utilization
陕西省,陕西,2035,low,1.794779511405131,4.541394656071269,6.3361741674764,0.6034451588072761,0.11387010146693301,0.8288319256217938,2025 province calibrated curtailed wind/solar shares from NBS generation + province utilization
辽宁省,辽宁,2035,low,4.779084415253213,0.7217584894386778,5.500842904691891,0.5238898004468467,0.09885800534431999,0.719562640913744,2025 province calibrated curtailed wind/solar shares from NBS generation + province utilization
吉林省,吉林,2035,low,4.623120423183604,0.5135139151940146,5.136634338377618,0.48920327032167793,0.09231265710970063,0.6719206917868246,2025 province calibrated curtailed wind/solar shares from NBS generation + province utilization
黑龙江省,黑龙江,2035,low,3.5284348350329338,1.0367404976191554,4.565175332652089,0.43477860310972277,0.08204272240680469,0.5971684113712042,2025 province calibrated curtailed wind/solar shares from NBS generation + province utilization
河南省,河南,2035,low,3.9380517065010556,0.3952538407112025,4.333305547212258,0.4126957664011674,0.0778756911199003,0.5668376351520034,2025 province calibrated curtailed wind/solar shares from NBS generation + province utilization
广西,广西,2035,low,2.1951449408165855,1.0181127458942414,3.213257686710827,0.3060245415915073,0.057746830998317435,0.4203247078759353,2025 province calibrated curtailed wind/solar shares from NBS generation + province utilization
湖南省,湖南,2035,low,2.7021735755020186,0.4618487837872379,3.1640223592892567,0.301335462789453,0.056862001828369785,0.4138842581413137,2025 province calibrated curtailed wind/solar shares from NBS generation + province utilization
西藏,西藏,2035,low,0.35241688006132027,2.5518194316628,2.90423631172412,0.2765939344499162,0.05219327543069919,0.3799017689669599,2025 province calibrated curtailed wind/solar shares from NBS generation + province utilization
湖北省,湖北,2035,low,0.5520752103211005,1.8784079253352135,2.430483135656314,0.23147458434822038,0.04367925406650919,0.3179303416022807,2025 province calibrated curtailed wind/solar shares from NBS generation + province utilization
贵州省,贵州,2035,low,0.20338290876784962,2.1281970720446686,2.3315799808125184,0.2220552362678589,0.041901823083744974,0.30499286701390416,2025 province calibrated curtailed wind/solar shares from NBS generation + province utilization
江苏省,江苏,2035,low,1.6149816452582586,0.38575848980626076,2.0007401350645195,0.19054667952995424,0.03595615842730237,0.26171586433439215,2025 province calibrated curtailed wind/solar shares from NBS generation + province utilization
江西省,江西,2035,low,1.0339467352248524,0.38691225608579605,1.4208589913106484,0.13531990393434748,0.02553486587241137,0.18586188805382625,2025 province calibrated curtailed wind/solar shares from NBS generation + province utilization
广东省,广东,2035,low,0.926067554525368,0.2066036438562851,1.132671198381653,0.10787344746491934,0.02035571953663028,0.1481641800930667,2025 province calibrated curtailed wind/solar shares from NBS generation + province utilization
安徽省,安徽,2035,low,0.34582035315923326,0.7286583249871452,1.0744786781463784,0.10233130268060747,0.019309916815830632,0.14055204423181436,2025 province calibrated curtailed wind/solar shares from NBS generation + province utilization
四川省,四川,2035,low,0.4634880456354338,0.5188971983329846,0.9823852439684184,0.09356049942556366,0.017654866241603864,0.12850534596101168,2025 province calibrated curtailed wind/solar shares from NBS generation + province utilization
天津市,天津,2035,low,0.16955286246213522,0.4144444067179437,0.5839972691800789,0.05561878754095989,0.010495265208979131,0.07639240468750841,2025 province calibrated curtailed wind/solar shares from NBS generation + province utilization
海南省,海南,2035,low,0.20893532618631422,0.31265914406517087,0.5215944702514851,0.04967566383347477,0.009373797765376689,0.06822952427527759,2025 province calibrated curtailed wind/solar shares from NBS generation + province utilization
浙江省,浙江,2035,low,0.13489893564919944,0.0,0.13489893564919944,0.012847517680876138,0.0024243265863813273,0.017646065534683373,2025 province calibrated curtailed wind/solar shares from NBS generation + province utilization
北京市,北京,2035,low,0.021109188402309027,0.003955147109940371,0.0250643355122494,0.0023870795725951808,0.0004504419153487106,0.0032786537929594805,2025 province calibrated curtailed wind/solar shares from NBS generation + province utilization
上海市,上海,2035,low,0.0,0.0,0.0,0.0,0.0,0.0,2025 province calibrated curtailed wind/solar shares from NBS generation + province utilization
福建省,福建,2035,low,0.0,0.0,0.0,0.0,0.0,0.0,2025 province calibrated curtailed wind/solar shares from NBS generation + province utilization
重庆市,重庆,2035,low,0.0,0.0,0.0,0.0,0.0,0.0,2025 province calibrated curtailed wind/solar shares from NBS generation + province utilization
内蒙古,内蒙古,2040,base,70.36397414237287,26.904366014575544,97.26834015694841,9.263651443518896,1.7480510273920158,12.723625257673202,2025 province calibrated curtailed wind/solar shares from NBS generation + province utilization
新疆,新疆,2040,base,33.4675048556611,54.643266288926085,88.11077114458718,8.391502013770207,1.583476429998438,11.52572801591338,2025 province calibrated curtailed wind/solar shares from NBS generation + province utilization
河北省,河北,2040,base,28.32541451557242,15.447128337080567,43.77254285265299,4.16881360501457,0.7866551272662494,5.725865486487511,2025 province calibrated curtailed wind/solar shares from NBS generation + province utilization
青海省,青海,2040,base,4.563512747762717,37.71116127675576,42.274674024518475,4.026159430906522,0.7597362846120607,5.529929978350108,2025 province calibrated curtailed wind/solar shares from NBS generation + province utilization
甘肃省,甘肃,2040,base,14.441141441436196,18.705753030397158,33.146894471833356,3.156847092555558,0.5956970463652338,4.335929481625058,2025 province calibrated curtailed wind/solar shares from NBS generation + province utilization
云南省,云南,2040,base,3.9288196409643303,17.141219795583417,21.07003943654775,2.006670422528357,0.37865870873110097,2.7561618253426983,2025 province calibrated curtailed wind/solar shares from NBS generation + province utilization
宁夏,宁夏,2040,base,5.267262975496254,13.510054457999953,18.777317433496208,1.788315946047258,0.33745521901911757,2.4562519518959087,2025 province calibrated curtailed wind/solar shares from NBS generation + province utilization
山西省,山西,2040,base,13.676440869130136,3.3542620035948927,17.03070287272503,1.6219717021642885,0.30606606019840127,2.22777813292265,2025 province calibrated curtailed wind/solar shares from NBS generation + province utilization
山东省,山东,2040,base,10.470725387661584,5.646376432079709,16.117101819741293,1.5349620780705995,0.2896473441319221,2.108270414229968,2025 province calibrated curtailed wind/solar shares from NBS generation + province utilization
陕西省,陕西,2040,base,4.351219220147327,9.341980194747741,13.69319941489507,1.3041142299900066,0.24608635519911426,1.7912008948912739,2025 province calibrated curtailed wind/solar shares from NBS generation + province utilization
辽宁省,辽宁,2040,base,11.586294489218941,1.4847098797531506,13.071004368972092,1.244857558949723,0.23490462137381274,1.7098118572174446,2025 province calibrated curtailed wind/solar shares from NBS generation + province utilization
吉林省,吉林,2040,base,11.208179230140187,1.0563355948500441,12.264514824990231,1.1680490309514506,0.22041085214053874,1.6043153440118174,2025 province calibrated curtailed wind/solar shares from NBS generation + province utilization
黑龙江省,黑龙江,2040,base,8.554250465681337,2.1326508549313523,10.686901320612689,1.017800125772637,0.1920588837332966,1.3979484727487168,2025 province calibrated curtailed wind/solar shares from NBS generation + province utilization
河南省,河南,2040,base,9.547315515010613,0.8130659921585298,10.360381507169143,0.9867030006827755,0.18619085622883974,1.355236571437792,2025 province calibrated curtailed wind/solar shares from NBS generation + province utilization
湖南省,湖南,2040,base,6.551083028964087,0.9500566495229958,7.501139678487084,0.714394255094008,0.13480619593623933,0.98122050937162,2025 province calibrated curtailed wind/solar shares from NBS generation + province utilization
广西,广西,2040,base,5.321855301330239,2.094332210359429,7.416187511689668,0.7063035725418731,0.13327948413865146,0.9701079568862627,2025 province calibrated curtailed wind/solar shares from NBS generation + province utilization
西藏,西藏,2040,base,0.8543907996958585,5.249278778116437,6.103669577812296,0.5813018645535519,0.10969166184125526,0.7984181109643035,2025 province calibrated curtailed wind/solar shares from NBS generation + province utilization
湖北省,湖北,2040,base,1.3384375355585436,3.8640221705196307,5.202459706078175,0.49547235295982617,0.09349563300351921,0.6805312767903212,2025 province calibrated curtailed wind/solar shares from NBS generation + province utilization
贵州省,贵州,2040,base,0.49307651221586574,4.377856672505279,4.870933184721145,0.46389839854487097,0.08753762780541716,0.6371644504013803,2025 province calibrated curtailed wind/solar shares from NBS generation + province utilization
江苏省,江苏,2040,base,3.9153217040745845,0.793533362467878,4.708855066542462,0.4484623872897583,0.08462485248157739,0.615963088942483,2025 province calibrated curtailed wind/solar shares from NBS generation + province utilization
江西省,江西,2040,base,2.5066749861640387,0.7959067438956243,3.302581730059663,0.31453159333901554,0.059352111663072235,0.43200914345113783,2025 province calibrated curtailed wind/solar shares from NBS generation + province utilization
广东省,广东,2040,base,2.2451353588558103,0.4249987713549293,2.6701341302107395,0.254298488591499,0.04798612479721586,0.34927897408042385,2025 province calibrated curtailed wind/solar shares from NBS generation + province utilization
安徽省,安徽,2040,base,0.8383983424273285,1.4989033449598412,2.3373016873871695,0.22260016070353994,0.04200465032475799,0.3057413207263121,2025 province calibrated curtailed wind/solar shares from NBS generation + province utilization
四川省,四川,2040,base,1.1236689964766307,1.0674094010870212,2.191078397563652,0.20867413310130017,0.039376808916215346,0.2866139218146358,2025 province calibrated curtailed wind/solar shares from NBS generation + province utilization
天津市,天津,2040,base,0.41105978159882506,0.8525423867769327,1.263602168375758,0.12034306365483409,0.022708736111667193,0.16529119792991462,2025 province calibrated curtailed wind/solar shares from NBS generation + province utilization
海南省,海南,2040,base,0.5065376561814492,0.643162674192782,1.1497003303742312,0.10949526955945059,0.020661757365868328,0.15039175273990538,2025 province calibrated curtailed wind/solar shares from NBS generation + province utilization
浙江省,浙江,2040,base,0.32704565538229935,0.0,0.32704565538229935,0.0311472052745047,0.005877477635299037,0.04278068644453221,2025 province calibrated curtailed wind/solar shares from NBS generation + province utilization
北京市,北京,2040,base,0.05117659618586144,0.008136026213661196,0.05931262239952264,0.005648821180906918,0.0010659325568371355,0.007758655891975652,2025 province calibrated curtailed wind/solar shares from NBS generation + province utilization
上海市,上海,2040,base,0.0,0.0,0.0,0.0,0.0,0.0,2025 province calibrated curtailed wind/solar shares from NBS generation + province utilization
福建省,福建,2040,base,0.0,0.0,0.0,0.0,0.0,0.0,2025 province calibrated curtailed wind/solar shares from NBS generation + province utilization
重庆市,重庆,2040,base,0.0,0.0,0.0,0.0,0.0,0.0,2025 province calibrated curtailed wind/solar shares from NBS generation + province utilization
内蒙古,内蒙古,2040,high,103.8706284958839,39.71596887865919,143.5865973745431,13.67491403567077,2.5804562785310745,18.782494427993804,2025 province calibrated curtailed wind/solar shares from NBS generation + province utilization
新疆,新疆,2040,high,49.404411929785496,80.6638692836529,130.0682812134384,12.387455353660801,2.3375128252357933,17.01416992825311,2025 province calibrated curtailed wind/solar shares from NBS generation + province utilization
河北省,河北,2040,high,41.81370714203553,22.80290373569039,64.61661087772592,6.153962940735802,1.161252806916846,8.452468099100624,2025 province calibrated curtailed wind/solar shares from NBS generation + province utilization
青海省,青海,2040,high,6.736614056221163,55.668857122830005,62.40547117905117,5.943378207528683,1.1215154677606625,8.163229968040646,2025 province calibrated curtailed wind/solar shares from NBS generation + province utilization
甘肃省,甘肃,2040,high,21.31787546116775,27.613254473443458,48.93112993461121,4.660107612820115,0.8793623065391557,6.400657806208427,2025 province calibrated curtailed wind/solar shares from NBS generation + province utilization
云南省,云南,2040,high,5.799686136661639,25.303705412527933,31.10339154918957,2.962227766589483,0.5589723795554354,4.068619837410655,2025 province calibrated curtailed wind/solar shares from NBS generation + province utilization
宁夏,宁夏,2040,high,7.7754834400182915,19.94341372371424,27.71889716373253,2.6398949679745267,0.4981481804567932,3.6258957385130124,2025 province calibrated curtailed wind/solar shares from NBS generation + province utilization
山西省,山西,2040,high,20.189031759192133,4.9515296243543725,25.140561383546505,2.394339179385381,0.45181180315002145,3.288624862885821,2025 province calibrated curtailed wind/solar shares from NBS generation + province utilization
山东省,山东,2040,high,15.456785096071885,8.33512711402244,23.791912210094324,2.2658964009613642,0.42757465086140944,3.1122087067204336,2025 province calibrated curtailed wind/solar shares from NBS generation + province utilization
陕西省,陕西,2040,high,6.4232283725984445,13.790542192246683,20.213770564845127,1.9251210061757265,0.3632703338653596,2.64415370198236,2025 province calibrated curtailed wind/solar shares from NBS generation + province utilization
辽宁省,辽宁,2040,high,17.103577579323222,2.191714584397511,19.29529216372073,1.8376468727353077,0.3467639648851526,2.524007979701945,2025 province calibrated curtailed wind/solar shares from NBS generation + province utilization
吉林省,吉林,2040,high,16.545407434968872,1.5593525447786385,18.10475997974751,1.7242628552140484,0.32536840077889095,2.3682750316364953,2025 province calibrated curtailed wind/solar shares from NBS generation + province utilization
黑龙江省,黑龙江,2040,high,12.627703068386754,3.1481988810891437,15.775901949475898,1.5024668523310378,0.28351549503486684,2.06363822167668,2025 province calibrated curtailed wind/solar shares from NBS generation + province utilization
河南省,河南,2040,high,14.093656236444259,1.2002402741387836,15.293896510583043,1.4565615724364802,0.2748531687187638,2.0005873197415056,2025 province calibrated curtailed wind/solar shares from NBS generation + province utilization
湖南省,湖南,2040,high,9.670646376089856,1.4024645778672815,11.073110953957137,1.0545819956149654,0.19899962257254397,1.4484683709771549,2025 province calibrated curtailed wind/solar shares from NBS generation + province utilization
广西,广西,2040,high,7.856072111487507,3.0916332629115426,10.94770537439905,1.0426386070856237,0.1967459051570572,1.4320641268321042,2025 province calibrated curtailed wind/solar shares from NBS generation + province utilization
西藏,西藏,2040,high,1.2612435614557929,7.748935339124275,9.010178900580067,0.8581122762457207,0.1619257865275675,1.1786172114234974,2025 province calibrated curtailed wind/solar shares from NBS generation + province utilization
湖北省,湖北,2040,high,1.9757887429673768,5.704032727909939,7.679821470877316,0.7314115686549825,0.1380173630051952,1.0045937895476185,2025 province calibrated curtailed wind/solar shares from NBS generation + province utilization
贵州省,贵州,2040,high,0.727874851366279,6.4625503260792305,7.190425177445509,0.6848023978519533,0.1292222124746636,0.9405760934496578,2025 province calibrated curtailed wind/solar shares from NBS generation + province utilization
江苏省,江苏,2040,high,5.779760610776775,1.1714063922144882,6.951167002991264,0.6620159050467871,0.12492240128232873,0.9092788455817621,2025 province calibrated curtailed wind/solar shares from NBS generation + province utilization
江西省,江西,2040,high,3.700329741480253,1.1749099552744946,4.875239696754748,0.4643085425480712,0.08761502197882104,0.6377277831897757,2025 province calibrated curtailed wind/solar shares from NBS generation + province utilization
广东省,广东,2040,high,3.3142474345014388,0.6273791386668012,3.94162657316824,0.3753930069684038,0.07083666041493779,0.5156022950711026,2025 province calibrated curtailed wind/solar shares from NBS generation + province utilization
安徽省,安徽,2040,high,1.2376356483451056,2.2126668425597686,3.4503024909048743,0.32860023722903564,0.062006864765119026,0.45133242583408045,2025 province calibrated curtailed wind/solar shares from NBS generation + province utilization
四川省,四川,2040,high,1.6587494709893145,1.575699592080843,3.2344490630701577,0.3080427679114436,0.058127670304889405,0.42309674172636774,2025 province calibrated curtailed wind/solar shares from NBS generation + province utilization
天津市,天津,2040,high,0.6068025347411236,1.258514951908807,1.8653174866499307,0.17764928444285055,0.0335224199743659,0.24400129218225522,2025 province calibrated curtailed wind/solar shares from NBS generation + province utilization
海南省,海南,2040,high,0.7477460638869022,0.9494306142845842,1.6971766781714863,0.16163587411157013,0.030500689444853284,0.22200687309224157,2025 province calibrated curtailed wind/solar shares from NBS generation + province utilization
浙江省,浙江,2040,high,0.48278168175482356,0.0,0.48278168175482356,0.04597920778617367,0.008676276509250971,0.06315244189430953,2025 province calibrated curtailed wind/solar shares from NBS generation + province utilization
北京市,北京,2040,high,0.07554640389341462,0.012010324410642733,0.08755672830405735,0.008338736028957842,0.0015735194886643449,0.011453253935773596,2025 province calibrated curtailed wind/solar shares from NBS generation + province utilization
上海市,上海,2040,high,0.0,0.0,0.0,0.0,0.0,0.0,2025 province calibrated curtailed wind/solar shares from NBS generation + province utilization
福建省,福建,2040,high,0.0,0.0,0.0,0.0,0.0,0.0,2025 province calibrated curtailed wind/solar shares from NBS generation + province utilization
重庆市,重庆,2040,high,0.0,0.0,0.0,0.0,0.0,0.0,2025 province calibrated curtailed wind/solar shares from NBS generation + province utilization
内蒙古,内蒙古,2040,low,38.95148568595652,14.893488329497215,53.84497401545374,5.1280927633765465,0.9676711044491544,7.043435410497686,2025 province calibrated curtailed wind/solar shares from NBS generation + province utilization
新疆,新疆,2040,low,18.526654473669588,30.248950981369877,48.77560545503947,4.645295757622806,0.8765673094634235,6.3803137230949245,2025 province calibrated curtailed wind/solar shares from NBS generation + province utilization
河北省,河北,2040,low,15.680140178263347,8.551088900883908,24.231229079147255,2.307736102775929,0.4354698025938178,3.169675537162738,2025 province calibrated curtailed wind/solar shares from NBS generation + province utilization
青海省,青海,2040,low,2.5262302710829396,20.87582142106128,23.40205169214422,2.228766827823259,0.420568300410249,3.0612112380152463,2025 province calibrated curtailed wind/solar shares from NBS generation + province utilization
甘肃省,甘肃,2040,low,7.994203297937918,10.35497042754131,18.34917372547923,1.7475403548075457,0.3297608649521839,2.400246677328164,2025 province calibrated curtailed wind/solar shares from NBS generation + province utilization
云南省,云南,2040,low,2.1748823012481173,9.488889529697987,11.663771830946104,1.1108354124710575,0.20961464233328855,1.5257324390289975,2025 province calibrated curtailed wind/solar shares from NBS generation + province utilization
宁夏,宁夏,2040,low,2.9158062900068633,7.47878014639285,10.394586436399713,0.9899606129904489,0.18680556767129772,1.3597109019423814,2025 province calibrated curtailed wind/solar shares from NBS generation + province utilization
山西省,山西,2040,low,7.570886909697061,1.856823609132892,9.427710518829953,0.8978771922695193,0.1694294261812583,1.2332343235821848,2025 province calibrated curtailed wind/solar shares from NBS generation + province utilization
山东省,山东,2040,low,5.796294411026965,3.1256726677584186,8.921967078785384,0.8497111503605128,0.16034049407302878,1.1670782650201643,2025 province calibrated curtailed wind/solar shares from NBS generation + province utilization
陕西省,陕西,2040,low,2.4087106397244202,5.171453322092512,7.5801639618169325,0.7219203773158983,0.13622637519951,0.9915576382433863,2025 province calibrated curtailed wind/solar shares from NBS generation + province utilization
辽宁省,辽宁,2040,low,6.413841592246218,0.8218929691490676,7.235734561395286,0.6891175772757415,0.13003648683193242,0.946502992388231,2025 province calibrated curtailed wind/solar shares from NBS generation + province utilization
吉林省,吉林,2040,low,6.204527788113335,0.5847572042919902,6.789284992405325,0.646598570705269,0.12201315029208427,0.888103136863687,2025 province calibrated curtailed wind/solar shares from NBS generation + province utilization
黑龙江省,黑龙江,2040,low,4.7353886506450396,1.1805745804084304,5.91596323105347,0.5634250696241401,0.10631831063807523,0.7738643331287564,2025 province calibrated curtailed wind/solar shares from NBS generation + province utilization
河南省,河南,2040,low,5.285121088666604,0.4500901028020445,5.7352111914686486,0.5462105896636809,0.10306993826953659,0.7502202449030656,2025 province calibrated curtailed wind/solar shares from NBS generation + province utilization
湖南省,湖南,2040,low,3.6264923910337012,0.5259242167002313,4.152416607733932,0.39546824835561256,0.0746248584647041,0.5431756391164339,2025 province calibrated curtailed wind/solar shares from NBS generation + province utilization
广西,广西,2040,low,2.9460270418078194,1.15936247359183,4.105389515399649,0.3909894776571094,0.07377971443389654,0.5370240475620397,2025 province calibrated curtailed wind/solar shares from NBS generation + province utilization
西藏,西藏,2040,low,0.472966335545923,2.905850752171607,3.37881708771753,0.3217921035921457,0.0607221699478379,0.44198145428381214,2025 province calibrated curtailed wind/solar shares from NBS generation + province utilization
湖北省,湖北,2040,low,0.7409207786127674,2.1390122729662298,2.8799330515789974,0.2742793382456188,0.05175651112694827,0.3767226710803574,2025 province calibrated curtailed wind/solar shares from NBS generation + province utilization
贵州省,贵州,2040,low,0.272953069262355,2.4234563722797144,2.6964094415420696,0.25680089919448285,0.048458329677998915,0.3527160350436222,2025 province calibrated curtailed wind/solar shares from NBS generation + province utilization
江苏省,江苏,2040,low,2.1674102290412938,0.4392773970804336,2.6066876261217273,0.24825596439254546,0.04684590048087333,0.3409795670931612,2025 province calibrated curtailed wind/solar shares from NBS generation + province utilization
江西省,江西,2040,low,1.387623653055097,0.44059123322793603,1.828214886283033,0.17411570345552696,0.03285563324205794,0.23914791869616628,2025 province calibrated curtailed wind/solar shares from NBS generation + province utilization
广东省,广东,2040,low,1.2428427879380413,0.23526717700005076,1.478109964938092,0.14077237761315162,0.02656374765560171,0.19335086065166374,2025 province calibrated curtailed wind/solar shares from NBS generation + province utilization
安徽省,安徽,2040,low,0.4641133681294153,0.8297500659599143,1.2938634340893296,0.12322508896088853,0.023252574286919667,0.16924965968778038,2025 province calibrated curtailed wind/solar shares from NBS generation + province utilization
四川省,四川,2040,low,0.6220310516209937,0.5908873470303169,1.2129183986513106,0.11551603796679148,0.021797876364333554,0.1586612781473881,2025 province calibrated curtailed wind/solar shares from NBS generation + province utilization
天津市,天津,2040,low,0.22755095052792165,0.47194310696580327,0.699494057493725,0.06661848166606904,0.012570907490387228,0.09150048456834582,2025 province calibrated curtailed wind/solar shares from NBS generation + province utilization
海南省,海南,2040,low,0.2804047739575887,0.35603648035671953,0.6364412543143083,0.060613452791838884,0.011437758541819998,0.0832525774095907,2025 province calibrated curtailed wind/solar shares from NBS generation + province utilization
浙江省,浙江,2040,low,0.1810431306580591,0.0,0.1810431306580591,0.017242202919815153,0.0032536036909691195,0.02368216571036611,2025 province calibrated curtailed wind/solar shares from NBS generation + province utilization
北京市,北京,2040,low,0.02832990146003052,0.00450387165399103,0.03283377311402155,0.0031270260108591957,0.0005900698082491302,0.004294970225915105,2025 province calibrated curtailed wind/solar shares from NBS generation + province utilization
上海市,上海,2040,low,0.0,0.0,0.0,0.0,0.0,0.0,2025 province calibrated curtailed wind/solar shares from NBS generation + province utilization
福建省,福建,2040,low,0.0,0.0,0.0,0.0,0.0,0.0,2025 province calibrated curtailed wind/solar shares from NBS generation + province utilization
重庆市,重庆,2040,low,0.0,0.0,0.0,0.0,0.0,0.0,2025 province calibrated curtailed wind/solar shares from NBS generation + province utilization
内蒙古,内蒙古,2045,base,88.29831350461298,30.18223161743701,118.48054512204999,11.283861440195237,2.1292646537648414,15.498383688108158,2025 province calibrated curtailed wind/solar shares from NBS generation + province utilization
新疆,新疆,2045,base,41.99768804961172,61.30067211292637,103.29836016253809,9.837939063098865,1.856419101206756,13.51240930316629,2025 province calibrated curtailed wind/solar shares from NBS generation + province utilization
河北省,河北,2045,base,35.544983942826875,17.329113239147098,52.87409718197397,5.03562830304514,0.9502230607846179,6.916435474232499,2025 province calibrated curtailed wind/solar shares from NBS generation + province utilization
青海省,青海,2045,base,5.726658907425118,42.3056616015756,48.03232050900072,4.574506715142926,0.8632094171474701,6.283084973248808,2025 province calibrated curtailed wind/solar shares from NBS generation + province utilization
甘肃省,甘肃,2045,base,18.12189333962755,20.98474910117403,39.10664244080158,3.724442137219198,0.7028022312932627,5.115521275470568,2025 province calibrated curtailed wind/solar shares from NBS generation + province utilization
云南省,云南,2045,base,4.930195495482154,19.229602578087626,24.15979807356978,2.3009331498637886,0.4341860853792969,3.1603316813379134,2025 province calibrated curtailed wind/solar shares from NBS generation + province utilization
宁夏,宁夏,2045,base,6.609780689484018,15.156037967764583,21.7658186572486,2.0729351102141527,0.3911628552974106,2.8471763738791385,2025 province calibrated curtailed wind/solar shares from NBS generation + province utilization
山西省,山西,2045,base,17.162286215475984,3.762925045073455,20.92521126054944,1.9928772629094704,0.37605593951101707,2.7372169206061576,2025 province calibrated curtailed wind/solar shares from NBS generation + province utilization
山东省,山东,2045,base,13.139499355589903,6.334296863934336,19.47379621952424,1.8546472590023084,0.3499719377737356,2.5473580102396705,2025 province calibrated curtailed wind/solar shares from NBS generation + province utilization
辽宁省,辽宁,2045,base,14.539404228303068,1.6655979721332088,16.205002200436276,1.543333542898693,0.29122703954498336,2.119768621171355,2025 province calibrated curtailed wind/solar shares from NBS generation + province utilization
陕西省,陕西,2045,base,5.460256097111201,10.480150688205466,15.940406785316668,1.5181339795539683,0.2864718819418338,2.0851570209173755,2025 province calibrated curtailed wind/solar shares from NBS generation + province utilization
吉林省,吉林,2045,base,14.064915115174532,1.1850331493496125,15.249948264524145,1.4523760251927758,0.2740633559538768,1.9948384706022775,2025 province calibrated curtailed wind/solar shares from NBS generation + province utilization
黑龙江省,黑龙江,2045,base,10.734554132593521,2.3924801657764934,13.127034298370015,1.250193742701906,0.23591155924784968,1.717141105601068,2025 province calibrated curtailed wind/solar shares from NBS generation + province utilization
河南省,河南,2045,base,11.980731173116114,0.912125046258115,12.892856219374229,1.2278910685118314,0.2317030446281826,1.6865083826010003,2025 province calibrated curtailed wind/solar shares from NBS generation + province utilization
湖南省,湖南,2045,base,8.220820244118089,1.0658058186561445,9.286626062774234,0.8844405774070699,0.1668939369567141,1.2147791330686104,2025 province calibrated curtailed wind/solar shares from NBS generation + province utilization
广西,广西,2045,base,6.678287483766013,2.3494930087808785,9.027780492546892,0.8597886183377993,0.16224211228034274,1.1809196672869673,2025 province calibrated curtailed wind/solar shares from NBS generation + province utilization
西藏,西藏,2045,base,1.0721575579906242,5.888819228067828,6.960976786058453,0.662950170100805,0.1250986970980219,0.9105620586334556,2025 province calibrated curtailed wind/solar shares from NBS generation + province utilization
湖北省,湖北,2045,base,1.6795779169886504,4.334791314627271,6.014369231615921,0.5727970696777068,0.10808680704818328,0.7867367752023303,2025 province calibrated curtailed wind/solar shares from NBS generation + province utilization
江苏省,江苏,2045,base,4.91325721026329,0.8902126788341252,5.803469889097415,0.5527114180092776,0.10429664457835068,0.7591491326357427,2025 province calibrated curtailed wind/solar shares from NBS generation + province utilization
贵州省,贵州,2045,base,0.6187516408511009,4.911228311639554,5.529979952490654,0.5266647573800624,0.09938163971761776,0.7233740442615156,2025 province calibrated curtailed wind/solar shares from NBS generation + province utilization
江西省,江西,2045,base,3.145575224825124,0.8928752187330381,4.038450443558162,0.38461432795792017,0.07257672368565954,0.5282677794502033,2025 province calibrated curtailed wind/solar shares from NBS generation + province utilization
广东省,广东,2045,base,2.8173744901819275,0.4767780570339896,3.294152547215917,0.3137288140205635,0.05920062720568034,0.430906526057244,2025 province calibrated curtailed wind/solar shares from NBS generation + province utilization
安徽省,安徽,2045,base,1.0520889501153987,1.6815206834912944,2.733609633606693,0.2603437746292088,0.04912687027253171,0.3575821744532183,2025 province calibrated curtailed wind/solar shares from NBS generation + province utilization
四川省,四川,2045,base,1.4100692653537703,1.1974561213144597,2.6075253866682297,0.24833575111125997,0.04686095623469476,0.3410891541513156,2025 province calibrated curtailed wind/solar shares from NBS generation + province utilization
天津市,天津,2045,base,0.515830521330568,0.9564110065795174,1.4722415279100853,0.14021347884857954,0.026458283458726962,0.192583213198524,2025 province calibrated curtailed wind/solar shares from NBS generation + province utilization
海南省,海南,2045,base,0.6356437553811705,0.7215217333000954,1.3571654886812659,0.12925385606488246,0.02439020263944332,0.17753017130511606,2025 province calibrated curtailed wind/solar shares from NBS generation + province utilization
浙江省,浙江,2045,base,0.4104029108821746,0.0,0.4104029108821746,0.039085991512588056,0.007375526598425366,0.05368460934253969,2025 province calibrated curtailed wind/solar shares from NBS generation + province utilization
北京市,北京,2045,base,0.06422046493529378,0.009127270551301091,0.07334773548659487,0.00698549861777094,0.0013181635891733763,0.009594582351508386,2025 province calibrated curtailed wind/solar shares from NBS generation + province utilization
上海市,上海,2045,base,0.0,0.0,0.0,0.0,0.0,0.0,2025 province calibrated curtailed wind/solar shares from NBS generation + province utilization
福建省,福建,2045,base,0.0,0.0,0.0,0.0,0.0,0.0,2025 province calibrated curtailed wind/solar shares from NBS generation + province utilization
重庆市,重庆,2045,base,0.0,0.0,0.0,0.0,0.0,0.0,2025 province calibrated curtailed wind/solar shares from NBS generation + province utilization
内蒙古,内蒙古,2045,high,130.34512945919076,44.55472286383565,174.8998523230264,16.65712879266918,3.1432002031766744,22.878566396731117,2025 province calibrated curtailed wind/solar shares from NBS generation + province utilization
新疆,新疆,2045,high,61.99658712085547,90.49146835717715,152.48805547803263,14.522671950288823,2.740428197019501,19.9468899237217,2025 province calibrated curtailed wind/solar shares from NBS generation + province utilization
河北省,河北,2045,high,52.4711667727445,25.581071924455276,78.05223869719978,7.433546542590456,1.402710232586819,10.209976176247991,2025 province calibrated curtailed wind/solar shares from NBS generation + province utilization
青海省,青海,2045,high,8.453639339532327,62.45121474518311,70.90485408471544,6.752843246163375,1.274261520551029,9.275030198605396,2025 province calibrated curtailed wind/solar shares from NBS generation + province utilization
甘肃省,甘肃,2045,high,26.751366358497847,30.977486768399803,57.72885312689765,5.49798601208549,1.037469960480532,7.5514837875994205,2025 province calibrated curtailed wind/solar shares from NBS generation + province utilization
云南省,云南,2045,high,7.277907636187951,28.386556186700822,35.66446382288878,3.3966156021798835,0.6409413641313441,4.6652515295940695,2025 province calibrated curtailed wind/solar shares from NBS generation + province utilization
宁夏,宁夏,2045,high,9.757295303524039,22.373198904795366,32.130494208319405,3.060047067458991,0.5774308816295116,4.202974647154924,2025 province calibrated curtailed wind/solar shares from NBS generation + province utilization
山西省,山西,2045,high,25.334803460940773,5.55479411415606,30.889597575096833,2.941866435723508,0.555130196421026,4.040653549466239,2025 province calibrated curtailed wind/solar shares from NBS generation + province utilization
山东省,山东,2045,high,19.39640381063274,9.35062870390308,28.74703251453582,2.737812620431983,0.5166252414755153,3.7603856341633284,2025 province calibrated curtailed wind/solar shares from NBS generation + province utilization
辽宁省,辽宁,2045,high,21.462930051304557,2.4587398636252167,23.921669914929772,2.2782542776123593,0.42990658218545225,3.1291822503005755,2025 province calibrated curtailed wind/solar shares from NBS generation + province utilization
陕西省,陕西,2045,high,8.060378048116545,15.470698634969995,23.53107668308654,2.241054922198718,0.42288706381889807,3.078088935639939,2025 province calibrated curtailed wind/solar shares from NBS generation + province utilization
吉林省,吉林,2045,high,20.762493741448147,1.7493346490399064,22.511828390488052,2.143983656236957,0.4045697159319138,2.9447615518414607,2025 province calibrated curtailed wind/solar shares from NBS generation + province utilization
黑龙江省,黑龙江,2045,high,15.846246576685695,3.5317564351938757,19.37800301187957,1.845524096369483,0.34825039698492144,2.534827346363485,2025 province calibrated curtailed wind/solar shares from NBS generation + province utilization
河南省,河南,2045,high,17.685841255552383,1.3464703063810288,19.032311561933412,1.8126011011365155,0.3420378277844605,2.489607612411004,2025 province calibrated curtailed wind/solar shares from NBS generation + province utilization
湖南省,湖南,2045,high,12.135496550841005,1.5733323989685966,13.7088289498096,1.3056027571247237,0.24636724026943538,1.793245386910808,2025 province calibrated curtailed wind/solar shares from NBS generation + province utilization
广西,广西,2045,high,9.85842438079746,3.4682992034384448,13.326723584235905,1.2692117699272292,0.23950026098526817,1.7432623659950492,2025 province calibrated curtailed wind/solar shares from NBS generation + province utilization
西藏,西藏,2045,high,1.5827087760813996,8.693018860481091,10.275727636562491,0.9786407272916658,0.18466950523993736,1.344163038935103,2025 province calibrated curtailed wind/solar shares from NBS generation + province utilization
湖北省,湖北,2045,high,2.4793769250784874,6.3989776549259805,8.878354580004467,0.8455575790480445,0.159556715166366,1.161373334822489,2025 province calibrated curtailed wind/solar shares from NBS generation + province utilization
江苏省,江苏,2045,high,7.252903500864867,1.3141234782789486,8.567026979143815,0.81590733134703,0.15396171342518455,1.1206487196051456,2025 province calibrated curtailed wind/solar shares from NBS generation + province utilization
贵州省,贵州,2045,high,0.9133952793516263,7.249908460039351,8.163303739390978,0.7774574989896169,0.14670623005934072,1.0678378748622388,2025 province calibrated curtailed wind/solar shares from NBS generation + province utilization
江西省,江西,2045,high,4.64346818902757,1.318053894320201,5.961522083347771,0.567764007937883,0.10713706829787852,0.7798238649026822,2025 province calibrated curtailed wind/solar shares from NBS generation + province utilization
广东省,广东,2045,high,4.158981390268566,0.7038152270501761,4.862796617318741,0.46312348736368963,0.08739140206552824,0.6361001098940277,2025 province calibrated curtailed wind/solar shares from NBS generation + province utilization
安徽省,安徽,2045,high,1.5530836882655905,2.4822448184871524,4.035328506752743,0.38431700064311836,0.07252061802135644,0.527859400383323,2025 province calibrated curtailed wind/solar shares from NBS generation + province utilization
四川省,四川,2045,high,2.08153082028414,1.7676733219403955,3.8492041422245356,0.366590870688051,0.06917569729883523,0.503512560890038,2025 province calibrated curtailed wind/solar shares from NBS generation + province utilization
天津市,天津,2045,high,0.7614641029165538,1.4118448192364323,2.173308922152986,0.20698180210980818,0.039057466058120806,0.28428950519782153,2025 province calibrated curtailed wind/solar shares from NBS generation + province utilization
海南省,海南,2045,high,0.9383312579436339,1.065103511062047,2.003434769005681,0.19080331133387438,0.036004584848702094,0.26206834811707647,2025 province calibrated curtailed wind/solar shares from NBS generation + province utilization
浙江省,浙江,2045,high,0.6058328684451156,0.0,0.6058328684451156,0.057698368423344346,0.010887682121485078,0.07924870902946346,2025 province calibrated curtailed wind/solar shares from NBS generation + province utilization
北京市,北京,2045,high,0.09480163871400522,0.013473589861444488,0.10827522857544972,0.01031192653099521,0.0019458605363987963,0.01416343109032192,2025 province calibrated curtailed wind/solar shares from NBS generation + province utilization
上海市,上海,2045,high,0.0,0.0,0.0,0.0,0.0,0.0,2025 province calibrated curtailed wind/solar shares from NBS generation + province utilization
福建省,福建,2045,high,0.0,0.0,0.0,0.0,0.0,0.0,2025 province calibrated curtailed wind/solar shares from NBS generation + province utilization
重庆市,重庆,2045,high,0.0,0.0,0.0,0.0,0.0,0.0,2025 province calibrated curtailed wind/solar shares from NBS generation + province utilization
内蒙古,内蒙古,2045,low,48.8794235471966,16.708021073938394,65.58744462113499,6.246423297250952,1.1787000761912547,8.579462398774183,2025 province calibrated curtailed wind/solar shares from NBS generation + province utilization
新疆,新疆,2045,low,23.248720170320833,33.934300633941476,57.18302080426231,5.446001981358315,1.0276605738823141,7.480083721395646,2025 province calibrated curtailed wind/solar shares from NBS generation + province utilization
河北省,河北,2045,low,19.676687539779213,9.592901971670742,29.269589511449954,2.787579953471424,0.5260163372200577,3.828741066093001,2025 province calibrated curtailed wind/solar shares from NBS generation + province utilization
青海省,青海,2045,low,3.170114752324627,23.4192055294437,26.589320281768327,2.532316217311269,0.4778480702066365,3.478136324477028,2025 province calibrated curtailed wind/solar shares from NBS generation + province utilization
甘肃省,甘肃,2045,low,10.031762384436705,11.616557538149943,21.648319922586648,2.0617447545320617,0.3890512351802001,2.831806420349787,2025 province calibrated curtailed wind/solar shares from NBS generation + province utilization
云南省,云南,2045,low,2.729215363570485,10.644958570012824,13.37417393358331,1.273730850817458,0.24035301154925434,1.7494693235977785,2025 province calibrated curtailed wind/solar shares from NBS generation + province utilization
宁夏,宁夏,2045,low,3.6589857388215195,8.389949589298274,12.048935328119793,1.1475176502971232,0.21653658061106715,1.5761154926830987,2025 province calibrated curtailed wind/solar shares from NBS generation + province utilization
山西省,山西,2045,low,9.500551297852802,2.083047792808525,11.583599090661327,1.1031999133963168,0.208173823657885,1.515245081049841,2025 province calibrated curtailed wind/solar shares from NBS generation + province utilization
山东省,山东,2045,low,7.273651428987287,3.50648576396366,10.780137192950946,1.0266797326619947,0.1937344655533184,1.4101446128112498,2025 province calibrated curtailed wind/solar shares from NBS generation + province utilization
辽宁省,辽宁,2045,low,8.04859876923922,0.9220274488594574,8.970626218098678,0.854345354104636,0.16121496831954482,1.1734433438627174,2025 province calibrated curtailed wind/solar shares from NBS generation + province utilization
陕西省,陕西,2045,low,3.0226417680437088,5.801511988113757,8.824153756157465,0.8403955958245204,0.158582648932087,1.1542833508649788,2025 province calibrated curtailed wind/solar shares from NBS generation + province utilization
吉林省,吉林,2045,low,7.785935153043066,0.6560004933899658,8.44193564643303,0.8039938710888601,0.15171364347446792,1.1042855819405493,2025 province calibrated curtailed wind/solar shares from NBS generation + province utilization
黑龙江省,黑龙江,2045,low,5.942342466257144,1.3244086631977052,7.26675112945485,0.6920715361385571,0.13059389886934572,0.9505602548863081,2025 province calibrated curtailed wind/solar shares from NBS generation + province utilization
河南省,河南,2045,low,6.6321904708321515,0.5049263648928864,7.137116835725038,0.6797254129261942,0.12826418541917284,0.9336028546541276,2025 province calibrated curtailed wind/solar shares from NBS generation + province utilization
湖南省,湖南,2045,low,4.550811206565383,0.5899996496132246,5.140810856178607,0.4896010339217721,0.09238771510103841,0.672467020091554,2025 province calibrated curtailed wind/solar shares from NBS generation + province utilization
广西,广西,2045,low,3.696909142799053,1.3006122012894186,4.997521344088471,0.4759544137227116,0.08981259786947568,0.6537233872481443,2025 province calibrated curtailed wind/solar shares from NBS generation + province utilization
西藏,西藏,2045,low,0.5935157910305257,3.259882072680414,3.8533978637109394,0.3669902727343752,0.0692510644649766,0.5040611396006642,2025 province calibrated curtailed wind/solar shares from NBS generation + province utilization
湖北省,湖北,2045,low,0.9297663469044339,2.399616620597246,3.32938296750168,0.31708409214301714,0.05983376818738734,0.435515000558434,2025 province calibrated curtailed wind/solar shares from NBS generation + province utilization
江苏省,江苏,2045,low,2.7198388128243285,0.4927963043546064,3.2126351171789347,0.30596524925513663,0.057735642534444284,0.42024326985193017,2025 province calibrated curtailed wind/solar shares from NBS generation + province utilization
贵州省,贵州,2045,low,0.34252322975686034,2.7187156725147603,3.0612389022716204,0.2915465621211067,0.055014836272252836,0.40043920307334,2025 province calibrated curtailed wind/solar shares from NBS generation + province utilization
江西省,江西,2045,low,1.7413005708853408,0.49427021037007607,2.235570781255417,0.21291150297670636,0.040176400611704494,0.2924339493385062,2025 province calibrated curtailed wind/solar shares from NBS generation + province utilization
广东省,广东,2045,low,1.559618021350714,0.2639307101438164,1.8235487314945305,0.17367130776138384,0.03277177577457313,0.2385375412102607,2025 province calibrated curtailed wind/solar shares from NBS generation + province utilization
安徽省,安徽,2045,low,0.5824063830995972,0.9308418069326834,1.5132481900322805,0.14411887524116956,0.027195231758008698,0.19794727514374638,2025 province calibrated curtailed wind/solar shares from NBS generation + province utilization
四川省,四川,2045,low,0.7805740576065535,0.6628774957276492,1.4434515533342027,0.1374715765080193,0.025940886487063244,0.1888172103337645,2025 province calibrated curtailed wind/solar shares from NBS generation + province utilization
天津市,天津,2045,low,0.285549038593708,0.5294418072136629,0.8149908458073709,0.07761817579117818,0.014646549771795322,0.10660856444918322,2025 province calibrated curtailed wind/solar shares from NBS generation + province utilization
海南省,海南,2045,low,0.3518742217288632,0.3994138166482682,0.7512880383771314,0.071551241750203,0.013501719318263307,0.09827563054390381,2025 province calibrated curtailed wind/solar shares from NBS generation + province utilization
浙江省,浙江,2045,low,0.22718732566691868,0.0,0.22718732566691868,0.02163688815875416,0.00408288079555691,0.029718265886048836,2025 province calibrated curtailed wind/solar shares from NBS generation + province utilization
北京市,北京,2045,low,0.03555061451775201,0.00505259619804169,0.0406032107157937,0.0038669724491232097,0.0007296977011495497,0.005311286658870728,2025 province calibrated curtailed wind/solar shares from NBS generation + province utilization
上海市,上海,2045,low,0.0,0.0,0.0,0.0,0.0,0.0,2025 province calibrated curtailed wind/solar shares from NBS generation + province utilization
福建省,福建,2045,low,0.0,0.0,0.0,0.0,0.0,0.0,2025 province calibrated curtailed wind/solar shares from NBS generation + province utilization
重庆市,重庆,2045,low,0.0,0.0,0.0,0.0,0.0,0.0,2025 province calibrated curtailed wind/solar shares from NBS generation + province utilization
内蒙古,内蒙古,2050,base,98.11709497022552,30.903940060611774,129.0210350308373,12.287717621984505,2.318692315268476,16.877180153795717,2025 province calibrated curtailed wind/solar shares from NBS generation + province utilization
新疆,新疆,2050,base,46.66783524329013,62.76647534434241,109.43431058763254,10.422315294060242,1.9666908959891678,14.315050056391742,2025 province calibrated curtailed wind/solar shares from NBS generation + province utilization
河北省,河北,2050,base,39.49758978183976,17.74348178206818,57.24107156390794,5.451530625134089,1.0287038289628028,7.487677313621671,2025 province calibrated curtailed wind/solar shares from NBS generation + province utilization
青海省,青海,2050,base,6.363463961886017,43.317261855624146,49.680725817510165,4.73149769690573,0.8928336154061112,6.498712086700019,2025 province calibrated curtailed wind/solar shares from NBS generation + province utilization
甘肃省,甘肃,2050,base,20.137049726908337,21.4865301091586,41.62357983606694,3.9641504605778035,0.7480351919110315,5.444760657603613,2025 province calibrated curtailed wind/solar shares from NBS generation + province utilization
云南省,云南,2050,base,5.478433737318535,19.68941505038617,25.167848787704706,2.3969379797814008,0.45230219678475037,3.2921943152297537,2025 province calibrated curtailed wind/solar shares from NBS generation + province utilization
山西省,山西,2050,base,19.07073419269867,3.852902976807778,22.92363716950645,2.183203539952995,0.41197050798913015,2.9986300621254385,2025 province calibrated curtailed wind/solar shares from NBS generation + province utilization
宁夏,宁夏,2050,base,7.3447889761630005,15.518444588489528,22.86323356465253,2.177450815681193,0.41088496891904114,2.9907286953381185,2025 province calibrated curtailed wind/solar shares from NBS generation + province utilization
山东省,山东,2050,base,14.600613023784186,6.48576066509461,21.086373688878794,2.0082260656075044,0.3789522585801361,2.758298501111907,2025 province calibrated curtailed wind/solar shares from NBS generation + province utilization
辽宁省,辽宁,2050,base,16.156187461093268,1.7054252498063691,17.861612710899635,1.701105972466632,0.3209986970044535,2.336469053182919,2025 province calibrated curtailed wind/solar shares from NBS generation + province utilization
吉林省,吉林,2050,base,15.628935110200535,1.213369305541373,16.842304415741907,1.6040289919754198,0.3026802707857617,2.203133820478239,2025 province calibrated curtailed wind/solar shares from NBS generation + province utilization
陕西省,陕西,2050,base,6.0674371318997355,10.730748898877602,16.798186030777337,1.5998272410264132,0.30188740038168416,2.1973627155497786,2025 province calibrated curtailed wind/solar shares from NBS generation + province utilization
黑龙江省,黑龙江,2050,base,11.928237646755061,2.4496884318071435,14.377926078562204,1.3693262931964003,0.2583918715261607,1.8807696637052558,2025 province calibrated curtailed wind/solar shares from NBS generation + province utilization
河南省,河南,2050,base,13.312989701258138,0.933935505983543,14.24692520724168,1.356850019737303,0.2560375987244291,1.8636335021091857,2025 province calibrated curtailed wind/solar shares from NBS generation + province utilization
湖南省,湖南,2050,base,9.134976293552283,1.0912910467817065,10.22626734033399,0.9739302228889515,0.18378063305914516,1.3376931611379748,2025 province calibrated curtailed wind/solar shares from NBS generation + province utilization
广西,广西,2050,base,7.420913732954886,2.405673378844622,9.826587111799508,0.9358654392190008,0.17659780838062544,1.2854111807672974,2025 province calibrated curtailed wind/solar shares from NBS generation + province utilization
西藏,西藏,2050,base,1.1913815877685514,6.02963090200552,7.221012489774072,0.6877154752165783,0.12977191017336834,0.9445772052099702,2025 province calibrated curtailed wind/solar shares from NBS generation + province utilization
江苏省,江苏,2050,base,5.459611913056113,0.9114991766212749,6.371111089677388,0.6067724847311798,0.11449796786877364,0.8334020077782754,2025 province calibrated curtailed wind/solar shares from NBS generation + province utilization
湖北省,湖北,2050,base,1.8663471526266415,4.4384435405733385,6.30479069319998,0.6004562564952362,0.11330609560065107,0.8247266682962068,2025 province calibrated curtailed wind/solar shares from NBS generation + province utilization
贵州省,贵州,2050,base,0.6875568864086928,5.02866412565741,5.716221012066103,0.5444020011491526,0.1027286576168451,0.747736148578361,2025 province calibrated curtailed wind/solar shares from NBS generation + province utilization
江西省,江西,2050,base,3.4953635105842773,0.9142253823733192,4.409588892957596,0.4199608469483425,0.07924661181915224,0.5768162232835484,2025 province calibrated curtailed wind/solar shares from NBS generation + province utilization
广东省,广东,2050,base,3.130666820781681,0.4881786305118996,3.6188454512935806,0.3446519477422458,0.06503582253896178,0.47337945022397454,2025 province calibrated curtailed wind/solar shares from NBS generation + province utilization
安徽省,安徽,2050,base,1.1690813486511775,1.721728700248662,2.89081004889984,0.2753152427523657,0.051951986307371405,0.3781454859203743,2025 province calibrated curtailed wind/solar shares from NBS generation + province utilization
四川省,四川,2050,base,1.5668691114477975,1.2260893318748303,2.792958443322628,0.26599604222120266,0.050193453167140946,0.36534556399082185,2025 province calibrated curtailed wind/solar shares from NBS generation + province utilization
天津市,天津,2050,base,0.5731909279024696,0.9792804188662794,1.552471346768749,0.1478544139779761,0.027900127917644093,0.20307803759875018,2025 province calibrated curtailed wind/solar shares from NBS generation + province utilization
海南省,海南,2050,base,0.7063274057970181,0.7387745439423651,1.4451019497393833,0.13762875711803652,0.02597054646817349,0.18903309790162315,2025 province calibrated curtailed wind/solar shares from NBS generation + province utilization
浙江省,浙江,2050,base,0.4560397564216175,0.0,0.4560397564216175,0.04343235775443976,0.008195685908262782,0.05965434337572301,2025 province calibrated curtailed wind/solar shares from NBS generation + province utilization
北京市,北京,2050,base,0.07136178718474692,0.009345519099105911,0.08070730628385284,0.007686410122271699,0.0014504255900726697,0.010557284302940178,2025 province calibrated curtailed wind/solar shares from NBS generation + province utilization
上海市,上海,2050,base,0.0,0.0,0.0,0.0,0.0,0.0,2025 province calibrated curtailed wind/solar shares from NBS generation + province utilization
福建省,福建,2050,base,0.0,0.0,0.0,0.0,0.0,0.0,2025 province calibrated curtailed wind/solar shares from NBS generation + province utilization
重庆市,重庆,2050,base,0.0,0.0,0.0,0.0,0.0,0.0,2025 province calibrated curtailed wind/solar shares from NBS generation + province utilization
内蒙古,内蒙古,2050,high,156.81963042249762,49.39347684901212,206.21310727150973,19.639343549667593,3.705944127822275,26.97463836546844,2025 province calibrated curtailed wind/solar shares from NBS generation + province utilization
新疆,新疆,2050,high,74.58876231192545,100.3190674307014,174.90782974262686,16.657888546916844,3.1433435688032088,22.879609919190283,2025 province calibrated curtailed wind/solar shares from NBS generation + province utilization
河北省,河北,2050,high,63.12862640345347,28.35924011322016,91.48786651667362,8.713130144445106,1.6441676582567917,11.967484253395353,2025 province calibrated curtailed wind/solar shares from NBS generation + province utilization
青海省,青海,2050,high,10.170664622843491,69.23357236753621,79.4042369903797,7.562308284798067,1.4270075733413952,10.386830429170145,2025 province calibrated curtailed wind/solar shares from NBS generation + province utilization
甘肃省,甘肃,2050,high,32.18485725582794,34.341719063356145,66.52657631918409,6.335864411350865,1.1955776144219084,8.702309768990412,2025 province calibrated curtailed wind/solar shares from NBS generation + province utilization
云南省,云南,2050,high,8.756129135714264,31.46940696087371,40.22553609658797,3.831003437770283,0.7229103487072525,5.261883221777484,2025 province calibrated curtailed wind/solar shares from NBS generation + province utilization
山西省,山西,2050,high,30.480575162689412,6.158058603957747,36.63863376664716,3.4893936920616344,0.6584485896920305,4.792682236046654,2025 province calibrated curtailed wind/solar shares from NBS generation + province utilization
宁夏,宁夏,2050,high,11.739107167029786,24.802984085876492,36.542091252906275,3.480199166943455,0.6567135828022299,4.780053555796835,2025 province calibrated curtailed wind/solar shares from NBS generation + province utilization
山东省,山东,2050,high,23.336022525193595,10.366130293783721,33.70215281897732,3.209728839902602,0.605675832089621,4.408562561606224,2025 province calibrated curtailed wind/solar shares from NBS generation + province utilization
辽宁省,辽宁,2050,high,25.822282523285896,2.725765142852922,28.548047666138817,2.718861682489411,0.5130491994857519,3.734356520899206,2025 province calibrated curtailed wind/solar shares from NBS generation + province utilization
吉林省,吉林,2050,high,24.97958004792742,1.9393167533011741,26.918896801228595,2.563704457259866,0.48377103108493674,3.5212480720464256,2025 province calibrated curtailed wind/solar shares from NBS generation + province utilization
陕西省,陕西,2050,high,9.697527723634646,17.150855077693308,26.848382801327954,2.55698883822171,0.4825037937724367,3.5120241692975185,2025 province calibrated curtailed wind/solar shares from NBS generation + province utilization
黑龙江省,黑龙江,2050,high,19.064790084984637,3.9153139892986077,22.980104074283243,2.1885813404079277,0.412985298934976,3.006016471050289,2025 province calibrated curtailed wind/solar shares from NBS generation + province utilization
河南省,河南,2050,high,21.278026274660505,1.4927003386232738,22.770726613283777,2.1686406298365504,0.40922248685015705,2.978627905080502,2025 province calibrated curtailed wind/solar shares from NBS generation + province utilization
湖南省,湖南,2050,high,14.600346725592152,1.7442002200699116,16.344546945662064,1.5566235186344823,0.2937348579663268,2.138022402844461,2025 province calibrated curtailed wind/solar shares from NBS generation + province utilization
广西,广西,2050,high,11.860776650107415,3.844965143965347,15.705741794072761,1.4957849327688344,0.2822546168134791,2.054460605157994,2025 province calibrated curtailed wind/solar shares from NBS generation + province utilization
西藏,西藏,2050,high,1.9041739907070063,9.63710238183791,11.541276372544916,1.099169178337611,0.20741322395230719,1.5097088664467087,2025 province calibrated curtailed wind/solar shares from NBS generation + province utilization
江苏省,江苏,2050,high,8.726046390952957,1.456840564343409,10.182886955296366,0.969798757647273,0.1830010255680404,1.3320185936285294,2025 province calibrated curtailed wind/solar shares from NBS generation + province utilization
湖北省,湖北,2050,high,2.9829651071895977,7.093922581942023,10.07688768913162,0.9597035894411067,0.18109606732753683,1.3181528800973599,2025 province calibrated curtailed wind/solar shares from NBS generation + province utilization
贵州省,贵州,2050,high,1.0989157073369737,8.037266593999473,9.136182301336447,0.8701126001272806,0.16419024764401785,1.19509965627482,2025 province calibrated curtailed wind/solar shares from NBS generation + province utilization
江西省,江西,2050,high,5.586606636574887,1.4611978333659073,7.047804469940794,0.6712194733276947,0.126659114616936,0.9219199466155886,2025 province calibrated curtailed wind/solar shares from NBS generation + province utilization
广东省,广东,2050,high,5.003715346035692,0.7802513154335511,5.783966661469243,0.5508539677589755,0.10394614371611868,0.7565979247169529,2025 province calibrated curtailed wind/solar shares from NBS generation + province utilization
安徽省,安徽,2050,high,1.8685317281860752,2.7518227944145357,4.620354522600611,0.440033764057201,0.08303437127759383,0.6043863749325655,2025 province calibrated curtailed wind/solar shares from NBS generation + province utilization
四川省,四川,2050,high,2.5043121695789656,1.9596470517999478,4.463959221378913,0.4251389734646584,0.08022372429278105,0.5839283800537083,2025 province calibrated curtailed wind/solar shares from NBS generation + province utilization
天津市,天津,2050,high,0.9161256710919838,1.5651746865640577,2.4813003576560417,0.23631431977676587,0.04459251214187572,0.32457771821338793,2025 province calibrated curtailed wind/solar shares from NBS generation + province utilization
海南省,海南,2050,high,1.1289164520003656,1.1807764078395098,2.3096928598398754,0.2199707485561786,0.041508480252550904,0.3021298231419113,2025 province calibrated curtailed wind/solar shares from NBS generation + province utilization
浙江省,浙江,2050,high,0.7288840551354078,0.0,0.7288840551354078,0.06941752906051503,0.013099087733719187,0.09534497616461739,2025 province calibrated curtailed wind/solar shares from NBS generation + province utilization
北京市,北京,2050,high,0.11405687353459584,0.014936855312246242,0.12899372884684207,0.012285117033032578,0.0023182015841332476,0.016873608244870247,2025 province calibrated curtailed wind/solar shares from NBS generation + province utilization
上海市,上海,2050,high,0.0,0.0,0.0,0.0,0.0,0.0,2025 province calibrated curtailed wind/solar shares from NBS generation + province utilization
福建省,福建,2050,high,0.0,0.0,0.0,0.0,0.0,0.0,2025 province calibrated curtailed wind/solar shares from NBS generation + province utilization
重庆市,重庆,2050,high,0.0,0.0,0.0,0.0,0.0,0.0,2025 province calibrated curtailed wind/solar shares from NBS generation + province utilization
内蒙古,内蒙古,2050,low,58.8073614084367,18.522553818379567,77.32991522681627,7.364753831125359,1.3897290479333553,10.11548938705068,2025 province calibrated curtailed wind/solar shares from NBS generation + province utilization
新疆,新疆,2050,low,27.970785866972083,37.61965028651307,65.59043615348516,6.2467082050938245,1.1787538383012048,8.579853719696368,2025 province calibrated curtailed wind/solar shares from NBS generation + province utilization
河北省,河北,2050,low,23.673234901295082,10.634715042457575,34.30794994375266,3.26742380416692,0.6165628718462979,4.487806595023264,2025 province calibrated curtailed wind/solar shares from NBS generation + province utilization
青海省,青海,2050,low,3.8139992335663147,25.962589637826117,29.77658887139243,2.835865606799279,0.5351278400030239,3.8950614109388093,2025 province calibrated curtailed wind/solar shares from NBS generation + province utilization
甘肃省,甘肃,2050,low,12.069321470935495,12.878144648758573,24.94746611969407,2.375949154256578,0.44834160540821627,3.2633661633714097,2025 province calibrated curtailed wind/solar shares from NBS generation + province utilization
云南省,云南,2050,low,3.2835484258928536,11.801027610327656,15.08457603622051,1.4366262891638582,0.27109138076522005,1.9732062081665591,2025 province calibrated curtailed wind/solar shares from NBS generation + province utilization
山西省,山西,2050,low,11.430215686008545,2.3092719764841583,13.739487662492703,1.3085226345231145,0.2469182211345117,1.7972558385174977,2025 province calibrated curtailed wind/solar shares from NBS generation + province utilization
宁夏,宁夏,2050,low,4.402165187636176,9.301119032203697,13.703284219839873,1.3050746876037973,0.24626759355083655,1.7925200834238155,2025 province calibrated curtailed wind/solar shares from NBS generation + province utilization
山东省,山东,2050,low,8.75100844694761,3.8872988601689005,12.638307307116511,1.2036483149634774,0.2271284370336082,1.653210960602336,2025 province calibrated curtailed wind/solar shares from NBS generation + province utilization
辽宁省,辽宁,2050,low,9.683355946232224,1.0221619285698471,10.705517874802071,1.0195731309335305,0.19239344980715722,1.4003836953372042,2025 province calibrated curtailed wind/solar shares from NBS generation + province utilization
吉林省,吉林,2050,low,9.367342517972796,0.7272437824879413,10.094586300460737,0.9613891714724512,0.18141413665685155,1.3204680270174116,2025 province calibrated curtailed wind/solar shares from NBS generation + province utilization
陕西省,陕西,2050,low,3.6365728963629977,6.431570654134998,10.068143550497997,0.9588708143331426,0.18093892266466402,1.3170090634865712,2025 province calibrated curtailed wind/solar shares from NBS generation + province utilization
黑龙江省,黑龙江,2050,low,7.149296281869249,1.4682427459869798,8.617539027856228,0.8207180026529741,0.1548694871006162,1.12725617664386,2025 province calibrated curtailed wind/solar shares from NBS generation + province utilization
河南省,河南,2050,low,7.9792598529977,0.5597626269837284,8.539022479981428,0.8132402361887074,0.1534584325688091,1.1169854644051895,2025 province calibrated curtailed wind/solar shares from NBS generation + province utilization
湖南省,湖南,2050,low,5.475130022097065,0.6540750825262177,6.129205104623282,0.5837338194879317,0.11015057173737271,0.8017584010666742,2025 province calibrated curtailed wind/solar shares from NBS generation + province utilization
广西,广西,2050,low,4.447791243790286,1.441861928987007,5.889653172777293,0.5609193497883136,0.10584548130505478,0.7704227269342487,2025 province calibrated curtailed wind/solar shares from NBS generation + province utilization
西藏,西藏,2050,low,0.7140652465151284,3.6139133931892204,4.327978639704349,0.41218844187660464,0.0777799589821153,0.5661408249175165,2025 province calibrated curtailed wind/solar shares from NBS generation + province utilization
江苏省,江苏,2050,low,3.2722673966073637,0.5463152116287792,3.818582608236143,0.3636745341177279,0.06862538458801526,0.4995069726106992,2025 province calibrated curtailed wind/solar shares from NBS generation + province utilization
湖北省,湖北,2050,low,1.1186119151961007,2.660220968228262,3.7788328834243625,0.3598888460404155,0.06791102524782641,0.4943073300365107,2025 province calibrated curtailed wind/solar shares from NBS generation + province utilization
贵州省,贵州,2050,low,0.4120933902513657,3.013974972749806,3.426068363001172,0.3262922250477307,0.061571342866506784,0.4481623711030581,2025 province calibrated curtailed wind/solar shares from NBS generation + province utilization
江西省,江西,2050,low,2.0949774887155854,0.547949187512216,2.6429266762278014,0.25170730249788587,0.04749716798135106,0.34571997998084625,2025 province calibrated curtailed wind/solar shares from NBS generation + province utilization
广东省,广东,2050,low,1.8763932547633873,0.29259424328758205,2.1689874980509694,0.20657023790961612,0.038979803893544565,0.28372422176885775,2025 province calibrated curtailed wind/solar shares from NBS generation + province utilization
安徽省,安徽,2050,low,0.7006993980697792,1.0319335479054523,1.7326329459752317,0.16501266152145064,0.031137889229097736,0.22664489059971243,2025 province calibrated curtailed wind/solar shares from NBS generation + province utilization
四川省,四川,2050,low,0.9391170635921134,0.7348676444249814,1.6739847080170949,0.15942711504924714,0.030083896609792937,0.21897314252014094,2025 province calibrated curtailed wind/solar shares from NBS generation + province utilization
天津市,天津,2050,low,0.34354712665949444,0.5869405074615224,0.9304876341210169,0.08861786991628733,0.016722192053203418,0.12171664433002063,2025 province calibrated curtailed wind/solar shares from NBS generation + province utilization
海南省,海南,2050,low,0.42334366950013763,0.44279115293981675,0.8661348224399543,0.08248903070856708,0.015565680094706609,0.11329868367821688,2025 province calibrated curtailed wind/solar shares from NBS generation + province utilization
浙江省,浙江,2050,low,0.2733315206757783,0.0,0.2733315206757783,0.026031573397693172,0.004912157900144702,0.035754366061731574,2025 province calibrated curtailed wind/solar shares from NBS generation + province utilization
北京市,北京,2050,low,0.0427713275754735,0.0056013207420923476,0.048372648317565846,0.004606918887387223,0.000869325594049969,0.006327603091826351,2025 province calibrated curtailed wind/solar shares from NBS generation + province utilization
上海市,上海,2050,low,0.0,0.0,0.0,0.0,0.0,0.0,2025 province calibrated curtailed wind/solar shares from NBS generation + province utilization
福建省,福建,2050,low,0.0,0.0,0.0,0.0,0.0,0.0,2025 province calibrated curtailed wind/solar shares from NBS generation + province utilization
重庆市,重庆,2050,low,0.0,0.0,0.0,0.0,0.0,0.0,2025 province calibrated curtailed wind/solar shares from NBS generation + province utilization
内蒙古,内蒙古,2055,base,105.29662866844082,31.15468579836363,136.45131446680443,12.995363282552804,2.452225051417714,17.849131468586275,2025 province calibrated curtailed wind/solar shares from NBS generation + province utilization
新疆,新疆,2055,base,50.082666225125,63.275744587533836,113.35841081265883,10.796039125015128,2.0372125828903545,14.828359738208277,2025 province calibrated curtailed wind/solar shares from NBS generation + province utilization
河北省,河北,2055,base,42.38775155154009,17.88744732241693,60.275198873957024,5.74049513085305,1.0832314311919706,7.884570062226664,2025 province calibrated curtailed wind/solar shares from NBS generation + province utilization
青海省,青海,2055,base,6.829098456727139,43.66872573887256,50.4978241955997,4.809316590057114,0.9075180405437775,6.605596336443446,2025 province calibrated curtailed wind/solar shares from NBS generation + province utilization
甘肃省,甘肃,2055,base,21.610540428409927,21.66086567392418,43.27140610233411,4.121086295460391,0.7776489839533759,5.6603120268148475,2025 province calibrated curtailed wind/solar shares from NBS generation + province utilization
云南省,云南,2055,base,5.879307811733945,19.849169337154414,25.72847714888836,2.450331157036987,0.4623774893328794,3.365529844190301,2025 province calibrated curtailed wind/solar shares from NBS generation + province utilization
山西省,山西,2055,base,20.466199262549505,3.884164330457545,24.35036359300705,2.3190822469530525,0.43761082000004103,3.1852594661900175,2025 province calibrated curtailed wind/solar shares from NBS generation + province utilization
宁夏,宁夏,2055,base,7.882230081371472,15.64435681293309,23.52658689430456,2.240627323267101,0.42280637590050196,3.0775016285073633,2025 province calibrated curtailed wind/solar shares from NBS generation + province utilization
山东省,山东,2055,base,15.66898539305042,6.538384273594416,22.207369666644837,2.1149875872995083,0.3990981577234172,2.9049354511558745,2025 province calibrated curtailed wind/solar shares from NBS generation + province utilization
辽宁省,辽宁,2055,base,17.33838606111095,1.7192625828973807,19.05764864400833,1.815014156572222,0.3424931713451783,2.492921944051947,2025 province calibrated curtailed wind/solar shares from NBS generation + province utilization
吉林省,吉林,2055,base,16.772553012105966,1.223214237323104,17.995767249429072,1.713882595183721,0.3234096457111682,2.3540177444848407,2025 province calibrated curtailed wind/solar shares from NBS generation + province utilization
陕西省,陕西,2055,base,6.511410420789872,10.817815128749965,17.329225549539835,1.6504024332895082,0.3114309391617302,2.2668277421231395,2025 province calibrated curtailed wind/solar shares from NBS generation + province utilization
黑龙江省,黑龙江,2055,base,12.801063979120347,2.469564503657236,15.270628482777582,1.4543455697883412,0.27443500901906,1.9975436401042865,2025 province calibrated curtailed wind/solar shares from NBS generation + province utilization
河南省,河南,2055,base,14.287142658122393,0.941513191773808,15.228655849896201,1.4503481761805905,0.27368070084527746,1.992053219984041,2025 province calibrated curtailed wind/solar shares from NBS generation + province utilization
湖南省,湖南,2055,base,9.803410985303591,1.1001454704600657,10.903556455763656,1.0384339481679672,0.1959524860192954,1.4262890278087028,2025 province calibrated curtailed wind/solar shares from NBS generation + province utilization
广西,广西,2055,base,7.96392512392061,2.4251923251338434,10.389117449054453,0.9894397570528051,0.18670728215586432,1.3589955063120278,2025 province calibrated curtailed wind/solar shares from NBS generation + province utilization
西藏,西藏,2055,base,1.2785586924251173,6.078553603962923,7.35711229638804,0.7006773615607658,0.1322178181265165,0.9623803561037118,2025 province calibrated curtailed wind/solar shares from NBS generation + province utilization
江苏省,江苏,2055,base,5.859108735917195,0.9188948204470734,6.778003556364268,0.6455241482251685,0.1218104067700893,0.8866274175872688,2025 province calibrated curtailed wind/solar shares from NBS generation + province utilization
湖北省,湖北,2055,base,2.0029135917259375,4.474455803018459,6.477369394744397,0.6168923233089901,0.11640758140840644,0.8473016060648979,2025 province calibrated curtailed wind/solar shares from NBS generation + province utilization
贵州省,贵州,2055,base,0.7378675671000563,5.06946526925338,5.807332836353436,0.5530793177479463,0.10436606725903746,0.7596544429268042,2025 province calibrated curtailed wind/solar shares from NBS generation + province utilization
江西省,江西,2055,base,3.7511301547084974,0.9216431458534795,4.6727733005619765,0.44502602862495017,0.0839764116015281,0.6112432503163691,2025 province calibrated curtailed wind/solar shares from NBS generation + province utilization
广东省,广东,2055,base,3.359747471248426,0.49213957240546774,3.851887043653894,0.36684638510989465,0.06922391287023712,0.5038635099484403,2025 province calibrated curtailed wind/solar shares from NBS generation + province utilization
安徽省,安徽,2055,base,1.254626675295257,1.7356983148772718,2.990324990172529,0.28479285620690753,0.053740411966243455,0.39116298800018745,2025 province calibrated curtailed wind/solar shares from NBS generation + province utilization
四川省,四川,2055,base,1.6815218087147301,1.2360374703150312,2.9175592790297613,0.2778627884790249,0.052432708185992,0.38164453997594067,2025 province calibrated curtailed wind/solar shares from NBS generation + province utilization
天津市,天津,2055,base,0.6151330948983013,0.9872260203207532,1.6023591152190546,0.15260563002086233,0.028796682384936722,0.2096038328336544,2025 province calibrated curtailed wind/solar shares from NBS generation + province utilization
海南省,海南,2055,base,0.7580115839051405,0.7447687494608136,1.502780333365954,0.14312193651104324,0.02700710941963386,0.19657797979791788,2025 province calibrated curtailed wind/solar shares from NBS generation + province utilization
浙江省,浙江,2055,base,0.48940960700625286,0.0,0.48940960700625286,0.046610438762500275,0.008795389794483802,0.06401943764029412,2025 province calibrated curtailed wind/solar shares from NBS generation + province utilization
北京市,北京,2055,base,0.07658355160829855,0.009421345970261608,0.08600489757856015,0.008190942626529538,0.0015456308736261238,0.01125025969753832,2025 province calibrated curtailed wind/solar shares from NBS generation + province utilization
上海市,上海,2055,base,0.0,0.0,0.0,0.0,0.0,0.0,2025 province calibrated curtailed wind/solar shares from NBS generation + province utilization
福建省,福建,2055,base,0.0,0.0,0.0,0.0,0.0,0.0,2025 province calibrated curtailed wind/solar shares from NBS generation + province utilization
重庆市,重庆,2055,base,0.0,0.0,0.0,0.0,0.0,0.0,2025 province calibrated curtailed wind/solar shares from NBS generation + province utilization
内蒙古,内蒙古,2055,high,183.29413138580452,54.232230834188584,237.5263622199931,22.62155830666601,4.268688052467876,31.070710334205764,2025 province calibrated curtailed wind/solar shares from NBS generation + province utilization
新疆,新疆,2055,high,87.18093750299543,110.14666650422565,197.32760400722108,18.793105143544864,3.546258940586916,25.812329914658868,2025 province calibrated curtailed wind/solar shares from NBS generation + province utilization
河北省,河北,2055,high,73.78608603416244,31.13740830198505,104.92349433614748,9.99271374629976,1.8856250839267648,13.724992330542719,2025 province calibrated curtailed wind/solar shares from NBS generation + province utilization
青海省,青海,2055,high,11.887689906154657,76.01592998988933,87.90361989604399,8.37177332343276,1.579753626131762,11.498630659734896,2025 province calibrated curtailed wind/solar shares from NBS generation + province utilization
甘肃省,甘肃,2055,high,37.618348153158045,37.7059513583125,75.32429951147054,7.173742810616242,1.353685268363285,9.853135750381409,2025 province calibrated curtailed wind/solar shares from NBS generation + province utilization
云南省,云南,2055,high,10.234350635240578,34.5522577350466,44.78660837028718,4.2653912733606845,0.8048793332831612,5.8585149139609,2025 province calibrated curtailed wind/solar shares from NBS generation + province utilization
山西省,山西,2055,high,35.626346864438055,6.761323093759436,42.38766995819749,4.036920948399761,0.7617669829630349,5.544710922627071,2025 province calibrated curtailed wind/solar shares from NBS generation + province utilization
宁夏,宁夏,2055,high,13.720919030535535,27.23276926695762,40.95368829749316,3.90035126642792,0.7359962839749485,5.357132464438748,2025 province calibrated curtailed wind/solar shares from NBS generation + province utilization
山东省,山东,2055,high,27.275641239754453,11.381631883664364,38.65727312341882,3.6816450593732206,0.6947264227037268,5.056739489049118,2025 province calibrated curtailed wind/solar shares from NBS generation + province utilization
辽宁省,辽宁,2055,high,30.18163499526723,2.992790422080628,33.17442541734786,3.159469087366463,0.5961918167860516,4.339530791497837,2025 province calibrated curtailed wind/solar shares from NBS generation + province utilization
吉林省,吉林,2055,high,29.1966663544067,2.1292988575624423,31.325965211969145,2.9834252582827756,0.5629723462379598,4.097734592251392,2025 province calibrated curtailed wind/solar shares from NBS generation + province utilization
陕西省,陕西,2055,high,11.33467739915275,18.831011520416624,30.165688919569373,2.8729227542447022,0.5421205237259753,3.9459594029550984,2025 province calibrated curtailed wind/solar shares from NBS generation + province utilization
黑龙江省,黑龙江,2055,high,22.283333593283583,4.29887154340334,26.582205136686923,2.5316385844463736,0.4777202008850307,3.477205595737094,2025 province calibrated curtailed wind/solar shares from NBS generation + province utilization
河南省,河南,2055,high,24.870211293768627,1.638930370865519,26.509141664634146,2.5246801585365852,0.47640714591585365,3.4676481977499996,2025 province calibrated curtailed wind/solar shares from NBS generation + province utilization
湖南省,湖南,2055,high,17.065196900343302,1.915068041171227,18.98026494151453,1.807644280144241,0.3411024756632183,2.482799418778115,2025 province calibrated curtailed wind/solar shares from NBS generation + province utilization
广西,广西,2055,high,13.863128919417369,4.22163108449225,18.08476000390962,1.7223580956104398,0.32500897264169,2.365658844320939,2025 province calibrated curtailed wind/solar shares from NBS generation + province utilization
西藏,西藏,2055,high,2.2256392053326133,10.581185903194728,12.806825108527342,1.2196976293835564,0.2301569426646771,1.6752546939583146,2025 province calibrated curtailed wind/solar shares from NBS generation + province utilization
江苏省,江苏,2055,high,10.19918928104105,1.5995576504078697,11.798746931448921,1.1236901839475162,0.2120403377108963,1.5433884676519134,2025 province calibrated curtailed wind/solar shares from NBS generation + province utilization
湖北省,湖北,2055,high,3.4865532893007085,7.788867508958065,11.275420798258773,1.0738495998341688,0.20263541948870767,1.474932425372231,2025 province calibrated curtailed wind/solar shares from NBS generation + province utilization
贵州省,贵州,2055,high,1.2844361353223213,8.824624727959595,10.109060863281917,0.9627677012649445,0.18167426522869504,1.322361437687401,2025 province calibrated curtailed wind/solar shares from NBS generation + province utilization
江西省,江西,2055,high,6.529745084122204,1.6043417724116138,8.134086856533818,0.7746749387175065,0.14618116093599348,1.0640160283284952,2025 province calibrated curtailed wind/solar shares from NBS generation + province utilization
广东省,广东,2055,high,5.84844930180282,0.8566874038169261,6.705136705619745,0.6385844481542614,0.12050088536670914,0.877095739539878,2025 province calibrated curtailed wind/solar shares from NBS generation + province utilization
安徽省,安徽,2055,high,2.18397976810656,3.02140077034192,5.20538053844848,0.49575052747128384,0.09354812453383127,0.6809133494818084,2025 province calibrated curtailed wind/solar shares from NBS generation + province utilization
四川省,四川,2055,high,2.9270935188737917,2.1516207816595005,5.078714300533292,0.48368707624126595,0.09127175128672689,0.6643441992173788,2025 province calibrated curtailed wind/solar shares from NBS generation + province utilization
天津市,天津,2055,high,1.070787239267414,1.718504553891683,2.789291793159097,0.2656468374437235,0.05012755822563063,0.3648659312289543,2025 province calibrated curtailed wind/solar shares from NBS generation + province utilization
海南省,海南,2055,high,1.3195016460570972,1.296449304616973,2.61595095067407,0.24913818577848285,0.047012375656399714,0.34219129816674615,2025 province calibrated curtailed wind/solar shares from NBS generation + province utilization
浙江省,浙江,2055,high,0.8519352418257,0.0,0.8519352418257,0.08113668969768571,0.015310493345953295,0.11144124329977133,2025 province calibrated curtailed wind/solar shares from NBS generation + province utilization
北京市,北京,2055,high,0.13331210835518645,0.016400120763047997,0.14971222911823445,0.014258307535069948,0.0026905426318676994,0.019583785399418574,2025 province calibrated curtailed wind/solar shares from NBS generation + province utilization
上海市,上海,2055,high,0.0,0.0,0.0,0.0,0.0,0.0,2025 province calibrated curtailed wind/solar shares from NBS generation + province utilization
福建省,福建,2055,high,0.0,0.0,0.0,0.0,0.0,0.0,2025 province calibrated curtailed wind/solar shares from NBS generation + province utilization
重庆市,重庆,2055,high,0.0,0.0,0.0,0.0,0.0,0.0,2025 province calibrated curtailed wind/solar shares from NBS generation + province utilization
内蒙古,内蒙古,2055,low,68.73529926967679,20.337086562820744,89.07238583249753,8.483084364999765,1.6007580196754558,11.651516375327176,2025 province calibrated curtailed wind/solar shares from NBS generation + province utilization
新疆,新疆,2055,low,32.692851563623336,41.304999939084674,73.99785150270802,7.0474144288293346,1.3298471027200955,9.67962371799709,2025 province calibrated curtailed wind/solar shares from NBS generation + province utilization
河北省,河北,2055,low,27.66978226281095,11.676528113244409,39.34631037605536,3.747267654862415,0.7071094064725377,5.146872123953527,2025 province calibrated curtailed wind/solar shares from NBS generation + province utilization
青海省,青海,2055,low,4.457883714808003,28.505973746208536,32.96385746101654,3.1394149962872895,0.5924076097994115,4.311986497400592,2025 province calibrated curtailed wind/solar shares from NBS generation + province utilization
甘肃省,甘肃,2055,low,14.106880557434286,14.139731759367205,28.24661231680149,2.6901535539810943,0.5076319756362325,3.694925906393033,2025 province calibrated curtailed wind/solar shares from NBS generation + province utilization
云南省,云南,2055,low,3.837881488215222,12.957096650642493,16.794978138857715,1.5995217275102587,0.30182974998118584,2.1969430927353404,2025 province calibrated curtailed wind/solar shares from NBS generation + province utilization
山西省,山西,2055,low,13.359880074164288,2.535496160159792,15.895376234324079,1.5138453556499123,0.28566261861113845,2.0792665959851546,2025 province calibrated curtailed wind/solar shares from NBS generation + province utilization
宁夏,宁夏,2055,low,5.145344636450832,10.212288475109121,15.357633111559952,1.4626317249104717,0.27599860649060604,2.0089246741645326,2025 province calibrated curtailed wind/solar shares from NBS generation + province utilization
山东省,山东,2055,low,10.228365464907935,4.268111956374142,14.496477421282076,1.3806168972649597,0.2605224085138979,1.8962773083934221,2025 province calibrated curtailed wind/solar shares from NBS generation + province utilization
辽宁省,辽宁,2055,low,11.318113123225228,1.122296408280237,12.440409531505464,1.184800907762425,0.22357193129476963,1.6273240468116907,2025 province calibrated curtailed wind/solar shares from NBS generation + province utilization
吉林省,吉林,2055,low,10.948749882902527,0.7984870715859168,11.747236954488445,1.1187844718560425,0.2111146298392352,1.5366504720942742,2025 province calibrated curtailed wind/solar shares from NBS generation + province utilization
陕西省,陕西,2055,low,4.250504024682287,7.061629320156242,11.312133344838529,1.0773460328417646,0.20329519639724097,1.4797347761081636,2025 province calibrated curtailed wind/solar shares from NBS generation + province utilization
黑龙江省,黑龙江,2055,low,8.356250097481354,1.6120768287762548,9.968326926257609,0.9493644691673913,0.17914507533188673,1.303952098401412,2025 province calibrated curtailed wind/solar shares from NBS generation + province utilization
河南省,河南,2055,low,9.326329235163248,0.6145988890745704,9.940928124237818,0.9467550594512207,0.17865267971844537,1.3003680741562516,2025 province calibrated curtailed wind/solar shares from NBS generation + province utilization
湖南省,湖南,2055,low,6.399448837628746,0.718150515439211,7.117599353067957,0.6778666050540911,0.127913428373707,0.9310497820417941,2025 province calibrated curtailed wind/solar shares from NBS generation + province utilization
广西,广西,2055,low,5.19867334478152,1.5831116566845957,6.781785001466115,0.6458842858539158,0.1218783647406339,0.8871220666203533,2025 province calibrated curtailed wind/solar shares from NBS generation + province utilization
西藏,西藏,2055,low,0.8346147019997311,3.9679447136980275,4.8025594156977585,0.45738661101883415,0.086308853499254,0.6282205102343686,2025 province calibrated curtailed wind/solar shares from NBS generation + province utilization
江苏省,江苏,2055,low,3.824695980390399,0.5998341189029519,4.424530099293351,0.4213838189803192,0.07951512664158623,0.5787706753694684,2025 province calibrated curtailed wind/solar shares from NBS generation + province utilization
湖北省,湖北,2055,low,1.3074574834877675,2.920825315859278,4.2282827993470455,0.40269359993781384,0.07598828230826547,0.5530996595145873,2025 province calibrated curtailed wind/solar shares from NBS generation + province utilization
贵州省,贵州,2055,low,0.4816635507458711,3.309234272984852,3.790897823730723,0.36103788797435454,0.06812784946076071,0.49588553913277594,2025 province calibrated curtailed wind/solar shares from NBS generation + province utilization
江西省,江西,2055,low,2.4486544065458298,0.601628164654356,3.050282571200186,0.2905031020190653,0.054817935350997625,0.3990060106231862,2025 province calibrated curtailed wind/solar shares from NBS generation + province utilization
广东省,广东,2055,low,2.1931684881760605,0.3212577764313477,2.5144262646074083,0.2394691680578484,0.04518783201251599,0.3289109023274548,2025 province calibrated curtailed wind/solar shares from NBS generation + province utilization
安徽省,安徽,2055,low,0.8189924130399612,1.1330252888782213,1.9520177019181824,0.18590644780173166,0.03508054670018677,0.25534250605567843,2025 province calibrated curtailed wind/solar shares from NBS generation + province utilization
四川省,四川,2055,low,1.0976600695776733,0.8068577931223136,1.9045178626999868,0.18138265359047492,0.03422690673252262,0.2491290747065173,2025 province calibrated curtailed wind/solar shares from NBS generation + province utilization
天津市,天津,2055,low,0.4015452147252808,0.6444392077093819,1.0459844224346626,0.09961756404139643,0.018797834334611508,0.136824724210858,2025 province calibrated curtailed wind/solar shares from NBS generation + province utilization
海南省,海南,2055,low,0.49481311727141214,0.4861684892313654,0.9809816065027775,0.0934268196669312,0.017629640871149918,0.12832173681253,2025 province calibrated curtailed wind/solar shares from NBS generation + province utilization
浙江省,浙江,2055,low,0.31947571568463795,0.0,0.31947571568463795,0.030426258636632186,0.0057414350047324935,0.0417904662374143,2025 province calibrated curtailed wind/solar shares from NBS generation + province utilization
北京市,北京,2055,low,0.04999204063319499,0.0061500452861430075,0.056142085919337996,0.005346865325651238,0.0010089534869503886,0.007343919524781975,2025 province calibrated curtailed wind/solar shares from NBS generation + province utilization
上海市,上海,2055,low,0.0,0.0,0.0,0.0,0.0,0.0,2025 province calibrated curtailed wind/solar shares from NBS generation + province utilization
福建省,福建,2055,low,0.0,0.0,0.0,0.0,0.0,0.0,2025 province calibrated curtailed wind/solar shares from NBS generation + province utilization
重庆市,重庆,2055,low,0.0,0.0,0.0,0.0,0.0,0.0,2025 province calibrated curtailed wind/solar shares from NBS generation + province utilization
内蒙古,内蒙古,2060,base,109.87880742096338,30.94194442919129,140.82075185015466,13.411500176205205,2.5307500832499223,18.42069549201785,2025 province calibrated curtailed wind/solar shares from NBS generation + province utilization
新疆,新疆,2060,base,52.26210664927249,62.84366292167867,115.10576957095117,10.962454244852491,2.068615116003665,15.056930905304895,2025 province calibrated curtailed wind/solar shares from NBS generation + province utilization
河北省,河北,2060,base,44.232333443504174,17.765301971345245,61.99763541484942,5.904536706176136,1.1141860764554368,8.109881165932922,2025 province calibrated curtailed wind/solar shares from NBS generation + province utilization
青海省,青海,2060,base,7.126279384958305,43.37053160641281,50.49681099137111,4.809220094416297,0.9074998318163553,6.605463799680783,2025 province calibrated curtailed wind/solar shares from NBS generation + province utilization
甘肃省,甘肃,2060,base,22.550963312160512,21.512953342188492,44.063916654349,4.196563490890381,0.7918915307310149,5.7639799547379384,2025 province calibrated curtailed wind/solar shares from NBS generation + province utilization
云南省,云南,2060,base,6.135156832496957,19.713628266734066,25.848785099231023,2.461789057069621,0.4645395950690375,3.3812672698851243,2025 province calibrated curtailed wind/solar shares from NBS generation + province utilization
山西省,山西,2060,base,21.356824010859746,3.857641115198693,25.21446512605844,2.4013776310531845,0.4531399589797359,3.298292176251549,2025 province calibrated curtailed wind/solar shares from NBS generation + province utilization
宁夏,宁夏,2060,base,8.225239992116883,15.537528520401287,23.76276851251817,2.2631208107160163,0.4270508969821123,3.108396433518448,2025 province calibrated curtailed wind/solar shares from NBS generation + province utilization
山东省,山东,2060,base,16.350850452260442,6.493736581380732,22.844587033641176,2.175674955584874,0.4105498641188657,2.988289551495824,2025 province calibrated curtailed wind/solar shares from NBS generation + province utilization
辽宁省,辽宁,2060,base,18.092898197130246,1.7075225102091312,19.800420707339377,1.8857543530799408,0.3558418464261848,2.5900836039552986,2025 province calibrated curtailed wind/solar shares from NBS generation + province utilization
吉林省,吉林,2060,base,17.502441869987933,1.2148614561933748,18.71730332618131,1.7826003167791722,0.3363766797762298,2.4484015350961927,2025 province calibrated curtailed wind/solar shares from NBS generation + province utilization
陕西省,陕西,2060,base,6.794766562922843,10.743945123549516,17.538711686472357,1.6703534939497484,0.31519570430831756,2.294230523939979,2025 province calibrated curtailed wind/solar shares from NBS generation + province utilization
河南省,河南,2060,base,14.908874259125954,0.9350840206754976,15.843958279801452,1.5089484076001383,0.2847385645141461,2.07254063783879,2025 province calibrated curtailed wind/solar shares from NBS generation + province utilization
黑龙江省,黑龙江,2060,base,13.358126100828974,2.452700955837568,15.810827056666541,1.5057930530158612,0.284143149104093,2.0682067583172854,2025 province calibrated curtailed wind/solar shares from NBS generation + province utilization
湖南省,湖南,2060,base,10.230024658382831,1.0926330707141914,11.322657729097022,1.0783483551520974,0.20348433461720078,1.4811114658014057,2025 province calibrated curtailed wind/solar shares from NBS generation + province utilization
广西,广西,2060,base,8.310490146476237,2.4086317750100377,10.719121921486275,1.0208687544272643,0.19263793396042478,1.4021632342058474,2025 province calibrated curtailed wind/solar shares from NBS generation + province utilization
西藏,西藏,2060,base,1.3341975533114516,6.037045889050823,7.371243442362275,0.7020231849868833,0.1324717750070249,0.9642288445794842,2025 province calibrated curtailed wind/solar shares from NBS generation + province utilization
江苏省,江苏,2060,base,6.114078756305755,0.9126201000569371,7.026698856362692,0.669209414891685,0.12627981659006096,0.9191591313537293,2025 province calibrated curtailed wind/solar shares from NBS generation + province utilization
湖北省,湖北,2060,base,2.0900741040728628,4.443901752176924,6.5339758562497865,0.6222834148809321,0.1174248803880319,0.8547062703389602,2025 province calibrated curtailed wind/solar shares from NBS generation + province utilization
贵州省,贵州,2060,base,0.7699772474468759,5.034848165767482,5.804825413214358,0.5528405155442245,0.10432100528319517,0.7593264480999924,2025 province calibrated curtailed wind/solar shares from NBS generation + province utilization
江西省,江西,2060,base,3.9143675642078537,0.915349658382408,4.829717222590261,0.4599730688181201,0.08679691808597927,0.631773010021688,2025 province calibrated curtailed wind/solar shares from NBS generation + province utilization
广东省,广东,2060,base,3.5059531349175996,0.4887789721049207,3.9947321070225206,0.3804506768592877,0.07179104272334759,0.5225490046662317,2025 province calibrated curtailed wind/solar shares from NBS generation + province utilization
安徽省,安徽,2060,base,1.3092240899189314,1.7238460099505917,3.033070099869523,0.28886381903519265,0.05450860265194085,0.39675445544483706,2025 province calibrated curtailed wind/solar shares from NBS generation + province utilization
四川省,四川,2060,base,1.754696359516899,1.2275971250814115,2.9822934845983102,0.2840279509141248,0.05359607433749535,0.3901123905805504,2025 province calibrated curtailed wind/solar shares from NBS generation + province utilization
天津市,天津,2060,base,0.6419017562795867,0.9804846968291638,1.6223864531087506,0.15451299553416672,0.029156602257297264,0.212223599366178,2025 province calibrated curtailed wind/solar shares from NBS generation + province utilization
海南省,海南,2060,base,0.7909978686310551,0.7396830578732776,1.5306809265043326,0.14577913585755548,0.02750852293632072,0.20022764310035243,2025 province calibrated curtailed wind/solar shares from NBS generation + province utilization
浙江省,浙江,2060,base,0.5107071768417114,0.0,0.5107071768417114,0.04863877874682966,0.009178137549526757,0.06680536260877054,2025 province calibrated curtailed wind/solar shares from NBS generation + province utilization
北京市,北京,2060,base,0.07991622737778818,0.009357011826302273,0.08927323920409046,0.008502213257532424,0.0016043676416963686,0.011677789909220785,2025 province calibrated curtailed wind/solar shares from NBS generation + province utilization
上海市,上海,2060,base,0.0,0.0,0.0,0.0,0.0,0.0,2025 province calibrated curtailed wind/solar shares from NBS generation + province utilization
福建省,福建,2060,base,0.0,0.0,0.0,0.0,0.0,0.0,2025 province calibrated curtailed wind/solar shares from NBS generation + province utilization
重庆市,重庆,2060,base,0.0,0.0,0.0,0.0,0.0,0.0,2025 province calibrated curtailed wind/solar shares from NBS generation + province utilization
内蒙古,内蒙古,2060,high,209.7686323491114,59.07098481936505,268.8396171684765,25.603773063664427,4.8314319771134775,35.16678230294309,2025 province calibrated curtailed wind/solar shares from NBS generation + province utilization
新疆,新疆,2060,high,99.77311269406542,119.9742655777499,219.7473782718153,20.928321740172887,3.9491743123706238,28.74504991012746,2025 province calibrated curtailed wind/solar shares from NBS generation + province utilization
河北省,河北,2060,high,84.44354566487141,33.915576490749935,118.35912215562135,11.272297348154414,2.127082509596738,15.482500407690086,2025 province calibrated curtailed wind/solar shares from NBS generation + province utilization
青海省,青海,2060,high,13.604715189465823,82.79828761224243,96.40300280170825,9.181238362067452,1.7324996789221283,12.610430890299645,2025 province calibrated curtailed wind/solar shares from NBS generation + province utilization
甘肃省,甘肃,2060,high,43.05183905048815,41.07018365326884,84.12202270375698,8.011621209881618,1.5117929223046613,11.003961731772401,2025 province calibrated curtailed wind/solar shares from NBS generation + province utilization
云南省,云南,2060,high,11.71257213476689,37.63510850921949,49.34768064398638,4.699779108951084,0.8868483178590696,6.4551466061443135,2025 province calibrated curtailed wind/solar shares from NBS generation + province utilization
山西省,山西,2060,high,40.77211856618669,7.364587583561123,48.136706149747816,4.584448204737887,0.8650853762340394,6.296739609207488,2025 province calibrated curtailed wind/solar shares from NBS generation + province utilization
宁夏,宁夏,2060,high,15.702730894041283,29.662554448038748,45.36528534208003,4.3205033659123835,0.8152789851476668,5.934211373080658,2025 province calibrated curtailed wind/solar shares from NBS generation + province utilization
山东省,山东,2060,high,31.21525995431531,12.397133473545004,43.61239342786031,4.153561278843839,0.7837770133178326,5.704916416492013,2025 province calibrated curtailed wind/solar shares from NBS generation + province utilization
辽宁省,辽宁,2060,high,34.54098746724857,3.2598157013083338,37.800803168556904,3.6000764922435144,0.6793344340863512,4.9447050620964665,2025 province calibrated curtailed wind/solar shares from NBS generation + province utilization
吉林省,吉林,2060,high,33.413752660885976,2.31928096182371,35.733033622709684,3.4031460593056844,0.6421736613909826,4.674221112456357,2025 province calibrated curtailed wind/solar shares from NBS generation + province utilization
陕西省,陕西,2060,high,12.97182707467085,20.511167963139936,33.48299503781079,3.188856670267694,0.6017372536795139,4.379894636612677,2025 province calibrated curtailed wind/solar shares from NBS generation + province utilization
河南省,河南,2060,high,28.462396312876752,1.785160403107764,30.247556715984516,2.8807196872366205,0.5435918049815504,3.956668490419498,2025 province calibrated curtailed wind/solar shares from NBS generation + province utilization
黑龙江省,黑龙江,2060,high,25.501877101582526,4.682429097508073,30.1843061990906,2.874695828484819,0.5424551028350854,3.9483947204238987,2025 province calibrated curtailed wind/solar shares from NBS generation + province utilization
湖南省,湖南,2060,high,19.53004707509445,2.085935862272542,21.615982937366994,2.0586650416539993,0.3884700933601097,2.827576434711768,2025 province calibrated curtailed wind/solar shares from NBS generation + province utilization
广西,广西,2060,high,15.865481188727324,4.598297025019152,20.463778213746476,1.9489312584520453,0.36776332846990095,2.6768570834838843,2025 province calibrated curtailed wind/solar shares from NBS generation + province utilization
西藏,西藏,2060,high,2.54710441995822,11.525269424551544,14.072373844509764,1.3402260804295014,0.2529006613770469,1.8408005214699201,2025 province calibrated curtailed wind/solar shares from NBS generation + province utilization
江苏省,江苏,2060,high,11.672332171129142,1.7422747364723303,13.414606907601472,1.2775816102477593,0.2410796498537522,1.7547583416752972,2025 province calibrated curtailed wind/solar shares from NBS generation + province utilization
湖北省,湖北,2060,high,3.9901414714118193,8.483812435974107,12.473953907385926,1.187995610227231,0.2241747716498785,1.631711970647102,2025 province calibrated curtailed wind/solar shares from NBS generation + province utilization
贵州省,贵州,2060,high,1.4699565633076686,9.611982861919715,11.081939425227384,1.055422802402608,0.19915828281337214,1.449623219099982,2025 province calibrated curtailed wind/solar shares from NBS generation + province utilization
江西省,江西,2060,high,7.472883531669521,1.7474857114573203,9.220369243126841,0.8781304041073182,0.16570320725505097,1.2061121100414016,2025 province calibrated curtailed wind/solar shares from NBS generation + province utilization
广东省,广东,2060,high,6.693183257569947,0.933123492200301,7.626306749770248,0.7263149285495475,0.13705562701729962,0.9975935543628034,2025 province calibrated curtailed wind/solar shares from NBS generation + province utilization
安徽省,安徽,2060,high,2.499427808027045,3.2909787462693036,5.790406554296348,0.5514672908853665,0.10406187779006866,0.7574403240310509,2025 province calibrated curtailed wind/solar shares from NBS generation + province utilization
四川省,四川,2060,high,3.3498748681686172,2.343594511519053,5.69346937968767,0.5422351790178733,0.1023197782806727,0.744760018381049,2025 province calibrated curtailed wind/solar shares from NBS generation + province utilization
天津市,天津,2060,high,1.2254488074428442,1.8718344212193083,3.0972832286621523,0.2949793551106812,0.05566260430938554,0.40515414424452056,2025 province calibrated curtailed wind/solar shares from NBS generation + province utilization
海南省,海南,2060,high,1.510086840113829,1.4121222013944357,2.922209041508265,0.27830562300078715,0.05251627106024854,0.38225277319158113,2025 province calibrated curtailed wind/solar shares from NBS generation + province utilization
浙江省,浙江,2060,high,0.9749864285159922,0.0,0.9749864285159922,0.0928558503348564,0.017521898958187402,0.12753751043492526,2025 province calibrated curtailed wind/solar shares from NBS generation + province utilization
北京市,北京,2060,high,0.15256734317577708,0.017863386213849752,0.17043072938962683,0.016231498037107318,0.0030628836796021508,0.0222939625539669,2025 province calibrated curtailed wind/solar shares from NBS generation + province utilization
上海市,上海,2060,high,0.0,0.0,0.0,0.0,0.0,0.0,2025 province calibrated curtailed wind/solar shares from NBS generation + province utilization
福建省,福建,2060,high,0.0,0.0,0.0,0.0,0.0,0.0,2025 province calibrated curtailed wind/solar shares from NBS generation + province utilization
重庆市,重庆,2060,high,0.0,0.0,0.0,0.0,0.0,0.0,2025 province calibrated curtailed wind/solar shares from NBS generation + province utilization
内蒙古,内蒙古,2060,low,78.66323713091687,22.151619307261925,100.8148564381788,9.601414898874172,1.8117869914175562,13.187543363603675,2025 province calibrated curtailed wind/solar shares from NBS generation + province utilization
新疆,新疆,2060,low,37.41491726027458,44.990349591656276,82.40526685193086,7.848120652564844,1.480940367138986,10.779393716297813,2025 province calibrated curtailed wind/solar shares from NBS generation + province utilization
河北省,河北,2060,low,31.666329624326817,12.718341184031242,44.38467080835806,4.22711150555791,0.7976559410987777,5.805937652883789,2025 province calibrated curtailed wind/solar shares from NBS generation + province utilization
青海省,青海,2060,low,5.10176819604969,31.049357854590955,36.15112605064064,3.442964385775299,0.649687379595799,4.728911583862374,2025 province calibrated curtailed wind/solar shares from NBS generation + province utilization
甘肃省,甘肃,2060,low,16.144439643933076,15.401318869975837,31.545758513908915,3.004357953705611,0.5669223458642488,4.126485649414657,2025 province calibrated curtailed wind/solar shares from NBS generation + province utilization
云南省,云南,2060,low,4.39221455053759,14.113165690957327,18.50538024149492,1.762417165856659,0.33256811919715157,2.420679977304121,2025 province calibrated curtailed wind/solar shares from NBS generation + province utilization
山西省,山西,2060,low,15.289544462320029,2.761720343835425,18.051264806155455,1.71916807677671,0.3244070160877652,2.361277353452811,2025 province calibrated curtailed wind/solar shares from NBS generation + province utilization
宁夏,宁夏,2060,low,5.888524085265488,11.123457918014546,17.011982003280036,1.6201887622171462,0.3057296194303755,2.22532926490525,2025 province calibrated curtailed wind/solar shares from NBS generation + province utilization
山东省,山东,2060,low,11.705722482868257,4.648925052579383,16.35464753544764,1.5575854795664419,0.29391637999418757,2.139343656184508,2025 province calibrated curtailed wind/solar shares from NBS generation + province utilization
辽宁省,辽宁,2060,low,12.95287030021823,1.2224308879906267,14.175301188208856,1.3500286845913196,0.25475041278238203,1.8542643982861775,2025 province calibrated curtailed wind/solar shares from NBS generation + province utilization
吉林省,吉林,2060,low,12.530157247832257,0.8697303606838924,13.39988760851615,1.2761797722396333,0.2408151230216188,1.7528329171711363,2025 province calibrated curtailed wind/solar shares from NBS generation + province utilization
陕西省,陕西,2060,low,4.864435153001575,7.691687986177486,12.55612313917906,1.1958212513503867,0.22565147012981798,1.642460488729756,2025 province calibrated curtailed wind/solar shares from NBS generation + province utilization
河南省,河南,2060,low,10.673398617328795,0.6694351511654123,11.342833768494208,1.080269882713734,0.20384692686808162,1.4837506839073136,2025 province calibrated curtailed wind/solar shares from NBS generation + province utilization
黑龙江省,黑龙江,2060,low,9.563203913093458,1.7559109115655296,11.319114824658987,1.0780109356818084,0.20342066356315724,1.4806480201589638,2025 province calibrated curtailed wind/solar shares from NBS generation + province utilization
湖南省,湖南,2060,low,7.323767653160428,0.7822259483522044,8.105993601512633,0.7719993906202508,0.14567628501004135,1.0603411630169144,2025 province calibrated curtailed wind/solar shares from NBS generation + province utilization
广西,广西,2060,low,5.949555445772754,1.7243613843821843,7.673916830154939,0.730849221919518,0.13791124817621303,1.0038214063064579,2025 province calibrated curtailed wind/solar shares from NBS generation + province utilization
西藏,西藏,2060,low,0.9551641574843337,4.321976034206835,5.277140191691169,0.5025847801610637,0.09483774801639272,0.6903001955512209,2025 province calibrated curtailed wind/solar shares from NBS generation + province utilization
江苏省,江苏,2060,low,4.3771245641734335,0.6533530261771248,5.030477590350558,0.4790931038429103,0.09040486869515718,0.6580343781282373,2025 province calibrated curtailed wind/solar shares from NBS generation + province utilization
湖北省,湖北,2060,low,1.496303051779434,3.1814296634902943,4.677732715269729,0.44549835383521225,0.08406553936870455,0.611891988992664,2025 province calibrated curtailed wind/solar shares from NBS generation + province utilization
贵州省,贵州,2060,low,0.5512337112403765,3.604493573219898,4.155727284460275,0.39578355090097855,0.07468435605501465,0.543608707162494,2025 province calibrated curtailed wind/solar shares from NBS generation + province utilization
江西省,江西,2060,low,2.8023313243760737,0.655307141796496,3.4576384661725696,0.3292989015402447,0.06213870272064418,0.4522920412655261,2025 province calibrated curtailed wind/solar shares from NBS generation + province utilization
广东省,广东,2060,low,2.509943721588733,0.34992130957511336,2.8598650311638463,0.2723680982060806,0.05139586013148741,0.3740975828860517,2025 province calibrated curtailed wind/solar shares from NBS generation + province utilization
安徽省,安徽,2060,low,0.937285428010143,1.2341170298509905,2.1714024578611335,0.2068002340820127,0.0390232041712758,0.28404012151164443,2025 province calibrated curtailed wind/solar shares from NBS generation + province utilization
四川省,四川,2060,low,1.2562030755632332,0.878847941819646,2.135051017382879,0.20333819213170276,0.03836991685525231,0.2792850068928937,2025 province calibrated curtailed wind/solar shares from NBS generation + province utilization
天津市,天津,2060,low,0.4595433027910672,0.7019379079572415,1.1614812107483088,0.1106172581665056,0.020873476616019605,0.15193280409169543,2025 province calibrated curtailed wind/solar shares from NBS generation + province utilization
海南省,海南,2060,low,0.5662825650426866,0.5295458255229141,1.0958283905656008,0.10436460862529531,0.019693601647593227,0.1433447899468431,2025 province calibrated curtailed wind/solar shares from NBS generation + province utilization
浙江省,浙江,2060,low,0.36561991069349753,0.0,0.36561991069349753,0.03482094387557119,0.006570712109320284,0.04782656641309703,2025 province calibrated curtailed wind/solar shares from NBS generation + province utilization
北京市,北京,2060,low,0.057212753690916475,0.006698769830193667,0.06391152352111014,0.0060868117639152515,0.001148581379850808,0.008360235957737598,2025 province calibrated curtailed wind/solar shares from NBS generation + province utilization
上海市,上海,2060,low,0.0,0.0,0.0,0.0,0.0,0.0,2025 province calibrated curtailed wind/solar shares from NBS generation + province utilization
福建省,福建,2060,low,0.0,0.0,0.0,0.0,0.0,0.0,2025 province calibrated curtailed wind/solar shares from NBS generation + province utilization
重庆市,重庆,2060,low,0.0,0.0,0.0,0.0,0.0,0.0,2025 province calibrated curtailed wind/solar shares from NBS generation + province utilization
