panel,scenario,year,case,metric,value,unit,denominator,source_type,style,x,y,note
a,S1,2025,dynamic_mid_tier,served_share_pct,81.37529197007804,%,non-zero provincial demand cases,frozen_dynamic_v08_gap_account,trajectory,2025,81.37529197007804,
a,S1,2030,dynamic_mid_tier,served_share_pct,63.763033352976834,%,non-zero provincial demand cases,frozen_dynamic_v08_gap_account,trajectory,2030,63.763033352976834,
a,S1,2035,dynamic_mid_tier,served_share_pct,59.298405614547065,%,non-zero provincial demand cases,frozen_dynamic_v08_gap_account,trajectory,2035,59.298405614547065,
a,S1,2040,dynamic_mid_tier,served_share_pct,57.05021493716413,%,non-zero provincial demand cases,frozen_dynamic_v08_gap_account,trajectory,2040,57.05021493716413,
a,S1,2045,dynamic_mid_tier,served_share_pct,54.76267287131777,%,non-zero provincial demand cases,frozen_dynamic_v08_gap_account,trajectory,2045,54.76267287131777,
a,S1,2050,dynamic_mid_tier,served_share_pct,52.51316428734066,%,non-zero provincial demand cases,frozen_dynamic_v08_gap_account,trajectory,2050,52.51316428734066,
a,S1,2055,dynamic_mid_tier,served_share_pct,51.48389315614476,%,non-zero provincial demand cases,frozen_dynamic_v08_gap_account,trajectory,2055,51.48389315614476,
a,S1,2060,dynamic_mid_tier,served_share_pct,50.66898112448124,%,non-zero provincial demand cases,frozen_dynamic_v08_gap_account,trajectory,2060,50.66898112448124,
a,S2,2025,dynamic_mid_tier,served_share_pct,92.4688098467238,%,non-zero provincial demand cases,frozen_dynamic_v08_gap_account,trajectory,2025,92.4688098467238,
a,S2,2030,dynamic_mid_tier,served_share_pct,81.21092765125364,%,non-zero provincial demand cases,frozen_dynamic_v08_gap_account,trajectory,2030,81.21092765125364,
a,S2,2035,dynamic_mid_tier,served_share_pct,78.90731507518252,%,non-zero provincial demand cases,frozen_dynamic_v08_gap_account,trajectory,2035,78.90731507518252,
a,S2,2040,dynamic_mid_tier,served_share_pct,77.49849394350039,%,non-zero provincial demand cases,frozen_dynamic_v08_gap_account,trajectory,2040,77.49849394350039,
a,S2,2045,dynamic_mid_tier,served_share_pct,76.02542728229209,%,non-zero provincial demand cases,frozen_dynamic_v08_gap_account,trajectory,2045,76.02542728229209,
a,S2,2050,dynamic_mid_tier,served_share_pct,73.96443031823406,%,non-zero provincial demand cases,frozen_dynamic_v08_gap_account,trajectory,2050,73.96443031823406,
a,S2,2055,dynamic_mid_tier,served_share_pct,71.10324481148724,%,non-zero provincial demand cases,frozen_dynamic_v08_gap_account,trajectory,2055,71.10324481148724,
a,S2,2060,dynamic_mid_tier,served_share_pct,68.8637461319405,%,non-zero provincial demand cases,frozen_dynamic_v08_gap_account,trajectory,2060,68.8637461319405,
a,S3,2025,dynamic_mid_tier,served_share_pct,,%,non-zero provincial demand cases,frozen_dynamic_v08_gap_account,trajectory,2025,,N.A. for zero-demand case
a,S3,2030,dynamic_mid_tier,served_share_pct,80.95254748083947,%,non-zero provincial demand cases,frozen_dynamic_v08_gap_account,trajectory,2030,80.95254748083947,
a,S3,2035,dynamic_mid_tier,served_share_pct,79.7377606089919,%,non-zero provincial demand cases,frozen_dynamic_v08_gap_account,trajectory,2035,79.7377606089919,
a,S3,2040,dynamic_mid_tier,served_share_pct,79.67115752428533,%,non-zero provincial demand cases,frozen_dynamic_v08_gap_account,trajectory,2040,79.67115752428533,
a,S3,2045,dynamic_mid_tier,served_share_pct,79.44370893247162,%,non-zero provincial demand cases,frozen_dynamic_v08_gap_account,trajectory,2045,79.44370893247162,
a,S3,2050,dynamic_mid_tier,served_share_pct,78.9239649710263,%,non-zero provincial demand cases,frozen_dynamic_v08_gap_account,trajectory,2050,78.9239649710263,
a,S3,2055,dynamic_mid_tier,served_share_pct,78.05765937969232,%,non-zero provincial demand cases,frozen_dynamic_v08_gap_account,trajectory,2055,78.05765937969232,
a,S3,2060,dynamic_mid_tier,served_share_pct,77.10827303385803,%,non-zero provincial demand cases,frozen_dynamic_v08_gap_account,trajectory,2060,77.10827303385803,
a,S4,2025,dynamic_mid_tier,served_share_pct,97.8615498225303,%,non-zero provincial demand cases,frozen_dynamic_v08_gap_account,trajectory,2025,97.8615498225303,
a,S4,2030,dynamic_mid_tier,served_share_pct,90.30992293607288,%,non-zero provincial demand cases,frozen_dynamic_v08_gap_account,trajectory,2030,90.30992293607288,
a,S4,2035,dynamic_mid_tier,served_share_pct,85.0072294499885,%,non-zero provincial demand cases,frozen_dynamic_v08_gap_account,trajectory,2035,85.0072294499885,
a,S4,2040,dynamic_mid_tier,served_share_pct,82.31409509693495,%,non-zero provincial demand cases,frozen_dynamic_v08_gap_account,trajectory,2040,82.31409509693495,
a,S4,2045,dynamic_mid_tier,served_share_pct,81.44180550774993,%,non-zero provincial demand cases,frozen_dynamic_v08_gap_account,trajectory,2045,81.44180550774993,
a,S4,2050,dynamic_mid_tier,served_share_pct,80.02119438008415,%,non-zero provincial demand cases,frozen_dynamic_v08_gap_account,trajectory,2050,80.02119438008415,
a,S4,2055,dynamic_mid_tier,served_share_pct,78.9900733859992,%,non-zero provincial demand cases,frozen_dynamic_v08_gap_account,trajectory,2055,78.9900733859992,
a,S4,2060,dynamic_mid_tier,served_share_pct,78.45074526643631,%,non-zero provincial demand cases,frozen_dynamic_v08_gap_account,trajectory,2060,78.45074526643631,
a,S5,2025,dynamic_mid_tier,served_share_pct,83.22306701050465,%,non-zero provincial demand cases,frozen_dynamic_v08_gap_account,trajectory,2025,83.22306701050465,
a,S5,2030,dynamic_mid_tier,served_share_pct,66.79199012768909,%,non-zero provincial demand cases,frozen_dynamic_v08_gap_account,trajectory,2030,66.79199012768909,
a,S5,2035,dynamic_mid_tier,served_share_pct,63.45872912906307,%,non-zero provincial demand cases,frozen_dynamic_v08_gap_account,trajectory,2035,63.45872912906307,
a,S5,2040,dynamic_mid_tier,served_share_pct,60.75809032032328,%,non-zero provincial demand cases,frozen_dynamic_v08_gap_account,trajectory,2040,60.75809032032328,
a,S5,2045,dynamic_mid_tier,served_share_pct,55.03192573280024,%,non-zero provincial demand cases,frozen_dynamic_v08_gap_account,trajectory,2045,55.03192573280024,
a,S5,2050,dynamic_mid_tier,served_share_pct,50.31442598434972,%,non-zero provincial demand cases,frozen_dynamic_v08_gap_account,trajectory,2050,50.31442598434972,
a,S5,2055,dynamic_mid_tier,served_share_pct,46.91284911249566,%,non-zero provincial demand cases,frozen_dynamic_v08_gap_account,trajectory,2055,46.91284911249566,
a,S5,2060,dynamic_mid_tier,served_share_pct,43.31895156475056,%,non-zero provincial demand cases,frozen_dynamic_v08_gap_account,trajectory,2060,43.31895156475056,
a,S6,2025,dynamic_mid_tier,served_share_pct,85.93310521586078,%,non-zero provincial demand cases,frozen_dynamic_v08_gap_account,trajectory,2025,85.93310521586078,
a,S6,2030,dynamic_mid_tier,served_share_pct,69.29807099695586,%,non-zero provincial demand cases,frozen_dynamic_v08_gap_account,trajectory,2030,69.29807099695586,
a,S6,2035,dynamic_mid_tier,served_share_pct,65.48587755921965,%,non-zero provincial demand cases,frozen_dynamic_v08_gap_account,trajectory,2035,65.48587755921965,
a,S6,2040,dynamic_mid_tier,served_share_pct,62.69684701622521,%,non-zero provincial demand cases,frozen_dynamic_v08_gap_account,trajectory,2040,62.69684701622521,
a,S6,2045,dynamic_mid_tier,served_share_pct,56.96351815146397,%,non-zero provincial demand cases,frozen_dynamic_v08_gap_account,trajectory,2045,56.96351815146397,
a,S6,2050,dynamic_mid_tier,served_share_pct,52.30600435990374,%,non-zero provincial demand cases,frozen_dynamic_v08_gap_account,trajectory,2050,52.30600435990374,
a,S6,2055,dynamic_mid_tier,served_share_pct,49.02904299876701,%,non-zero provincial demand cases,frozen_dynamic_v08_gap_account,trajectory,2055,49.02904299876701,
a,S6,2060,dynamic_mid_tier,served_share_pct,46.10928617637456,%,non-zero provincial demand cases,frozen_dynamic_v08_gap_account,trajectory,2060,46.10928617637456,
a,S7,2025,dynamic_mid_tier,served_share_pct,83.11866156733144,%,non-zero provincial demand cases,frozen_dynamic_v08_gap_account,trajectory,2025,83.11866156733144,
a,S7,2030,dynamic_mid_tier,served_share_pct,65.53655360584567,%,non-zero provincial demand cases,frozen_dynamic_v08_gap_account,trajectory,2030,65.53655360584567,
a,S7,2035,dynamic_mid_tier,served_share_pct,61.563327396018025,%,non-zero provincial demand cases,frozen_dynamic_v08_gap_account,trajectory,2035,61.563327396018025,
a,S7,2040,dynamic_mid_tier,served_share_pct,59.553467215103176,%,non-zero provincial demand cases,frozen_dynamic_v08_gap_account,trajectory,2040,59.553467215103176,
a,S7,2045,dynamic_mid_tier,served_share_pct,53.935457689819216,%,non-zero provincial demand cases,frozen_dynamic_v08_gap_account,trajectory,2045,53.935457689819216,
a,S7,2050,dynamic_mid_tier,served_share_pct,49.18702529774658,%,non-zero provincial demand cases,frozen_dynamic_v08_gap_account,trajectory,2050,49.18702529774658,
a,S7,2055,dynamic_mid_tier,served_share_pct,45.8417901854737,%,non-zero provincial demand cases,frozen_dynamic_v08_gap_account,trajectory,2055,45.8417901854737,
a,S7,2060,dynamic_mid_tier,served_share_pct,42.84033611989062,%,non-zero provincial demand cases,frozen_dynamic_v08_gap_account,trajectory,2060,42.84033611989062,
a,S8,2025,dynamic_mid_tier,served_share_pct,84.11181619601149,%,non-zero provincial demand cases,frozen_dynamic_v08_gap_account,trajectory,2025,84.11181619601149,
a,S8,2030,dynamic_mid_tier,served_share_pct,67.00717158567173,%,non-zero provincial demand cases,frozen_dynamic_v08_gap_account,trajectory,2030,67.00717158567173,
a,S8,2035,dynamic_mid_tier,served_share_pct,63.00479336632059,%,non-zero provincial demand cases,frozen_dynamic_v08_gap_account,trajectory,2035,63.00479336632059,
a,S8,2040,dynamic_mid_tier,served_share_pct,60.72934252537648,%,non-zero provincial demand cases,frozen_dynamic_v08_gap_account,trajectory,2040,60.72934252537648,
a,S8,2045,dynamic_mid_tier,served_share_pct,55.20596587606096,%,non-zero provincial demand cases,frozen_dynamic_v08_gap_account,trajectory,2045,55.20596587606096,
a,S8,2050,dynamic_mid_tier,served_share_pct,50.46675306148131,%,non-zero provincial demand cases,frozen_dynamic_v08_gap_account,trajectory,2050,50.46675306148131,
a,S8,2055,dynamic_mid_tier,served_share_pct,47.12843506831396,%,non-zero provincial demand cases,frozen_dynamic_v08_gap_account,trajectory,2055,47.12843506831396,
a,S8,2060,dynamic_mid_tier,served_share_pct,44.62708017238907,%,non-zero provincial demand cases,frozen_dynamic_v08_gap_account,trajectory,2060,44.62708017238907,
a,S5,2025,dynamic_demand_callout,dynamic_demand_mt,0.706,Mt,S5 middle-tier demand,frozen_manuscript_demand_anchor,callout,2025,0.706,callout only; no model recomputation
a,S5,2030,dynamic_demand_callout,dynamic_demand_mt,7.26,Mt,S5 middle-tier demand,frozen_manuscript_demand_anchor,callout,2030,7.26,callout only; no model recomputation
a,S5,2060,dynamic_demand_callout,dynamic_demand_mt,72.5,Mt,S5 middle-tier demand,frozen_manuscript_demand_anchor,callout,2060,72.5,callout only; no model recomputation
b,S1,2060,provincial_mid_2060_account,served_pct,50.66898112448124,%,total provincial demand,derived_from_frozen_dynamic_gap_account,served,S1,50.66898112448124,S1-S4 use frozen minimum quantity shortage; S5-S8 use frozen maximum
b,S1,2060,provincial_mid_2060_account,quantity_shortage_pct,0.0,%,total provincial demand,derived_from_frozen_dynamic_gap_account,quantity_shortage,S1,0.0,S1-S4 use frozen minimum quantity shortage; S5-S8 use frozen maximum
b,S1,2060,provincial_mid_2060_account,spatial_network_gap_pct,49.33101887551876,%,total provincial demand,derived_from_frozen_dynamic_gap_account,spatial_network_gap,S1,49.33101887551876,S1-S4 use frozen minimum quantity shortage; S5-S8 use frozen maximum
b,S2,2060,provincial_mid_2060_account,served_pct,68.8637461319405,%,total provincial demand,derived_from_frozen_dynamic_gap_account,served,S2,68.8637461319405,S1-S4 use frozen minimum quantity shortage; S5-S8 use frozen maximum
b,S2,2060,provincial_mid_2060_account,quantity_shortage_pct,0.0,%,total provincial demand,derived_from_frozen_dynamic_gap_account,quantity_shortage,S2,0.0,S1-S4 use frozen minimum quantity shortage; S5-S8 use frozen maximum
b,S2,2060,provincial_mid_2060_account,spatial_network_gap_pct,31.136253868059498,%,total provincial demand,derived_from_frozen_dynamic_gap_account,spatial_network_gap,S2,31.136253868059498,S1-S4 use frozen minimum quantity shortage; S5-S8 use frozen maximum
b,S3,2060,provincial_mid_2060_account,served_pct,77.10827303385803,%,total provincial demand,derived_from_frozen_dynamic_gap_account,served,S3,77.10827303385803,S1-S4 use frozen minimum quantity shortage; S5-S8 use frozen maximum
b,S3,2060,provincial_mid_2060_account,quantity_shortage_pct,0.0,%,total provincial demand,derived_from_frozen_dynamic_gap_account,quantity_shortage,S3,0.0,S1-S4 use frozen minimum quantity shortage; S5-S8 use frozen maximum
b,S3,2060,provincial_mid_2060_account,spatial_network_gap_pct,22.891726966141974,%,total provincial demand,derived_from_frozen_dynamic_gap_account,spatial_network_gap,S3,22.891726966141974,S1-S4 use frozen minimum quantity shortage; S5-S8 use frozen maximum
b,S4,2060,provincial_mid_2060_account,served_pct,78.45074526643631,%,total provincial demand,derived_from_frozen_dynamic_gap_account,served,S4,78.45074526643631,S1-S4 use frozen minimum quantity shortage; S5-S8 use frozen maximum
b,S4,2060,provincial_mid_2060_account,quantity_shortage_pct,0.0,%,total provincial demand,derived_from_frozen_dynamic_gap_account,quantity_shortage,S4,0.0,S1-S4 use frozen minimum quantity shortage; S5-S8 use frozen maximum
b,S4,2060,provincial_mid_2060_account,spatial_network_gap_pct,21.549254733563686,%,total provincial demand,derived_from_frozen_dynamic_gap_account,spatial_network_gap,S4,21.549254733563686,S1-S4 use frozen minimum quantity shortage; S5-S8 use frozen maximum
b,S5,2060,provincial_mid_2060_account,served_pct,43.31895156475056,%,total provincial demand,derived_from_frozen_dynamic_gap_account,served,S5,43.31895156475056,S1-S4 use frozen minimum quantity shortage; S5-S8 use frozen maximum
b,S5,2060,provincial_mid_2060_account,quantity_shortage_pct,12.612401282351804,%,total provincial demand,derived_from_frozen_dynamic_gap_account,quantity_shortage,S5,12.612401282351804,S1-S4 use frozen minimum quantity shortage; S5-S8 use frozen maximum
b,S5,2060,provincial_mid_2060_account,spatial_network_gap_pct,44.06864715289763,%,total provincial demand,derived_from_frozen_dynamic_gap_account,spatial_network_gap,S5,44.06864715289763,S1-S4 use frozen minimum quantity shortage; S5-S8 use frozen maximum
b,S6,2060,provincial_mid_2060_account,served_pct,46.10928617637456,%,total provincial demand,derived_from_frozen_dynamic_gap_account,served,S6,46.10928617637456,S1-S4 use frozen minimum quantity shortage; S5-S8 use frozen maximum
b,S6,2060,provincial_mid_2060_account,quantity_shortage_pct,12.612401282351804,%,total provincial demand,derived_from_frozen_dynamic_gap_account,quantity_shortage,S6,12.612401282351804,S1-S4 use frozen minimum quantity shortage; S5-S8 use frozen maximum
b,S6,2060,provincial_mid_2060_account,spatial_network_gap_pct,41.278312541273635,%,total provincial demand,derived_from_frozen_dynamic_gap_account,spatial_network_gap,S6,41.278312541273635,S1-S4 use frozen minimum quantity shortage; S5-S8 use frozen maximum
b,S7,2060,provincial_mid_2060_account,served_pct,42.84033611989062,%,total provincial demand,derived_from_frozen_dynamic_gap_account,served,S7,42.84033611989062,S1-S4 use frozen minimum quantity shortage; S5-S8 use frozen maximum
b,S7,2060,provincial_mid_2060_account,quantity_shortage_pct,12.612401282351804,%,total provincial demand,derived_from_frozen_dynamic_gap_account,quantity_shortage,S7,12.612401282351804,S1-S4 use frozen minimum quantity shortage; S5-S8 use frozen maximum
b,S7,2060,provincial_mid_2060_account,spatial_network_gap_pct,44.54726259775757,%,total provincial demand,derived_from_frozen_dynamic_gap_account,spatial_network_gap,S7,44.54726259775757,S1-S4 use frozen minimum quantity shortage; S5-S8 use frozen maximum
b,S8,2060,provincial_mid_2060_account,served_pct,44.62708017238907,%,total provincial demand,derived_from_frozen_dynamic_gap_account,served,S8,44.62708017238907,S1-S4 use frozen minimum quantity shortage; S5-S8 use frozen maximum
b,S8,2060,provincial_mid_2060_account,quantity_shortage_pct,12.612401282351804,%,total provincial demand,derived_from_frozen_dynamic_gap_account,quantity_shortage,S8,12.612401282351804,S1-S4 use frozen minimum quantity shortage; S5-S8 use frozen maximum
b,S8,2060,provincial_mid_2060_account,spatial_network_gap_pct,42.760518545259124,%,total provincial demand,derived_from_frozen_dynamic_gap_account,spatial_network_gap,S8,42.760518545259124,S1-S4 use frozen minimum quantity shortage; S5-S8 use frozen maximum
c,S1,2060,provincial_spatial_network_gap_decomposition,direction_contribution_pct,46.937398613487446,%,provincial spatial-network gap,frozen_dynamic_v08_gap_decomposition,direction,S1,46.937398613487446,shares of spatial-network gap; not total-demand shares
c,S1,2060,provincial_spatial_network_gap_decomposition,capacity_contribution_pct,-5.819623851048341e-15,%,provincial spatial-network gap,frozen_dynamic_v08_gap_decomposition,capacity,S1,-5.819623851048341e-15,shares of spatial-network gap; not total-demand shares
c,S1,2060,provincial_spatial_network_gap_decomposition,topology_access_residual_pct,53.06260138651256,%,provincial spatial-network gap,frozen_dynamic_v08_gap_decomposition,topology_access,S1,53.06260138651256,shares of spatial-network gap; not total-demand shares
c,S2,2060,provincial_spatial_network_gap_decomposition,direction_contribution_pct,9.20742890152529,%,provincial spatial-network gap,frozen_dynamic_v08_gap_decomposition,direction,S2,9.20742890152529,shares of spatial-network gap; not total-demand shares
c,S2,2060,provincial_spatial_network_gap_decomposition,capacity_contribution_pct,0.1362007538854609,%,provincial spatial-network gap,frozen_dynamic_v08_gap_decomposition,capacity,S2,0.1362007538854609,shares of spatial-network gap; not total-demand shares
c,S2,2060,provincial_spatial_network_gap_decomposition,topology_access_residual_pct,90.65637034458925,%,provincial spatial-network gap,frozen_dynamic_v08_gap_decomposition,topology_access,S2,90.65637034458925,shares of spatial-network gap; not total-demand shares
c,S3,2060,provincial_spatial_network_gap_decomposition,direction_contribution_pct,46.98004316486503,%,provincial spatial-network gap,frozen_dynamic_v08_gap_decomposition,direction,S3,46.98004316486503,shares of spatial-network gap; not total-demand shares
c,S3,2060,provincial_spatial_network_gap_decomposition,capacity_contribution_pct,0.0,%,provincial spatial-network gap,frozen_dynamic_v08_gap_decomposition,capacity,S3,0.0,shares of spatial-network gap; not total-demand shares
c,S3,2060,provincial_spatial_network_gap_decomposition,topology_access_residual_pct,53.01995683513497,%,provincial spatial-network gap,frozen_dynamic_v08_gap_decomposition,topology_access,S3,53.01995683513497,shares of spatial-network gap; not total-demand shares
c,S4,2060,provincial_spatial_network_gap_decomposition,direction_contribution_pct,31.26933904268335,%,provincial spatial-network gap,frozen_dynamic_v08_gap_decomposition,direction,S4,31.26933904268335,shares of spatial-network gap; not total-demand shares
c,S4,2060,provincial_spatial_network_gap_decomposition,capacity_contribution_pct,-2.09352133289503e-14,%,provincial spatial-network gap,frozen_dynamic_v08_gap_decomposition,capacity,S4,-2.09352133289503e-14,shares of spatial-network gap; not total-demand shares
c,S4,2060,provincial_spatial_network_gap_decomposition,topology_access_residual_pct,68.73066095731666,%,provincial spatial-network gap,frozen_dynamic_v08_gap_decomposition,topology_access,S4,68.73066095731666,shares of spatial-network gap; not total-demand shares
c,S5,2060,provincial_spatial_network_gap_decomposition,direction_contribution_pct,20.305650605053767,%,provincial spatial-network gap,frozen_dynamic_v08_gap_decomposition,direction,S5,20.305650605053767,shares of spatial-network gap; not total-demand shares
c,S5,2060,provincial_spatial_network_gap_decomposition,capacity_contribution_pct,5.210561898948703,%,provincial spatial-network gap,frozen_dynamic_v08_gap_decomposition,capacity,S5,5.210561898948703,shares of spatial-network gap; not total-demand shares
c,S5,2060,provincial_spatial_network_gap_decomposition,topology_access_residual_pct,74.48378749599753,%,provincial spatial-network gap,frozen_dynamic_v08_gap_decomposition,topology_access,S5,74.48378749599753,shares of spatial-network gap; not total-demand shares
c,S6,2060,provincial_spatial_network_gap_decomposition,direction_contribution_pct,16.81939077018518,%,provincial spatial-network gap,frozen_dynamic_v08_gap_decomposition,direction,S6,16.81939077018518,shares of spatial-network gap; not total-demand shares
c,S6,2060,provincial_spatial_network_gap_decomposition,capacity_contribution_pct,4.101225189453697,%,provincial spatial-network gap,frozen_dynamic_v08_gap_decomposition,capacity,S6,4.101225189453697,shares of spatial-network gap; not total-demand shares
c,S6,2060,provincial_spatial_network_gap_decomposition,topology_access_residual_pct,79.07938404036112,%,provincial spatial-network gap,frozen_dynamic_v08_gap_decomposition,topology_access,S6,79.07938404036112,shares of spatial-network gap; not total-demand shares
c,S7,2060,provincial_spatial_network_gap_decomposition,direction_contribution_pct,25.4140806442037,%,provincial spatial-network gap,frozen_dynamic_v08_gap_decomposition,direction,S7,25.4140806442037,shares of spatial-network gap; not total-demand shares
c,S7,2060,provincial_spatial_network_gap_decomposition,capacity_contribution_pct,1.333102541041584,%,provincial spatial-network gap,frozen_dynamic_v08_gap_decomposition,capacity,S7,1.333102541041584,shares of spatial-network gap; not total-demand shares
c,S7,2060,provincial_spatial_network_gap_decomposition,topology_access_residual_pct,73.25281681475472,%,provincial spatial-network gap,frozen_dynamic_v08_gap_decomposition,topology_access,S7,73.25281681475472,shares of spatial-network gap; not total-demand shares
c,S8,2060,provincial_spatial_network_gap_decomposition,direction_contribution_pct,22.66772614349868,%,provincial spatial-network gap,frozen_dynamic_v08_gap_decomposition,direction,S8,22.66772614349868,shares of spatial-network gap; not total-demand shares
c,S8,2060,provincial_spatial_network_gap_decomposition,capacity_contribution_pct,1.2535959716289726,%,provincial spatial-network gap,frozen_dynamic_v08_gap_decomposition,capacity,S8,1.2535959716289726,shares of spatial-network gap; not total-demand shares
c,S8,2060,provincial_spatial_network_gap_decomposition,topology_access_residual_pct,76.07867788487235,%,provincial spatial-network gap,frozen_dynamic_v08_gap_decomposition,topology_access,S8,76.07867788487235,shares of spatial-network gap; not total-demand shares
d,S5,2060,counterfactual_relaxation,capacity_relaxation_gain_10kt,0.0,10 kt/y,model-called provincial service gain,frozen_robustness_counterfactual,capacity,S5,0.0,counterfactual; no model recomputation
d,S6,2060,counterfactual_relaxation,capacity_relaxation_gain_10kt,28.473399999999856,10 kt/y,model-called provincial service gain,frozen_robustness_counterfactual,capacity,S6,28.473399999999856,counterfactual; no model recomputation
d,S7,2060,counterfactual_relaxation,capacity_relaxation_gain_10kt,0.0,10 kt/y,model-called provincial service gain,frozen_robustness_counterfactual,capacity,S7,0.0,counterfactual; no model recomputation
d,S8,2060,counterfactual_relaxation,capacity_relaxation_gain_10kt,0.0,10 kt/y,model-called provincial service gain,frozen_robustness_counterfactual,capacity,S8,0.0,counterfactual; no model recomputation
d,S5,2060,counterfactual_relaxation,direction_relaxation_gain_10kt,482.2845999999991,10 kt/y,model-called provincial service gain,frozen_robustness_counterfactual,direction,S5,482.2845999999991,counterfactual; no model recomputation
d,S6,2060,counterfactual_relaxation,direction_relaxation_gain_10kt,409.0871000000002,10 kt/y,model-called provincial service gain,frozen_robustness_counterfactual,direction,S6,409.0871000000002,counterfactual; no model recomputation
d,S7,2060,counterfactual_relaxation,direction_relaxation_gain_10kt,777.7376999999997,10 kt/y,model-called provincial service gain,frozen_robustness_counterfactual,direction,S7,777.7376999999997,counterfactual; no model recomputation
d,S8,2060,counterfactual_relaxation,direction_relaxation_gain_10kt,663.8674999999998,10 kt/y,model-called provincial service gain,frozen_robustness_counterfactual,direction,S8,663.8674999999998,counterfactual; no model recomputation
d,S5,2060,counterfactual_relaxation,joint_relaxation_gain_10kt,815.2370999999989,10 kt/y,model-called provincial service gain,frozen_robustness_counterfactual,both,S5,815.2370999999989,counterfactual; no model recomputation
d,S6,2060,counterfactual_relaxation,joint_relaxation_gain_10kt,626.0866000000001,10 kt/y,model-called provincial service gain,frozen_robustness_counterfactual,both,S6,626.0866000000001,counterfactual; no model recomputation
d,S7,2060,counterfactual_relaxation,joint_relaxation_gain_10kt,863.8474999999999,10 kt/y,model-called provincial service gain,frozen_robustness_counterfactual,both,S7,863.8474999999999,counterfactual; no model recomputation
d,S8,2060,counterfactual_relaxation,joint_relaxation_gain_10kt,741.5938999999998,10 kt/y,model-called provincial service gain,frozen_robustness_counterfactual,both,S8,741.5938999999998,counterfactual; no model recomputation
e,S5,2060,complete_existing_network,network_segment,1,directed segment,140 directed physical segments,frozen_existing_pipeline_geometry,vector_network,"87.61399479,93.51362048","43.82418589,42.81802454",N009->N034; design throughput=1000 10 kt/y
e,S5,2060,existing_network_design_throughput,design_throughput_10kt_y,1000.0,10 kt/y,existing directed segment design value,frozen_existing_pipeline_geometry,network_throughput,S001,1000.0,frozen design-throughput field
e,S5,2060,complete_existing_network,network_segment,1,directed segment,140 directed physical segments,frozen_existing_pipeline_geometry,vector_network,"93.51362048,98.49115772","42.81802454,39.73039911",N034->N068; design throughput=1000 10 kt/y
e,S5,2060,existing_network_design_throughput,design_throughput_10kt_y,1000.0,10 kt/y,existing directed segment design value,frozen_existing_pipeline_geometry,network_throughput,S002,1000.0,frozen design-throughput field
e,S5,2060,complete_existing_network,network_segment,1,directed segment,140 directed physical segments,frozen_existing_pipeline_geometry,vector_network,"98.49115772,98.49115772","39.73039911,39.73039911",N068->N136; design throughput=1000 10 kt/y
e,S5,2060,existing_network_design_throughput,design_throughput_10kt_y,1000.0,10 kt/y,existing directed segment design value,frozen_existing_pipeline_geometry,network_throughput,S003,1000.0,frozen design-throughput field
e,S5,2060,complete_existing_network,network_segment,1,directed segment,140 directed physical segments,frozen_existing_pipeline_geometry,vector_network,"98.49115772,100.4482023","39.73039911,38.92467819",N136->N052; design throughput=1000 10 kt/y
e,S5,2060,existing_network_design_throughput,design_throughput_10kt_y,1000.0,10 kt/y,existing directed segment design value,frozen_existing_pipeline_geometry,network_throughput,S004,1000.0,frozen design-throughput field
e,S5,2060,complete_existing_network,network_segment,1,directed segment,140 directed physical segments,frozen_existing_pipeline_geometry,vector_network,"100.4482023,102.63634","38.92467819,37.92858453",N052->N077; design throughput=1000 10 kt/y
e,S5,2060,existing_network_design_throughput,design_throughput_10kt_y,1000.0,10 kt/y,existing directed segment design value,frozen_existing_pipeline_geometry,network_throughput,S005,1000.0,frozen design-throughput field
e,S5,2060,complete_existing_network,network_segment,1,directed segment,140 directed physical segments,frozen_existing_pipeline_geometry,vector_network,"102.63634,103.8314138","37.92858453,36.06163277",N077->N018; design throughput=1000 10 kt/y
e,S5,2060,existing_network_design_throughput,design_throughput_10kt_y,1000.0,10 kt/y,existing directed segment design value,frozen_existing_pipeline_geometry,network_throughput,S006,1000.0,frozen design-throughput field
e,S5,2060,complete_existing_network,network_segment,1,directed segment,140 directed physical segments,frozen_existing_pipeline_geometry,vector_network,"84.88680126,87.3044857","45.57908248,44.00921537",N100->N001; design throughput=100 10 kt/y
e,S5,2060,existing_network_design_throughput,design_throughput_10kt_y,100.0,10 kt/y,existing directed segment design value,frozen_existing_pipeline_geometry,network_throughput,S007,100.0,frozen design-throughput field
e,S5,2060,complete_existing_network,network_segment,1,directed segment,140 directed physical segments,frozen_existing_pipeline_geometry,vector_network,"87.3044857,87.61399479","44.00921537,43.82418589",N001->N009; design throughput=100 10 kt/y
e,S5,2060,existing_network_design_throughput,design_throughput_10kt_y,100.0,10 kt/y,existing directed segment design value,frozen_existing_pipeline_geometry,network_throughput,S008,100.0,frozen design-throughput field
e,S5,2060,complete_existing_network,network_segment,1,directed segment,140 directed physical segments,frozen_existing_pipeline_geometry,vector_network,"84.88680126,87.61399479","45.57908248,43.82418589",N100->N102; design throughput=520 10 kt/y
e,S5,2060,existing_network_design_throughput,design_throughput_10kt_y,520.0,10 kt/y,existing directed segment design value,frozen_existing_pipeline_geometry,network_throughput,S009,520.0,frozen design-throughput field
e,S5,2060,complete_existing_network,network_segment,1,directed segment,140 directed physical segments,frozen_existing_pipeline_geometry,vector_network,"84.88680126,87.61399479","45.57908248,43.82418589",N015->N102; design throughput=160 10 kt/y
e,S5,2060,existing_network_design_throughput,design_throughput_10kt_y,160.0,10 kt/y,existing directed segment design value,frozen_existing_pipeline_geometry,network_throughput,S010,160.0,frozen design-throughput field
e,S5,2060,complete_existing_network,network_segment,1,directed segment,140 directed physical segments,frozen_existing_pipeline_geometry,vector_network,"84.88680126,87.61399479","45.57908248,43.82418589",N015->N102; design throughput=400 10 kt/y
e,S5,2060,existing_network_design_throughput,design_throughput_10kt_y,400.0,10 kt/y,existing directed segment design value,frozen_existing_pipeline_geometry,network_throughput,S011,400.0,frozen design-throughput field
e,S5,2060,complete_existing_network,network_segment,1,directed segment,140 directed physical segments,frozen_existing_pipeline_geometry,vector_network,"103.8314138,108.7047772","36.06163277,34.3303351",N018->N033; design throughput=1000 10 kt/y
e,S5,2060,existing_network_design_throughput,design_throughput_10kt_y,1000.0,10 kt/y,existing directed segment design value,frozen_existing_pipeline_geometry,network_throughput,S012,1000.0,frozen design-throughput field
e,S5,2060,complete_existing_network,network_segment,1,directed segment,140 directed physical segments,frozen_existing_pipeline_geometry,vector_network,"108.7047772,113.6193176","34.3303351,34.74752068",N033->N133; design throughput=1500 10 kt/y
e,S5,2060,existing_network_design_throughput,design_throughput_10kt_y,1500.0,10 kt/y,existing directed segment design value,frozen_existing_pipeline_geometry,network_throughput,S013,1500.0,frozen design-throughput field
e,S5,2060,complete_existing_network,network_segment,1,directed segment,140 directed physical segments,frozen_existing_pipeline_geometry,vector_network,"113.6193176,114.3012374","34.74752068,30.59713291",N133->N078; design throughput=1000 10 kt/y
e,S5,2060,existing_network_design_throughput,design_throughput_10kt_y,1000.0,10 kt/y,existing directed segment design value,frozen_existing_pipeline_geometry,network_throughput,S014,1000.0,frozen design-throughput field
e,S5,2060,complete_existing_network,network_segment,1,directed segment,140 directed physical segments,frozen_existing_pipeline_geometry,vector_network,"114.3012374,112.9334488","30.59713291,28.23178771",N078->N144; design throughput=500 10 kt/y
e,S5,2060,existing_network_design_throughput,design_throughput_10kt_y,500.0,10 kt/y,existing directed segment design value,frozen_existing_pipeline_geometry,network_throughput,S015,500.0,frozen design-throughput field
e,S5,2060,complete_existing_network,network_segment,1,directed segment,140 directed physical segments,frozen_existing_pipeline_geometry,vector_network,"117.2614223,116.855601","39.13515139,38.31116389",N037->N084; design throughput=285 10 kt/y
e,S5,2060,existing_network_design_throughput,design_throughput_10kt_y,285.0,10 kt/y,existing directed segment design value,frozen_existing_pipeline_geometry,network_throughput,S016,285.0,frozen design-throughput field
e,S5,2060,complete_existing_network,network_segment,1,directed segment,140 directed physical segments,frozen_existing_pipeline_geometry,vector_network,"116.855601,116.3499607","38.31116389,37.4368547",N084->N055; design throughput=285 10 kt/y
e,S5,2060,existing_network_design_throughput,design_throughput_10kt_y,285.0,10 kt/y,existing directed segment design value,frozen_existing_pipeline_geometry,network_throughput,S017,285.0,frozen design-throughput field
e,S5,2060,complete_existing_network,network_segment,1,directed segment,140 directed physical segments,frozen_existing_pipeline_geometry,vector_network,"116.3499607,116.9954885","37.4368547,36.64792998",N055->N089; design throughput=285 10 kt/y
e,S5,2060,existing_network_design_throughput,design_throughput_10kt_y,285.0,10 kt/y,existing directed segment design value,frozen_existing_pipeline_geometry,network_throughput,S018,285.0,frozen design-throughput field
e,S5,2060,complete_existing_network,network_segment,1,directed segment,140 directed physical segments,frozen_existing_pipeline_geometry,vector_network,"116.9954885,116.9954885","36.64792998,36.64792998",N089->N089; design throughput=285 10 kt/y
e,S5,2060,existing_network_design_throughput,design_throughput_10kt_y,285.0,10 kt/y,existing directed segment design value,frozen_existing_pipeline_geometry,network_throughput,S019,285.0,frozen design-throughput field
e,S5,2060,complete_existing_network,network_segment,1,directed segment,140 directed physical segments,frozen_existing_pipeline_geometry,vector_network,"116.9954885,116.5836833","36.64792998,35.41651785",N089->N016; design throughput=285 10 kt/y
e,S5,2060,existing_network_design_throughput,design_throughput_10kt_y,285.0,10 kt/y,existing directed segment design value,frozen_existing_pipeline_geometry,network_throughput,S020,285.0,frozen design-throughput field
e,S5,2060,complete_existing_network,network_segment,1,directed segment,140 directed physical segments,frozen_existing_pipeline_geometry,vector_network,"106.2305529,107.3813318","38.4866953,40.7431593",N139->N049; design throughput=240 10 kt/y
e,S5,2060,existing_network_design_throughput,design_throughput_10kt_y,240.0,10 kt/y,existing directed segment design value,frozen_existing_pipeline_geometry,network_throughput,S021,240.0,frozen design-throughput field
e,S5,2060,complete_existing_network,network_segment,1,directed segment,140 directed physical segments,frozen_existing_pipeline_geometry,vector_network,"116.5836833,117.0815513","35.41651785,36.20000913",N016->N114; design throughput=285 10 kt/y
e,S5,2060,existing_network_design_throughput,design_throughput_10kt_y,285.0,10 kt/y,existing directed segment design value,frozen_existing_pipeline_geometry,network_throughput,S022,285.0,frozen design-throughput field
e,S5,2060,complete_existing_network,network_segment,1,directed segment,140 directed physical segments,frozen_existing_pipeline_geometry,vector_network,"117.0815513,117.3160283","36.20000913,34.81395871",N114->N067; design throughput=285 10 kt/y
e,S5,2060,existing_network_design_throughput,design_throughput_10kt_y,285.0,10 kt/y,existing directed segment design value,frozen_existing_pipeline_geometry,network_throughput,S023,285.0,frozen design-throughput field
e,S5,2060,complete_existing_network,network_segment,1,directed segment,140 directed physical segments,frozen_existing_pipeline_geometry,vector_network,"111.7415103,109.9479759","40.84127836,40.62075692",N032->N020; design throughput=200 10 kt/y
e,S5,2060,existing_network_design_throughput,design_throughput_10kt_y,200.0,10 kt/y,existing directed segment design value,frozen_existing_pipeline_geometry,network_throughput,S024,200.0,frozen design-throughput field
e,S5,2060,complete_existing_network,network_segment,1,directed segment,140 directed physical segments,frozen_existing_pipeline_geometry,vector_network,"109.9479759,109.7767426","40.62075692,39.60774057",N020->N135; design throughput=200 10 kt/y
e,S5,2060,existing_network_design_throughput,design_throughput_10kt_y,200.0,10 kt/y,existing directed segment design value,frozen_existing_pipeline_geometry,network_throughput,S025,200.0,frozen design-throughput field
e,S5,2060,complete_existing_network,network_segment,1,directed segment,140 directed physical segments,frozen_existing_pipeline_geometry,vector_network,"123.9514419,123.2315378","41.87872444,41.26650675",N058->N130; design throughput=600 10 kt/y
e,S5,2060,existing_network_design_throughput,design_throughput_10kt_y,600.0,10 kt/y,existing directed segment design value,frozen_existing_pipeline_geometry,network_throughput,S026,600.0,frozen design-throughput field
e,S5,2060,complete_existing_network,network_segment,1,directed segment,140 directed physical segments,frozen_existing_pipeline_geometry,vector_network,"123.2315378,122.1637099","41.26650675,40.71960167",N130->N129; design throughput=600 10 kt/y
e,S5,2060,existing_network_design_throughput,design_throughput_10kt_y,600.0,10 kt/y,existing directed segment design value,frozen_existing_pipeline_geometry,network_throughput,S027,600.0,frozen design-throughput field
e,S5,2060,complete_existing_network,network_segment,1,directed segment,140 directed physical segments,frozen_existing_pipeline_geometry,vector_network,"122.1637099,121.1213238","40.71960167,41.09367767",N129->N140; design throughput=750 10 kt/y
e,S5,2060,existing_network_design_throughput,design_throughput_10kt_y,750.0,10 kt/y,existing directed segment design value,frozen_existing_pipeline_geometry,network_throughput,S028,750.0,frozen design-throughput field
e,S5,2060,complete_existing_network,network_segment,1,directed segment,140 directed physical segments,frozen_existing_pipeline_geometry,vector_network,"121.1213238,116.6776883","41.09367767,39.53722851",N140->N036; design throughput=1300 10 kt/y
e,S5,2060,existing_network_design_throughput,design_throughput_10kt_y,1300.0,10 kt/y,existing directed segment design value,frozen_existing_pipeline_geometry,network_throughput,S029,1300.0,frozen design-throughput field
e,S5,2060,complete_existing_network,network_segment,1,directed segment,140 directed physical segments,frozen_existing_pipeline_geometry,vector_network,"116.6776883,115.4554531","39.53722851,38.87308485",N036->N012; design throughput=800 10 kt/y
e,S5,2060,existing_network_design_throughput,design_throughput_10kt_y,800.0,10 kt/y,existing directed segment design value,frozen_existing_pipeline_geometry,network_throughput,S030,800.0,frozen design-throughput field
e,S5,2060,complete_existing_network,network_segment,1,directed segment,140 directed physical segments,frozen_existing_pipeline_geometry,vector_network,"115.4554531,114.5356201","38.87308485,36.62685489",N012->N132; design throughput=1100 10 kt/y
e,S5,2060,existing_network_design_throughput,design_throughput_10kt_y,1100.0,10 kt/y,existing directed segment design value,frozen_existing_pipeline_geometry,network_throughput,S031,1100.0,frozen design-throughput field
e,S5,2060,complete_existing_network,network_segment,1,directed segment,140 directed physical segments,frozen_existing_pipeline_geometry,vector_network,"114.5356201,113.6193176","36.62685489,34.74752068",N132->N133; design throughput=800 10 kt/y
e,S5,2060,existing_network_design_throughput,design_throughput_10kt_y,800.0,10 kt/y,existing directed segment design value,frozen_existing_pipeline_geometry,network_throughput,S032,800.0,frozen design-throughput field
e,S5,2060,complete_existing_network,network_segment,1,directed segment,140 directed physical segments,frozen_existing_pipeline_geometry,vector_network,"126.549541,125.3184929","43.83796639,43.81369331",N031->N143; design throughput=245 10 kt/y
e,S5,2060,existing_network_design_throughput,design_throughput_10kt_y,245.0,10 kt/y,existing directed segment design value,frozen_existing_pipeline_geometry,network_throughput,S033,245.0,frozen design-throughput field
e,S5,2060,complete_existing_network,network_segment,1,directed segment,140 directed physical segments,frozen_existing_pipeline_geometry,vector_network,"103.8314138,104.0385743","36.06163277,30.69284828",N018->N057; design throughput=700 10 kt/y
e,S5,2060,existing_network_design_throughput,design_throughput_10kt_y,700.0,10 kt/y,existing directed segment design value,frozen_existing_pipeline_geometry,network_throughput,S034,700.0,frozen design-throughput field
e,S5,2060,complete_existing_network,network_segment,1,directed segment,140 directed physical segments,frozen_existing_pipeline_geometry,vector_network,"104.0385743,106.5467371","30.69284828,29.56659842",N057->N137; design throughput=350 10 kt/y
e,S5,2060,existing_network_design_throughput,design_throughput_10kt_y,350.0,10 kt/y,existing directed segment design value,frozen_existing_pipeline_geometry,network_throughput,S035,350.0,frozen design-throughput field
e,S5,2060,complete_existing_network,network_segment,1,directed segment,140 directed physical segments,frozen_existing_pipeline_geometry,vector_network,"102.7432509,100.2621213","25.08100417,25.60771126",N044->N038; design throughput=173 10 kt/y
e,S5,2060,existing_network_design_throughput,design_throughput_10kt_y,173.0,10 kt/y,existing directed segment design value,frozen_existing_pipeline_geometry,network_throughput,S036,173.0,frozen design-throughput field
e,S5,2060,complete_existing_network,network_segment,1,directed segment,140 directed physical segments,frozen_existing_pipeline_geometry,vector_network,"100.2621213,99.15527561","25.60771126,25.1118833",N038->N013; design throughput=57 10 kt/y
e,S5,2060,existing_network_design_throughput,design_throughput_10kt_y,57.0,10 kt/y,existing directed segment design value,frozen_existing_pipeline_geometry,network_throughput,S037,57.0,frozen design-throughput field
e,S5,2060,complete_existing_network,network_segment,1,directed segment,140 directed physical segments,frozen_existing_pipeline_geometry,vector_network,"102.7432509,102.5258923","25.08100417,24.35033692",N044->N101; design throughput=225 10 kt/y
e,S5,2060,existing_network_design_throughput,design_throughput_10kt_y,225.0,10 kt/y,existing directed segment design value,frozen_existing_pipeline_geometry,network_throughput,S038,225.0,frozen design-throughput field
e,S5,2060,complete_existing_network,network_segment,1,directed segment,140 directed physical segments,frozen_existing_pipeline_geometry,vector_network,"102.5258923,103.3740373","24.35033692,23.36579148",N101->N121; design throughput=115 10 kt/y
e,S5,2060,existing_network_design_throughput,design_throughput_10kt_y,115.0,10 kt/y,existing directed segment design value,frozen_existing_pipeline_geometry,network_throughput,S039,115.0,frozen design-throughput field
e,S5,2060,complete_existing_network,network_segment,1,directed segment,140 directed physical segments,frozen_existing_pipeline_geometry,vector_network,"102.7432509,102.7432509","25.08100417,25.08100417",N044->N047; design throughput=323 10 kt/y
e,S5,2060,existing_network_design_throughput,design_throughput_10kt_y,323.0,10 kt/y,existing directed segment design value,frozen_existing_pipeline_geometry,network_throughput,S040,323.0,frozen design-throughput field
e,S5,2060,complete_existing_network,network_segment,1,directed segment,140 directed physical segments,frozen_existing_pipeline_geometry,vector_network,"102.7432509,103.7914451","25.08100417,25.49347973",N047->N066; design throughput=155 10 kt/y
e,S5,2060,existing_network_design_throughput,design_throughput_10kt_y,155.0,10 kt/y,existing directed segment design value,frozen_existing_pipeline_geometry,network_throughput,S041,155.0,frozen design-throughput field
e,S5,2060,complete_existing_network,network_segment,1,directed segment,140 directed physical segments,frozen_existing_pipeline_geometry,vector_network,"102.7432509,102.7432509","25.08100417,25.08100417",N047->N063; design throughput=168 10 kt/y
e,S5,2060,existing_network_design_throughput,design_throughput_10kt_y,168.0,10 kt/y,existing directed segment design value,frozen_existing_pipeline_geometry,network_throughput,S042,168.0,frozen design-throughput field
e,S5,2060,complete_existing_network,network_segment,1,directed segment,140 directed physical segments,frozen_existing_pipeline_geometry,vector_network,"108.6506176,108.3621636","21.98377513,22.82027814",N138->N024; design throughput=500 10 kt/y
e,S5,2060,existing_network_design_throughput,design_throughput_10kt_y,500.0,10 kt/y,existing directed segment design value,frozen_existing_pipeline_geometry,network_throughput,S043,500.0,frozen design-throughput field
e,S5,2060,complete_existing_network,network_segment,1,directed segment,140 directed physical segments,frozen_existing_pipeline_geometry,vector_network,"108.3621636,109.4257429","22.82027814,24.32828748",N024->N069; design throughput=300 10 kt/y
e,S5,2060,existing_network_design_throughput,design_throughput_10kt_y,300.0,10 kt/y,existing directed segment design value,frozen_existing_pipeline_geometry,network_throughput,S044,300.0,frozen design-throughput field
e,S5,2060,complete_existing_network,network_segment,1,directed segment,140 directed physical segments,frozen_existing_pipeline_geometry,vector_network,"110.3828201,110.9216638","21.26187491,21.66642469",N095->N117; design throughput=500 10 kt/y
e,S5,2060,existing_network_design_throughput,design_throughput_10kt_y,500.0,10 kt/y,existing directed segment design value,frozen_existing_pipeline_geometry,network_throughput,S045,500.0,frozen design-throughput field
e,S5,2060,complete_existing_network,network_segment,1,directed segment,140 directed physical segments,frozen_existing_pipeline_geometry,vector_network,"110.9216638,109.4257429","21.66642469,24.32828748",N117->N069; design throughput=800 10 kt/y
e,S5,2060,existing_network_design_throughput,design_throughput_10kt_y,800.0,10 kt/y,existing directed segment design value,frozen_existing_pipeline_geometry,network_throughput,S046,800.0,frozen design-throughput field
e,S5,2060,complete_existing_network,network_segment,1,directed segment,140 directed physical segments,frozen_existing_pipeline_geometry,vector_network,"109.4257429,106.6930042","24.32828748,26.73530793",N069->N127; design throughput=800 10 kt/y
e,S5,2060,existing_network_design_throughput,design_throughput_10kt_y,800.0,10 kt/y,existing directed segment design value,frozen_existing_pipeline_geometry,network_throughput,S047,800.0,frozen design-throughput field
e,S5,2060,complete_existing_network,network_segment,1,directed segment,140 directed physical segments,frozen_existing_pipeline_geometry,vector_network,"106.6930042,103.7914451","26.73530793,25.49347973",N127->N066; design throughput=800 10 kt/y
e,S5,2060,existing_network_design_throughput,design_throughput_10kt_y,800.0,10 kt/y,existing directed segment design value,frozen_existing_pipeline_geometry,network_throughput,S048,800.0,frozen design-throughput field
e,S5,2060,complete_existing_network,network_segment,1,directed segment,140 directed physical segments,frozen_existing_pipeline_geometry,vector_network,"106.5467371,106.5467371","29.56659842,29.56659842",N080->N137; design throughput=800 10 kt/y
e,S5,2060,existing_network_design_throughput,design_throughput_10kt_y,800.0,10 kt/y,existing directed segment design value,frozen_existing_pipeline_geometry,network_throughput,S049,800.0,frozen design-throughput field
e,S5,2060,complete_existing_network,network_segment,1,directed segment,140 directed physical segments,frozen_existing_pipeline_geometry,vector_network,"109.4257429,109.4257429","24.32828748,24.32828748",N069->N070; design throughput=500 10 kt/y
e,S5,2060,existing_network_design_throughput,design_throughput_10kt_y,500.0,10 kt/y,existing directed segment design value,frozen_existing_pipeline_geometry,network_throughput,S050,500.0,frozen design-throughput field
e,S5,2060,complete_existing_network,network_segment,1,directed segment,140 directed physical segments,frozen_existing_pipeline_geometry,vector_network,"106.6930042,104.0385743","26.73530793,30.69284828",N127->N109; design throughput=600 10 kt/y
e,S5,2060,existing_network_design_throughput,design_throughput_10kt_y,600.0,10 kt/y,existing directed segment design value,frozen_existing_pipeline_geometry,network_throughput,S051,600.0,frozen design-throughput field
e,S5,2060,complete_existing_network,network_segment,1,directed segment,140 directed physical segments,frozen_existing_pipeline_geometry,vector_network,"109.4257429,110.2833245","24.32828748,25.27690019",N069->N073; design throughput=600 10 kt/y
e,S5,2060,existing_network_design_throughput,design_throughput_10kt_y,600.0,10 kt/y,existing directed segment design value,frozen_existing_pipeline_geometry,network_throughput,S052,600.0,frozen design-throughput field
e,S5,2060,complete_existing_network,network_segment,1,directed segment,140 directed physical segments,frozen_existing_pipeline_geometry,vector_network,"110.3828201,108.3621636","21.26187491,22.82027814",N006->N024; design throughput=800 10 kt/y
e,S5,2060,existing_network_design_throughput,design_throughput_10kt_y,800.0,10 kt/y,existing directed segment design value,frozen_existing_pipeline_geometry,network_throughput,S053,800.0,frozen design-throughput field
e,S5,2060,complete_existing_network,network_segment,1,directed segment,140 directed physical segments,frozen_existing_pipeline_geometry,vector_network,"108.3621636,102.7432509","22.82027814,25.08100417",N024->N141; design throughput=800 10 kt/y
e,S5,2060,existing_network_design_throughput,design_throughput_10kt_y,800.0,10 kt/y,existing directed segment design value,frozen_existing_pipeline_geometry,network_throughput,S054,800.0,frozen design-throughput field
e,S5,2060,complete_existing_network,network_segment,1,directed segment,140 directed physical segments,frozen_existing_pipeline_geometry,vector_network,"102.7432509,100.2621213","25.08100417,25.60771126",N141->N038; design throughput=800 10 kt/y
e,S5,2060,existing_network_design_throughput,design_throughput_10kt_y,800.0,10 kt/y,existing directed segment design value,frozen_existing_pipeline_geometry,network_throughput,S055,800.0,frozen design-throughput field
e,S5,2060,complete_existing_network,network_segment,1,directed segment,140 directed physical segments,frozen_existing_pipeline_geometry,vector_network,"108.3621636,108.3621636","22.82027814,22.82027814",N024->N151; design throughput=800 10 kt/y
e,S5,2060,existing_network_design_throughput,design_throughput_10kt_y,800.0,10 kt/y,existing directed segment design value,frozen_existing_pipeline_geometry,network_throughput,S056,800.0,frozen design-throughput field
e,S5,2060,complete_existing_network,network_segment,1,directed segment,140 directed physical segments,frozen_existing_pipeline_geometry,vector_network,"102.7432509,103.7914451","25.08100417,25.49347973",N141->N066; design throughput=800 10 kt/y
e,S5,2060,existing_network_design_throughput,design_throughput_10kt_y,800.0,10 kt/y,existing directed segment design value,frozen_existing_pipeline_geometry,network_throughput,S057,800.0,frozen design-throughput field
e,S5,2060,complete_existing_network,network_segment,1,directed segment,140 directed physical segments,frozen_existing_pipeline_geometry,vector_network,"102.7432509,102.7432509","25.08100417,25.08100417",N108->N062; design throughput=800 10 kt/y
e,S5,2060,existing_network_design_throughput,design_throughput_10kt_y,800.0,10 kt/y,existing directed segment design value,frozen_existing_pipeline_geometry,network_throughput,S058,800.0,frozen design-throughput field
e,S5,2060,complete_existing_network,network_segment,1,directed segment,140 directed physical segments,frozen_existing_pipeline_geometry,vector_network,"110.9216638,113.0740716","21.66642469,22.58145271",N117->N081; design throughput=550 10 kt/y
e,S5,2060,existing_network_design_throughput,design_throughput_10kt_y,550.0,10 kt/y,existing directed segment design value,frozen_existing_pipeline_geometry,network_throughput,S059,550.0,frozen design-throughput field
e,S5,2060,complete_existing_network,network_segment,1,directed segment,140 directed physical segments,frozen_existing_pipeline_geometry,vector_network,"113.2578297,113.1135059","23.1332448,23.02428458",N026->N027; design throughput=250 10 kt/y
e,S5,2060,existing_network_design_throughput,design_throughput_10kt_y,250.0,10 kt/y,existing directed segment design value,frozen_existing_pipeline_geometry,network_throughput,S060,250.0,frozen design-throughput field
e,S5,2060,complete_existing_network,network_segment,1,directed segment,140 directed physical segments,frozen_existing_pipeline_geometry,vector_network,"113.1135059,113.2578297","23.02428458,23.1332448",N003->N115; design throughput=250 10 kt/y
e,S5,2060,existing_network_design_throughput,design_throughput_10kt_y,250.0,10 kt/y,existing directed segment design value,frozen_existing_pipeline_geometry,network_throughput,S061,250.0,frozen design-throughput field
e,S5,2060,complete_existing_network,network_segment,1,directed segment,140 directed physical segments,frozen_existing_pipeline_geometry,vector_network,"113.2578297,113.5728911","23.1332448,22.2745396",N026->N060; design throughput=100 10 kt/y
e,S5,2060,existing_network_design_throughput,design_throughput_10kt_y,100.0,10 kt/y,existing directed segment design value,frozen_existing_pipeline_geometry,network_throughput,S062,100.0,frozen design-throughput field
e,S5,2060,complete_existing_network,network_segment,1,directed segment,140 directed physical segments,frozen_existing_pipeline_geometry,vector_network,"113.5728911,113.5728911","22.2745396,22.2745396",N021->N103; design throughput=100 10 kt/y
e,S5,2060,existing_network_design_throughput,design_throughput_10kt_y,100.0,10 kt/y,existing directed segment design value,frozen_existing_pipeline_geometry,network_throughput,S063,100.0,frozen design-throughput field
e,S5,2060,complete_existing_network,network_segment,1,directed segment,140 directed physical segments,frozen_existing_pipeline_geometry,vector_network,"113.2578297,113.2578297","23.1332448,23.1332448",N150->N026; design throughput=300 10 kt/y
e,S5,2060,existing_network_design_throughput,design_throughput_10kt_y,300.0,10 kt/y,existing directed segment design value,frozen_existing_pipeline_geometry,network_throughput,S064,300.0,frozen design-throughput field
e,S5,2060,complete_existing_network,network_segment,1,directed segment,140 directed physical segments,frozen_existing_pipeline_geometry,vector_network,"113.2578297,114.4106386","23.1332448,23.11487488",N150->N056; design throughput=350 10 kt/y
e,S5,2060,existing_network_design_throughput,design_throughput_10kt_y,350.0,10 kt/y,existing directed segment design value,frozen_existing_pipeline_geometry,network_throughput,S065,350.0,frozen design-throughput field
e,S5,2060,complete_existing_network,network_segment,1,directed segment,140 directed physical segments,frozen_existing_pipeline_geometry,vector_network,"114.0548095,114.0548095","22.54760649,22.54760649",N039->N041; design throughput=250 10 kt/y
e,S5,2060,existing_network_design_throughput,design_throughput_10kt_y,250.0,10 kt/y,existing directed segment design value,frozen_existing_pipeline_geometry,network_throughput,S066,250.0,frozen design-throughput field
e,S5,2060,complete_existing_network,network_segment,1,directed segment,140 directed physical segments,frozen_existing_pipeline_geometry,vector_network,"114.4106386,116.1160706","23.11487488,24.29108064",N056->N075; design throughput=120 10 kt/y
e,S5,2060,existing_network_design_throughput,design_throughput_10kt_y,120.0,10 kt/y,existing directed segment design value,frozen_existing_pipeline_geometry,network_throughput,S067,120.0,frozen design-throughput field
e,S5,2060,complete_existing_network,network_segment,1,directed segment,140 directed physical segments,frozen_existing_pipeline_geometry,vector_network_unknown_throughput,"114.3012374,114.0851703","30.59713291,32.15058474",N078->N014; design throughput unknown (missing frozen value); unknown is not zero
e,S5,2060,existing_network_design_throughput,design_throughput_10kt_y,,10 kt/y,existing directed segment design value,frozen_existing_pipeline_geometry,network_throughput_unknown,S068,,unknown is not zero
e,S5,2060,complete_existing_network,network_segment,1,directed segment,140 directed physical segments,frozen_existing_pipeline_geometry,vector_network,"113.3761098,113.3761098","31.69215886,31.69215886",N050->N051; design throughput=10 10 kt/y
e,S5,2060,existing_network_design_throughput,design_throughput_10kt_y,10.0,10 kt/y,existing directed segment design value,frozen_existing_pipeline_geometry,network_throughput,S069,10.0,frozen design-throughput field
e,S5,2060,complete_existing_network,network_segment,1,directed segment,140 directed physical segments,frozen_existing_pipeline_geometry,vector_network,"112.1931881,112.1159833","31.03762742,32.01139396",N119->N124; design throughput=350 10 kt/y
e,S5,2060,existing_network_design_throughput,design_throughput_10kt_y,350.0,10 kt/y,existing directed segment design value,frozen_existing_pipeline_geometry,network_throughput,S070,350.0,frozen design-throughput field
e,S5,2060,complete_existing_network,network_segment,1,directed segment,140 directed physical segments,frozen_existing_pipeline_geometry,vector_network,"112.1931881,112.2348628","31.03762742,30.33970576",N119->N118; design throughput=150 10 kt/y
e,S5,2060,existing_network_design_throughput,design_throughput_10kt_y,150.0,10 kt/y,existing directed segment design value,frozen_existing_pipeline_geometry,network_throughput,S071,150.0,frozen design-throughput field
e,S5,2060,complete_existing_network,network_segment,1,directed segment,140 directed physical segments,frozen_existing_pipeline_geometry,vector_network,"113.260805,113.260805","29.47623236,29.47623236",N142->N002; design throughput=600 10 kt/y
e,S5,2060,existing_network_design_throughput,design_throughput_10kt_y,600.0,10 kt/y,existing directed segment design value,frozen_existing_pipeline_geometry,network_throughput,S072,600.0,frozen design-throughput field
e,S5,2060,complete_existing_network,network_segment,1,directed segment,140 directed physical segments,frozen_existing_pipeline_geometry,vector_network,"113.260805,113.260805","29.47623236,29.47623236",N002->N083; design throughput=560 10 kt/y
e,S5,2060,existing_network_design_throughput,design_throughput_10kt_y,560.0,10 kt/y,existing directed segment design value,frozen_existing_pipeline_geometry,network_throughput,S073,560.0,frozen design-throughput field
e,S5,2060,complete_existing_network,network_segment,1,directed segment,140 directed physical segments,frozen_existing_pipeline_geometry,vector_network,"113.260805,112.9334488","29.47623236,28.23178771",N083->N144; design throughput=538 10 kt/y
e,S5,2060,existing_network_design_throughput,design_throughput_10kt_y,538.0,10 kt/y,existing directed segment design value,frozen_existing_pipeline_geometry,network_throughput,S074,538.0,frozen design-throughput field
e,S5,2060,complete_existing_network,network_segment,1,directed segment,140 directed physical segments,frozen_existing_pipeline_geometry,vector_network,"112.9334488,112.9385458","28.23178771,27.83333305",N144->N094; design throughput=385 10 kt/y
e,S5,2060,existing_network_design_throughput,design_throughput_10kt_y,385.0,10 kt/y,existing directed segment design value,frozen_existing_pipeline_geometry,network_throughput,S075,385.0,frozen design-throughput field
e,S5,2060,complete_existing_network,network_segment,1,directed segment,140 directed physical segments,frozen_existing_pipeline_geometry,vector_network,"112.9385458,112.5664064","27.83333305,26.89725267",N094->N123; design throughput=220 10 kt/y
e,S5,2060,existing_network_design_throughput,design_throughput_10kt_y,220.0,10 kt/y,existing directed segment design value,frozen_existing_pipeline_geometry,network_throughput,S076,220.0,frozen design-throughput field
e,S5,2060,complete_existing_network,network_segment,1,directed segment,140 directed physical segments,frozen_existing_pipeline_geometry,vector_network,"112.5664064,112.5664064","26.89725267,26.89725267",N123->N112; design throughput=136 10 kt/y
e,S5,2060,existing_network_design_throughput,design_throughput_10kt_y,136.0,10 kt/y,existing directed segment design value,frozen_existing_pipeline_geometry,network_throughput,S077,136.0,frozen design-throughput field
e,S5,2060,complete_existing_network,network_segment,1,directed segment,140 directed physical segments,frozen_existing_pipeline_geometry,vector_network,"112.5664064,113.0099272","26.89725267,25.77315809",N112->N134; design throughput=100 10 kt/y
e,S5,2060,existing_network_design_throughput,design_throughput_10kt_y,100.0,10 kt/y,existing directed segment design value,frozen_existing_pipeline_geometry,network_throughput,S078,100.0,frozen design-throughput field
e,S5,2060,complete_existing_network,network_segment,1,directed segment,140 directed physical segments,frozen_existing_pipeline_geometry,vector_network,"112.9385458,111.990876","27.83333305,27.70083635",N094->N042; design throughput=250 10 kt/y
e,S5,2060,existing_network_design_throughput,design_throughput_10kt_y,250.0,10 kt/y,existing directed segment design value,frozen_existing_pipeline_geometry,network_throughput,S079,250.0,frozen design-throughput field
e,S5,2060,complete_existing_network,network_segment,1,directed segment,140 directed physical segments,frozen_existing_pipeline_geometry,vector_network,"112.9385458,113.1266032","27.83333305,27.83380795",N094->N071; design throughput=350 10 kt/y
e,S5,2060,existing_network_design_throughput,design_throughput_10kt_y,350.0,10 kt/y,existing directed segment design value,frozen_existing_pipeline_geometry,network_throughput,S080,350.0,frozen design-throughput field
e,S5,2060,complete_existing_network,network_segment,1,directed segment,140 directed physical segments,frozen_existing_pipeline_geometry,vector_network,"115.9490642,115.8530507","29.65948813,28.68633588",N010->N025; design throughput=330 10 kt/y
e,S5,2060,existing_network_design_throughput,design_throughput_10kt_y,330.0,10 kt/y,existing directed segment design value,frozen_existing_pipeline_geometry,network_throughput,S081,330.0,frozen design-throughput field
e,S5,2060,complete_existing_network,network_segment,1,directed segment,140 directed physical segments,frozen_existing_pipeline_geometry,vector_network,"115.8530507,114.9619304","28.68633588,27.09470019",N025->N030; design throughput=240 10 kt/y
e,S5,2060,existing_network_design_throughput,design_throughput_10kt_y,240.0,10 kt/y,existing directed segment design value,frozen_existing_pipeline_geometry,network_throughput,S082,240.0,frozen design-throughput field
e,S5,2060,complete_existing_network,network_segment,1,directed segment,140 directed physical segments,frozen_existing_pipeline_geometry,vector_network,"114.9619304,114.4123745","27.09470019,27.81877183",N030->N076; design throughput=274 10 kt/y
e,S5,2060,existing_network_design_throughput,design_throughput_10kt_y,274.0,10 kt/y,existing directed segment design value,frozen_existing_pipeline_geometry,network_throughput,S083,274.0,frozen design-throughput field
e,S5,2060,complete_existing_network,network_segment,1,directed segment,140 directed physical segments,frozen_existing_pipeline_geometry,vector_network,"114.4123745,114.9288134","27.81877183,25.83432314",N076->N128; design throughput=170 10 kt/y
e,S5,2060,existing_network_design_throughput,design_throughput_10kt_y,170.0,10 kt/y,existing directed segment design value,frozen_existing_pipeline_geometry,network_throughput,S084,170.0,frozen design-throughput field
e,S5,2060,complete_existing_network,network_segment,1,directed segment,140 directed physical segments,frozen_existing_pipeline_geometry,vector_network_unknown_throughput,"117.938144,114.4123745","28.45851288,27.81877183",N004->N076; design throughput unknown (missing frozen value); unknown is not zero
e,S5,2060,existing_network_design_throughput,design_throughput_10kt_y,,10 kt/y,existing directed segment design value,frozen_existing_pipeline_geometry,network_throughput_unknown,S085,,unknown is not zero
e,S5,2060,complete_existing_network,network_segment,1,directed segment,140 directed physical segments,frozen_existing_pipeline_geometry,vector_network,"117.107568,117.2197334","30.53495975,31.82313855",N045->N029; design throughput=410 10 kt/y
e,S5,2060,existing_network_design_throughput,design_throughput_10kt_y,410.0,10 kt/y,existing directed segment design value,frozen_existing_pipeline_geometry,network_throughput,S086,410.0,frozen design-throughput field
e,S5,2060,complete_existing_network,network_segment,1,directed segment,140 directed physical segments,frozen_existing_pipeline_geometry,vector_network,"117.2197334,117.0131142","31.82313855,32.58738167",N029->N092; design throughput=270 10 kt/y
e,S5,2060,existing_network_design_throughput,design_throughput_10kt_y,270.0,10 kt/y,existing directed segment design value,frozen_existing_pipeline_geometry,network_throughput,S087,270.0,frozen design-throughput field
e,S5,2060,complete_existing_network,network_segment,1,directed segment,140 directed physical segments,frozen_existing_pipeline_geometry,vector_network,"117.0131142,115.8074841","32.58738167,32.89327954",N092->N145; design throughput=140 10 kt/y
e,S5,2060,existing_network_design_throughput,design_throughput_10kt_y,140.0,10 kt/y,existing directed segment design value,frozen_existing_pipeline_geometry,network_throughput,S088,140.0,frozen design-throughput field
e,S5,2060,complete_existing_network,network_segment,1,directed segment,140 directed physical segments,frozen_existing_pipeline_geometry,vector_network,"115.8074841,115.7750466","32.89327954,33.84858031",N145->N011; design throughput=140 10 kt/y
e,S5,2060,existing_network_design_throughput,design_throughput_10kt_y,140.0,10 kt/y,existing directed segment design value,frozen_existing_pipeline_geometry,network_throughput,S089,140.0,frozen design-throughput field
e,S5,2060,complete_existing_network,network_segment,1,directed segment,140 directed physical segments,frozen_existing_pipeline_geometry,vector_network,"117.107568,117.2197334","30.53495975,31.82313855",N045->N029; design throughput=120 10 kt/y
e,S5,2060,existing_network_design_throughput,design_throughput_10kt_y,120.0,10 kt/y,existing directed segment design value,frozen_existing_pipeline_geometry,network_throughput,S090,120.0,frozen design-throughput field
e,S5,2060,complete_existing_network,network_segment,1,directed segment,140 directed physical segments,frozen_existing_pipeline_geometry,vector_network,"117.2197334,116.5092677","31.82313855,31.73197266",N029->N017; design throughput=140 10 kt/y
e,S5,2060,existing_network_design_throughput,design_throughput_10kt_y,140.0,10 kt/y,existing directed segment design value,frozen_existing_pipeline_geometry,network_throughput,S091,140.0,frozen design-throughput field
e,S5,2060,complete_existing_network,network_segment,1,directed segment,140 directed physical segments,frozen_existing_pipeline_geometry,vector_network,"117.0131142,117.379653","32.58738167,32.91909899",N092->N122; design throughput=80 10 kt/y
e,S5,2060,existing_network_design_throughput,design_throughput_10kt_y,80.0,10 kt/y,existing directed segment design value,frozen_existing_pipeline_geometry,network_throughput,S092,80.0,frozen design-throughput field
e,S5,2060,complete_existing_network,network_segment,1,directed segment,140 directed physical segments,frozen_existing_pipeline_geometry,vector_network,"120.7489996,120.0792982","30.74856427,30.8934637",N035->N093; design throughput=510 10 kt/y
e,S5,2060,existing_network_design_throughput,design_throughput_10kt_y,510.0,10 kt/y,existing directed segment design value,frozen_existing_pipeline_geometry,network_throughput,S093,510.0,frozen design-throughput field
e,S5,2060,complete_existing_network,network_segment,1,directed segment,140 directed physical segments,frozen_existing_pipeline_geometry,vector_network,"120.7489996,120.581097","30.74856427,31.3019128",N035->N116; design throughput=510 10 kt/y
e,S5,2060,existing_network_design_throughput,design_throughput_10kt_y,510.0,10 kt/y,existing directed segment design value,frozen_existing_pipeline_geometry,network_throughput,S094,510.0,frozen design-throughput field
e,S5,2060,complete_existing_network,network_segment,1,directed segment,140 directed physical segments,frozen_existing_pipeline_geometry,vector_network,"118.7902705,119.915306","32.06154044,32.45511081",N023->N087; design throughput=545 10 kt/y
e,S5,2060,existing_network_design_throughput,design_throughput_10kt_y,545.0,10 kt/y,existing directed segment design value,frozen_existing_pipeline_geometry,network_throughput,S095,545.0,frozen design-throughput field
e,S5,2060,complete_existing_network,network_segment,1,directed segment,140 directed physical segments,frozen_existing_pipeline_geometry,vector_network,"118.7902705,117.2749121","32.06154044,34.20440827",N023->N054; design throughput=545 10 kt/y
e,S5,2060,existing_network_design_throughput,design_throughput_10kt_y,545.0,10 kt/y,existing directed segment design value,frozen_existing_pipeline_geometry,network_throughput,S096,545.0,frozen design-throughput field
e,S5,2060,complete_existing_network,network_segment,1,directed segment,140 directed physical segments,frozen_existing_pipeline_geometry,vector_network,"118.7902705,120.1563009","32.06154044,33.34840987",N023->N105; design throughput=545 10 kt/y
e,S5,2060,existing_network_design_throughput,design_throughput_10kt_y,545.0,10 kt/y,existing directed segment design value,frozen_existing_pipeline_geometry,network_throughput,S097,545.0,frozen design-throughput field
e,S5,2060,complete_existing_network,network_segment,1,directed segment,140 directed physical segments,frozen_existing_pipeline_geometry,vector_network,"118.7902705,120.581097","32.06154044,31.3019128",N022->N116; design throughput=580 10 kt/y
e,S5,2060,existing_network_design_throughput,design_throughput_10kt_y,580.0,10 kt/y,existing directed segment design value,frozen_existing_pipeline_geometry,network_throughput,S098,580.0,frozen design-throughput field
e,S5,2060,complete_existing_network,network_segment,1,directed segment,140 directed physical segments,frozen_existing_pipeline_geometry,vector_network,"121.6219554,118.8550477","29.8607673,28.97458612",N110->N153; design throughput=760 10 kt/y
e,S5,2060,existing_network_design_throughput,design_throughput_10kt_y,760.0,10 kt/y,existing directed segment design value,frozen_existing_pipeline_geometry,network_throughput,S099,760.0,frozen design-throughput field
e,S5,2060,complete_existing_network,network_segment,1,directed segment,140 directed physical segments,frozen_existing_pipeline_geometry,vector_network,"118.8550477,114.4123745","28.97458612,27.81877183",N153->N076; design throughput=450 10 kt/y
e,S5,2060,existing_network_design_throughput,design_throughput_10kt_y,450.0,10 kt/y,existing directed segment design value,frozen_existing_pipeline_geometry,network_throughput,S100,450.0,frozen design-throughput field
e,S5,2060,complete_existing_network,network_segment,1,directed segment,140 directed physical segments,frozen_existing_pipeline_geometry,vector_network,"120.5800044,120.2048484","30.05145821,30.24977957",N126->N074; design throughput=135 10 kt/y
e,S5,2060,existing_network_design_throughput,design_throughput_10kt_y,135.0,10 kt/y,existing directed segment design value,frozen_existing_pipeline_geometry,network_throughput,S101,135.0,frozen design-throughput field
e,S5,2060,complete_existing_network,network_segment,1,directed segment,140 directed physical segments,frozen_existing_pipeline_geometry,vector_network,"120.5800044,120.2048484","30.05145821,30.24977957",N111->N120; design throughput=500 10 kt/y
e,S5,2060,existing_network_design_throughput,design_throughput_10kt_y,500.0,10 kt/y,existing directed segment design value,frozen_existing_pipeline_geometry,network_throughput,S102,500.0,frozen design-throughput field
e,S5,2060,complete_existing_network,network_segment,1,directed segment,140 directed physical segments,frozen_existing_pipeline_geometry,vector_network,"121.6219554,121.6219554","29.8607673,29.8607673",N110->N043; design throughput=460 10 kt/y
e,S5,2060,existing_network_design_throughput,design_throughput_10kt_y,460.0,10 kt/y,existing directed segment design value,frozen_existing_pipeline_geometry,network_throughput,S103,460.0,frozen design-throughput field
e,S5,2060,complete_existing_network,network_segment,1,directed segment,140 directed physical segments,frozen_existing_pipeline_geometry,vector_network,"121.6219554,121.4197134","29.8607673,28.66043016",N043->N008; design throughput=460 10 kt/y
e,S5,2060,existing_network_design_throughput,design_throughput_10kt_y,460.0,10 kt/y,existing directed segment design value,frozen_existing_pipeline_geometry,network_throughput,S104,460.0,frozen design-throughput field
e,S5,2060,complete_existing_network,network_segment,1,directed segment,140 directed physical segments,frozen_existing_pipeline_geometry,vector_network,"121.4197134,120.6794261","28.66043016,28.01154027",N008->N099; design throughput=460 10 kt/y
e,S5,2060,existing_network_design_throughput,design_throughput_10kt_y,460.0,10 kt/y,existing directed segment design value,frozen_existing_pipeline_geometry,network_throughput,S105,460.0,frozen design-throughput field
e,S5,2060,complete_existing_network,network_segment,1,directed segment,140 directed physical segments,frozen_existing_pipeline_geometry,vector_network,"120.6794261,120.6794261","28.01154027,28.01154027",N099->N104; design throughput=460 10 kt/y
e,S5,2060,existing_network_design_throughput,design_throughput_10kt_y,460.0,10 kt/y,existing directed segment design value,frozen_existing_pipeline_geometry,network_throughput,S106,460.0,frozen design-throughput field
e,S5,2060,complete_existing_network,network_segment,1,directed segment,140 directed physical segments,frozen_existing_pipeline_geometry,vector_network,"118.6751351,119.2915964","24.87843187,26.07737918",N085->N019; design throughput=220 10 kt/y
e,S5,2060,existing_network_design_throughput,design_throughput_10kt_y,220.0,10 kt/y,existing directed segment design value,frozen_existing_pipeline_geometry,network_throughput,S107,220.0,frozen design-throughput field
e,S5,2060,complete_existing_network,network_segment,1,directed segment,140 directed physical segments,frozen_existing_pipeline_geometry,vector_network,"118.6751351,118.0810222","24.87843187,24.48114183",N085->N005; design throughput=380 10 kt/y
e,S5,2060,existing_network_design_throughput,design_throughput_10kt_y,380.0,10 kt/y,existing directed segment design value,frozen_existing_pipeline_geometry,network_throughput,S108,380.0,frozen design-throughput field
e,S5,2060,complete_existing_network,network_segment,1,directed segment,140 directed physical segments,frozen_existing_pipeline_geometry,vector_network,"118.6751351,118.0810222","24.87843187,24.48114183",N085->N107; design throughput=380 10 kt/y
e,S5,2060,existing_network_design_throughput,design_throughput_10kt_y,380.0,10 kt/y,existing directed segment design value,frozen_existing_pipeline_geometry,network_throughput,S109,380.0,frozen design-throughput field
e,S5,2060,complete_existing_network,network_segment,1,directed segment,140 directed physical segments,frozen_existing_pipeline_geometry,vector_network,"118.050415,118.050415","36.81483572,36.81483572",N152->N091; design throughput=655 10 kt/y
e,S5,2060,existing_network_design_throughput,design_throughput_10kt_y,655.0,10 kt/y,existing directed segment design value,frozen_existing_pipeline_geometry,network_throughput,S110,655.0,frozen design-throughput field
e,S5,2060,complete_existing_network,network_segment,1,directed segment,140 directed physical segments,frozen_existing_pipeline_geometry,vector_network,"118.050415,116.9954885","36.81483572,36.64792998",N091->N089; design throughput=655 10 kt/y
e,S5,2060,existing_network_design_throughput,design_throughput_10kt_y,655.0,10 kt/y,existing directed segment design value,frozen_existing_pipeline_geometry,network_throughput,S111,655.0,frozen design-throughput field
e,S5,2060,complete_existing_network,network_segment,1,directed segment,140 directed physical segments,frozen_existing_pipeline_geometry,vector_network,"116.9954885,117.0815513","36.64792998,36.20000913",N089->N086; design throughput=655 10 kt/y
e,S5,2060,existing_network_design_throughput,design_throughput_10kt_y,655.0,10 kt/y,existing directed segment design value,frozen_existing_pipeline_geometry,network_throughput,S112,655.0,frozen design-throughput field
e,S5,2060,complete_existing_network,network_segment,1,directed segment,140 directed physical segments,frozen_existing_pipeline_geometry,vector_network,"117.0815513,116.5836833","36.20000913,35.41651785",N086->N065; design throughput=655 10 kt/y
e,S5,2060,existing_network_design_throughput,design_throughput_10kt_y,655.0,10 kt/y,existing directed segment design value,frozen_existing_pipeline_geometry,network_throughput,S113,655.0,frozen design-throughput field
e,S5,2060,complete_existing_network,network_segment,1,directed segment,140 directed physical segments,frozen_existing_pipeline_geometry,vector_network,"116.5836833,117.3160283","35.41651785,34.81395871",N065->N067; design throughput=655 10 kt/y
e,S5,2060,existing_network_design_throughput,design_throughput_10kt_y,655.0,10 kt/y,existing directed segment design value,frozen_existing_pipeline_geometry,network_throughput,S114,655.0,frozen design-throughput field
e,S5,2060,complete_existing_network,network_segment,1,directed segment,140 directed physical segments,frozen_existing_pipeline_geometry,vector_network,"117.3160283,117.2749121","34.81395871,34.20440827",N067->N053; design throughput=655 10 kt/y
e,S5,2060,existing_network_design_throughput,design_throughput_10kt_y,655.0,10 kt/y,existing directed segment design value,frozen_existing_pipeline_geometry,network_throughput,S115,655.0,frozen design-throughput field
e,S5,2060,complete_existing_network,network_segment,1,directed segment,140 directed physical segments,frozen_existing_pipeline_geometry,vector_network,"117.2749121,116.9588379","34.20440827,33.64921788",N053->N046; design throughput=655 10 kt/y
e,S5,2060,existing_network_design_throughput,design_throughput_10kt_y,655.0,10 kt/y,existing directed segment design value,frozen_existing_pipeline_geometry,network_throughput,S116,655.0,frozen design-throughput field
e,S5,2060,complete_existing_network,network_segment,1,directed segment,140 directed physical segments,frozen_existing_pipeline_geometry,vector_network,"116.5836833,116.5836833","35.41651785,35.41651785",N065->N090; design throughput=655 10 kt/y
e,S5,2060,existing_network_design_throughput,design_throughput_10kt_y,655.0,10 kt/y,existing directed segment design value,frozen_existing_pipeline_geometry,network_throughput,S117,655.0,frozen design-throughput field
e,S5,2060,complete_existing_network,network_segment,1,directed segment,140 directed physical segments,frozen_existing_pipeline_geometry,vector_network,"117.3160283,118.3508968","34.81395871,35.10515503",N067->N007; design throughput=655 10 kt/y
e,S5,2060,existing_network_design_throughput,design_throughput_10kt_y,655.0,10 kt/y,existing directed segment design value,frozen_existing_pipeline_geometry,network_throughput,S118,655.0,frozen design-throughput field
e,S5,2060,complete_existing_network,network_segment,1,directed segment,140 directed physical segments,frozen_existing_pipeline_geometry,vector_network,"120.3775345,119.1535384","36.06661649,36.70714657",N147->N097; design throughput=820 10 kt/y
e,S5,2060,existing_network_design_throughput,design_throughput_10kt_y,820.0,10 kt/y,existing directed segment design value,frozen_existing_pipeline_geometry,network_throughput,S119,820.0,frozen design-throughput field
e,S5,2060,complete_existing_network,network_segment,1,directed segment,140 directed physical segments,frozen_existing_pipeline_geometry,vector_network,"119.1535384,116.9954885","36.70714657,36.64792998",N097->N089; design throughput=820 10 kt/y
e,S5,2060,existing_network_design_throughput,design_throughput_10kt_y,820.0,10 kt/y,existing directed segment design value,frozen_existing_pipeline_geometry,network_throughput,S120,820.0,frozen design-throughput field
e,S5,2060,complete_existing_network,network_segment,1,directed segment,140 directed physical segments,frozen_existing_pipeline_geometry,vector_network,"116.9954885,115.9801841","36.64792998,36.45418762",N089->N113; design throughput=820 10 kt/y
e,S5,2060,existing_network_design_throughput,design_throughput_10kt_y,820.0,10 kt/y,existing directed segment design value,frozen_existing_pipeline_geometry,network_throughput,S121,820.0,frozen design-throughput field
e,S5,2060,complete_existing_network,network_segment,1,directed segment,140 directed physical segments,frozen_existing_pipeline_geometry,vector_network,"115.9801841,115.0236155","36.45418762,35.76426442",N113->N098; design throughput=820 10 kt/y
e,S5,2060,existing_network_design_throughput,design_throughput_10kt_y,820.0,10 kt/y,existing directed segment design value,frozen_existing_pipeline_geometry,network_throughput,S122,820.0,frozen design-throughput field
e,S5,2060,complete_existing_network,network_segment,1,directed segment,140 directed physical segments,frozen_existing_pipeline_geometry,vector_network,"115.0236155,114.3583007","35.76426442,36.09691222",N098->N082; design throughput=820 10 kt/y
e,S5,2060,existing_network_design_throughput,design_throughput_10kt_y,820.0,10 kt/y,existing directed segment design value,frozen_existing_pipeline_geometry,network_throughput,S123,820.0,frozen design-throughput field
e,S5,2060,complete_existing_network,network_segment,1,directed segment,140 directed physical segments,frozen_existing_pipeline_geometry,vector_network,"114.3583007,113.9183294","36.09691222,35.30446704",N082->N061; design throughput=820 10 kt/y
e,S5,2060,existing_network_design_throughput,design_throughput_10kt_y,820.0,10 kt/y,existing directed segment design value,frozen_existing_pipeline_geometry,network_throughput,S124,820.0,frozen design-throughput field
e,S5,2060,complete_existing_network,network_segment,1,directed segment,140 directed physical segments,frozen_existing_pipeline_geometry,vector_network,"113.9183294,113.6193176","35.30446704,34.74752068",N061->N133; design throughput=820 10 kt/y
e,S5,2060,existing_network_design_throughput,design_throughput_10kt_y,820.0,10 kt/y,existing directed segment design value,frozen_existing_pipeline_geometry,network_throughput,S125,820.0,frozen design-throughput field
e,S5,2060,complete_existing_network,network_segment,1,directed segment,140 directed physical segments,frozen_existing_pipeline_geometry,vector_network,"114.3583007,114.5356201","36.09691222,36.62685489",N082->N132; design throughput=820 10 kt/y
e,S5,2060,existing_network_design_throughput,design_throughput_10kt_y,820.0,10 kt/y,existing directed segment design value,frozen_existing_pipeline_geometry,network_throughput,S126,820.0,frozen design-throughput field
e,S5,2060,complete_existing_network,network_segment,1,directed segment,140 directed physical segments,frozen_existing_pipeline_geometry,vector_network,"114.5356201,114.4967119","36.62685489,37.07003791",N132->N131; design throughput=820 10 kt/y
e,S5,2060,existing_network_design_throughput,design_throughput_10kt_y,820.0,10 kt/y,existing directed segment design value,frozen_existing_pipeline_geometry,network_throughput,S127,820.0,frozen design-throughput field
e,S5,2060,complete_existing_network,network_segment,1,directed segment,140 directed physical segments,frozen_existing_pipeline_geometry,vector_network,"114.4967119,114.5089353","37.07003791,38.04183339",N131->N106; design throughput=820 10 kt/y
e,S5,2060,existing_network_design_throughput,design_throughput_10kt_y,820.0,10 kt/y,existing directed segment design value,frozen_existing_pipeline_geometry,network_throughput,S128,820.0,frozen design-throughput field
e,S5,2060,complete_existing_network,network_segment,1,directed segment,140 directed physical segments,frozen_existing_pipeline_geometry,vector_network,"114.5089353,114.5089353","38.04183339,38.04183339",N106->N149; design throughput=820 10 kt/y
e,S5,2060,existing_network_design_throughput,design_throughput_10kt_y,820.0,10 kt/y,existing directed segment design value,frozen_existing_pipeline_geometry,network_throughput,S129,820.0,frozen design-throughput field
e,S5,2060,complete_existing_network,network_segment,1,directed segment,140 directed physical segments,frozen_existing_pipeline_geometry,vector_network,"114.5089353,113.5899658","38.04183339,37.84854586",N149->N146; design throughput=820 10 kt/y
e,S5,2060,existing_network_design_throughput,design_throughput_10kt_y,820.0,10 kt/y,existing directed segment design value,frozen_existing_pipeline_geometry,network_throughput,S130,820.0,frozen design-throughput field
e,S5,2060,complete_existing_network,network_segment,1,directed segment,140 directed physical segments,frozen_existing_pipeline_geometry,vector_network,"113.5899658,112.7446161","37.84854586,37.68567283",N146->N064; design throughput=820 10 kt/y
e,S5,2060,existing_network_design_throughput,design_throughput_10kt_y,820.0,10 kt/y,existing directed segment design value,frozen_existing_pipeline_geometry,network_throughput,S131,820.0,frozen design-throughput field
e,S5,2060,complete_existing_network,network_segment,1,directed segment,140 directed physical segments,frozen_existing_pipeline_geometry,vector_network,"112.7446161,112.5426953","37.68567283,37.87098243",N064->N040; design throughput=820 10 kt/y
e,S5,2060,existing_network_design_throughput,design_throughput_10kt_y,820.0,10 kt/y,existing directed segment design value,frozen_existing_pipeline_geometry,network_throughput,S132,820.0,frozen design-throughput field
e,S5,2060,complete_existing_network,network_segment,1,directed segment,140 directed physical segments,frozen_existing_pipeline_geometry,vector_network,"112.402798,113.6193176","34.64229511,34.74752068",N088->N048; design throughput=820 10 kt/y
e,S5,2060,existing_network_design_throughput,design_throughput_10kt_y,820.0,10 kt/y,existing directed segment design value,frozen_existing_pipeline_geometry,network_throughput,S133,820.0,frozen design-throughput field
e,S5,2060,complete_existing_network,network_segment,1,directed segment,140 directed physical segments,frozen_existing_pipeline_geometry,vector_network,"113.6193176,113.6193176","34.74752068,34.74752068",N048->N133; design throughput=820 10 kt/y
e,S5,2060,existing_network_design_throughput,design_throughput_10kt_y,820.0,10 kt/y,existing directed segment design value,frozen_existing_pipeline_geometry,network_throughput,S134,820.0,frozen design-throughput field
e,S5,2060,complete_existing_network,network_segment,1,directed segment,140 directed physical segments,frozen_existing_pipeline_geometry,vector_network,"113.6193176,113.8418998","34.74752068,34.03900016",N133->N125; design throughput=820 10 kt/y
e,S5,2060,existing_network_design_throughput,design_throughput_10kt_y,820.0,10 kt/y,existing directed segment design value,frozen_existing_pipeline_geometry,network_throughput,S135,820.0,frozen design-throughput field
e,S5,2060,complete_existing_network,network_segment,1,directed segment,140 directed physical segments,frozen_existing_pipeline_geometry,vector_network,"113.8418998,114.012047","34.03900016,33.58330496",N125->N096; design throughput=820 10 kt/y
e,S5,2060,existing_network_design_throughput,design_throughput_10kt_y,820.0,10 kt/y,existing directed segment design value,frozen_existing_pipeline_geometry,network_throughput,S136,820.0,frozen design-throughput field
e,S5,2060,complete_existing_network,network_segment,1,directed segment,140 directed physical segments,frozen_existing_pipeline_geometry,vector_network,"114.012047,114.0197418","33.58330496,33.00970244",N096->N148; design throughput=820 10 kt/y
e,S5,2060,existing_network_design_throughput,design_throughput_10kt_y,820.0,10 kt/y,existing directed segment design value,frozen_existing_pipeline_geometry,network_throughput,S137,820.0,frozen design-throughput field
e,S5,2060,complete_existing_network,network_segment,1,directed segment,140 directed physical segments,frozen_existing_pipeline_geometry,vector_network,"114.0197418,114.0851703","33.00970244,32.15058474",N148->N014; design throughput=820 10 kt/y
e,S5,2060,existing_network_design_throughput,design_throughput_10kt_y,820.0,10 kt/y,existing directed segment design value,frozen_existing_pipeline_geometry,network_throughput,S138,820.0,frozen design-throughput field
e,S5,2060,complete_existing_network,network_segment,1,directed segment,140 directed physical segments,frozen_existing_pipeline_geometry,vector_network,"117.2614223,117.2614223","39.13515139,39.13515139",N028->N079; design throughput=155 10 kt/y
e,S5,2060,existing_network_design_throughput,design_throughput_10kt_y,155.0,10 kt/y,existing directed segment design value,frozen_existing_pipeline_geometry,network_throughput,S139,155.0,frozen design-throughput field
e,S5,2060,complete_existing_network,network_segment,1,directed segment,140 directed physical segments,frozen_existing_pipeline_geometry,vector_network,"97.36903221,91.17069453","37.37652179,29.65619389",N072->N059; design throughput=130 10 kt/y
e,S5,2060,existing_network_design_throughput,design_throughput_10kt_y,130.0,10 kt/y,existing directed segment design value,frozen_existing_pipeline_geometry,network_throughput,S140,130.0,frozen design-throughput field
e,S5,2060,model_called_task,pipeline_task_volume_10kt_y,383.2992,10 kt/y,model-called methanol task,frozen_model_edge_flow,vector_task,"93.51362048,98.49115772","42.81802454,39.73039911",N034->N068; assigned task only
e,S5,2060,model_called_task,pipeline_task_volume_10kt_y,383.2992,10 kt/y,model-called methanol task,frozen_model_edge_flow,vector_task,"98.49115772,98.49115772","39.73039911,39.73039911",N068->N136; assigned task only
e,S5,2060,model_called_task,pipeline_task_volume_10kt_y,383.2992,10 kt/y,model-called methanol task,frozen_model_edge_flow,vector_task,"98.49115772,100.4482023","39.73039911,38.92467819",N136->N052; assigned task only
e,S5,2060,model_called_task,pipeline_task_volume_10kt_y,383.2992,10 kt/y,model-called methanol task,frozen_model_edge_flow,vector_task,"100.4482023,102.63634","38.92467819,37.92858453",N052->N077; assigned task only
e,S5,2060,model_called_task,pipeline_task_volume_10kt_y,383.2992,10 kt/y,model-called methanol task,frozen_model_edge_flow,vector_task,"102.63634,103.8314138","37.92858453,36.06163277",N077->N018; assigned task only
e,S5,2060,model_called_task,pipeline_task_volume_10kt_y,583.374,10 kt/y,model-called methanol task,frozen_model_edge_flow,vector_task,"103.8314138,108.7047772","36.06163277,34.3303351",N018->N033; assigned task only
e,S5,2060,model_called_task,pipeline_task_volume_10kt_y,614.4936,10 kt/y,model-called methanol task,frozen_model_edge_flow,vector_task,"108.7047772,113.6193176","34.3303351,34.74752068",N033->N133; assigned task only
e,S5,2060,model_called_task,pipeline_task_volume_10kt_y,325.1534,10 kt/y,model-called methanol task,frozen_model_edge_flow,vector_task,"113.6193176,114.3012374","34.74752068,30.59713291",N133->N078; assigned task only
e,S5,2060,model_called_task,pipeline_task_volume_10kt_y,146.4079,10 kt/y,model-called methanol task,frozen_model_edge_flow,vector_task,"114.3012374,112.9334488","30.59713291,28.23178771",N078->N144; assigned task only
e,S5,2060,model_called_task,pipeline_task_volume_10kt_y,217.9462,10 kt/y,model-called methanol task,frozen_model_edge_flow,vector_task,"116.855601,116.3499607","38.31116389,37.4368547",N084->N055; assigned task only
e,S5,2060,model_called_task,pipeline_task_volume_10kt_y,176.2956,10 kt/y,model-called methanol task,frozen_model_edge_flow,vector_task,"103.8314138,104.0385743","36.06163277,30.69284828",N018->N057; assigned task only
e,S5,2060,province_demand_coverage,map_demand_coverage_pct,0.0,%,province demand,frozen_province_service_account,vector_province_fill,上海,0.0,research-scale model expression
e,S5,2060,province_demand_coverage,map_demand_coverage_pct,87.7668176392895,%,province demand,frozen_province_service_account,vector_province_fill,云南,87.7668176392895,research-scale model expression
e,S5,2060,province_demand_coverage,map_demand_coverage_pct,100.0,%,province demand,frozen_province_service_account,vector_province_fill,内蒙古,100.0,research-scale model expression
e,S5,2060,province_demand_coverage,map_demand_coverage_pct,0.3557528775498152,%,province demand,frozen_province_service_account,vector_province_fill,北京,0.3557528775498152,research-scale model expression
e,S5,2060,province_demand_coverage,map_demand_coverage_pct,99.9999696858764,%,province demand,frozen_province_service_account,vector_province_fill,四川,99.9999696858764,research-scale model expression
e,S5,2060,province_demand_coverage,map_demand_coverage_pct,8.553191076795569,%,province demand,frozen_province_service_account,vector_province_fill,天津,8.553191076795569,research-scale model expression
e,S5,2060,province_demand_coverage,map_demand_coverage_pct,100.0,%,province demand,frozen_province_service_account,vector_province_fill,宁夏,100.0,research-scale model expression
e,S5,2060,province_demand_coverage,map_demand_coverage_pct,10.668613322482775,%,province demand,frozen_province_service_account,vector_province_fill,安徽,10.668613322482775,research-scale model expression
e,S5,2060,province_demand_coverage,map_demand_coverage_pct,75.346576118195,%,province demand,frozen_province_service_account,vector_province_fill,山东,75.346576118195,research-scale model expression
e,S5,2060,province_demand_coverage,map_demand_coverage_pct,100.0,%,province demand,frozen_province_service_account,vector_province_fill,山西,100.0,research-scale model expression
e,S5,2060,province_demand_coverage,map_demand_coverage_pct,3.827080509073556,%,province demand,frozen_province_service_account,vector_province_fill,广东,3.827080509073556,research-scale model expression
e,S5,2060,province_demand_coverage,map_demand_coverage_pct,30.46981203883848,%,province demand,frozen_province_service_account,vector_province_fill,广西,30.46981203883848,research-scale model expression
e,S5,2060,province_demand_coverage,map_demand_coverage_pct,100.0,%,province demand,frozen_province_service_account,vector_province_fill,新疆,100.0,research-scale model expression
e,S5,2060,province_demand_coverage,map_demand_coverage_pct,13.398055141263733,%,province demand,frozen_province_service_account,vector_province_fill,江苏,13.398055141263733,research-scale model expression
e,S5,2060,province_demand_coverage,map_demand_coverage_pct,20.386228958233165,%,province demand,frozen_province_service_account,vector_province_fill,江西,20.386228958233165,research-scale model expression
e,S5,2060,province_demand_coverage,map_demand_coverage_pct,100.0,%,province demand,frozen_province_service_account,vector_province_fill,河北,100.0,research-scale model expression
e,S5,2060,province_demand_coverage,map_demand_coverage_pct,95.4672326103394,%,province demand,frozen_province_service_account,vector_province_fill,河南,95.4672326103394,research-scale model expression
e,S5,2060,province_demand_coverage,map_demand_coverage_pct,0.6988184476807456,%,province demand,frozen_province_service_account,vector_province_fill,浙江,0.6988184476807456,research-scale model expression
e,S5,2060,province_demand_coverage,map_demand_coverage_pct,35.51823304422751,%,province demand,frozen_province_service_account,vector_province_fill,海南,35.51823304422751,research-scale model expression
e,S5,2060,province_demand_coverage,map_demand_coverage_pct,99.99994006934172,%,province demand,frozen_province_service_account,vector_province_fill,湖北,99.99994006934172,research-scale model expression
e,S5,2060,province_demand_coverage,map_demand_coverage_pct,96.26429628458136,%,province demand,frozen_province_service_account,vector_province_fill,湖南,96.26429628458136,research-scale model expression
e,S5,2060,province_demand_coverage,map_demand_coverage_pct,100.0,%,province demand,frozen_province_service_account,vector_province_fill,甘肃,100.0,research-scale model expression
e,S5,2060,province_demand_coverage,map_demand_coverage_pct,0.0,%,province demand,frozen_province_service_account,vector_province_fill,福建,0.0,research-scale model expression
e,S5,2060,province_demand_coverage,map_demand_coverage_pct,100.0,%,province demand,frozen_province_service_account,vector_province_fill,西藏,100.0,research-scale model expression
e,S5,2060,province_demand_coverage,map_demand_coverage_pct,30.507609337950417,%,province demand,frozen_province_service_account,vector_province_fill,贵州,30.507609337950417,research-scale model expression
e,S5,2060,province_demand_coverage,map_demand_coverage_pct,83.82760783832144,%,province demand,frozen_province_service_account,vector_province_fill,辽宁,83.82760783832144,research-scale model expression
e,S5,2060,province_demand_coverage,map_demand_coverage_pct,100.0,%,province demand,frozen_province_service_account,vector_province_fill,陕西,100.0,research-scale model expression
e,S5,2060,province_demand_coverage,map_demand_coverage_pct,100.0,%,province demand,frozen_province_service_account,vector_province_fill,青海,100.0,research-scale model expression
e,S5,2060,province_demand_coverage,map_demand_coverage_pct,100.0,%,province demand,frozen_province_service_account,vector_province_fill,黑龙江,100.0,research-scale model expression
f,S1-S8,2060,service_mode_account,local_service_pct,17.277961692496056,%,pooled city demand,frozen_city_service_contract,local,baseline,17.277961692496056,demand-weighted descriptive aggregation; not scenario probability
f,S1-S8,2060,service_mode_account,pipeline_service_pct,8.933534344827587,%,pooled city demand,frozen_city_service_contract,pipeline,baseline,8.933534344827587,demand-weighted descriptive aggregation; not scenario probability
f,S1-S8,2060,service_mode_account,unserved_pct,73.78850396267636,%,pooled city demand,frozen_city_service_contract,unserved,baseline,73.78850396267636,demand-weighted descriptive aggregation; not scenario probability
f,S1,2060,scenario_point,scenario_served_pct,17.715898711683206,%,scenario city demand,frozen_city_service_contract,hollow_point,S1,17.715898711683206,baseline; hollow point retained for S1-S8
f,S2,2060,scenario_point,scenario_served_pct,29.86470134352609,%,scenario city demand,frozen_city_service_contract,hollow_point,S2,29.86470134352609,baseline; hollow point retained for S1-S8
f,S3,2060,scenario_point,scenario_served_pct,48.48755825180903,%,scenario city demand,frozen_city_service_contract,hollow_point,S3,48.48755825180903,baseline; hollow point retained for S1-S8
f,S4,2060,scenario_point,scenario_served_pct,48.37688230685384,%,scenario city demand,frozen_city_service_contract,hollow_point,S4,48.37688230685384,baseline; hollow point retained for S1-S8
f,S5,2060,scenario_point,scenario_served_pct,25.24185699747903,%,scenario city demand,frozen_city_service_contract,hollow_point,S5,25.24185699747903,baseline; hollow point retained for S1-S8
f,S6,2060,scenario_point,scenario_served_pct,25.806211364117765,%,scenario city demand,frozen_city_service_contract,hollow_point,S6,25.806211364117765,baseline; hollow point retained for S1-S8
f,S7,2060,scenario_point,scenario_served_pct,24.072787898618454,%,scenario city demand,frozen_city_service_contract,hollow_point,S7,24.072787898618454,baseline; hollow point retained for S1-S8
f,S8,2060,scenario_point,scenario_served_pct,24.09189045895229,%,scenario city demand,frozen_city_service_contract,hollow_point,S8,24.09189045895229,baseline; hollow point retained for S1-S8
f,S1-S8,2060,service_mode_account,local_service_pct,91.99788003392749,%,pooled city demand,frozen_city_service_contract,local,local_co_location,91.99788003392749,demand-weighted descriptive aggregation; not scenario probability
f,S1-S8,2060,service_mode_account,pipeline_service_pct,0.0,%,pooled city demand,frozen_city_service_contract,pipeline,local_co_location,0.0,demand-weighted descriptive aggregation; not scenario probability
f,S1-S8,2060,service_mode_account,unserved_pct,8.002119966072504,%,pooled city demand,frozen_city_service_contract,unserved,local_co_location,8.002119966072504,demand-weighted descriptive aggregation; not scenario probability
f,S1,2060,scenario_point,scenario_served_pct,86.52518968224842,%,scenario city demand,frozen_city_service_contract,hollow_point,S1,86.52518968224842,local_co_location; hollow point retained for S1-S8
f,S2,2060,scenario_point,scenario_served_pct,94.70416205092492,%,scenario city demand,frozen_city_service_contract,hollow_point,S2,94.70416205092492,local_co_location; hollow point retained for S1-S8
f,S3,2060,scenario_point,scenario_served_pct,91.32908910989268,%,scenario city demand,frozen_city_service_contract,hollow_point,S3,91.32908910989268,local_co_location; hollow point retained for S1-S8
f,S4,2060,scenario_point,scenario_served_pct,94.52821648919698,%,scenario city demand,frozen_city_service_contract,hollow_point,S4,94.52821648919698,local_co_location; hollow point retained for S1-S8
f,S5,2060,scenario_point,scenario_served_pct,92.06280125368453,%,scenario city demand,frozen_city_service_contract,hollow_point,S5,92.06280125368453,local_co_location; hollow point retained for S1-S8
f,S6,2060,scenario_point,scenario_served_pct,92.71182305839795,%,scenario city demand,frozen_city_service_contract,hollow_point,S6,92.71182305839795,local_co_location; hollow point retained for S1-S8
f,S7,2060,scenario_point,scenario_served_pct,91.38031027080469,%,scenario city demand,frozen_city_service_contract,hollow_point,S7,91.38031027080469,local_co_location; hollow point retained for S1-S8
f,S8,2060,scenario_point,scenario_served_pct,91.77166433306576,%,scenario city demand,frozen_city_service_contract,hollow_point,S8,91.77166433306576,local_co_location; hollow point retained for S1-S8
f,S1-S8,2060,service_mode_account,local_service_pct,0.0,%,pooled city demand,frozen_city_service_contract,local,strict_pipeline,0.0,demand-weighted descriptive aggregation; not scenario probability
f,S1-S8,2060,service_mode_account,pipeline_service_pct,47.74776082758621,%,pooled city demand,frozen_city_service_contract,pipeline,strict_pipeline,47.74776082758621,demand-weighted descriptive aggregation; not scenario probability
f,S1-S8,2060,service_mode_account,unserved_pct,52.25223917241379,%,pooled city demand,frozen_city_service_contract,unserved,strict_pipeline,52.25223917241379,demand-weighted descriptive aggregation; not scenario probability
f,S1,2060,scenario_point,scenario_served_pct,32.32139898989897,%,scenario city demand,frozen_city_service_contract,hollow_point,S1,32.32139898989897,strict_pipeline; hollow point retained for S1-S8
f,S2,2060,scenario_point,scenario_served_pct,40.53210937500002,%,scenario city demand,frozen_city_service_contract,hollow_point,S2,40.53210937500002,strict_pipeline; hollow point retained for S1-S8
f,S3,2060,scenario_point,scenario_served_pct,68.06208641975307,%,scenario city demand,frozen_city_service_contract,hollow_point,S3,68.06208641975307,strict_pipeline; hollow point retained for S1-S8
f,S4,2060,scenario_point,scenario_served_pct,66.05630158730158,%,scenario city demand,frozen_city_service_contract,hollow_point,S4,66.05630158730158,strict_pipeline; hollow point retained for S1-S8
f,S5,2060,scenario_point,scenario_served_pct,45.447673103448274,%,scenario city demand,frozen_city_service_contract,hollow_point,S5,45.447673103448274,strict_pipeline; hollow point retained for S1-S8
f,S6,2060,scenario_point,scenario_served_pct,47.89084965517242,%,scenario city demand,frozen_city_service_contract,hollow_point,S6,47.89084965517242,strict_pipeline; hollow point retained for S1-S8
f,S7,2060,scenario_point,scenario_served_pct,48.22844,%,scenario city demand,frozen_city_service_contract,hollow_point,S7,48.22844,strict_pipeline; hollow point retained for S1-S8
f,S8,2060,scenario_point,scenario_served_pct,51.37041379310346,%,scenario city demand,frozen_city_service_contract,hollow_point,S8,51.37041379310346,strict_pipeline; hollow point retained for S1-S8
g,S1-S8,2060,strict_pipeline_account,pipeline_service_pct,47.74776082758621,%,pooled city demand,frozen_city_terminal_gap_contract,strict_service_account,pipeline_service_pct,47.74776082758621,38.31 and 13.95 are pp of total pooled city demand
g,S1-S8,2060,strict_pipeline_account,no_mapped_terminal_pp,38.30585363255629,percentage points,pooled city demand,frozen_city_terminal_gap_contract,strict_service_account,no_mapped_terminal_pp,38.30585363255629,38.31 and 13.95 are pp of total pooled city demand
g,S1-S8,2060,strict_pipeline_account,mapped_unserved_pp,13.946385539857497,percentage points,pooled city demand,frozen_city_terminal_gap_contract,strict_service_account,mapped_unserved_pp,13.946385539857497,38.31 and 13.95 are pp of total pooled city demand
g,S5,2060,S5_supply_evidence,verified_project_pct,0.7058525411596264,%,S5 city supply total,frozen_city_evidence_boundary,provenance_inset,verified_project_pct,0.7058525411596264,verified project versus provincial-potential proxy; not operating output
g,S5,2060,S5_supply_evidence,provincial_potential_proxy_pct,99.29414745884036,%,S5 city supply total,frozen_city_evidence_boundary,provenance_inset,provincial_potential_proxy_pct,99.29414745884036,verified project versus provincial-potential proxy; not operating output
h,S1-S8,2060,strict_quantity_placement_2x2,unserved_pct,84.394688,%,pooled city demand,frozen_city_factorial_contract,baseline_constrained,baseline_constrained,84.394688,strict pipeline-only; pooled S1-S8 demand
h,S1-S8,2060,strict_quantity_placement_2x2,unserved_pct,52.25223917241379,%,pooled city demand,frozen_city_factorial_contract,baseline_free,baseline_free,52.25223917241379,strict pipeline-only; pooled S1-S8 demand
h,S1-S8,2060,strict_quantity_placement_2x2,unserved_pct,89.50437903448277,%,pooled city demand,frozen_city_factorial_contract,A_constrained,A_constrained,89.50437903448277,strict pipeline-only; pooled S1-S8 demand
h,S1-S8,2060,strict_quantity_placement_2x2,unserved_pct,89.50437903448277,%,pooled city demand,frozen_city_factorial_contract,A_free,A_free,89.50437903448277,strict pipeline-only; pooled S1-S8 demand
h,S1-S8,2060,strict_quantity_placement_effect,baseline_quantity_improvement_pp,32.142448827586215,percentage points,pooled city demand,frozen_city_factorial_contract,effect_annotation,baseline_quantity_improvement_pp,32.142448827586215,placement and quantity are counterfactual dimensions
h,S1-S8,2060,strict_quantity_placement_effect,A_quantity_improvement_pp,0.0,percentage points,pooled city demand,frozen_city_factorial_contract,effect_annotation,A_quantity_improvement_pp,0.0,placement and quantity are counterfactual dimensions
h,S1-S8,2060,strict_quantity_placement_effect,constrained_placement_penalty_pp,5.109691034482756,percentage points,pooled city demand,frozen_city_factorial_contract,effect_annotation,constrained_placement_penalty_pp,5.109691034482756,placement and quantity are counterfactual dimensions
h,S1-S8,2060,strict_quantity_placement_effect,free_placement_penalty_pp,37.25213986206897,percentage points,pooled city demand,frozen_city_factorial_contract,effect_annotation,free_placement_penalty_pp,37.25213986206897,placement and quantity are counterfactual dimensions
h,S1-S8,2060,strict_quantity_placement_effect,interaction_effect_pp,32.142448827586215,percentage points,pooled city demand,frozen_city_factorial_contract,effect_annotation,interaction_effect_pp,32.142448827586215,placement and quantity are counterfactual dimensions
