panel,scenario,year,k,candidate_ids,links,candidate_id,link,region,construction_cost_10k_cny_per_km,capacity_10kt_y_per_link,metric,value,x_value,unit,source_type,style,marker,capacity_relaxation_gain_mt_y,connector_gain_mt_y,capacity_reaches_connector
a,S1,2025,,,,,,NE,,,baseline_demand_satisfaction_pct,100.0,100.0,%,regional_trajectories_audit,radial_year_bar,,,,
a,S1,2030,,,,,,NE,,,baseline_demand_satisfaction_pct,100.0,100.0,%,regional_trajectories_audit,radial_year_bar,,,,
a,S1,2035,,,,,,NE,,,baseline_demand_satisfaction_pct,100.0,100.0,%,regional_trajectories_audit,radial_year_bar,,,,
a,S1,2040,,,,,,NE,,,baseline_demand_satisfaction_pct,100.0,100.0,%,regional_trajectories_audit,radial_year_bar,,,,
a,S1,2045,,,,,,NE,,,baseline_demand_satisfaction_pct,100.0,100.0,%,regional_trajectories_audit,radial_year_bar,,,,
a,S1,2050,,,,,,NE,,,baseline_demand_satisfaction_pct,100.0,100.0,%,regional_trajectories_audit,radial_year_bar,,,,
a,S1,2055,,,,,,NE,,,baseline_demand_satisfaction_pct,100.0,100.0,%,regional_trajectories_audit,radial_year_bar,,,,
a,S1,2060,,,,,,NE,,,baseline_demand_satisfaction_pct,100.0,100.0,%,regional_trajectories_audit,radial_year_bar,,,,
a,S1,2060,,,,,,NE,,,connector_gain_2060_pp,0.0,100.0,percentage points,regional_trajectories_audit,radial_gain_band,,,,
a,S1,2025,,,,,,EC,,,baseline_demand_satisfaction_pct,64.72745320828814,46.02616696016457,%,regional_trajectories_audit,radial_year_bar,,,,
a,S1,2030,,,,,,EC,,,baseline_demand_satisfaction_pct,56.60861612960133,46.02616696016457,%,regional_trajectories_audit,radial_year_bar,,,,
a,S1,2035,,,,,,EC,,,baseline_demand_satisfaction_pct,51.9054478985588,46.02616696016457,%,regional_trajectories_audit,radial_year_bar,,,,
a,S1,2040,,,,,,EC,,,baseline_demand_satisfaction_pct,50.07909554663965,46.02616696016457,%,regional_trajectories_audit,radial_year_bar,,,,
a,S1,2045,,,,,,EC,,,baseline_demand_satisfaction_pct,48.07106324030841,46.02616696016457,%,regional_trajectories_audit,radial_year_bar,,,,
a,S1,2050,,,,,,EC,,,baseline_demand_satisfaction_pct,46.23598933942325,46.02616696016457,%,regional_trajectories_audit,radial_year_bar,,,,
a,S1,2055,,,,,,EC,,,baseline_demand_satisfaction_pct,46.12089616299665,46.02616696016457,%,regional_trajectories_audit,radial_year_bar,,,,
a,S1,2060,,,,,,EC,,,baseline_demand_satisfaction_pct,46.02616696016457,46.02616696016457,%,regional_trajectories_audit,radial_year_bar,,,,
a,S1,2060,,,,,,EC,,,connector_gain_2060_pp,0.0,46.02616696016457,percentage points,regional_trajectories_audit,radial_gain_band,,,,
a,S1,2025,,,,,,CC,,,baseline_demand_satisfaction_pct,nan,nan,%,regional_trajectories_audit,radial_year_bar,,,,
a,S1,2030,,,,,,CC,,,baseline_demand_satisfaction_pct,nan,nan,%,regional_trajectories_audit,radial_year_bar,,,,
a,S1,2035,,,,,,CC,,,baseline_demand_satisfaction_pct,nan,nan,%,regional_trajectories_audit,radial_year_bar,,,,
a,S1,2040,,,,,,CC,,,baseline_demand_satisfaction_pct,nan,nan,%,regional_trajectories_audit,radial_year_bar,,,,
a,S1,2045,,,,,,CC,,,baseline_demand_satisfaction_pct,nan,nan,%,regional_trajectories_audit,radial_year_bar,,,,
a,S1,2050,,,,,,CC,,,baseline_demand_satisfaction_pct,nan,nan,%,regional_trajectories_audit,radial_year_bar,,,,
a,S1,2055,,,,,,CC,,,baseline_demand_satisfaction_pct,nan,nan,%,regional_trajectories_audit,radial_year_bar,,,,
a,S1,2060,,,,,,CC,,,baseline_demand_satisfaction_pct,nan,nan,%,regional_trajectories_audit,radial_year_bar,,,,
a,S1,2025,,,,,,NC,,,baseline_demand_satisfaction_pct,100.0,75.33301414497022,%,regional_trajectories_audit,radial_year_bar,,,,
a,S1,2030,,,,,,NC,,,baseline_demand_satisfaction_pct,88.0168235075831,75.33301414497022,%,regional_trajectories_audit,radial_year_bar,,,,
a,S1,2035,,,,,,NC,,,baseline_demand_satisfaction_pct,84.23511741006132,75.33301414497022,%,regional_trajectories_audit,radial_year_bar,,,,
a,S1,2040,,,,,,NC,,,baseline_demand_satisfaction_pct,81.75776553103451,75.33301414497022,%,regional_trajectories_audit,radial_year_bar,,,,
a,S1,2045,,,,,,NC,,,baseline_demand_satisfaction_pct,79.72161065420504,75.33301414497022,%,regional_trajectories_audit,radial_year_bar,,,,
a,S1,2050,,,,,,NC,,,baseline_demand_satisfaction_pct,77.79855001255771,75.33301414497022,%,regional_trajectories_audit,radial_year_bar,,,,
a,S1,2055,,,,,,NC,,,baseline_demand_satisfaction_pct,76.4014819343034,75.33301414497022,%,regional_trajectories_audit,radial_year_bar,,,,
a,S1,2060,,,,,,NC,,,baseline_demand_satisfaction_pct,75.33301414497022,75.33301414497022,%,regional_trajectories_audit,radial_year_bar,,,,
a,S1,2060,,,,,,NC,,,connector_gain_2060_pp,0.0,75.33301414497022,percentage points,regional_trajectories_audit,radial_gain_band,,,,
a,S1,2025,,,,,,SC,,,baseline_demand_satisfaction_pct,100.0,94.27071064716664,%,regional_trajectories_audit,radial_year_bar,,,,
a,S1,2030,,,,,,SC,,,baseline_demand_satisfaction_pct,51.90528758799589,94.27071064716664,%,regional_trajectories_audit,radial_year_bar,,,,
a,S1,2035,,,,,,SC,,,baseline_demand_satisfaction_pct,46.26020054727757,94.27071064716664,%,regional_trajectories_audit,radial_year_bar,,,,
a,S1,2040,,,,,,SC,,,baseline_demand_satisfaction_pct,42.62242412980704,94.27071064716664,%,regional_trajectories_audit,radial_year_bar,,,,
a,S1,2045,,,,,,SC,,,baseline_demand_satisfaction_pct,38.89499779320309,94.27071064716664,%,regional_trajectories_audit,radial_year_bar,,,,
a,S1,2050,,,,,,SC,,,baseline_demand_satisfaction_pct,34.85399624602812,94.27071064716664,%,regional_trajectories_audit,radial_year_bar,,,,
a,S1,2055,,,,,,SC,,,baseline_demand_satisfaction_pct,31.75452439260595,94.27071064716664,%,regional_trajectories_audit,radial_year_bar,,,,
a,S1,2060,,,,,,SC,,,baseline_demand_satisfaction_pct,29.2803780287974,94.27071064716664,%,regional_trajectories_audit,radial_year_bar,,,,
a,S1,2060,,,,,,SC,,,connector_gain_2060_pp,64.99033261836924,94.27071064716664,percentage points,regional_trajectories_audit,radial_gain_band,,,,
a,S1,2025,,,,,,NW,,,baseline_demand_satisfaction_pct,nan,nan,%,regional_trajectories_audit,radial_year_bar,,,,
a,S1,2030,,,,,,NW,,,baseline_demand_satisfaction_pct,nan,nan,%,regional_trajectories_audit,radial_year_bar,,,,
a,S1,2035,,,,,,NW,,,baseline_demand_satisfaction_pct,nan,nan,%,regional_trajectories_audit,radial_year_bar,,,,
a,S1,2040,,,,,,NW,,,baseline_demand_satisfaction_pct,nan,nan,%,regional_trajectories_audit,radial_year_bar,,,,
a,S1,2045,,,,,,NW,,,baseline_demand_satisfaction_pct,nan,nan,%,regional_trajectories_audit,radial_year_bar,,,,
a,S1,2050,,,,,,NW,,,baseline_demand_satisfaction_pct,nan,nan,%,regional_trajectories_audit,radial_year_bar,,,,
a,S1,2055,,,,,,NW,,,baseline_demand_satisfaction_pct,nan,nan,%,regional_trajectories_audit,radial_year_bar,,,,
a,S1,2060,,,,,,NW,,,baseline_demand_satisfaction_pct,nan,nan,%,regional_trajectories_audit,radial_year_bar,,,,
a,S1,2025,,,,,,SW,,,baseline_demand_satisfaction_pct,nan,nan,%,regional_trajectories_audit,radial_year_bar,,,,
a,S1,2030,,,,,,SW,,,baseline_demand_satisfaction_pct,nan,nan,%,regional_trajectories_audit,radial_year_bar,,,,
a,S1,2035,,,,,,SW,,,baseline_demand_satisfaction_pct,nan,nan,%,regional_trajectories_audit,radial_year_bar,,,,
a,S1,2040,,,,,,SW,,,baseline_demand_satisfaction_pct,nan,nan,%,regional_trajectories_audit,radial_year_bar,,,,
a,S1,2045,,,,,,SW,,,baseline_demand_satisfaction_pct,nan,nan,%,regional_trajectories_audit,radial_year_bar,,,,
a,S1,2050,,,,,,SW,,,baseline_demand_satisfaction_pct,nan,nan,%,regional_trajectories_audit,radial_year_bar,,,,
a,S1,2055,,,,,,SW,,,baseline_demand_satisfaction_pct,nan,nan,%,regional_trajectories_audit,radial_year_bar,,,,
a,S1,2060,,,,,,SW,,,baseline_demand_satisfaction_pct,nan,nan,%,regional_trajectories_audit,radial_year_bar,,,,
a,S2,2025,,,,,,NE,,,baseline_demand_satisfaction_pct,100.0,100.0,%,regional_trajectories_audit,radial_year_bar,,,,
a,S2,2030,,,,,,NE,,,baseline_demand_satisfaction_pct,100.0,100.0,%,regional_trajectories_audit,radial_year_bar,,,,
a,S2,2035,,,,,,NE,,,baseline_demand_satisfaction_pct,100.0,100.0,%,regional_trajectories_audit,radial_year_bar,,,,
a,S2,2040,,,,,,NE,,,baseline_demand_satisfaction_pct,100.0,100.0,%,regional_trajectories_audit,radial_year_bar,,,,
a,S2,2045,,,,,,NE,,,baseline_demand_satisfaction_pct,100.0,100.0,%,regional_trajectories_audit,radial_year_bar,,,,
a,S2,2050,,,,,,NE,,,baseline_demand_satisfaction_pct,100.0,100.0,%,regional_trajectories_audit,radial_year_bar,,,,
a,S2,2055,,,,,,NE,,,baseline_demand_satisfaction_pct,100.0,100.0,%,regional_trajectories_audit,radial_year_bar,,,,
a,S2,2060,,,,,,NE,,,baseline_demand_satisfaction_pct,100.0,100.0,%,regional_trajectories_audit,radial_year_bar,,,,
a,S2,2060,,,,,,NE,,,connector_gain_2060_pp,0.0,100.0,percentage points,regional_trajectories_audit,radial_gain_band,,,,
a,S2,2025,,,,,,EC,,,baseline_demand_satisfaction_pct,79.07180037105483,64.60769542151118,%,regional_trajectories_audit,radial_year_bar,,,,
a,S2,2030,,,,,,EC,,,baseline_demand_satisfaction_pct,66.03343082669849,64.60769542151118,%,regional_trajectories_audit,radial_year_bar,,,,
a,S2,2035,,,,,,EC,,,baseline_demand_satisfaction_pct,63.73199549418927,64.60769542151118,%,regional_trajectories_audit,radial_year_bar,,,,
a,S2,2040,,,,,,EC,,,baseline_demand_satisfaction_pct,61.50051021133497,64.60769542151118,%,regional_trajectories_audit,radial_year_bar,,,,
a,S2,2045,,,,,,EC,,,baseline_demand_satisfaction_pct,59.587803767835645,64.60769542151118,%,regional_trajectories_audit,radial_year_bar,,,,
a,S2,2050,,,,,,EC,,,baseline_demand_satisfaction_pct,57.73023801231462,64.60769542151118,%,regional_trajectories_audit,radial_year_bar,,,,
a,S2,2055,,,,,,EC,,,baseline_demand_satisfaction_pct,56.36668187228722,64.60769542151118,%,regional_trajectories_audit,radial_year_bar,,,,
a,S2,2060,,,,,,EC,,,baseline_demand_satisfaction_pct,55.08178598850462,64.60769542151118,%,regional_trajectories_audit,radial_year_bar,,,,
a,S2,2060,,,,,,EC,,,connector_gain_2060_pp,9.52590943300656,64.60769542151118,percentage points,regional_trajectories_audit,radial_gain_band,,,,
a,S2,2025,,,,,,CC,,,baseline_demand_satisfaction_pct,100.0,99.99996875558298,%,regional_trajectories_audit,radial_year_bar,,,,
a,S2,2030,,,,,,CC,,,baseline_demand_satisfaction_pct,100.0,99.99996875558298,%,regional_trajectories_audit,radial_year_bar,,,,
a,S2,2035,,,,,,CC,,,baseline_demand_satisfaction_pct,100.0,99.99996875558298,%,regional_trajectories_audit,radial_year_bar,,,,
a,S2,2040,,,,,,CC,,,baseline_demand_satisfaction_pct,100.0,99.99996875558298,%,regional_trajectories_audit,radial_year_bar,,,,
a,S2,2045,,,,,,CC,,,baseline_demand_satisfaction_pct,99.99996770648106,99.99996875558298,%,regional_trajectories_audit,radial_year_bar,,,,
a,S2,2050,,,,,,CC,,,baseline_demand_satisfaction_pct,99.9999606781115,99.99996875558298,%,regional_trajectories_audit,radial_year_bar,,,,
a,S2,2055,,,,,,CC,,,baseline_demand_satisfaction_pct,99.99997358732844,99.99996875558298,%,regional_trajectories_audit,radial_year_bar,,,,
a,S2,2060,,,,,,CC,,,baseline_demand_satisfaction_pct,99.99996875558298,99.99996875558298,%,regional_trajectories_audit,radial_year_bar,,,,
a,S2,2060,,,,,,CC,,,connector_gain_2060_pp,0.0,99.99996875558298,percentage points,regional_trajectories_audit,radial_gain_band,,,,
a,S2,2025,,,,,,NC,,,baseline_demand_satisfaction_pct,99.99968559008904,92.37853201396248,%,regional_trajectories_audit,radial_year_bar,,,,
a,S2,2030,,,,,,NC,,,baseline_demand_satisfaction_pct,99.99997353849815,92.37853201396248,%,regional_trajectories_audit,radial_year_bar,,,,
a,S2,2035,,,,,,NC,,,baseline_demand_satisfaction_pct,99.99994011700178,92.37853201396248,%,regional_trajectories_audit,radial_year_bar,,,,
a,S2,2040,,,,,,NC,,,baseline_demand_satisfaction_pct,99.57301105199431,92.37853201396248,%,regional_trajectories_audit,radial_year_bar,,,,
a,S2,2045,,,,,,NC,,,baseline_demand_satisfaction_pct,97.07504646727251,92.37853201396248,%,regional_trajectories_audit,radial_year_bar,,,,
a,S2,2050,,,,,,NC,,,baseline_demand_satisfaction_pct,94.94371159953836,92.37853201396248,%,regional_trajectories_audit,radial_year_bar,,,,
a,S2,2055,,,,,,NC,,,baseline_demand_satisfaction_pct,93.46570668429244,92.37853201396248,%,regional_trajectories_audit,radial_year_bar,,,,
a,S2,2060,,,,,,NC,,,baseline_demand_satisfaction_pct,92.37853201396248,92.37853201396248,%,regional_trajectories_audit,radial_year_bar,,,,
a,S2,2060,,,,,,NC,,,connector_gain_2060_pp,0.0,92.37853201396248,percentage points,regional_trajectories_audit,radial_gain_band,,,,
a,S2,2025,,,,,,SC,,,baseline_demand_satisfaction_pct,100.0,76.33575174632615,%,regional_trajectories_audit,radial_year_bar,,,,
a,S2,2030,,,,,,SC,,,baseline_demand_satisfaction_pct,60.819842161704926,76.33575174632615,%,regional_trajectories_audit,radial_year_bar,,,,
a,S2,2035,,,,,,SC,,,baseline_demand_satisfaction_pct,52.01577446263753,76.33575174632615,%,regional_trajectories_audit,radial_year_bar,,,,
a,S2,2040,,,,,,SC,,,baseline_demand_satisfaction_pct,48.70007561670487,76.33575174632615,%,regional_trajectories_audit,radial_year_bar,,,,
a,S2,2045,,,,,,SC,,,baseline_demand_satisfaction_pct,45.76814716007113,76.33575174632615,%,regional_trajectories_audit,radial_year_bar,,,,
a,S2,2050,,,,,,SC,,,baseline_demand_satisfaction_pct,42.86315856032353,76.33575174632615,%,regional_trajectories_audit,radial_year_bar,,,,
a,S2,2055,,,,,,SC,,,baseline_demand_satisfaction_pct,35.796540507233274,76.33575174632615,%,regional_trajectories_audit,radial_year_bar,,,,
a,S2,2060,,,,,,SC,,,baseline_demand_satisfaction_pct,28.84929325553201,76.33575174632615,%,regional_trajectories_audit,radial_year_bar,,,,
a,S2,2060,,,,,,SC,,,connector_gain_2060_pp,47.48645849079414,76.33575174632615,percentage points,regional_trajectories_audit,radial_gain_band,,,,
a,S2,2025,,,,,,NW,,,baseline_demand_satisfaction_pct,100.0,100.0,%,regional_trajectories_audit,radial_year_bar,,,,
a,S2,2030,,,,,,NW,,,baseline_demand_satisfaction_pct,100.0,100.0,%,regional_trajectories_audit,radial_year_bar,,,,
a,S2,2035,,,,,,NW,,,baseline_demand_satisfaction_pct,100.0,100.0,%,regional_trajectories_audit,radial_year_bar,,,,
a,S2,2040,,,,,,NW,,,baseline_demand_satisfaction_pct,100.0,100.0,%,regional_trajectories_audit,radial_year_bar,,,,
a,S2,2045,,,,,,NW,,,baseline_demand_satisfaction_pct,100.0,100.0,%,regional_trajectories_audit,radial_year_bar,,,,
a,S2,2050,,,,,,NW,,,baseline_demand_satisfaction_pct,100.0,100.0,%,regional_trajectories_audit,radial_year_bar,,,,
a,S2,2055,,,,,,NW,,,baseline_demand_satisfaction_pct,100.0,100.0,%,regional_trajectories_audit,radial_year_bar,,,,
a,S2,2060,,,,,,NW,,,baseline_demand_satisfaction_pct,100.0,100.0,%,regional_trajectories_audit,radial_year_bar,,,,
a,S2,2060,,,,,,NW,,,connector_gain_2060_pp,1.4210854715202004e-14,100.0,percentage points,regional_trajectories_audit,radial_gain_band,,,,
a,S2,2025,,,,,,SW,,,baseline_demand_satisfaction_pct,100.0,80.63078286785783,%,regional_trajectories_audit,radial_year_bar,,,,
a,S2,2030,,,,,,SW,,,baseline_demand_satisfaction_pct,100.0,80.63078286785783,%,regional_trajectories_audit,radial_year_bar,,,,
a,S2,2035,,,,,,SW,,,baseline_demand_satisfaction_pct,100.0,80.63078286785783,%,regional_trajectories_audit,radial_year_bar,,,,
a,S2,2040,,,,,,SW,,,baseline_demand_satisfaction_pct,100.0,80.63078286785783,%,regional_trajectories_audit,radial_year_bar,,,,
a,S2,2045,,,,,,SW,,,baseline_demand_satisfaction_pct,100.0,80.63078286785783,%,regional_trajectories_audit,radial_year_bar,,,,
a,S2,2050,,,,,,SW,,,baseline_demand_satisfaction_pct,94.10461130680284,80.63078286785783,%,regional_trajectories_audit,radial_year_bar,,,,
a,S2,2055,,,,,,SW,,,baseline_demand_satisfaction_pct,84.99521354586945,80.63078286785783,%,regional_trajectories_audit,radial_year_bar,,,,
a,S2,2060,,,,,,SW,,,baseline_demand_satisfaction_pct,80.63078286785782,80.63078286785783,%,regional_trajectories_audit,radial_year_bar,,,,
a,S2,2060,,,,,,SW,,,connector_gain_2060_pp,1.4210854715202004e-14,80.63078286785783,percentage points,regional_trajectories_audit,radial_gain_band,,,,
a,S3,2025,,,,,,NE,,,baseline_demand_satisfaction_pct,nan,100.0,%,regional_trajectories_audit,radial_year_bar,,,,
a,S3,2030,,,,,,NE,,,baseline_demand_satisfaction_pct,100.0,100.0,%,regional_trajectories_audit,radial_year_bar,,,,
a,S3,2035,,,,,,NE,,,baseline_demand_satisfaction_pct,100.0,100.0,%,regional_trajectories_audit,radial_year_bar,,,,
a,S3,2040,,,,,,NE,,,baseline_demand_satisfaction_pct,100.0,100.0,%,regional_trajectories_audit,radial_year_bar,,,,
a,S3,2045,,,,,,NE,,,baseline_demand_satisfaction_pct,100.0,100.0,%,regional_trajectories_audit,radial_year_bar,,,,
a,S3,2050,,,,,,NE,,,baseline_demand_satisfaction_pct,100.0,100.0,%,regional_trajectories_audit,radial_year_bar,,,,
a,S3,2055,,,,,,NE,,,baseline_demand_satisfaction_pct,100.0,100.0,%,regional_trajectories_audit,radial_year_bar,,,,
a,S3,2060,,,,,,NE,,,baseline_demand_satisfaction_pct,100.0,100.0,%,regional_trajectories_audit,radial_year_bar,,,,
a,S3,2060,,,,,,NE,,,connector_gain_2060_pp,1.4210854715202004e-14,100.0,percentage points,regional_trajectories_audit,radial_gain_band,,,,
a,S3,2025,,,,,,EC,,,baseline_demand_satisfaction_pct,nan,69.2300409154103,%,regional_trajectories_audit,radial_year_bar,,,,
a,S3,2030,,,,,,EC,,,baseline_demand_satisfaction_pct,75.02455070829687,69.2300409154103,%,regional_trajectories_audit,radial_year_bar,,,,
a,S3,2035,,,,,,EC,,,baseline_demand_satisfaction_pct,74.3874351024608,69.2300409154103,%,regional_trajectories_audit,radial_year_bar,,,,
a,S3,2040,,,,,,EC,,,baseline_demand_satisfaction_pct,74.44144361063563,69.2300409154103,%,regional_trajectories_audit,radial_year_bar,,,,
a,S3,2045,,,,,,EC,,,baseline_demand_satisfaction_pct,74.37322299996629,69.2300409154103,%,regional_trajectories_audit,radial_year_bar,,,,
a,S3,2050,,,,,,EC,,,baseline_demand_satisfaction_pct,74.1253198648698,69.2300409154103,%,regional_trajectories_audit,radial_year_bar,,,,
a,S3,2055,,,,,,EC,,,baseline_demand_satisfaction_pct,71.7469160769081,69.2300409154103,%,regional_trajectories_audit,radial_year_bar,,,,
a,S3,2060,,,,,,EC,,,baseline_demand_satisfaction_pct,69.2300409154103,69.2300409154103,%,regional_trajectories_audit,radial_year_bar,,,,
a,S3,2060,,,,,,EC,,,connector_gain_2060_pp,0.0,69.2300409154103,percentage points,regional_trajectories_audit,radial_gain_band,,,,
a,S3,2025,,,,,,CC,,,baseline_demand_satisfaction_pct,nan,100.0,%,regional_trajectories_audit,radial_year_bar,,,,
a,S3,2030,,,,,,CC,,,baseline_demand_satisfaction_pct,100.0,100.0,%,regional_trajectories_audit,radial_year_bar,,,,
a,S3,2035,,,,,,CC,,,baseline_demand_satisfaction_pct,100.0,100.0,%,regional_trajectories_audit,radial_year_bar,,,,
a,S3,2040,,,,,,CC,,,baseline_demand_satisfaction_pct,100.0,100.0,%,regional_trajectories_audit,radial_year_bar,,,,
a,S3,2045,,,,,,CC,,,baseline_demand_satisfaction_pct,100.0,100.0,%,regional_trajectories_audit,radial_year_bar,,,,
a,S3,2050,,,,,,CC,,,baseline_demand_satisfaction_pct,100.0,100.0,%,regional_trajectories_audit,radial_year_bar,,,,
a,S3,2055,,,,,,CC,,,baseline_demand_satisfaction_pct,100.0,100.0,%,regional_trajectories_audit,radial_year_bar,,,,
a,S3,2060,,,,,,CC,,,baseline_demand_satisfaction_pct,100.0,100.0,%,regional_trajectories_audit,radial_year_bar,,,,
a,S3,2060,,,,,,CC,,,connector_gain_2060_pp,0.0,100.0,percentage points,regional_trajectories_audit,radial_gain_band,,,,
a,S3,2025,,,,,,NC,,,baseline_demand_satisfaction_pct,nan,98.24520853186164,%,regional_trajectories_audit,radial_year_bar,,,,
a,S3,2030,,,,,,NC,,,baseline_demand_satisfaction_pct,99.99994747042363,98.24520853186164,%,regional_trajectories_audit,radial_year_bar,,,,
a,S3,2035,,,,,,NC,,,baseline_demand_satisfaction_pct,99.99990485285478,98.24520853186164,%,regional_trajectories_audit,radial_year_bar,,,,
a,S3,2040,,,,,,NC,,,baseline_demand_satisfaction_pct,99.9998947635227,98.24520853186164,%,regional_trajectories_audit,radial_year_bar,,,,
a,S3,2045,,,,,,NC,,,baseline_demand_satisfaction_pct,99.99986285031832,98.24520853186164,%,regional_trajectories_audit,radial_year_bar,,,,
a,S3,2050,,,,,,NC,,,baseline_demand_satisfaction_pct,99.9999353180874,98.24520853186164,%,regional_trajectories_audit,radial_year_bar,,,,
a,S3,2055,,,,,,NC,,,baseline_demand_satisfaction_pct,99.74076836917992,98.24520853186164,%,regional_trajectories_audit,radial_year_bar,,,,
a,S3,2060,,,,,,NC,,,baseline_demand_satisfaction_pct,98.24520853186164,98.24520853186164,%,regional_trajectories_audit,radial_year_bar,,,,
a,S3,2060,,,,,,NC,,,connector_gain_2060_pp,0.0,98.24520853186164,percentage points,regional_trajectories_audit,radial_gain_band,,,,
a,S3,2025,,,,,,SC,,,baseline_demand_satisfaction_pct,nan,49.240697749762575,%,regional_trajectories_audit,radial_year_bar,,,,
a,S3,2030,,,,,,SC,,,baseline_demand_satisfaction_pct,33.968144323577214,49.240697749762575,%,regional_trajectories_audit,radial_year_bar,,,,
a,S3,2035,,,,,,SC,,,baseline_demand_satisfaction_pct,28.828752286046893,49.240697749762575,%,regional_trajectories_audit,radial_year_bar,,,,
a,S3,2040,,,,,,SC,,,baseline_demand_satisfaction_pct,28.46055298555145,49.240697749762575,%,regional_trajectories_audit,radial_year_bar,,,,
a,S3,2045,,,,,,SC,,,baseline_demand_satisfaction_pct,27.448664427494304,49.240697749762575,%,regional_trajectories_audit,radial_year_bar,,,,
a,S3,2050,,,,,,SC,,,baseline_demand_satisfaction_pct,25.225731401564403,49.240697749762575,%,regional_trajectories_audit,radial_year_bar,,,,
a,S3,2055,,,,,,SC,,,baseline_demand_satisfaction_pct,23.560682169032408,49.240697749762575,%,regional_trajectories_audit,radial_year_bar,,,,
a,S3,2060,,,,,,SC,,,baseline_demand_satisfaction_pct,22.263761474051112,49.240697749762575,%,regional_trajectories_audit,radial_year_bar,,,,
a,S3,2060,,,,,,SC,,,connector_gain_2060_pp,26.976936275711463,49.240697749762575,percentage points,regional_trajectories_audit,radial_gain_band,,,,
a,S3,2025,,,,,,NW,,,baseline_demand_satisfaction_pct,nan,100.0,%,regional_trajectories_audit,radial_year_bar,,,,
a,S3,2030,,,,,,NW,,,baseline_demand_satisfaction_pct,100.0,100.0,%,regional_trajectories_audit,radial_year_bar,,,,
a,S3,2035,,,,,,NW,,,baseline_demand_satisfaction_pct,100.0,100.0,%,regional_trajectories_audit,radial_year_bar,,,,
a,S3,2040,,,,,,NW,,,baseline_demand_satisfaction_pct,100.0,100.0,%,regional_trajectories_audit,radial_year_bar,,,,
a,S3,2045,,,,,,NW,,,baseline_demand_satisfaction_pct,100.0,100.0,%,regional_trajectories_audit,radial_year_bar,,,,
a,S3,2050,,,,,,NW,,,baseline_demand_satisfaction_pct,100.0,100.0,%,regional_trajectories_audit,radial_year_bar,,,,
a,S3,2055,,,,,,NW,,,baseline_demand_satisfaction_pct,100.0,100.0,%,regional_trajectories_audit,radial_year_bar,,,,
a,S3,2060,,,,,,NW,,,baseline_demand_satisfaction_pct,100.0,100.0,%,regional_trajectories_audit,radial_year_bar,,,,
a,S3,2060,,,,,,NW,,,connector_gain_2060_pp,0.0,100.0,percentage points,regional_trajectories_audit,radial_gain_band,,,,
a,S3,2025,,,,,,SW,,,baseline_demand_satisfaction_pct,nan,99.9999681788601,%,regional_trajectories_audit,radial_year_bar,,,,
a,S3,2030,,,,,,SW,,,baseline_demand_satisfaction_pct,99.99989193099422,99.9999681788601,%,regional_trajectories_audit,radial_year_bar,,,,
a,S3,2035,,,,,,SW,,,baseline_demand_satisfaction_pct,99.9998343772756,99.9999681788601,%,regional_trajectories_audit,radial_year_bar,,,,
a,S3,2040,,,,,,SW,,,baseline_demand_satisfaction_pct,99.9998995042534,99.9999681788601,%,regional_trajectories_audit,radial_year_bar,,,,
a,S3,2045,,,,,,SW,,,baseline_demand_satisfaction_pct,99.99994043319695,99.9999681788601,%,regional_trajectories_audit,radial_year_bar,,,,
a,S3,2050,,,,,,SW,,,baseline_demand_satisfaction_pct,99.9999617554902,99.9999681788601,%,regional_trajectories_audit,radial_year_bar,,,,
a,S3,2055,,,,,,SW,,,baseline_demand_satisfaction_pct,99.99992607131604,99.9999681788601,%,regional_trajectories_audit,radial_year_bar,,,,
a,S3,2060,,,,,,SW,,,baseline_demand_satisfaction_pct,99.9999681788601,99.9999681788601,%,regional_trajectories_audit,radial_year_bar,,,,
a,S3,2060,,,,,,SW,,,connector_gain_2060_pp,0.0,99.9999681788601,percentage points,regional_trajectories_audit,radial_gain_band,,,,
a,S4,2025,,,,,,NE,,,baseline_demand_satisfaction_pct,100.0,100.0,%,regional_trajectories_audit,radial_year_bar,,,,
a,S4,2030,,,,,,NE,,,baseline_demand_satisfaction_pct,100.0,100.0,%,regional_trajectories_audit,radial_year_bar,,,,
a,S4,2035,,,,,,NE,,,baseline_demand_satisfaction_pct,100.0,100.0,%,regional_trajectories_audit,radial_year_bar,,,,
a,S4,2040,,,,,,NE,,,baseline_demand_satisfaction_pct,100.0,100.0,%,regional_trajectories_audit,radial_year_bar,,,,
a,S4,2045,,,,,,NE,,,baseline_demand_satisfaction_pct,100.0,100.0,%,regional_trajectories_audit,radial_year_bar,,,,
a,S4,2050,,,,,,NE,,,baseline_demand_satisfaction_pct,100.0,100.0,%,regional_trajectories_audit,radial_year_bar,,,,
a,S4,2055,,,,,,NE,,,baseline_demand_satisfaction_pct,100.0,100.0,%,regional_trajectories_audit,radial_year_bar,,,,
a,S4,2060,,,,,,NE,,,baseline_demand_satisfaction_pct,100.0,100.0,%,regional_trajectories_audit,radial_year_bar,,,,
a,S4,2060,,,,,,NE,,,connector_gain_2060_pp,0.0,100.0,percentage points,regional_trajectories_audit,radial_gain_band,,,,
a,S4,2025,,,,,,EC,,,baseline_demand_satisfaction_pct,94.41416215543524,64.937119759216,%,regional_trajectories_audit,radial_year_bar,,,,
a,S4,2030,,,,,,EC,,,baseline_demand_satisfaction_pct,75.51132996279522,64.937119759216,%,regional_trajectories_audit,radial_year_bar,,,,
a,S4,2035,,,,,,EC,,,baseline_demand_satisfaction_pct,69.65466106759278,64.937119759216,%,regional_trajectories_audit,radial_year_bar,,,,
a,S4,2040,,,,,,EC,,,baseline_demand_satisfaction_pct,65.53971749674047,64.937119759216,%,regional_trajectories_audit,radial_year_bar,,,,
a,S4,2045,,,,,,EC,,,baseline_demand_satisfaction_pct,65.3119071534367,64.937119759216,%,regional_trajectories_audit,radial_year_bar,,,,
a,S4,2050,,,,,,EC,,,baseline_demand_satisfaction_pct,63.34734247643551,64.937119759216,%,regional_trajectories_audit,radial_year_bar,,,,
a,S4,2055,,,,,,EC,,,baseline_demand_satisfaction_pct,61.972996131706346,64.937119759216,%,regional_trajectories_audit,radial_year_bar,,,,
a,S4,2060,,,,,,EC,,,baseline_demand_satisfaction_pct,61.312442224111365,64.937119759216,%,regional_trajectories_audit,radial_year_bar,,,,
a,S4,2060,,,,,,EC,,,connector_gain_2060_pp,3.624677535104638,64.937119759216,percentage points,regional_trajectories_audit,radial_gain_band,,,,
a,S4,2025,,,,,,CC,,,baseline_demand_satisfaction_pct,100.0,99.99999987331324,%,regional_trajectories_audit,radial_year_bar,,,,
a,S4,2030,,,,,,CC,,,baseline_demand_satisfaction_pct,100.0,99.99999987331324,%,regional_trajectories_audit,radial_year_bar,,,,
a,S4,2035,,,,,,CC,,,baseline_demand_satisfaction_pct,100.0,99.99999987331324,%,regional_trajectories_audit,radial_year_bar,,,,
a,S4,2040,,,,,,CC,,,baseline_demand_satisfaction_pct,100.0,99.99999987331324,%,regional_trajectories_audit,radial_year_bar,,,,
a,S4,2045,,,,,,CC,,,baseline_demand_satisfaction_pct,100.0,99.99999987331324,%,regional_trajectories_audit,radial_year_bar,,,,
a,S4,2050,,,,,,CC,,,baseline_demand_satisfaction_pct,100.0,99.99999987331324,%,regional_trajectories_audit,radial_year_bar,,,,
a,S4,2055,,,,,,CC,,,baseline_demand_satisfaction_pct,100.0,99.99999987331324,%,regional_trajectories_audit,radial_year_bar,,,,
a,S4,2060,,,,,,CC,,,baseline_demand_satisfaction_pct,99.99999987331324,99.99999987331324,%,regional_trajectories_audit,radial_year_bar,,,,
a,S4,2060,,,,,,CC,,,connector_gain_2060_pp,-1.4210854715202004e-14,99.99999987331324,percentage points,regional_trajectories_audit,radial_gain_band,,,,
a,S4,2025,,,,,,NC,,,baseline_demand_satisfaction_pct,100.0,97.2595564119722,%,regional_trajectories_audit,radial_year_bar,,,,
a,S4,2030,,,,,,NC,,,baseline_demand_satisfaction_pct,99.99954646035307,97.2595564119722,%,regional_trajectories_audit,radial_year_bar,,,,
a,S4,2035,,,,,,NC,,,baseline_demand_satisfaction_pct,99.99965103403616,97.2595564119722,%,regional_trajectories_audit,radial_year_bar,,,,
a,S4,2040,,,,,,NC,,,baseline_demand_satisfaction_pct,99.9999274888981,97.2595564119722,%,regional_trajectories_audit,radial_year_bar,,,,
a,S4,2045,,,,,,NC,,,baseline_demand_satisfaction_pct,99.99998854831514,97.2595564119722,%,regional_trajectories_audit,radial_year_bar,,,,
a,S4,2050,,,,,,NC,,,baseline_demand_satisfaction_pct,99.9999773630678,97.2595564119722,%,regional_trajectories_audit,radial_year_bar,,,,
a,S4,2055,,,,,,NC,,,baseline_demand_satisfaction_pct,98.5171589307817,97.2595564119722,%,regional_trajectories_audit,radial_year_bar,,,,
a,S4,2060,,,,,,NC,,,baseline_demand_satisfaction_pct,97.2595564119722,97.2595564119722,%,regional_trajectories_audit,radial_year_bar,,,,
a,S4,2060,,,,,,NC,,,connector_gain_2060_pp,0.0,97.2595564119722,percentage points,regional_trajectories_audit,radial_gain_band,,,,
a,S4,2025,,,,,,SC,,,baseline_demand_satisfaction_pct,100.0,99.99996900601282,%,regional_trajectories_audit,radial_year_bar,,,,
a,S4,2030,,,,,,SC,,,baseline_demand_satisfaction_pct,98.02675574313746,99.99996900601282,%,regional_trajectories_audit,radial_year_bar,,,,
a,S4,2035,,,,,,SC,,,baseline_demand_satisfaction_pct,78.85069437063895,99.99996900601282,%,regional_trajectories_audit,radial_year_bar,,,,
a,S4,2040,,,,,,SC,,,baseline_demand_satisfaction_pct,71.84699295083513,99.99996900601282,%,regional_trajectories_audit,radial_year_bar,,,,
a,S4,2045,,,,,,SC,,,baseline_demand_satisfaction_pct,66.92804981400282,99.99996900601282,%,regional_trajectories_audit,radial_year_bar,,,,
a,S4,2050,,,,,,SC,,,baseline_demand_satisfaction_pct,62.73950110761593,99.99996900601282,%,regional_trajectories_audit,radial_year_bar,,,,
a,S4,2055,,,,,,SC,,,baseline_demand_satisfaction_pct,60.35261564660207,99.99996900601282,%,regional_trajectories_audit,radial_year_bar,,,,
a,S4,2060,,,,,,SC,,,baseline_demand_satisfaction_pct,59.21693788660985,99.99996900601282,%,regional_trajectories_audit,radial_year_bar,,,,
a,S4,2060,,,,,,SC,,,connector_gain_2060_pp,40.78303111940297,99.99996900601282,percentage points,regional_trajectories_audit,radial_gain_band,,,,
a,S4,2025,,,,,,NW,,,baseline_demand_satisfaction_pct,100.0,100.0,%,regional_trajectories_audit,radial_year_bar,,,,
a,S4,2030,,,,,,NW,,,baseline_demand_satisfaction_pct,100.0,100.0,%,regional_trajectories_audit,radial_year_bar,,,,
a,S4,2035,,,,,,NW,,,baseline_demand_satisfaction_pct,100.0,100.0,%,regional_trajectories_audit,radial_year_bar,,,,
a,S4,2040,,,,,,NW,,,baseline_demand_satisfaction_pct,100.0,100.0,%,regional_trajectories_audit,radial_year_bar,,,,
a,S4,2045,,,,,,NW,,,baseline_demand_satisfaction_pct,100.0,100.0,%,regional_trajectories_audit,radial_year_bar,,,,
a,S4,2050,,,,,,NW,,,baseline_demand_satisfaction_pct,100.0,100.0,%,regional_trajectories_audit,radial_year_bar,,,,
a,S4,2055,,,,,,NW,,,baseline_demand_satisfaction_pct,100.0,100.0,%,regional_trajectories_audit,radial_year_bar,,,,
a,S4,2060,,,,,,NW,,,baseline_demand_satisfaction_pct,100.0,100.0,%,regional_trajectories_audit,radial_year_bar,,,,
a,S4,2060,,,,,,NW,,,connector_gain_2060_pp,0.0,100.0,percentage points,regional_trajectories_audit,radial_gain_band,,,,
a,S4,2025,,,,,,SW,,,baseline_demand_satisfaction_pct,100.0,99.99996465236616,%,regional_trajectories_audit,radial_year_bar,,,,
a,S4,2030,,,,,,SW,,,baseline_demand_satisfaction_pct,100.0,99.99996465236616,%,regional_trajectories_audit,radial_year_bar,,,,
a,S4,2035,,,,,,SW,,,baseline_demand_satisfaction_pct,100.0,99.99996465236616,%,regional_trajectories_audit,radial_year_bar,,,,
a,S4,2040,,,,,,SW,,,baseline_demand_satisfaction_pct,100.0,99.99996465236616,%,regional_trajectories_audit,radial_year_bar,,,,
a,S4,2045,,,,,,SW,,,baseline_demand_satisfaction_pct,100.0,99.99996465236616,%,regional_trajectories_audit,radial_year_bar,,,,
a,S4,2050,,,,,,SW,,,baseline_demand_satisfaction_pct,100.0,99.99996465236616,%,regional_trajectories_audit,radial_year_bar,,,,
a,S4,2055,,,,,,SW,,,baseline_demand_satisfaction_pct,100.0,99.99996465236616,%,regional_trajectories_audit,radial_year_bar,,,,
a,S4,2060,,,,,,SW,,,baseline_demand_satisfaction_pct,99.99996465236616,99.99996465236616,%,regional_trajectories_audit,radial_year_bar,,,,
a,S4,2060,,,,,,SW,,,connector_gain_2060_pp,1.4210854715202004e-14,99.99996465236616,percentage points,regional_trajectories_audit,radial_gain_band,,,,
a,S5,2025,,,,,,NE,,,baseline_demand_satisfaction_pct,100.0,84.97994765955465,%,regional_trajectories_audit,radial_year_bar,,,,
a,S5,2030,,,,,,NE,,,baseline_demand_satisfaction_pct,100.0,84.97994765955465,%,regional_trajectories_audit,radial_year_bar,,,,
a,S5,2035,,,,,,NE,,,baseline_demand_satisfaction_pct,100.0,84.97994765955465,%,regional_trajectories_audit,radial_year_bar,,,,
a,S5,2040,,,,,,NE,,,baseline_demand_satisfaction_pct,100.0,84.97994765955465,%,regional_trajectories_audit,radial_year_bar,,,,
a,S5,2045,,,,,,NE,,,baseline_demand_satisfaction_pct,100.0,84.97994765955465,%,regional_trajectories_audit,radial_year_bar,,,,
a,S5,2050,,,,,,NE,,,baseline_demand_satisfaction_pct,100.0,84.97994765955465,%,regional_trajectories_audit,radial_year_bar,,,,
a,S5,2055,,,,,,NE,,,baseline_demand_satisfaction_pct,96.03200045645916,84.97994765955465,%,regional_trajectories_audit,radial_year_bar,,,,
a,S5,2060,,,,,,NE,,,baseline_demand_satisfaction_pct,84.97994765955467,84.97994765955465,%,regional_trajectories_audit,radial_year_bar,,,,
a,S5,2060,,,,,,NE,,,connector_gain_2060_pp,-1.4210854715202004e-14,84.97994765955465,percentage points,regional_trajectories_audit,radial_gain_band,,,,
a,S5,2025,,,,,,EC,,,baseline_demand_satisfaction_pct,69.27541653718265,26.59340497897274,%,regional_trajectories_audit,radial_year_bar,,,,
a,S5,2030,,,,,,EC,,,baseline_demand_satisfaction_pct,51.47828625279686,26.59340497897274,%,regional_trajectories_audit,radial_year_bar,,,,
a,S5,2035,,,,,,EC,,,baseline_demand_satisfaction_pct,50.38288935371684,26.59340497897274,%,regional_trajectories_audit,radial_year_bar,,,,
a,S5,2040,,,,,,EC,,,baseline_demand_satisfaction_pct,47.96145706440648,26.59340497897274,%,regional_trajectories_audit,radial_year_bar,,,,
a,S5,2045,,,,,,EC,,,baseline_demand_satisfaction_pct,37.66422877412628,26.59340497897274,%,regional_trajectories_audit,radial_year_bar,,,,
a,S5,2050,,,,,,EC,,,baseline_demand_satisfaction_pct,30.34817405492124,26.59340497897274,%,regional_trajectories_audit,radial_year_bar,,,,
a,S5,2055,,,,,,EC,,,baseline_demand_satisfaction_pct,25.34020528362798,26.59340497897274,%,regional_trajectories_audit,radial_year_bar,,,,
a,S5,2060,,,,,,EC,,,baseline_demand_satisfaction_pct,20.46084663964864,26.59340497897274,%,regional_trajectories_audit,radial_year_bar,,,,
a,S5,2060,,,,,,EC,,,connector_gain_2060_pp,6.132558339324099,26.59340497897274,percentage points,regional_trajectories_audit,radial_gain_band,,,,
a,S5,2025,,,,,,CC,,,baseline_demand_satisfaction_pct,100.0,96.8155547517498,%,regional_trajectories_audit,radial_year_bar,,,,
a,S5,2030,,,,,,CC,,,baseline_demand_satisfaction_pct,100.0,96.8155547517498,%,regional_trajectories_audit,radial_year_bar,,,,
a,S5,2035,,,,,,CC,,,baseline_demand_satisfaction_pct,98.539417646927,96.8155547517498,%,regional_trajectories_audit,radial_year_bar,,,,
a,S5,2040,,,,,,CC,,,baseline_demand_satisfaction_pct,97.7858248358818,96.8155547517498,%,regional_trajectories_audit,radial_year_bar,,,,
a,S5,2045,,,,,,CC,,,baseline_demand_satisfaction_pct,97.3086757157552,96.8155547517498,%,regional_trajectories_audit,radial_year_bar,,,,
a,S5,2050,,,,,,CC,,,baseline_demand_satisfaction_pct,96.92929999676367,96.8155547517498,%,regional_trajectories_audit,radial_year_bar,,,,
a,S5,2055,,,,,,CC,,,baseline_demand_satisfaction_pct,96.80437530912694,96.8155547517498,%,regional_trajectories_audit,radial_year_bar,,,,
a,S5,2060,,,,,,CC,,,baseline_demand_satisfaction_pct,96.8155547517498,96.8155547517498,%,regional_trajectories_audit,radial_year_bar,,,,
a,S5,2060,,,,,,CC,,,connector_gain_2060_pp,1.4210854715202004e-14,96.8155547517498,percentage points,regional_trajectories_audit,radial_gain_band,,,,
a,S5,2025,,,,,,NC,,,baseline_demand_satisfaction_pct,99.999537646135,55.95631660107751,%,regional_trajectories_audit,radial_year_bar,,,,
a,S5,2030,,,,,,NC,,,baseline_demand_satisfaction_pct,85.49472591313817,55.95631660107751,%,regional_trajectories_audit,radial_year_bar,,,,
a,S5,2035,,,,,,NC,,,baseline_demand_satisfaction_pct,71.49779363992741,55.95631660107751,%,regional_trajectories_audit,radial_year_bar,,,,
a,S5,2040,,,,,,NC,,,baseline_demand_satisfaction_pct,67.78583443529699,55.95631660107751,%,regional_trajectories_audit,radial_year_bar,,,,
a,S5,2045,,,,,,NC,,,baseline_demand_satisfaction_pct,63.67525147602392,55.95631660107751,%,regional_trajectories_audit,radial_year_bar,,,,
a,S5,2050,,,,,,NC,,,baseline_demand_satisfaction_pct,58.59485932219544,55.95631660107751,%,regional_trajectories_audit,radial_year_bar,,,,
a,S5,2055,,,,,,NC,,,baseline_demand_satisfaction_pct,55.96157184363352,55.95631660107751,%,regional_trajectories_audit,radial_year_bar,,,,
a,S5,2060,,,,,,NC,,,baseline_demand_satisfaction_pct,55.95631660107751,55.95631660107751,%,regional_trajectories_audit,radial_year_bar,,,,
a,S5,2060,,,,,,NC,,,connector_gain_2060_pp,0.0,55.95631660107751,percentage points,regional_trajectories_audit,radial_gain_band,,,,
a,S5,2025,,,,,,SC,,,baseline_demand_satisfaction_pct,80.45550345352316,23.64368407868509,%,regional_trajectories_audit,radial_year_bar,,,,
a,S5,2030,,,,,,SC,,,baseline_demand_satisfaction_pct,31.935644659424483,23.64368407868509,%,regional_trajectories_audit,radial_year_bar,,,,
a,S5,2035,,,,,,SC,,,baseline_demand_satisfaction_pct,26.56076277626218,23.64368407868509,%,regional_trajectories_audit,radial_year_bar,,,,
a,S5,2040,,,,,,SC,,,baseline_demand_satisfaction_pct,22.820884124469497,23.64368407868509,%,regional_trajectories_audit,radial_year_bar,,,,
a,S5,2045,,,,,,SC,,,baseline_demand_satisfaction_pct,19.440752920047967,23.64368407868509,%,regional_trajectories_audit,radial_year_bar,,,,
a,S5,2050,,,,,,SC,,,baseline_demand_satisfaction_pct,15.925989125158276,23.64368407868509,%,regional_trajectories_audit,radial_year_bar,,,,
a,S5,2055,,,,,,SC,,,baseline_demand_satisfaction_pct,13.32471579376029,23.64368407868509,%,regional_trajectories_audit,radial_year_bar,,,,
a,S5,2060,,,,,,SC,,,baseline_demand_satisfaction_pct,11.2911431054542,23.64368407868509,%,regional_trajectories_audit,radial_year_bar,,,,
a,S5,2060,,,,,,SC,,,connector_gain_2060_pp,12.352540973230894,23.64368407868509,percentage points,regional_trajectories_audit,radial_gain_band,,,,
a,S5,2025,,,,,,NW,,,baseline_demand_satisfaction_pct,100.0,100.0,%,regional_trajectories_audit,radial_year_bar,,,,
a,S5,2030,,,,,,NW,,,baseline_demand_satisfaction_pct,100.0,100.0,%,regional_trajectories_audit,radial_year_bar,,,,
a,S5,2035,,,,,,NW,,,baseline_demand_satisfaction_pct,100.0,100.0,%,regional_trajectories_audit,radial_year_bar,,,,
a,S5,2040,,,,,,NW,,,baseline_demand_satisfaction_pct,100.0,100.0,%,regional_trajectories_audit,radial_year_bar,,,,
a,S5,2045,,,,,,NW,,,baseline_demand_satisfaction_pct,100.0,100.0,%,regional_trajectories_audit,radial_year_bar,,,,
a,S5,2050,,,,,,NW,,,baseline_demand_satisfaction_pct,100.0,100.0,%,regional_trajectories_audit,radial_year_bar,,,,
a,S5,2055,,,,,,NW,,,baseline_demand_satisfaction_pct,100.0,100.0,%,regional_trajectories_audit,radial_year_bar,,,,
a,S5,2060,,,,,,NW,,,baseline_demand_satisfaction_pct,100.0,100.0,%,regional_trajectories_audit,radial_year_bar,,,,
a,S5,2060,,,,,,NW,,,connector_gain_2060_pp,0.0,100.0,percentage points,regional_trajectories_audit,radial_gain_band,,,,
a,S5,2025,,,,,,SW,,,baseline_demand_satisfaction_pct,100.0,76.02857701813099,%,regional_trajectories_audit,radial_year_bar,,,,
a,S5,2030,,,,,,SW,,,baseline_demand_satisfaction_pct,99.9997470622116,76.02857701813099,%,regional_trajectories_audit,radial_year_bar,,,,
a,S5,2035,,,,,,SW,,,baseline_demand_satisfaction_pct,99.99988643166432,76.02857701813099,%,regional_trajectories_audit,radial_year_bar,,,,
a,S5,2040,,,,,,SW,,,baseline_demand_satisfaction_pct,95.20323358539105,76.02857701813099,%,regional_trajectories_audit,radial_year_bar,,,,
a,S5,2045,,,,,,SW,,,baseline_demand_satisfaction_pct,90.33926041835036,76.02857701813099,%,regional_trajectories_audit,radial_year_bar,,,,
a,S5,2050,,,,,,SW,,,baseline_demand_satisfaction_pct,86.25954586352744,76.02857701813099,%,regional_trajectories_audit,radial_year_bar,,,,
a,S5,2055,,,,,,SW,,,baseline_demand_satisfaction_pct,83.36736843893142,76.02857701813099,%,regional_trajectories_audit,radial_year_bar,,,,
a,S5,2060,,,,,,SW,,,baseline_demand_satisfaction_pct,76.02857701813099,76.02857701813099,%,regional_trajectories_audit,radial_year_bar,,,,
a,S5,2060,,,,,,SW,,,connector_gain_2060_pp,0.0,76.02857701813099,percentage points,regional_trajectories_audit,radial_gain_band,,,,
a,S6,2025,,,,,,NE,,,baseline_demand_satisfaction_pct,100.0,85.55624248003294,%,regional_trajectories_audit,radial_year_bar,,,,
a,S6,2030,,,,,,NE,,,baseline_demand_satisfaction_pct,100.0,85.55624248003294,%,regional_trajectories_audit,radial_year_bar,,,,
a,S6,2035,,,,,,NE,,,baseline_demand_satisfaction_pct,100.0,85.55624248003294,%,regional_trajectories_audit,radial_year_bar,,,,
a,S6,2040,,,,,,NE,,,baseline_demand_satisfaction_pct,100.0,85.55624248003294,%,regional_trajectories_audit,radial_year_bar,,,,
a,S6,2045,,,,,,NE,,,baseline_demand_satisfaction_pct,100.0,85.55624248003294,%,regional_trajectories_audit,radial_year_bar,,,,
a,S6,2050,,,,,,NE,,,baseline_demand_satisfaction_pct,100.0,85.55624248003294,%,regional_trajectories_audit,radial_year_bar,,,,
a,S6,2055,,,,,,NE,,,baseline_demand_satisfaction_pct,98.89825292759144,85.55624248003294,%,regional_trajectories_audit,radial_year_bar,,,,
a,S6,2060,,,,,,NE,,,baseline_demand_satisfaction_pct,85.55624248003294,85.55624248003294,%,regional_trajectories_audit,radial_year_bar,,,,
a,S6,2060,,,,,,NE,,,connector_gain_2060_pp,0.0,85.55624248003294,percentage points,regional_trajectories_audit,radial_gain_band,,,,
a,S6,2025,,,,,,EC,,,baseline_demand_satisfaction_pct,72.60772972396832,30.599203048768626,%,regional_trajectories_audit,radial_year_bar,,,,
a,S6,2030,,,,,,EC,,,baseline_demand_satisfaction_pct,53.06844838402448,30.599203048768626,%,regional_trajectories_audit,radial_year_bar,,,,
a,S6,2035,,,,,,EC,,,baseline_demand_satisfaction_pct,51.51476012131638,30.599203048768626,%,regional_trajectories_audit,radial_year_bar,,,,
a,S6,2040,,,,,,EC,,,baseline_demand_satisfaction_pct,49.95046669816967,30.599203048768626,%,regional_trajectories_audit,radial_year_bar,,,,
a,S6,2045,,,,,,EC,,,baseline_demand_satisfaction_pct,39.52792266437407,30.599203048768626,%,regional_trajectories_audit,radial_year_bar,,,,
a,S6,2050,,,,,,EC,,,baseline_demand_satisfaction_pct,32.08632429746118,30.599203048768626,%,regional_trajectories_audit,radial_year_bar,,,,
a,S6,2055,,,,,,EC,,,baseline_demand_satisfaction_pct,26.988269464066136,30.599203048768626,%,regional_trajectories_audit,radial_year_bar,,,,
a,S6,2060,,,,,,EC,,,baseline_demand_satisfaction_pct,23.918614020348706,30.599203048768626,%,regional_trajectories_audit,radial_year_bar,,,,
a,S6,2060,,,,,,EC,,,connector_gain_2060_pp,6.6805890284199165,30.599203048768626,percentage points,regional_trajectories_audit,radial_gain_band,,,,
a,S6,2025,,,,,,CC,,,baseline_demand_satisfaction_pct,100.0,95.39228170016952,%,regional_trajectories_audit,radial_year_bar,,,,
a,S6,2030,,,,,,CC,,,baseline_demand_satisfaction_pct,99.38591110426196,95.39228170016952,%,regional_trajectories_audit,radial_year_bar,,,,
a,S6,2035,,,,,,CC,,,baseline_demand_satisfaction_pct,97.98211064870304,95.39228170016952,%,regional_trajectories_audit,radial_year_bar,,,,
a,S6,2040,,,,,,CC,,,baseline_demand_satisfaction_pct,97.41307909788225,95.39228170016952,%,regional_trajectories_audit,radial_year_bar,,,,
a,S6,2045,,,,,,CC,,,baseline_demand_satisfaction_pct,96.84800648225637,95.39228170016952,%,regional_trajectories_audit,radial_year_bar,,,,
a,S6,2050,,,,,,CC,,,baseline_demand_satisfaction_pct,96.22691330567837,95.39228170016952,%,regional_trajectories_audit,radial_year_bar,,,,
a,S6,2055,,,,,,CC,,,baseline_demand_satisfaction_pct,95.76056832278984,95.39228170016952,%,regional_trajectories_audit,radial_year_bar,,,,
a,S6,2060,,,,,,CC,,,baseline_demand_satisfaction_pct,95.39228170016952,95.39228170016952,%,regional_trajectories_audit,radial_year_bar,,,,
a,S6,2060,,,,,,CC,,,connector_gain_2060_pp,1.4210854715202004e-14,95.39228170016952,percentage points,regional_trajectories_audit,radial_gain_band,,,,
a,S6,2025,,,,,,NC,,,baseline_demand_satisfaction_pct,99.998852956426,50.57293174820703,%,regional_trajectories_audit,radial_year_bar,,,,
a,S6,2030,,,,,,NC,,,baseline_demand_satisfaction_pct,88.95830589228069,50.57293174820703,%,regional_trajectories_audit,radial_year_bar,,,,
a,S6,2035,,,,,,NC,,,baseline_demand_satisfaction_pct,76.21588250576528,50.57293174820703,%,regional_trajectories_audit,radial_year_bar,,,,
a,S6,2040,,,,,,NC,,,baseline_demand_satisfaction_pct,69.32766098451667,50.57293174820703,%,regional_trajectories_audit,radial_year_bar,,,,
a,S6,2045,,,,,,NC,,,baseline_demand_satisfaction_pct,62.80337205833374,50.57293174820703,%,regional_trajectories_audit,radial_year_bar,,,,
a,S6,2050,,,,,,NC,,,baseline_demand_satisfaction_pct,55.83079651965114,50.57293174820703,%,regional_trajectories_audit,radial_year_bar,,,,
a,S6,2055,,,,,,NC,,,baseline_demand_satisfaction_pct,50.94689154141158,50.57293174820703,%,regional_trajectories_audit,radial_year_bar,,,,
a,S6,2060,,,,,,NC,,,baseline_demand_satisfaction_pct,50.57293174820703,50.57293174820703,%,regional_trajectories_audit,radial_year_bar,,,,
a,S6,2060,,,,,,NC,,,connector_gain_2060_pp,-7.105427357601002e-15,50.57293174820703,percentage points,regional_trajectories_audit,radial_gain_band,,,,
a,S6,2025,,,,,,SC,,,baseline_demand_satisfaction_pct,78.1051218653466,19.06750066996129,%,regional_trajectories_audit,radial_year_bar,,,,
a,S6,2030,,,,,,SC,,,baseline_demand_satisfaction_pct,34.44693463453048,19.06750066996129,%,regional_trajectories_audit,radial_year_bar,,,,
a,S6,2035,,,,,,SC,,,baseline_demand_satisfaction_pct,27.53224930226773,19.06750066996129,%,regional_trajectories_audit,radial_year_bar,,,,
a,S6,2040,,,,,,SC,,,baseline_demand_satisfaction_pct,23.4818568244159,19.06750066996129,%,regional_trajectories_audit,radial_year_bar,,,,
a,S6,2045,,,,,,SC,,,baseline_demand_satisfaction_pct,19.91297981668238,19.06750066996129,%,regional_trajectories_audit,radial_year_bar,,,,
a,S6,2050,,,,,,SC,,,baseline_demand_satisfaction_pct,16.27474331823595,19.06750066996129,%,regional_trajectories_audit,radial_year_bar,,,,
a,S6,2055,,,,,,SC,,,baseline_demand_satisfaction_pct,13.609397189098535,19.06750066996129,%,regional_trajectories_audit,radial_year_bar,,,,
a,S6,2060,,,,,,SC,,,baseline_demand_satisfaction_pct,11.54385592708436,19.06750066996129,%,regional_trajectories_audit,radial_year_bar,,,,
a,S6,2060,,,,,,SC,,,connector_gain_2060_pp,7.523644742876938,19.06750066996129,percentage points,regional_trajectories_audit,radial_gain_band,,,,
a,S6,2025,,,,,,NW,,,baseline_demand_satisfaction_pct,100.0,100.0,%,regional_trajectories_audit,radial_year_bar,,,,
a,S6,2030,,,,,,NW,,,baseline_demand_satisfaction_pct,100.0,100.0,%,regional_trajectories_audit,radial_year_bar,,,,
a,S6,2035,,,,,,NW,,,baseline_demand_satisfaction_pct,100.0,100.0,%,regional_trajectories_audit,radial_year_bar,,,,
a,S6,2040,,,,,,NW,,,baseline_demand_satisfaction_pct,100.0,100.0,%,regional_trajectories_audit,radial_year_bar,,,,
a,S6,2045,,,,,,NW,,,baseline_demand_satisfaction_pct,100.0,100.0,%,regional_trajectories_audit,radial_year_bar,,,,
a,S6,2050,,,,,,NW,,,baseline_demand_satisfaction_pct,100.0,100.0,%,regional_trajectories_audit,radial_year_bar,,,,
a,S6,2055,,,,,,NW,,,baseline_demand_satisfaction_pct,100.0,100.0,%,regional_trajectories_audit,radial_year_bar,,,,
a,S6,2060,,,,,,NW,,,baseline_demand_satisfaction_pct,100.0,100.0,%,regional_trajectories_audit,radial_year_bar,,,,
a,S6,2060,,,,,,NW,,,connector_gain_2060_pp,0.0,100.0,percentage points,regional_trajectories_audit,radial_gain_band,,,,
a,S6,2025,,,,,,SW,,,baseline_demand_satisfaction_pct,100.0,75.51506688807663,%,regional_trajectories_audit,radial_year_bar,,,,
a,S6,2030,,,,,,SW,,,baseline_demand_satisfaction_pct,99.99989618257293,75.51506688807663,%,regional_trajectories_audit,radial_year_bar,,,,
a,S6,2035,,,,,,SW,,,baseline_demand_satisfaction_pct,97.8718127250579,75.51506688807663,%,regional_trajectories_audit,radial_year_bar,,,,
a,S6,2040,,,,,,SW,,,baseline_demand_satisfaction_pct,92.65066075479882,75.51506688807663,%,regional_trajectories_audit,radial_year_bar,,,,
a,S6,2045,,,,,,SW,,,baseline_demand_satisfaction_pct,88.95503272266245,75.51506688807663,%,regional_trajectories_audit,radial_year_bar,,,,
a,S6,2050,,,,,,SW,,,baseline_demand_satisfaction_pct,85.8268542461319,75.51506688807663,%,regional_trajectories_audit,radial_year_bar,,,,
a,S6,2055,,,,,,SW,,,baseline_demand_satisfaction_pct,83.69649430677278,75.51506688807663,%,regional_trajectories_audit,radial_year_bar,,,,
a,S6,2060,,,,,,SW,,,baseline_demand_satisfaction_pct,75.51506688807663,75.51506688807663,%,regional_trajectories_audit,radial_year_bar,,,,
a,S6,2060,,,,,,SW,,,connector_gain_2060_pp,0.0,75.51506688807663,percentage points,regional_trajectories_audit,radial_gain_band,,,,
a,S7,2025,,,,,,NE,,,baseline_demand_satisfaction_pct,100.0,56.98767340271648,%,regional_trajectories_audit,radial_year_bar,,,,
a,S7,2030,,,,,,NE,,,baseline_demand_satisfaction_pct,100.0,56.98767340271648,%,regional_trajectories_audit,radial_year_bar,,,,
a,S7,2035,,,,,,NE,,,baseline_demand_satisfaction_pct,100.0,56.98767340271648,%,regional_trajectories_audit,radial_year_bar,,,,
a,S7,2040,,,,,,NE,,,baseline_demand_satisfaction_pct,100.0,56.98767340271648,%,regional_trajectories_audit,radial_year_bar,,,,
a,S7,2045,,,,,,NE,,,baseline_demand_satisfaction_pct,93.0357653116404,56.98767340271648,%,regional_trajectories_audit,radial_year_bar,,,,
a,S7,2050,,,,,,NE,,,baseline_demand_satisfaction_pct,77.63079380818036,56.98767340271648,%,regional_trajectories_audit,radial_year_bar,,,,
a,S7,2055,,,,,,NE,,,baseline_demand_satisfaction_pct,66.08837385304359,56.98767340271648,%,regional_trajectories_audit,radial_year_bar,,,,
a,S7,2060,,,,,,NE,,,baseline_demand_satisfaction_pct,56.98767340271648,56.98767340271648,%,regional_trajectories_audit,radial_year_bar,,,,
a,S7,2060,,,,,,NE,,,connector_gain_2060_pp,-7.105427357601002e-15,56.98767340271648,percentage points,regional_trajectories_audit,radial_gain_band,,,,
a,S7,2025,,,,,,EC,,,baseline_demand_satisfaction_pct,69.86463152605928,25.728186275717984,%,regional_trajectories_audit,radial_year_bar,,,,
a,S7,2030,,,,,,EC,,,baseline_demand_satisfaction_pct,50.89125392225363,25.728186275717984,%,regional_trajectories_audit,radial_year_bar,,,,
a,S7,2035,,,,,,EC,,,baseline_demand_satisfaction_pct,49.142405409080034,25.728186275717984,%,regional_trajectories_audit,radial_year_bar,,,,
a,S7,2040,,,,,,EC,,,baseline_demand_satisfaction_pct,48.29546399759116,25.728186275717984,%,regional_trajectories_audit,radial_year_bar,,,,
a,S7,2045,,,,,,EC,,,baseline_demand_satisfaction_pct,38.5546735734962,25.728186275717984,%,regional_trajectories_audit,radial_year_bar,,,,
a,S7,2050,,,,,,EC,,,baseline_demand_satisfaction_pct,31.29630084448923,25.728186275717984,%,regional_trajectories_audit,radial_year_bar,,,,
a,S7,2055,,,,,,EC,,,baseline_demand_satisfaction_pct,26.323769360094246,25.728186275717984,%,regional_trajectories_audit,radial_year_bar,,,,
a,S7,2060,,,,,,EC,,,baseline_demand_satisfaction_pct,21.372936467851503,25.728186275717984,%,regional_trajectories_audit,radial_year_bar,,,,
a,S7,2060,,,,,,EC,,,connector_gain_2060_pp,4.355249807866482,25.728186275717984,percentage points,regional_trajectories_audit,radial_gain_band,,,,
a,S7,2025,,,,,,CC,,,baseline_demand_satisfaction_pct,100.0,92.41695730590114,%,regional_trajectories_audit,radial_year_bar,,,,
a,S7,2030,,,,,,CC,,,baseline_demand_satisfaction_pct,100.0,92.41695730590114,%,regional_trajectories_audit,radial_year_bar,,,,
a,S7,2035,,,,,,CC,,,baseline_demand_satisfaction_pct,98.86049161769203,92.41695730590114,%,regional_trajectories_audit,radial_year_bar,,,,
a,S7,2040,,,,,,CC,,,baseline_demand_satisfaction_pct,97.8110257728089,92.41695730590114,%,regional_trajectories_audit,radial_year_bar,,,,
a,S7,2045,,,,,,CC,,,baseline_demand_satisfaction_pct,96.3027990562153,92.41695730590114,%,regional_trajectories_audit,radial_year_bar,,,,
a,S7,2050,,,,,,CC,,,baseline_demand_satisfaction_pct,94.6449657036054,92.41695730590114,%,regional_trajectories_audit,radial_year_bar,,,,
a,S7,2055,,,,,,CC,,,baseline_demand_satisfaction_pct,93.40009480362576,92.41695730590114,%,regional_trajectories_audit,radial_year_bar,,,,
a,S7,2060,,,,,,CC,,,baseline_demand_satisfaction_pct,92.41695730590114,92.41695730590114,%,regional_trajectories_audit,radial_year_bar,,,,
a,S7,2060,,,,,,CC,,,connector_gain_2060_pp,0.0,92.41695730590114,percentage points,regional_trajectories_audit,radial_gain_band,,,,
a,S7,2025,,,,,,NC,,,baseline_demand_satisfaction_pct,99.99793051687644,52.08799494317078,%,regional_trajectories_audit,radial_year_bar,,,,
a,S7,2030,,,,,,NC,,,baseline_demand_satisfaction_pct,81.16427721969038,52.08799494317078,%,regional_trajectories_audit,radial_year_bar,,,,
a,S7,2035,,,,,,NC,,,baseline_demand_satisfaction_pct,63.58504462005068,52.08799494317078,%,regional_trajectories_audit,radial_year_bar,,,,
a,S7,2040,,,,,,NC,,,baseline_demand_satisfaction_pct,57.07960397733412,52.08799494317078,%,regional_trajectories_audit,radial_year_bar,,,,
a,S7,2045,,,,,,NC,,,baseline_demand_satisfaction_pct,53.58951457578981,52.08799494317078,%,regional_trajectories_audit,radial_year_bar,,,,
a,S7,2050,,,,,,NC,,,baseline_demand_satisfaction_pct,52.91406851834538,52.08799494317078,%,regional_trajectories_audit,radial_year_bar,,,,
a,S7,2055,,,,,,NC,,,baseline_demand_satisfaction_pct,52.44117267414341,52.08799494317078,%,regional_trajectories_audit,radial_year_bar,,,,
a,S7,2060,,,,,,NC,,,baseline_demand_satisfaction_pct,52.08799494317078,52.08799494317078,%,regional_trajectories_audit,radial_year_bar,,,,
a,S7,2060,,,,,,NC,,,connector_gain_2060_pp,0.0,52.08799494317078,percentage points,regional_trajectories_audit,radial_gain_band,,,,
a,S7,2025,,,,,,SC,,,baseline_demand_satisfaction_pct,71.66724918303814,28.059193669722035,%,regional_trajectories_audit,radial_year_bar,,,,
a,S7,2030,,,,,,SC,,,baseline_demand_satisfaction_pct,30.689891041104023,28.059193669722035,%,regional_trajectories_audit,radial_year_bar,,,,
a,S7,2035,,,,,,SC,,,baseline_demand_satisfaction_pct,25.84165845495253,28.059193669722035,%,regional_trajectories_audit,radial_year_bar,,,,
a,S7,2040,,,,,,SC,,,baseline_demand_satisfaction_pct,22.03996182667376,28.059193669722035,%,regional_trajectories_audit,radial_year_bar,,,,
a,S7,2045,,,,,,SC,,,baseline_demand_satisfaction_pct,18.69023109540077,28.059193669722035,%,regional_trajectories_audit,radial_year_bar,,,,
a,S7,2050,,,,,,SC,,,baseline_demand_satisfaction_pct,15.275393412319138,28.059193669722035,%,regional_trajectories_audit,radial_year_bar,,,,
a,S7,2055,,,,,,SC,,,baseline_demand_satisfaction_pct,12.77371274636631,28.059193669722035,%,regional_trajectories_audit,radial_year_bar,,,,
a,S7,2060,,,,,,SC,,,baseline_demand_satisfaction_pct,10.835005955747338,28.059193669722035,%,regional_trajectories_audit,radial_year_bar,,,,
a,S7,2060,,,,,,SC,,,connector_gain_2060_pp,17.224187713974697,28.059193669722035,percentage points,regional_trajectories_audit,radial_gain_band,,,,
a,S7,2025,,,,,,NW,,,baseline_demand_satisfaction_pct,100.0,100.0,%,regional_trajectories_audit,radial_year_bar,,,,
a,S7,2030,,,,,,NW,,,baseline_demand_satisfaction_pct,100.0,100.0,%,regional_trajectories_audit,radial_year_bar,,,,
a,S7,2035,,,,,,NW,,,baseline_demand_satisfaction_pct,100.0,100.0,%,regional_trajectories_audit,radial_year_bar,,,,
a,S7,2040,,,,,,NW,,,baseline_demand_satisfaction_pct,100.0,100.0,%,regional_trajectories_audit,radial_year_bar,,,,
a,S7,2045,,,,,,NW,,,baseline_demand_satisfaction_pct,100.0,100.0,%,regional_trajectories_audit,radial_year_bar,,,,
a,S7,2050,,,,,,NW,,,baseline_demand_satisfaction_pct,100.0,100.0,%,regional_trajectories_audit,radial_year_bar,,,,
a,S7,2055,,,,,,NW,,,baseline_demand_satisfaction_pct,100.0,100.0,%,regional_trajectories_audit,radial_year_bar,,,,
a,S7,2060,,,,,,NW,,,baseline_demand_satisfaction_pct,100.0,100.0,%,regional_trajectories_audit,radial_year_bar,,,,
a,S7,2060,,,,,,NW,,,connector_gain_2060_pp,-1.4210854715202004e-14,100.0,percentage points,regional_trajectories_audit,radial_gain_band,,,,
a,S7,2025,,,,,,SW,,,baseline_demand_satisfaction_pct,100.0,88.77226981284403,%,regional_trajectories_audit,radial_year_bar,,,,
a,S7,2030,,,,,,SW,,,baseline_demand_satisfaction_pct,99.99984135808792,88.77226981284403,%,regional_trajectories_audit,radial_year_bar,,,,
a,S7,2035,,,,,,SW,,,baseline_demand_satisfaction_pct,99.9999323155072,88.77226981284403,%,regional_trajectories_audit,radial_year_bar,,,,
a,S7,2040,,,,,,SW,,,baseline_demand_satisfaction_pct,99.99996094835792,88.77226981284403,%,regional_trajectories_audit,radial_year_bar,,,,
a,S7,2045,,,,,,SW,,,baseline_demand_satisfaction_pct,96.3109430570556,88.77226981284403,%,regional_trajectories_audit,radial_year_bar,,,,
a,S7,2050,,,,,,SW,,,baseline_demand_satisfaction_pct,92.84889097079102,88.77226981284403,%,regional_trajectories_audit,radial_year_bar,,,,
a,S7,2055,,,,,,SW,,,baseline_demand_satisfaction_pct,90.49117402811972,88.77226981284403,%,regional_trajectories_audit,radial_year_bar,,,,
a,S7,2060,,,,,,SW,,,baseline_demand_satisfaction_pct,88.77226981284403,88.77226981284403,%,regional_trajectories_audit,radial_year_bar,,,,
a,S7,2060,,,,,,SW,,,connector_gain_2060_pp,0.0,88.77226981284403,percentage points,regional_trajectories_audit,radial_gain_band,,,,
a,S8,2025,,,,,,NE,,,baseline_demand_satisfaction_pct,100.0,60.82862114504323,%,regional_trajectories_audit,radial_year_bar,,,,
a,S8,2030,,,,,,NE,,,baseline_demand_satisfaction_pct,100.0,60.82862114504323,%,regional_trajectories_audit,radial_year_bar,,,,
a,S8,2035,,,,,,NE,,,baseline_demand_satisfaction_pct,100.0,60.82862114504323,%,regional_trajectories_audit,radial_year_bar,,,,
a,S8,2040,,,,,,NE,,,baseline_demand_satisfaction_pct,100.0,60.82862114504323,%,regional_trajectories_audit,radial_year_bar,,,,
a,S8,2045,,,,,,NE,,,baseline_demand_satisfaction_pct,98.70304095008754,60.82862114504323,%,regional_trajectories_audit,radial_year_bar,,,,
a,S8,2050,,,,,,NE,,,baseline_demand_satisfaction_pct,82.51759736874914,60.82862114504323,%,regional_trajectories_audit,radial_year_bar,,,,
a,S8,2055,,,,,,NE,,,baseline_demand_satisfaction_pct,70.39039629382209,60.82862114504323,%,regional_trajectories_audit,radial_year_bar,,,,
a,S8,2060,,,,,,NE,,,baseline_demand_satisfaction_pct,60.82862114504322,60.82862114504323,%,regional_trajectories_audit,radial_year_bar,,,,
a,S8,2060,,,,,,NE,,,connector_gain_2060_pp,7.105427357601002e-15,60.82862114504323,percentage points,regional_trajectories_audit,radial_gain_band,,,,
a,S8,2025,,,,,,EC,,,baseline_demand_satisfaction_pct,70.77891442713445,28.18770738684209,%,regional_trajectories_audit,radial_year_bar,,,,
a,S8,2030,,,,,,EC,,,baseline_demand_satisfaction_pct,51.25950117947134,28.18770738684209,%,regional_trajectories_audit,radial_year_bar,,,,
a,S8,2035,,,,,,EC,,,baseline_demand_satisfaction_pct,49.64352995027533,28.18770738684209,%,regional_trajectories_audit,radial_year_bar,,,,
a,S8,2040,,,,,,EC,,,baseline_demand_satisfaction_pct,48.75713460688615,28.18770738684209,%,regional_trajectories_audit,radial_year_bar,,,,
a,S8,2045,,,,,,EC,,,baseline_demand_satisfaction_pct,39.19330664150981,28.18770738684209,%,regional_trajectories_audit,radial_year_bar,,,,
a,S8,2050,,,,,,EC,,,baseline_demand_satisfaction_pct,31.81470369356777,28.18770738684209,%,regional_trajectories_audit,radial_year_bar,,,,
a,S8,2055,,,,,,EC,,,baseline_demand_satisfaction_pct,26.759805462334164,28.18770738684209,%,regional_trajectories_audit,radial_year_bar,,,,
a,S8,2060,,,,,,EC,,,baseline_demand_satisfaction_pct,23.06783293392647,28.18770738684209,%,regional_trajectories_audit,radial_year_bar,,,,
a,S8,2060,,,,,,EC,,,connector_gain_2060_pp,5.119874452915617,28.18770738684209,percentage points,regional_trajectories_audit,radial_gain_band,,,,
a,S8,2025,,,,,,CC,,,baseline_demand_satisfaction_pct,100.0,92.60495778110936,%,regional_trajectories_audit,radial_year_bar,,,,
a,S8,2030,,,,,,CC,,,baseline_demand_satisfaction_pct,100.0,92.60495778110936,%,regional_trajectories_audit,radial_year_bar,,,,
a,S8,2035,,,,,,CC,,,baseline_demand_satisfaction_pct,98.71032962720416,92.60495778110936,%,regional_trajectories_audit,radial_year_bar,,,,
a,S8,2040,,,,,,CC,,,baseline_demand_satisfaction_pct,97.41577671778496,92.60495778110936,%,regional_trajectories_audit,radial_year_bar,,,,
a,S8,2045,,,,,,CC,,,baseline_demand_satisfaction_pct,96.07094741089952,92.60495778110936,%,regional_trajectories_audit,radial_year_bar,,,,
a,S8,2050,,,,,,CC,,,baseline_demand_satisfaction_pct,94.59229977858456,92.60495778110936,%,regional_trajectories_audit,radial_year_bar,,,,
a,S8,2055,,,,,,CC,,,baseline_demand_satisfaction_pct,93.4819384327885,92.60495778110936,%,regional_trajectories_audit,radial_year_bar,,,,
a,S8,2060,,,,,,CC,,,baseline_demand_satisfaction_pct,92.60495778110936,92.60495778110936,%,regional_trajectories_audit,radial_year_bar,,,,
a,S8,2060,,,,,,CC,,,connector_gain_2060_pp,-1.4210854715202004e-14,92.60495778110936,percentage points,regional_trajectories_audit,radial_gain_band,,,,
a,S8,2025,,,,,,NC,,,baseline_demand_satisfaction_pct,99.99987613327832,51.93963890879336,%,regional_trajectories_audit,radial_year_bar,,,,
a,S8,2030,,,,,,NC,,,baseline_demand_satisfaction_pct,84.8407827992543,51.93963890879336,%,regional_trajectories_audit,radial_year_bar,,,,
a,S8,2035,,,,,,NC,,,baseline_demand_satisfaction_pct,66.3471399538279,51.93963890879336,%,regional_trajectories_audit,radial_year_bar,,,,
a,S8,2040,,,,,,NC,,,baseline_demand_satisfaction_pct,59.503314956896695,51.93963890879336,%,regional_trajectories_audit,radial_year_bar,,,,
a,S8,2045,,,,,,NC,,,baseline_demand_satisfaction_pct,53.51926323193076,51.93963890879336,%,regional_trajectories_audit,radial_year_bar,,,,
a,S8,2050,,,,,,NC,,,baseline_demand_satisfaction_pct,52.80868243223423,51.93963890879336,%,regional_trajectories_audit,radial_year_bar,,,,
a,S8,2055,,,,,,NC,,,baseline_demand_satisfaction_pct,52.31118791961897,51.93963890879336,%,regional_trajectories_audit,radial_year_bar,,,,
a,S8,2060,,,,,,NC,,,baseline_demand_satisfaction_pct,51.93963890879336,51.93963890879336,%,regional_trajectories_audit,radial_year_bar,,,,
a,S8,2060,,,,,,NC,,,connector_gain_2060_pp,0.0,51.93963890879336,percentage points,regional_trajectories_audit,radial_gain_band,,,,
a,S8,2025,,,,,,SC,,,baseline_demand_satisfaction_pct,73.51196538201224,27.328806101199994,%,regional_trajectories_audit,radial_year_bar,,,,
a,S8,2030,,,,,,SC,,,baseline_demand_satisfaction_pct,31.666917997501788,27.328806101199994,%,regional_trajectories_audit,radial_year_bar,,,,
a,S8,2035,,,,,,SC,,,baseline_demand_satisfaction_pct,26.38884822497449,27.328806101199994,%,regional_trajectories_audit,radial_year_bar,,,,
a,S8,2040,,,,,,SC,,,baseline_demand_satisfaction_pct,22.506654621205747,27.328806101199994,%,regional_trajectories_audit,radial_year_bar,,,,
a,S8,2045,,,,,,SC,,,baseline_demand_satisfaction_pct,19.08599385801159,27.328806101199994,%,regional_trajectories_audit,radial_year_bar,,,,
a,S8,2050,,,,,,SC,,,baseline_demand_satisfaction_pct,15.598847513339546,27.328806101199994,%,regional_trajectories_audit,radial_year_bar,,,,
a,S8,2055,,,,,,SC,,,baseline_demand_satisfaction_pct,13.04419414488379,27.328806101199994,%,regional_trajectories_audit,radial_year_bar,,,,
a,S8,2060,,,,,,SC,,,baseline_demand_satisfaction_pct,11.06443553679764,27.328806101199994,%,regional_trajectories_audit,radial_year_bar,,,,
a,S8,2060,,,,,,SC,,,connector_gain_2060_pp,16.264370564402356,27.328806101199994,percentage points,regional_trajectories_audit,radial_gain_band,,,,
a,S8,2025,,,,,,NW,,,baseline_demand_satisfaction_pct,100.0,100.0,%,regional_trajectories_audit,radial_year_bar,,,,
a,S8,2030,,,,,,NW,,,baseline_demand_satisfaction_pct,100.0,100.0,%,regional_trajectories_audit,radial_year_bar,,,,
a,S8,2035,,,,,,NW,,,baseline_demand_satisfaction_pct,100.0,100.0,%,regional_trajectories_audit,radial_year_bar,,,,
a,S8,2040,,,,,,NW,,,baseline_demand_satisfaction_pct,100.0,100.0,%,regional_trajectories_audit,radial_year_bar,,,,
a,S8,2045,,,,,,NW,,,baseline_demand_satisfaction_pct,100.0,100.0,%,regional_trajectories_audit,radial_year_bar,,,,
a,S8,2050,,,,,,NW,,,baseline_demand_satisfaction_pct,100.0,100.0,%,regional_trajectories_audit,radial_year_bar,,,,
a,S8,2055,,,,,,NW,,,baseline_demand_satisfaction_pct,100.0,100.0,%,regional_trajectories_audit,radial_year_bar,,,,
a,S8,2060,,,,,,NW,,,baseline_demand_satisfaction_pct,100.0,100.0,%,regional_trajectories_audit,radial_year_bar,,,,
a,S8,2060,,,,,,NW,,,connector_gain_2060_pp,0.0,100.0,percentage points,regional_trajectories_audit,radial_gain_band,,,,
a,S8,2025,,,,,,SW,,,baseline_demand_satisfaction_pct,100.0,87.21731838672774,%,regional_trajectories_audit,radial_year_bar,,,,
a,S8,2030,,,,,,SW,,,baseline_demand_satisfaction_pct,99.99987733994222,87.21731838672774,%,regional_trajectories_audit,radial_year_bar,,,,
a,S8,2035,,,,,,SW,,,baseline_demand_satisfaction_pct,99.99988414654442,87.21731838672774,%,regional_trajectories_audit,radial_year_bar,,,,
a,S8,2040,,,,,,SW,,,baseline_demand_satisfaction_pct,97.900335074716,87.21731838672774,%,regional_trajectories_audit,radial_year_bar,,,,
a,S8,2045,,,,,,SW,,,baseline_demand_satisfaction_pct,94.14288682688286,87.21731838672774,%,regional_trajectories_audit,radial_year_bar,,,,
a,S8,2050,,,,,,SW,,,baseline_demand_satisfaction_pct,90.9623950616932,87.21731838672774,%,regional_trajectories_audit,radial_year_bar,,,,
a,S8,2055,,,,,,SW,,,baseline_demand_satisfaction_pct,88.79641592070885,87.21731838672774,%,regional_trajectories_audit,radial_year_bar,,,,
a,S8,2060,,,,,,SW,,,baseline_demand_satisfaction_pct,87.21731838672774,87.21731838672774,%,regional_trajectories_audit,radial_year_bar,,,,
a,S8,2060,,,,,,SW,,,connector_gain_2060_pp,0.0,87.21731838672774,percentage points,regional_trajectories_audit,radial_gain_band,,,,
b,S1-S8 mid,2025/2040/2060,0,,baseline,,,,,,satisfaction_pct,55.953437605550214,,%,cardinality_envelope_audit,envelope_marker,circle,,,
b,S1-S8 mid,2025/2040/2060,1,C0695,衡阳->南沙,,,,,,satisfaction_pct,62.08806766241615,,%,cardinality_envelope_audit,envelope_marker,circle,,,
b,S1-S8 mid,2025/2040/2060,2,C0698;C0788,武汉->上饶;上饶->惠州,,,,,,satisfaction_pct,65.15282385212181,,%,cardinality_envelope_audit,envelope_marker,circle,,,
b,S1-S8 mid,2025/2040/2060,1,C0695,衡阳->南沙,,,,,,marginal_gain_pp,6.1346300568659355,,percentage points,cardinality_envelope_audit,direct_annotation,annotation,,,
b,S1-S8 mid,2025/2040/2060,2,C0698;C0788,武汉->上饶;上饶->惠州,,,,,,marginal_gain_pp,3.0647561897056637,,percentage points,cardinality_envelope_audit,direct_annotation,annotation,,,
b,S1-S8 mid,2025/2040/2060,1,C0695,衡阳->南沙,,,,,,first_link_share_pct,66.685210213368,,%,cardinality_envelope_audit,direct_annotation,annotation,,,
c,S1,2060,,,,,,,,,capacity_relaxation_gain_mt_y,0.0,,Mt/y,capacity_comparison_audit,dumbbell_endpoint,hollow_gray_circle,0.0,3.0021289999999987,False
c,S1,2060,,C0698;C0788,Wuhan-Shangrao;Shangrao-Huizhou,,,,,,fixed_connector_gain_mt_y,3.0021289999999987,,Mt/y,capacity_comparison_audit,dumbbell_endpoint,orange_square,0.0,3.0021289999999987,False
c,S2,2060,,,,,,,,,capacity_relaxation_gain_mt_y,0.027140999999996893,,Mt/y,capacity_comparison_audit,dumbbell_endpoint,hollow_gray_circle,0.027140999999996893,3.6434999999999946,False
c,S2,2060,,C0698;C0788,Wuhan-Shangrao;Shangrao-Huizhou,,,,,,fixed_connector_gain_mt_y,3.6434999999999946,,Mt/y,capacity_comparison_audit,dumbbell_endpoint,orange_square,0.027140999999996893,3.6434999999999946,False
c,S3,2060,,,,,,,,,capacity_relaxation_gain_mt_y,0.0,,Mt/y,capacity_comparison_audit,dumbbell_endpoint,hollow_gray_circle,0.0,0.4609910000000002,False
c,S3,2060,,C0698;C0788,Wuhan-Shangrao;Shangrao-Huizhou,,,,,,fixed_connector_gain_mt_y,0.4609910000000002,,Mt/y,capacity_comparison_audit,dumbbell_endpoint,orange_square,0.0,0.4609910000000002,False
c,S4,2060,,,,,,,,,capacity_relaxation_gain_mt_y,0.0,,Mt/y,capacity_comparison_audit,dumbbell_endpoint,hollow_gray_circle,0.0,0.9949929999999996,False
c,S4,2060,,C0698;C0788,Wuhan-Shangrao;Shangrao-Huizhou,,,,,,fixed_connector_gain_mt_y,0.9949929999999996,,Mt/y,capacity_comparison_audit,dumbbell_endpoint,orange_square,0.0,0.9949929999999996,False
c,S5,2060,,,,,,,,,capacity_relaxation_gain_mt_y,0.0,,Mt/y,capacity_comparison_audit,dumbbell_endpoint,hollow_gray_circle,0.0,3.4374559999999885,False
c,S5,2060,,C0698;C0788,Wuhan-Shangrao;Shangrao-Huizhou,,,,,,fixed_connector_gain_mt_y,3.4374559999999885,,Mt/y,capacity_comparison_audit,dumbbell_endpoint,orange_square,0.0,3.4374559999999885,False
c,S6,2060,,,,,,,,,capacity_relaxation_gain_mt_y,0.28473399999999854,,Mt/y,capacity_comparison_audit,dumbbell_endpoint,hollow_gray_circle,0.28473399999999854,2.7799159999999983,False
c,S6,2060,,C0698;C0788,Wuhan-Shangrao;Shangrao-Huizhou,,,,,,fixed_connector_gain_mt_y,2.7799159999999983,,Mt/y,capacity_comparison_audit,dumbbell_endpoint,orange_square,0.28473399999999854,2.7799159999999983,False
c,S7,2060,,,,,,,,,capacity_relaxation_gain_mt_y,0.0,,Mt/y,capacity_comparison_audit,dumbbell_endpoint,hollow_gray_circle,0.0,3.643499999999999,False
c,S7,2060,,C0698;C0788,Wuhan-Shangrao;Shangrao-Huizhou,,,,,,fixed_connector_gain_mt_y,3.643499999999999,,Mt/y,capacity_comparison_audit,dumbbell_endpoint,orange_square,0.0,3.643499999999999,False
c,S8,2060,,,,,,,,,capacity_relaxation_gain_mt_y,0.0,,Mt/y,capacity_comparison_audit,dumbbell_endpoint,hollow_gray_circle,0.0,3.6434999999999946,False
c,S8,2060,,C0698;C0788,Wuhan-Shangrao;Shangrao-Huizhou,,,,,,fixed_connector_gain_mt_y,3.6434999999999946,,Mt/y,capacity_comparison_audit,dumbbell_endpoint,orange_square,0.0,3.6434999999999946,False
d,network,,,,,,N018->N033,,,,locator_network_edge,,,directed edge,network_geometry_audit,network_context,,,,
d,network,,,,,,N018->N057,,,,locator_network_edge,,,directed edge,network_geometry_audit,network_context,,,,
d,network,,,,,,N033->N133,,,,locator_network_edge,,,directed edge,network_geometry_audit,network_context,,,,
d,network,,,,,,N034->N068,,,,locator_network_edge,,,directed edge,network_geometry_audit,network_context,,,,
d,network,,,,,,N052->N077,,,,locator_network_edge,,,directed edge,network_geometry_audit,network_context,,,,
d,network,,,,,,N055->N089,,,,locator_network_edge,,,directed edge,network_geometry_audit,network_context,,,,
d,network,,,,,,N065->N067,,,,locator_network_edge,,,directed edge,network_geometry_audit,network_context,,,,
d,network,,,,,,N067->N053,,,,locator_network_edge,,,directed edge,network_geometry_audit,network_context,,,,
d,network,,,,,,N068->N136,,,,locator_network_edge,,,directed edge,network_geometry_audit,network_context,,,,
d,network,,,,,,N077->N018,,,,locator_network_edge,,,directed edge,network_geometry_audit,network_context,,,,
d,network,,,,,,N078->N144,,,,locator_network_edge,,,directed edge,network_geometry_audit,network_context,,,,
d,network,,,,,,N084->N055,,,,locator_network_edge,,,directed edge,network_geometry_audit,network_context,,,,
d,network,,,,,,N086->N065,,,,locator_network_edge,,,directed edge,network_geometry_audit,network_context,,,,
d,network,,,,,,N089->N086,,,,locator_network_edge,,,directed edge,network_geometry_audit,network_context,,,,
d,network,,,,,,N133->N078,,,,locator_network_edge,,,directed edge,network_geometry_audit,network_context,,,,
d,network,,,,,,N136->N052,,,,locator_network_edge,,,directed edge,network_geometry_audit,network_context,,,,
d,network,,,,,,N140->N036,,,,locator_network_edge,,,directed edge,network_geometry_audit,network_context,,,,
d,network,,,,,,N006->N024,,,,locator_network_edge,,,directed edge,network_geometry_audit,network_context,,,,
d,network,,,,,,N053->N046,,,,locator_network_edge,,,directed edge,network_geometry_audit,network_context,,,,
d,network,,,,,,N067->N007,,,,locator_network_edge,,,directed edge,network_geometry_audit,network_context,,,,
d,network,,,,,,N132->N133,,,,locator_network_edge,,,directed edge,network_geometry_audit,network_context,,,,
d,network,,,,,,N127->N109,,,,locator_network_edge,,,directed edge,network_geometry_audit,network_context,,,,
d,network,,,,,,N022->N116,,,,locator_network_edge,,,directed edge,network_geometry_audit,network_context,,,,
d,fixed_pair,,,C0698;C0788,C0698 fixed;C0788 fixed,C0698,C0698 fixed,,,,locator_link,424.655,,km,fixed_link_geometry_audit,prespecified_link_pair,,,,
d,fixed_pair,,,C0698;C0788,C0698 fixed;C0788 fixed,C0788,C0788 fixed,,,,locator_link,691.109,,km,fixed_link_geometry_audit,prespecified_link_pair,,,,
e,ALL,,,C0698;C0788,Wuhan-Shangrao;Shangrao-Huizhou,C0698;C0788,Wuhan-Shangrao;Shangrao-Huizhou,,,200.0,capacity_response_gain_pp,5.064059298860029,,percentage points,capacity_response_audit,cross_scenario_trace,,,,
e,ALL,,,C0698;C0788,Wuhan-Shangrao;Shangrao-Huizhou,C0698;C0788,Wuhan-Shangrao;Shangrao-Huizhou,,,280.0,capacity_response_gain_pp,6.060180279123815,,percentage points,capacity_response_audit,cross_scenario_trace,,,,
e,ALL,,,C0698;C0788,Wuhan-Shangrao;Shangrao-Huizhou,C0698;C0788,Wuhan-Shangrao;Shangrao-Huizhou,,,364.35,capacity_response_gain_pp,6.492294889666957,,percentage points,capacity_response_audit,cross_scenario_trace,,,,
e,ALL,,,C0698;C0788,Wuhan-Shangrao;Shangrao-Huizhou,C0698;C0788,Wuhan-Shangrao;Shangrao-Huizhou,,,480.0,capacity_response_gain_pp,6.719236210608049,,percentage points,capacity_response_audit,cross_scenario_trace,,,,
e,ALL,,,C0698;C0788,Wuhan-Shangrao;Shangrao-Huizhou,C0698;C0788,Wuhan-Shangrao;Shangrao-Huizhou,,,600.0,capacity_response_gain_pp,6.786229084171266,,percentage points,capacity_response_audit,cross_scenario_trace,,,,
e,S1,,,C0698;C0788,Wuhan-Shangrao;Shangrao-Huizhou,C0698;C0788,Wuhan-Shangrao;Shangrao-Huizhou,,,200.0,capacity_response_gain_pp,7.717032960643853,,percentage points,capacity_response_audit,scenario_trace,,,,
e,S1,,,C0698;C0788,Wuhan-Shangrao;Shangrao-Huizhou,C0698;C0788,Wuhan-Shangrao;Shangrao-Huizhou,,,280.0,capacity_response_gain_pp,9.0638343074452,,percentage points,capacity_response_audit,scenario_trace,,,,
e,S1,,,C0698;C0788,Wuhan-Shangrao;Shangrao-Huizhou,C0698;C0788,Wuhan-Shangrao;Shangrao-Huizhou,,,364.35,capacity_response_gain_pp,9.404118819229712,,percentage points,capacity_response_audit,scenario_trace,,,,
e,S1,,,C0698;C0788,Wuhan-Shangrao;Shangrao-Huizhou,C0698;C0788,Wuhan-Shangrao;Shangrao-Huizhou,,,480.0,capacity_response_gain_pp,9.40411881922971,,percentage points,capacity_response_audit,scenario_trace,,,,
e,S1,,,C0698;C0788,Wuhan-Shangrao;Shangrao-Huizhou,C0698;C0788,Wuhan-Shangrao;Shangrao-Huizhou,,,600.0,capacity_response_gain_pp,9.40411881922971,,percentage points,capacity_response_audit,scenario_trace,,,,
e,S2,,,C0698;C0788,Wuhan-Shangrao;Shangrao-Huizhou,C0698;C0788,Wuhan-Shangrao;Shangrao-Huizhou,,,200.0,capacity_response_gain_pp,5.413899657538412,,percentage points,capacity_response_audit,scenario_trace,,,,
e,S2,,,C0698;C0788,Wuhan-Shangrao;Shangrao-Huizhou,C0698;C0788,Wuhan-Shangrao;Shangrao-Huizhou,,,280.0,capacity_response_gain_pp,6.247232990871744,,percentage points,capacity_response_audit,scenario_trace,,,,
e,S2,,,C0698;C0788,Wuhan-Shangrao;Shangrao-Huizhou,C0698;C0788,Wuhan-Shangrao;Shangrao-Huizhou,,,364.35,capacity_response_gain_pp,7.12587882420507,,percentage points,capacity_response_audit,scenario_trace,,,,
e,S2,,,C0698;C0788,Wuhan-Shangrao;Shangrao-Huizhou,C0698;C0788,Wuhan-Shangrao;Shangrao-Huizhou,,,480.0,capacity_response_gain_pp,7.877961115871744,,percentage points,capacity_response_audit,scenario_trace,,,,
e,S2,,,C0698;C0788,Wuhan-Shangrao;Shangrao-Huizhou,C0698;C0788,Wuhan-Shangrao;Shangrao-Huizhou,,,600.0,capacity_response_gain_pp,7.877961115871744,,percentage points,capacity_response_audit,scenario_trace,,,,
e,S3,,,C0698;C0788,Wuhan-Shangrao;Shangrao-Huizhou,C0698;C0788,Wuhan-Shangrao;Shangrao-Huizhou,,,200.0,capacity_response_gain_pp,3.642934639092354,,percentage points,capacity_response_audit,scenario_trace,,,,
e,S3,,,C0698;C0788,Wuhan-Shangrao;Shangrao-Huizhou,C0698;C0788,Wuhan-Shangrao;Shangrao-Huizhou,,,280.0,capacity_response_gain_pp,3.642934639092354,,percentage points,capacity_response_audit,scenario_trace,,,,
e,S3,,,C0698;C0788,Wuhan-Shangrao;Shangrao-Huizhou,C0698;C0788,Wuhan-Shangrao;Shangrao-Huizhou,,,364.35,capacity_response_gain_pp,3.642934639092354,,percentage points,capacity_response_audit,scenario_trace,,,,
e,S3,,,C0698;C0788,Wuhan-Shangrao;Shangrao-Huizhou,C0698;C0788,Wuhan-Shangrao;Shangrao-Huizhou,,,480.0,capacity_response_gain_pp,3.642934639092354,,percentage points,capacity_response_audit,scenario_trace,,,,
e,S3,,,C0698;C0788,Wuhan-Shangrao;Shangrao-Huizhou,C0698;C0788,Wuhan-Shangrao;Shangrao-Huizhou,,,600.0,capacity_response_gain_pp,3.642934639092354,,percentage points,capacity_response_audit,scenario_trace,,,,
e,S4,,,C0698;C0788,Wuhan-Shangrao;Shangrao-Huizhou,C0698;C0788,Wuhan-Shangrao;Shangrao-Huizhou,,,200.0,capacity_response_gain_pp,4.1300302948969465,,percentage points,capacity_response_audit,scenario_trace,,,,
e,S4,,,C0698;C0788,Wuhan-Shangrao;Shangrao-Huizhou,C0698;C0788,Wuhan-Shangrao;Shangrao-Huizhou,,,280.0,capacity_response_gain_pp,4.1300302948969465,,percentage points,capacity_response_audit,scenario_trace,,,,
e,S4,,,C0698;C0788,Wuhan-Shangrao;Shangrao-Huizhou,C0698;C0788,Wuhan-Shangrao;Shangrao-Huizhou,,,364.35,capacity_response_gain_pp,4.130030294896955,,percentage points,capacity_response_audit,scenario_trace,,,,
e,S4,,,C0698;C0788,Wuhan-Shangrao;Shangrao-Huizhou,C0698;C0788,Wuhan-Shangrao;Shangrao-Huizhou,,,480.0,capacity_response_gain_pp,4.1300302948969465,,percentage points,capacity_response_audit,scenario_trace,,,,
e,S4,,,C0698;C0788,Wuhan-Shangrao;Shangrao-Huizhou,C0698;C0788,Wuhan-Shangrao;Shangrao-Huizhou,,,600.0,capacity_response_gain_pp,4.1300302948969465,,percentage points,capacity_response_audit,scenario_trace,,,,
e,S5,,,C0698;C0788,Wuhan-Shangrao;Shangrao-Huizhou,C0698;C0788,Wuhan-Shangrao;Shangrao-Huizhou,,,200.0,capacity_response_gain_pp,4.872564417420318,,percentage points,capacity_response_audit,scenario_trace,,,,
e,S5,,,C0698;C0788,Wuhan-Shangrao;Shangrao-Huizhou,C0698;C0788,Wuhan-Shangrao;Shangrao-Huizhou,,,280.0,capacity_response_gain_pp,6.322081213661346,,percentage points,capacity_response_audit,scenario_trace,,,,
e,S5,,,C0698;C0788,Wuhan-Shangrao;Shangrao-Huizhou,C0698;C0788,Wuhan-Shangrao;Shangrao-Huizhou,,,364.35,capacity_response_gain_pp,7.00107332743946,,percentage points,capacity_response_audit,scenario_trace,,,,
e,S5,,,C0698;C0788,Wuhan-Shangrao;Shangrao-Huizhou,C0698;C0788,Wuhan-Shangrao;Shangrao-Huizhou,,,480.0,capacity_response_gain_pp,7.001073327439461,,percentage points,capacity_response_audit,scenario_trace,,,,
e,S5,,,C0698;C0788,Wuhan-Shangrao;Shangrao-Huizhou,C0698;C0788,Wuhan-Shangrao;Shangrao-Huizhou,,,600.0,capacity_response_gain_pp,7.001073327439461,,percentage points,capacity_response_audit,scenario_trace,,,,
e,S6,,,C0698;C0788,Wuhan-Shangrao;Shangrao-Huizhou,C0698;C0788,Wuhan-Shangrao;Shangrao-Huizhou,,,200.0,capacity_response_gain_pp,4.742536088808425,,percentage points,capacity_response_audit,scenario_trace,,,,
e,S6,,,C0698;C0788,Wuhan-Shangrao;Shangrao-Huizhou,C0698;C0788,Wuhan-Shangrao;Shangrao-Huizhou,,,280.0,capacity_response_gain_pp,6.182818862060949,,percentage points,capacity_response_audit,scenario_trace,,,,
e,S6,,,C0698;C0788,Wuhan-Shangrao;Shangrao-Huizhou,C0698;C0788,Wuhan-Shangrao;Shangrao-Huizhou,,,364.35,capacity_response_gain_pp,6.574775816511099,,percentage points,capacity_response_audit,scenario_trace,,,,
e,S6,,,C0698;C0788,Wuhan-Shangrao;Shangrao-Huizhou,C0698;C0788,Wuhan-Shangrao;Shangrao-Huizhou,,,480.0,capacity_response_gain_pp,6.5747758165111065,,percentage points,capacity_response_audit,scenario_trace,,,,
e,S6,,,C0698;C0788,Wuhan-Shangrao;Shangrao-Huizhou,C0698;C0788,Wuhan-Shangrao;Shangrao-Huizhou,,,600.0,capacity_response_gain_pp,6.5747758165111065,,percentage points,capacity_response_audit,scenario_trace,,,,
e,S7,,,C0698;C0788,Wuhan-Shangrao;Shangrao-Huizhou,C0698;C0788,Wuhan-Shangrao;Shangrao-Huizhou,,,200.0,capacity_response_gain_pp,5.063735333378774,,percentage points,capacity_response_audit,scenario_trace,,,,
e,S7,,,C0698;C0788,Wuhan-Shangrao;Shangrao-Huizhou,C0698;C0788,Wuhan-Shangrao;Shangrao-Huizhou,,,280.0,capacity_response_gain_pp,6.513252129619803,,percentage points,capacity_response_audit,scenario_trace,,,,
e,S7,,,C0698;C0788,Wuhan-Shangrao;Shangrao-Huizhou,C0698;C0788,Wuhan-Shangrao;Shangrao-Huizhou,,,364.35,capacity_response_gain_pp,7.132395325689132,,percentage points,capacity_response_audit,scenario_trace,,,,
e,S7,,,C0698;C0788,Wuhan-Shangrao;Shangrao-Huizhou,C0698;C0788,Wuhan-Shangrao;Shangrao-Huizhou,,,480.0,capacity_response_gain_pp,7.664119463620156,,percentage points,capacity_response_audit,scenario_trace,,,,
e,S7,,,C0698;C0788,Wuhan-Shangrao;Shangrao-Huizhou,C0698;C0788,Wuhan-Shangrao;Shangrao-Huizhou,,,600.0,capacity_response_gain_pp,8.096161302700615,,percentage points,capacity_response_audit,scenario_trace,,,,
e,S8,,,C0698;C0788,Wuhan-Shangrao;Shangrao-Huizhou,C0698;C0788,Wuhan-Shangrao;Shangrao-Huizhou,,,200.0,capacity_response_gain_pp,4.92974099910115,,percentage points,capacity_response_audit,scenario_trace,,,,
e,S8,,,C0698;C0788,Wuhan-Shangrao;Shangrao-Huizhou,C0698;C0788,Wuhan-Shangrao;Shangrao-Huizhou,,,280.0,capacity_response_gain_pp,6.379257795342178,,percentage points,capacity_response_audit,scenario_trace,,,,
e,S8,,,C0698;C0788,Wuhan-Shangrao;Shangrao-Huizhou,C0698;C0788,Wuhan-Shangrao;Shangrao-Huizhou,,,364.35,capacity_response_gain_pp,6.927152070271878,,percentage points,capacity_response_audit,scenario_trace,,,,
e,S8,,,C0698;C0788,Wuhan-Shangrao;Shangrao-Huizhou,C0698;C0788,Wuhan-Shangrao;Shangrao-Huizhou,,,480.0,capacity_response_gain_pp,7.458876208202908,,percentage points,capacity_response_audit,scenario_trace,,,,
e,S8,,,C0698;C0788,Wuhan-Shangrao;Shangrao-Huizhou,C0698;C0788,Wuhan-Shangrao;Shangrao-Huizhou,,,600.0,capacity_response_gain_pp,7.562777357628195,,percentage points,capacity_response_audit,scenario_trace,,,,
f,low|sparse,"2025,2040,2060",,C0698;C0788,Wuhan-Shangrao;Shangrao-Huizhou,C0698;C0788,Wuhan-Shangrao;Shangrao-Huizhou,,600.0,364.35,unlock_cost_cny_per_t,707.8583907284084,80.43755416666664,CNY/t,economic_boundary_audit,joint_sensitivity_economic_boundary_heatmap,,,,
f,low|sparse,"2025,2040,2060",,C0698;C0788,Wuhan-Shangrao;Shangrao-Huizhou,C0698;C0788,Wuhan-Shangrao;Shangrao-Huizhou,,600.0,364.35,saving_vs_rail_cny_per_t,323.0606430643759,80.43755416666664,CNY/t,economic_boundary_audit,joint_sensitivity_economic_boundary_heatmap,,,,
f,low|sparse,"2025,2040,2060",,C0698;C0788,Wuhan-Shangrao;Shangrao-Huizhou,C0698;C0788,Wuhan-Shangrao;Shangrao-Huizhou,,600.0,364.35,saving_vs_road_cny_per_t,610.2256591215989,80.43755416666664,CNY/t,economic_boundary_audit,joint_sensitivity_economic_boundary_heatmap,,,,
f,low|sparse,"2025,2040,2060",,C0698;C0788,Wuhan-Shangrao;Shangrao-Huizhou,C0698;C0788,Wuhan-Shangrao;Shangrao-Huizhou,,600.0,364.35,net_dividend_vs_rail_cny_per_t,-384.7977476640325,80.43755416666664,CNY/t,economic_boundary_audit,joint_sensitivity_economic_boundary_heatmap,,,,
f,low|sparse,"2025,2040,2060",,C0698;C0788,Wuhan-Shangrao;Shangrao-Huizhou,C0698;C0788,Wuhan-Shangrao;Shangrao-Huizhou,,600.0,364.35,net_dividend_vs_road_cny_per_t,-97.63273160680944,80.43755416666664,CNY/t,economic_boundary_audit,joint_sensitivity_economic_boundary_heatmap,,,,
f,low|sparse,"2025,2040,2060",,C0698;C0788,Wuhan-Shangrao;Shangrao-Huizhou,C0698;C0788,Wuhan-Shangrao;Shangrao-Huizhou,,800.0,364.35,unlock_cost_cny_per_t,943.811187637878,80.43755416666664,CNY/t,economic_boundary_audit,joint_sensitivity_economic_boundary_heatmap,,,,
f,low|sparse,"2025,2040,2060",,C0698;C0788,Wuhan-Shangrao;Shangrao-Huizhou,C0698;C0788,Wuhan-Shangrao;Shangrao-Huizhou,,800.0,364.35,saving_vs_rail_cny_per_t,323.0606430643759,80.43755416666664,CNY/t,economic_boundary_audit,joint_sensitivity_economic_boundary_heatmap,,,,
f,low|sparse,"2025,2040,2060",,C0698;C0788,Wuhan-Shangrao;Shangrao-Huizhou,C0698;C0788,Wuhan-Shangrao;Shangrao-Huizhou,,800.0,364.35,saving_vs_road_cny_per_t,610.2256591215989,80.43755416666664,CNY/t,economic_boundary_audit,joint_sensitivity_economic_boundary_heatmap,,,,
f,low|sparse,"2025,2040,2060",,C0698;C0788,Wuhan-Shangrao;Shangrao-Huizhou,C0698;C0788,Wuhan-Shangrao;Shangrao-Huizhou,,800.0,364.35,net_dividend_vs_rail_cny_per_t,-620.750544573502,80.43755416666664,CNY/t,economic_boundary_audit,joint_sensitivity_economic_boundary_heatmap,,,,
f,low|sparse,"2025,2040,2060",,C0698;C0788,Wuhan-Shangrao;Shangrao-Huizhou,C0698;C0788,Wuhan-Shangrao;Shangrao-Huizhou,,800.0,364.35,net_dividend_vs_road_cny_per_t,-333.58552851627894,80.43755416666664,CNY/t,economic_boundary_audit,joint_sensitivity_economic_boundary_heatmap,,,,
f,low|sparse,"2025,2040,2060",,C0698;C0788,Wuhan-Shangrao;Shangrao-Huizhou,C0698;C0788,Wuhan-Shangrao;Shangrao-Huizhou,,1500.0,364.35,unlock_cost_cny_per_t,1769.6459768210211,80.43755416666664,CNY/t,economic_boundary_audit,joint_sensitivity_economic_boundary_heatmap,,,,
f,low|sparse,"2025,2040,2060",,C0698;C0788,Wuhan-Shangrao;Shangrao-Huizhou,C0698;C0788,Wuhan-Shangrao;Shangrao-Huizhou,,1500.0,364.35,saving_vs_rail_cny_per_t,323.0606430643759,80.43755416666664,CNY/t,economic_boundary_audit,joint_sensitivity_economic_boundary_heatmap,,,,
f,low|sparse,"2025,2040,2060",,C0698;C0788,Wuhan-Shangrao;Shangrao-Huizhou,C0698;C0788,Wuhan-Shangrao;Shangrao-Huizhou,,1500.0,364.35,saving_vs_road_cny_per_t,610.2256591215989,80.43755416666664,CNY/t,economic_boundary_audit,joint_sensitivity_economic_boundary_heatmap,,,,
f,low|sparse,"2025,2040,2060",,C0698;C0788,Wuhan-Shangrao;Shangrao-Huizhou,C0698;C0788,Wuhan-Shangrao;Shangrao-Huizhou,,1500.0,364.35,net_dividend_vs_rail_cny_per_t,-1446.5853337566452,80.43755416666664,CNY/t,economic_boundary_audit,joint_sensitivity_economic_boundary_heatmap,,,,
f,low|sparse,"2025,2040,2060",,C0698;C0788,Wuhan-Shangrao;Shangrao-Huizhou,C0698;C0788,Wuhan-Shangrao;Shangrao-Huizhou,,1500.0,364.35,net_dividend_vs_road_cny_per_t,-1159.4203176994222,80.43755416666664,CNY/t,economic_boundary_audit,joint_sensitivity_economic_boundary_heatmap,,,,
f,low|all_years,"2025,2030,2035,2040,2045,2050,2055,2060",,C0698;C0788,Wuhan-Shangrao;Shangrao-Huizhou,C0698;C0788,Wuhan-Shangrao;Shangrao-Huizhou,,600.0,364.35,unlock_cost_cny_per_t,764.6079089675478,74.46744531249998,CNY/t,economic_boundary_audit,joint_sensitivity_economic_boundary_heatmap,,,,
f,low|all_years,"2025,2030,2035,2040,2045,2050,2055,2060",,C0698;C0788,Wuhan-Shangrao;Shangrao-Huizhou,C0698;C0788,Wuhan-Shangrao;Shangrao-Huizhou,,600.0,364.35,saving_vs_rail_cny_per_t,310.3501055620033,74.46744531249998,CNY/t,economic_boundary_audit,joint_sensitivity_economic_boundary_heatmap,,,,
f,low|all_years,"2025,2030,2035,2040,2045,2050,2055,2060",,C0698;C0788,Wuhan-Shangrao;Shangrao-Huizhou,C0698;C0788,Wuhan-Shangrao;Shangrao-Huizhou,,600.0,364.35,saving_vs_road_cny_per_t,586.2168660615619,74.46744531249998,CNY/t,economic_boundary_audit,joint_sensitivity_economic_boundary_heatmap,,,,
f,low|all_years,"2025,2030,2035,2040,2045,2050,2055,2060",,C0698;C0788,Wuhan-Shangrao;Shangrao-Huizhou,C0698;C0788,Wuhan-Shangrao;Shangrao-Huizhou,,600.0,364.35,net_dividend_vs_rail_cny_per_t,-454.2578034055445,74.46744531249998,CNY/t,economic_boundary_audit,joint_sensitivity_economic_boundary_heatmap,,,,
f,low|all_years,"2025,2030,2035,2040,2045,2050,2055,2060",,C0698;C0788,Wuhan-Shangrao;Shangrao-Huizhou,C0698;C0788,Wuhan-Shangrao;Shangrao-Huizhou,,600.0,364.35,net_dividend_vs_road_cny_per_t,-178.39104290598596,74.46744531249998,CNY/t,economic_boundary_audit,joint_sensitivity_economic_boundary_heatmap,,,,
f,low|all_years,"2025,2030,2035,2040,2045,2050,2055,2060",,C0698;C0788,Wuhan-Shangrao;Shangrao-Huizhou,C0698;C0788,Wuhan-Shangrao;Shangrao-Huizhou,,800.0,364.35,unlock_cost_cny_per_t,1019.4772119567303,74.46744531249998,CNY/t,economic_boundary_audit,joint_sensitivity_economic_boundary_heatmap,,,,
f,low|all_years,"2025,2030,2035,2040,2045,2050,2055,2060",,C0698;C0788,Wuhan-Shangrao;Shangrao-Huizhou,C0698;C0788,Wuhan-Shangrao;Shangrao-Huizhou,,800.0,364.35,saving_vs_rail_cny_per_t,310.3501055620033,74.46744531249998,CNY/t,economic_boundary_audit,joint_sensitivity_economic_boundary_heatmap,,,,
f,low|all_years,"2025,2030,2035,2040,2045,2050,2055,2060",,C0698;C0788,Wuhan-Shangrao;Shangrao-Huizhou,C0698;C0788,Wuhan-Shangrao;Shangrao-Huizhou,,800.0,364.35,saving_vs_road_cny_per_t,586.2168660615619,74.46744531249998,CNY/t,economic_boundary_audit,joint_sensitivity_economic_boundary_heatmap,,,,
f,low|all_years,"2025,2030,2035,2040,2045,2050,2055,2060",,C0698;C0788,Wuhan-Shangrao;Shangrao-Huizhou,C0698;C0788,Wuhan-Shangrao;Shangrao-Huizhou,,800.0,364.35,net_dividend_vs_rail_cny_per_t,-709.1271063947272,74.46744531249998,CNY/t,economic_boundary_audit,joint_sensitivity_economic_boundary_heatmap,,,,
f,low|all_years,"2025,2030,2035,2040,2045,2050,2055,2060",,C0698;C0788,Wuhan-Shangrao;Shangrao-Huizhou,C0698;C0788,Wuhan-Shangrao;Shangrao-Huizhou,,800.0,364.35,net_dividend_vs_road_cny_per_t,-433.2603458951686,74.46744531249998,CNY/t,economic_boundary_audit,joint_sensitivity_economic_boundary_heatmap,,,,
f,low|all_years,"2025,2030,2035,2040,2045,2050,2055,2060",,C0698;C0788,Wuhan-Shangrao;Shangrao-Huizhou,C0698;C0788,Wuhan-Shangrao;Shangrao-Huizhou,,1500.0,364.35,unlock_cost_cny_per_t,1911.5197724188697,74.46744531249998,CNY/t,economic_boundary_audit,joint_sensitivity_economic_boundary_heatmap,,,,
f,low|all_years,"2025,2030,2035,2040,2045,2050,2055,2060",,C0698;C0788,Wuhan-Shangrao;Shangrao-Huizhou,C0698;C0788,Wuhan-Shangrao;Shangrao-Huizhou,,1500.0,364.35,saving_vs_rail_cny_per_t,310.3501055620033,74.46744531249998,CNY/t,economic_boundary_audit,joint_sensitivity_economic_boundary_heatmap,,,,
f,low|all_years,"2025,2030,2035,2040,2045,2050,2055,2060",,C0698;C0788,Wuhan-Shangrao;Shangrao-Huizhou,C0698;C0788,Wuhan-Shangrao;Shangrao-Huizhou,,1500.0,364.35,saving_vs_road_cny_per_t,586.2168660615619,74.46744531249998,CNY/t,economic_boundary_audit,joint_sensitivity_economic_boundary_heatmap,,,,
f,low|all_years,"2025,2030,2035,2040,2045,2050,2055,2060",,C0698;C0788,Wuhan-Shangrao;Shangrao-Huizhou,C0698;C0788,Wuhan-Shangrao;Shangrao-Huizhou,,1500.0,364.35,net_dividend_vs_rail_cny_per_t,-1601.1696668568663,74.46744531249998,CNY/t,economic_boundary_audit,joint_sensitivity_economic_boundary_heatmap,,,,
f,low|all_years,"2025,2030,2035,2040,2045,2050,2055,2060",,C0698;C0788,Wuhan-Shangrao;Shangrao-Huizhou,C0698;C0788,Wuhan-Shangrao;Shangrao-Huizhou,,1500.0,364.35,net_dividend_vs_road_cny_per_t,-1325.3029063573078,74.46744531249998,CNY/t,economic_boundary_audit,joint_sensitivity_economic_boundary_heatmap,,,,
f,low|late,"2050,2055,2060",,C0698;C0788,Wuhan-Shangrao;Shangrao-Huizhou,C0698;C0788,Wuhan-Shangrao;Shangrao-Huizhou,,600.0,364.35,unlock_cost_cny_per_t,376.5836258942205,151.1972208333333,CNY/t,economic_boundary_audit,joint_sensitivity_economic_boundary_heatmap,,,,
f,low|late,"2050,2055,2060",,C0698;C0788,Wuhan-Shangrao;Shangrao-Huizhou,C0698;C0788,Wuhan-Shangrao;Shangrao-Huizhou,,600.0,364.35,saving_vs_rail_cny_per_t,320.71772420876766,151.1972208333333,CNY/t,economic_boundary_audit,joint_sensitivity_economic_boundary_heatmap,,,,
f,low|late,"2050,2055,2060",,C0698;C0788,Wuhan-Shangrao;Shangrao-Huizhou,C0698;C0788,Wuhan-Shangrao;Shangrao-Huizhou,,600.0,364.35,saving_vs_road_cny_per_t,605.8001457276722,151.1972208333333,CNY/t,economic_boundary_audit,joint_sensitivity_economic_boundary_heatmap,,,,
f,low|late,"2050,2055,2060",,C0698;C0788,Wuhan-Shangrao;Shangrao-Huizhou,C0698;C0788,Wuhan-Shangrao;Shangrao-Huizhou,,600.0,364.35,net_dividend_vs_rail_cny_per_t,-55.865901685452855,151.1972208333333,CNY/t,economic_boundary_audit,joint_sensitivity_economic_boundary_heatmap,,,,
f,low|late,"2050,2055,2060",,C0698;C0788,Wuhan-Shangrao;Shangrao-Huizhou,C0698;C0788,Wuhan-Shangrao;Shangrao-Huizhou,,600.0,364.35,net_dividend_vs_road_cny_per_t,229.21651983345168,151.1972208333333,CNY/t,economic_boundary_audit,joint_sensitivity_economic_boundary_heatmap,,,,
f,low|late,"2050,2055,2060",,C0698;C0788,Wuhan-Shangrao;Shangrao-Huizhou,C0698;C0788,Wuhan-Shangrao;Shangrao-Huizhou,,800.0,364.35,unlock_cost_cny_per_t,502.1115011922941,151.1972208333333,CNY/t,economic_boundary_audit,joint_sensitivity_economic_boundary_heatmap,,,,
f,low|late,"2050,2055,2060",,C0698;C0788,Wuhan-Shangrao;Shangrao-Huizhou,C0698;C0788,Wuhan-Shangrao;Shangrao-Huizhou,,800.0,364.35,saving_vs_rail_cny_per_t,320.71772420876766,151.1972208333333,CNY/t,economic_boundary_audit,joint_sensitivity_economic_boundary_heatmap,,,,
f,low|late,"2050,2055,2060",,C0698;C0788,Wuhan-Shangrao;Shangrao-Huizhou,C0698;C0788,Wuhan-Shangrao;Shangrao-Huizhou,,800.0,364.35,saving_vs_road_cny_per_t,605.8001457276722,151.1972208333333,CNY/t,economic_boundary_audit,joint_sensitivity_economic_boundary_heatmap,,,,
f,low|late,"2050,2055,2060",,C0698;C0788,Wuhan-Shangrao;Shangrao-Huizhou,C0698;C0788,Wuhan-Shangrao;Shangrao-Huizhou,,800.0,364.35,net_dividend_vs_rail_cny_per_t,-181.3937769835264,151.1972208333333,CNY/t,economic_boundary_audit,joint_sensitivity_economic_boundary_heatmap,,,,
f,low|late,"2050,2055,2060",,C0698;C0788,Wuhan-Shangrao;Shangrao-Huizhou,C0698;C0788,Wuhan-Shangrao;Shangrao-Huizhou,,800.0,364.35,net_dividend_vs_road_cny_per_t,103.68864453537816,151.1972208333333,CNY/t,economic_boundary_audit,joint_sensitivity_economic_boundary_heatmap,,,,
f,low|late,"2050,2055,2060",,C0698;C0788,Wuhan-Shangrao;Shangrao-Huizhou,C0698;C0788,Wuhan-Shangrao;Shangrao-Huizhou,,1500.0,364.35,unlock_cost_cny_per_t,941.4590647355514,151.1972208333333,CNY/t,economic_boundary_audit,joint_sensitivity_economic_boundary_heatmap,,,,
f,low|late,"2050,2055,2060",,C0698;C0788,Wuhan-Shangrao;Shangrao-Huizhou,C0698;C0788,Wuhan-Shangrao;Shangrao-Huizhou,,1500.0,364.35,saving_vs_rail_cny_per_t,320.71772420876766,151.1972208333333,CNY/t,economic_boundary_audit,joint_sensitivity_economic_boundary_heatmap,,,,
f,low|late,"2050,2055,2060",,C0698;C0788,Wuhan-Shangrao;Shangrao-Huizhou,C0698;C0788,Wuhan-Shangrao;Shangrao-Huizhou,,1500.0,364.35,saving_vs_road_cny_per_t,605.8001457276722,151.1972208333333,CNY/t,economic_boundary_audit,joint_sensitivity_economic_boundary_heatmap,,,,
f,low|late,"2050,2055,2060",,C0698;C0788,Wuhan-Shangrao;Shangrao-Huizhou,C0698;C0788,Wuhan-Shangrao;Shangrao-Huizhou,,1500.0,364.35,net_dividend_vs_rail_cny_per_t,-620.7413405267837,151.1972208333333,CNY/t,economic_boundary_audit,joint_sensitivity_economic_boundary_heatmap,,,,
f,low|late,"2050,2055,2060",,C0698;C0788,Wuhan-Shangrao;Shangrao-Huizhou,C0698;C0788,Wuhan-Shangrao;Shangrao-Huizhou,,1500.0,364.35,net_dividend_vs_road_cny_per_t,-335.65891900787915,151.1972208333333,CNY/t,economic_boundary_audit,joint_sensitivity_economic_boundary_heatmap,,,,
f,mid|sparse,"2025,2040,2060",,C0698;C0788,Wuhan-Shangrao;Shangrao-Huizhou,C0698;C0788,Wuhan-Shangrao;Shangrao-Huizhou,,600.0,364.35,unlock_cost_cny_per_t,380.0534790690344,149.81680416666654,CNY/t,economic_boundary_audit,joint_sensitivity_economic_boundary_heatmap,,,,
f,mid|sparse,"2025,2040,2060",,C0698;C0788,Wuhan-Shangrao;Shangrao-Huizhou,C0698;C0788,Wuhan-Shangrao;Shangrao-Huizhou,,600.0,364.35,saving_vs_rail_cny_per_t,451.7263776634513,149.81680416666654,CNY/t,economic_boundary_audit,joint_sensitivity_economic_boundary_heatmap,,,,
f,mid|sparse,"2025,2040,2060",,C0698;C0788,Wuhan-Shangrao;Shangrao-Huizhou,C0698;C0788,Wuhan-Shangrao;Shangrao-Huizhou,,600.0,364.35,saving_vs_road_cny_per_t,853.260935586519,149.81680416666654,CNY/t,economic_boundary_audit,joint_sensitivity_economic_boundary_heatmap,,,,
f,mid|sparse,"2025,2040,2060",,C0698;C0788,Wuhan-Shangrao;Shangrao-Huizhou,C0698;C0788,Wuhan-Shangrao;Shangrao-Huizhou,,600.0,364.35,net_dividend_vs_rail_cny_per_t,71.67289859441689,149.81680416666654,CNY/t,economic_boundary_audit,joint_sensitivity_economic_boundary_heatmap,,,,
f,mid|sparse,"2025,2040,2060",,C0698;C0788,Wuhan-Shangrao;Shangrao-Huizhou,C0698;C0788,Wuhan-Shangrao;Shangrao-Huizhou,,600.0,364.35,net_dividend_vs_road_cny_per_t,473.2074565174846,149.81680416666654,CNY/t,economic_boundary_audit,joint_sensitivity_economic_boundary_heatmap,,,,
f,mid|sparse,"2025,2040,2060",,C0698;C0788,Wuhan-Shangrao;Shangrao-Huizhou,C0698;C0788,Wuhan-Shangrao;Shangrao-Huizhou,,800.0,364.35,unlock_cost_cny_per_t,506.7379720920459,149.81680416666654,CNY/t,economic_boundary_audit,joint_sensitivity_economic_boundary_heatmap,,,,
f,mid|sparse,"2025,2040,2060",,C0698;C0788,Wuhan-Shangrao;Shangrao-Huizhou,C0698;C0788,Wuhan-Shangrao;Shangrao-Huizhou,,800.0,364.35,saving_vs_rail_cny_per_t,451.7263776634513,149.81680416666654,CNY/t,economic_boundary_audit,joint_sensitivity_economic_boundary_heatmap,,,,
f,mid|sparse,"2025,2040,2060",,C0698;C0788,Wuhan-Shangrao;Shangrao-Huizhou,C0698;C0788,Wuhan-Shangrao;Shangrao-Huizhou,,800.0,364.35,saving_vs_road_cny_per_t,853.260935586519,149.81680416666654,CNY/t,economic_boundary_audit,joint_sensitivity_economic_boundary_heatmap,,,,
f,mid|sparse,"2025,2040,2060",,C0698;C0788,Wuhan-Shangrao;Shangrao-Huizhou,C0698;C0788,Wuhan-Shangrao;Shangrao-Huizhou,,800.0,364.35,net_dividend_vs_rail_cny_per_t,-55.01159442859455,149.81680416666654,CNY/t,economic_boundary_audit,joint_sensitivity_economic_boundary_heatmap,,,,
f,mid|sparse,"2025,2040,2060",,C0698;C0788,Wuhan-Shangrao;Shangrao-Huizhou,C0698;C0788,Wuhan-Shangrao;Shangrao-Huizhou,,800.0,364.35,net_dividend_vs_road_cny_per_t,346.5229634944732,149.81680416666654,CNY/t,economic_boundary_audit,joint_sensitivity_economic_boundary_heatmap,,,,
f,mid|sparse,"2025,2040,2060",,C0698;C0788,Wuhan-Shangrao;Shangrao-Huizhou,C0698;C0788,Wuhan-Shangrao;Shangrao-Huizhou,,1500.0,364.35,unlock_cost_cny_per_t,950.133697672586,149.81680416666654,CNY/t,economic_boundary_audit,joint_sensitivity_economic_boundary_heatmap,,,,
f,mid|sparse,"2025,2040,2060",,C0698;C0788,Wuhan-Shangrao;Shangrao-Huizhou,C0698;C0788,Wuhan-Shangrao;Shangrao-Huizhou,,1500.0,364.35,saving_vs_rail_cny_per_t,451.7263776634513,149.81680416666654,CNY/t,economic_boundary_audit,joint_sensitivity_economic_boundary_heatmap,,,,
f,mid|sparse,"2025,2040,2060",,C0698;C0788,Wuhan-Shangrao;Shangrao-Huizhou,C0698;C0788,Wuhan-Shangrao;Shangrao-Huizhou,,1500.0,364.35,saving_vs_road_cny_per_t,853.260935586519,149.81680416666654,CNY/t,economic_boundary_audit,joint_sensitivity_economic_boundary_heatmap,,,,
f,mid|sparse,"2025,2040,2060",,C0698;C0788,Wuhan-Shangrao;Shangrao-Huizhou,C0698;C0788,Wuhan-Shangrao;Shangrao-Huizhou,,1500.0,364.35,net_dividend_vs_rail_cny_per_t,-498.4073200091348,149.81680416666654,CNY/t,economic_boundary_audit,joint_sensitivity_economic_boundary_heatmap,,,,
f,mid|sparse,"2025,2040,2060",,C0698;C0788,Wuhan-Shangrao;Shangrao-Huizhou,C0698;C0788,Wuhan-Shangrao;Shangrao-Huizhou,,1500.0,364.35,net_dividend_vs_road_cny_per_t,-96.87276208606704,149.81680416666654,CNY/t,economic_boundary_audit,joint_sensitivity_economic_boundary_heatmap,,,,
f,mid|all_years,"2025,2030,2035,2040,2045,2050,2055,2060",,C0698;C0788,Wuhan-Shangrao;Shangrao-Huizhou,C0698;C0788,Wuhan-Shangrao;Shangrao-Huizhou,,600.0,364.35,unlock_cost_cny_per_t,340.32908232951223,167.30394374999997,CNY/t,economic_boundary_audit,joint_sensitivity_economic_boundary_heatmap,,,,
f,mid|all_years,"2025,2030,2035,2040,2045,2050,2055,2060",,C0698;C0788,Wuhan-Shangrao;Shangrao-Huizhou,C0698;C0788,Wuhan-Shangrao;Shangrao-Huizhou,,600.0,364.35,saving_vs_rail_cny_per_t,431.22831480039343,167.30394374999997,CNY/t,economic_boundary_audit,joint_sensitivity_economic_boundary_heatmap,,,,
f,mid|all_years,"2025,2030,2035,2040,2045,2050,2055,2060",,C0698;C0788,Wuhan-Shangrao;Shangrao-Huizhou,C0698;C0788,Wuhan-Shangrao;Shangrao-Huizhou,,600.0,364.35,saving_vs_road_cny_per_t,814.542372400743,167.30394374999997,CNY/t,economic_boundary_audit,joint_sensitivity_economic_boundary_heatmap,,,,
f,mid|all_years,"2025,2030,2035,2040,2045,2050,2055,2060",,C0698;C0788,Wuhan-Shangrao;Shangrao-Huizhou,C0698;C0788,Wuhan-Shangrao;Shangrao-Huizhou,,600.0,364.35,net_dividend_vs_rail_cny_per_t,90.8992324708812,167.30394374999997,CNY/t,economic_boundary_audit,joint_sensitivity_economic_boundary_heatmap,,,,
f,mid|all_years,"2025,2030,2035,2040,2045,2050,2055,2060",,C0698;C0788,Wuhan-Shangrao;Shangrao-Huizhou,C0698;C0788,Wuhan-Shangrao;Shangrao-Huizhou,,600.0,364.35,net_dividend_vs_road_cny_per_t,474.2132900712308,167.30394374999997,CNY/t,economic_boundary_audit,joint_sensitivity_economic_boundary_heatmap,,,,
f,mid|all_years,"2025,2030,2035,2040,2045,2050,2055,2060",,C0698;C0788,Wuhan-Shangrao;Shangrao-Huizhou,C0698;C0788,Wuhan-Shangrao;Shangrao-Huizhou,,800.0,364.35,unlock_cost_cny_per_t,453.772109772683,167.30394374999997,CNY/t,economic_boundary_audit,joint_sensitivity_economic_boundary_heatmap,,,,
f,mid|all_years,"2025,2030,2035,2040,2045,2050,2055,2060",,C0698;C0788,Wuhan-Shangrao;Shangrao-Huizhou,C0698;C0788,Wuhan-Shangrao;Shangrao-Huizhou,,800.0,364.35,saving_vs_rail_cny_per_t,431.22831480039343,167.30394374999997,CNY/t,economic_boundary_audit,joint_sensitivity_economic_boundary_heatmap,,,,
f,mid|all_years,"2025,2030,2035,2040,2045,2050,2055,2060",,C0698;C0788,Wuhan-Shangrao;Shangrao-Huizhou,C0698;C0788,Wuhan-Shangrao;Shangrao-Huizhou,,800.0,364.35,saving_vs_road_cny_per_t,814.542372400743,167.30394374999997,CNY/t,economic_boundary_audit,joint_sensitivity_economic_boundary_heatmap,,,,
f,mid|all_years,"2025,2030,2035,2040,2045,2050,2055,2060",,C0698;C0788,Wuhan-Shangrao;Shangrao-Huizhou,C0698;C0788,Wuhan-Shangrao;Shangrao-Huizhou,,800.0,364.35,net_dividend_vs_rail_cny_per_t,-22.54379497228956,167.30394374999997,CNY/t,economic_boundary_audit,joint_sensitivity_economic_boundary_heatmap,,,,
f,mid|all_years,"2025,2030,2035,2040,2045,2050,2055,2060",,C0698;C0788,Wuhan-Shangrao;Shangrao-Huizhou,C0698;C0788,Wuhan-Shangrao;Shangrao-Huizhou,,800.0,364.35,net_dividend_vs_road_cny_per_t,360.77026262806,167.30394374999997,CNY/t,economic_boundary_audit,joint_sensitivity_economic_boundary_heatmap,,,,
f,mid|all_years,"2025,2030,2035,2040,2045,2050,2055,2060",,C0698;C0788,Wuhan-Shangrao;Shangrao-Huizhou,C0698;C0788,Wuhan-Shangrao;Shangrao-Huizhou,,1500.0,364.35,unlock_cost_cny_per_t,850.8227058237807,167.30394374999997,CNY/t,economic_boundary_audit,joint_sensitivity_economic_boundary_heatmap,,,,
f,mid|all_years,"2025,2030,2035,2040,2045,2050,2055,2060",,C0698;C0788,Wuhan-Shangrao;Shangrao-Huizhou,C0698;C0788,Wuhan-Shangrao;Shangrao-Huizhou,,1500.0,364.35,saving_vs_rail_cny_per_t,431.22831480039343,167.30394374999997,CNY/t,economic_boundary_audit,joint_sensitivity_economic_boundary_heatmap,,,,
f,mid|all_years,"2025,2030,2035,2040,2045,2050,2055,2060",,C0698;C0788,Wuhan-Shangrao;Shangrao-Huizhou,C0698;C0788,Wuhan-Shangrao;Shangrao-Huizhou,,1500.0,364.35,saving_vs_road_cny_per_t,814.542372400743,167.30394374999997,CNY/t,economic_boundary_audit,joint_sensitivity_economic_boundary_heatmap,,,,
f,mid|all_years,"2025,2030,2035,2040,2045,2050,2055,2060",,C0698;C0788,Wuhan-Shangrao;Shangrao-Huizhou,C0698;C0788,Wuhan-Shangrao;Shangrao-Huizhou,,1500.0,364.35,net_dividend_vs_rail_cny_per_t,-419.5943910233872,167.30394374999997,CNY/t,economic_boundary_audit,joint_sensitivity_economic_boundary_heatmap,,,,
f,mid|all_years,"2025,2030,2035,2040,2045,2050,2055,2060",,C0698;C0788,Wuhan-Shangrao;Shangrao-Huizhou,C0698;C0788,Wuhan-Shangrao;Shangrao-Huizhou,,1500.0,364.35,net_dividend_vs_road_cny_per_t,-36.28033342303763,167.30394374999997,CNY/t,economic_boundary_audit,joint_sensitivity_economic_boundary_heatmap,,,,
f,mid|late,"2050,2055,2060",,C0698;C0788,Wuhan-Shangrao;Shangrao-Huizhou,C0698;C0788,Wuhan-Shangrao;Shangrao-Huizhou,,600.0,364.35,unlock_cost_cny_per_t,218.1659602155698,260.98662499999995,CNY/t,economic_boundary_audit,joint_sensitivity_economic_boundary_heatmap,,,,
f,mid|late,"2050,2055,2060",,C0698;C0788,Wuhan-Shangrao;Shangrao-Huizhou,C0698;C0788,Wuhan-Shangrao;Shangrao-Huizhou,,600.0,364.35,saving_vs_rail_cny_per_t,461.7719959504904,260.98662499999995,CNY/t,economic_boundary_audit,joint_sensitivity_economic_boundary_heatmap,,,,
f,mid|late,"2050,2055,2060",,C0698;C0788,Wuhan-Shangrao;Shangrao-Huizhou,C0698;C0788,Wuhan-Shangrao;Shangrao-Huizhou,,600.0,364.35,saving_vs_road_cny_per_t,872.2359923509263,260.98662499999995,CNY/t,economic_boundary_audit,joint_sensitivity_economic_boundary_heatmap,,,,
f,mid|late,"2050,2055,2060",,C0698;C0788,Wuhan-Shangrao;Shangrao-Huizhou,C0698;C0788,Wuhan-Shangrao;Shangrao-Huizhou,,600.0,364.35,net_dividend_vs_rail_cny_per_t,243.6060357349206,260.98662499999995,CNY/t,economic_boundary_audit,joint_sensitivity_economic_boundary_heatmap,,,,
f,mid|late,"2050,2055,2060",,C0698;C0788,Wuhan-Shangrao;Shangrao-Huizhou,C0698;C0788,Wuhan-Shangrao;Shangrao-Huizhou,,600.0,364.35,net_dividend_vs_road_cny_per_t,654.0700321353564,260.98662499999995,CNY/t,economic_boundary_audit,joint_sensitivity_economic_boundary_heatmap,,,,
f,mid|late,"2050,2055,2060",,C0698;C0788,Wuhan-Shangrao;Shangrao-Huizhou,C0698;C0788,Wuhan-Shangrao;Shangrao-Huizhou,,800.0,364.35,unlock_cost_cny_per_t,290.8879469540931,260.98662499999995,CNY/t,economic_boundary_audit,joint_sensitivity_economic_boundary_heatmap,,,,
f,mid|late,"2050,2055,2060",,C0698;C0788,Wuhan-Shangrao;Shangrao-Huizhou,C0698;C0788,Wuhan-Shangrao;Shangrao-Huizhou,,800.0,364.35,saving_vs_rail_cny_per_t,461.7719959504904,260.98662499999995,CNY/t,economic_boundary_audit,joint_sensitivity_economic_boundary_heatmap,,,,
f,mid|late,"2050,2055,2060",,C0698;C0788,Wuhan-Shangrao;Shangrao-Huizhou,C0698;C0788,Wuhan-Shangrao;Shangrao-Huizhou,,800.0,364.35,saving_vs_road_cny_per_t,872.2359923509263,260.98662499999995,CNY/t,economic_boundary_audit,joint_sensitivity_economic_boundary_heatmap,,,,
f,mid|late,"2050,2055,2060",,C0698;C0788,Wuhan-Shangrao;Shangrao-Huizhou,C0698;C0788,Wuhan-Shangrao;Shangrao-Huizhou,,800.0,364.35,net_dividend_vs_rail_cny_per_t,170.88404899639733,260.98662499999995,CNY/t,economic_boundary_audit,joint_sensitivity_economic_boundary_heatmap,,,,
f,mid|late,"2050,2055,2060",,C0698;C0788,Wuhan-Shangrao;Shangrao-Huizhou,C0698;C0788,Wuhan-Shangrao;Shangrao-Huizhou,,800.0,364.35,net_dividend_vs_road_cny_per_t,581.3480453968332,260.98662499999995,CNY/t,economic_boundary_audit,joint_sensitivity_economic_boundary_heatmap,,,,
f,mid|late,"2050,2055,2060",,C0698;C0788,Wuhan-Shangrao;Shangrao-Huizhou,C0698;C0788,Wuhan-Shangrao;Shangrao-Huizhou,,1500.0,364.35,unlock_cost_cny_per_t,545.4149005389246,260.98662499999995,CNY/t,economic_boundary_audit,joint_sensitivity_economic_boundary_heatmap,,,,
f,mid|late,"2050,2055,2060",,C0698;C0788,Wuhan-Shangrao;Shangrao-Huizhou,C0698;C0788,Wuhan-Shangrao;Shangrao-Huizhou,,1500.0,364.35,saving_vs_rail_cny_per_t,461.7719959504904,260.98662499999995,CNY/t,economic_boundary_audit,joint_sensitivity_economic_boundary_heatmap,,,,
f,mid|late,"2050,2055,2060",,C0698;C0788,Wuhan-Shangrao;Shangrao-Huizhou,C0698;C0788,Wuhan-Shangrao;Shangrao-Huizhou,,1500.0,364.35,saving_vs_road_cny_per_t,872.2359923509263,260.98662499999995,CNY/t,economic_boundary_audit,joint_sensitivity_economic_boundary_heatmap,,,,
f,mid|late,"2050,2055,2060",,C0698;C0788,Wuhan-Shangrao;Shangrao-Huizhou,C0698;C0788,Wuhan-Shangrao;Shangrao-Huizhou,,1500.0,364.35,net_dividend_vs_rail_cny_per_t,-83.64290458843419,260.98662499999995,CNY/t,economic_boundary_audit,joint_sensitivity_economic_boundary_heatmap,,,,
f,mid|late,"2050,2055,2060",,C0698;C0788,Wuhan-Shangrao;Shangrao-Huizhou,C0698;C0788,Wuhan-Shangrao;Shangrao-Huizhou,,1500.0,364.35,net_dividend_vs_road_cny_per_t,326.82109181200167,260.98662499999995,CNY/t,economic_boundary_audit,joint_sensitivity_economic_boundary_heatmap,,,,
f,high|sparse,"2025,2040,2060",,C0698;C0788,Wuhan-Shangrao;Shangrao-Huizhou,C0698;C0788,Wuhan-Shangrao;Shangrao-Huizhou,,600.0,364.35,unlock_cost_cny_per_t,478.603350449808,118.9678208333334,CNY/t,economic_boundary_audit,joint_sensitivity_economic_boundary_heatmap,,,,
f,high|sparse,"2025,2040,2060",,C0698;C0788,Wuhan-Shangrao;Shangrao-Huizhou,C0698;C0788,Wuhan-Shangrao;Shangrao-Huizhou,,600.0,364.35,saving_vs_rail_cny_per_t,479.1686297259139,118.9678208333334,CNY/t,economic_boundary_audit,joint_sensitivity_economic_boundary_heatmap,,,,
f,high|sparse,"2025,2040,2060",,C0698;C0788,Wuhan-Shangrao;Shangrao-Huizhou,C0698;C0788,Wuhan-Shangrao;Shangrao-Huizhou,,600.0,364.35,saving_vs_road_cny_per_t,905.0963005933928,118.9678208333334,CNY/t,economic_boundary_audit,joint_sensitivity_economic_boundary_heatmap,,,,
f,high|sparse,"2025,2040,2060",,C0698;C0788,Wuhan-Shangrao;Shangrao-Huizhou,C0698;C0788,Wuhan-Shangrao;Shangrao-Huizhou,,600.0,364.35,net_dividend_vs_rail_cny_per_t,0.5652792761059118,118.9678208333334,CNY/t,economic_boundary_audit,joint_sensitivity_economic_boundary_heatmap,,,,
f,high|sparse,"2025,2040,2060",,C0698;C0788,Wuhan-Shangrao;Shangrao-Huizhou,C0698;C0788,Wuhan-Shangrao;Shangrao-Huizhou,,600.0,364.35,net_dividend_vs_road_cny_per_t,426.4929501435848,118.9678208333334,CNY/t,economic_boundary_audit,joint_sensitivity_economic_boundary_heatmap,,,,
f,high|sparse,"2025,2040,2060",,C0698;C0788,Wuhan-Shangrao;Shangrao-Huizhou,C0698;C0788,Wuhan-Shangrao;Shangrao-Huizhou,,800.0,364.35,unlock_cost_cny_per_t,638.137800599744,118.9678208333334,CNY/t,economic_boundary_audit,joint_sensitivity_economic_boundary_heatmap,,,,
f,high|sparse,"2025,2040,2060",,C0698;C0788,Wuhan-Shangrao;Shangrao-Huizhou,C0698;C0788,Wuhan-Shangrao;Shangrao-Huizhou,,800.0,364.35,saving_vs_rail_cny_per_t,479.1686297259139,118.9678208333334,CNY/t,economic_boundary_audit,joint_sensitivity_economic_boundary_heatmap,,,,
f,high|sparse,"2025,2040,2060",,C0698;C0788,Wuhan-Shangrao;Shangrao-Huizhou,C0698;C0788,Wuhan-Shangrao;Shangrao-Huizhou,,800.0,364.35,saving_vs_road_cny_per_t,905.0963005933928,118.9678208333334,CNY/t,economic_boundary_audit,joint_sensitivity_economic_boundary_heatmap,,,,
f,high|sparse,"2025,2040,2060",,C0698;C0788,Wuhan-Shangrao;Shangrao-Huizhou,C0698;C0788,Wuhan-Shangrao;Shangrao-Huizhou,,800.0,364.35,net_dividend_vs_rail_cny_per_t,-158.96917087383008,118.9678208333334,CNY/t,economic_boundary_audit,joint_sensitivity_economic_boundary_heatmap,,,,
f,high|sparse,"2025,2040,2060",,C0698;C0788,Wuhan-Shangrao;Shangrao-Huizhou,C0698;C0788,Wuhan-Shangrao;Shangrao-Huizhou,,800.0,364.35,net_dividend_vs_road_cny_per_t,266.95849999364884,118.9678208333334,CNY/t,economic_boundary_audit,joint_sensitivity_economic_boundary_heatmap,,,,
f,high|sparse,"2025,2040,2060",,C0698;C0788,Wuhan-Shangrao;Shangrao-Huizhou,C0698;C0788,Wuhan-Shangrao;Shangrao-Huizhou,,1500.0,364.35,unlock_cost_cny_per_t,1196.50837612452,118.9678208333334,CNY/t,economic_boundary_audit,joint_sensitivity_economic_boundary_heatmap,,,,
f,high|sparse,"2025,2040,2060",,C0698;C0788,Wuhan-Shangrao;Shangrao-Huizhou,C0698;C0788,Wuhan-Shangrao;Shangrao-Huizhou,,1500.0,364.35,saving_vs_rail_cny_per_t,479.1686297259139,118.9678208333334,CNY/t,economic_boundary_audit,joint_sensitivity_economic_boundary_heatmap,,,,
f,high|sparse,"2025,2040,2060",,C0698;C0788,Wuhan-Shangrao;Shangrao-Huizhou,C0698;C0788,Wuhan-Shangrao;Shangrao-Huizhou,,1500.0,364.35,saving_vs_road_cny_per_t,905.0963005933928,118.9678208333334,CNY/t,economic_boundary_audit,joint_sensitivity_economic_boundary_heatmap,,,,
f,high|sparse,"2025,2040,2060",,C0698;C0788,Wuhan-Shangrao;Shangrao-Huizhou,C0698;C0788,Wuhan-Shangrao;Shangrao-Huizhou,,1500.0,364.35,net_dividend_vs_rail_cny_per_t,-717.3397463986062,118.9678208333334,CNY/t,economic_boundary_audit,joint_sensitivity_economic_boundary_heatmap,,,,
f,high|sparse,"2025,2040,2060",,C0698;C0788,Wuhan-Shangrao;Shangrao-Huizhou,C0698;C0788,Wuhan-Shangrao;Shangrao-Huizhou,,1500.0,364.35,net_dividend_vs_road_cny_per_t,-291.41207553112724,118.9678208333334,CNY/t,economic_boundary_audit,joint_sensitivity_economic_boundary_heatmap,,,,
f,high|all_years,"2025,2030,2035,2040,2045,2050,2055,2060",,C0698;C0788,Wuhan-Shangrao;Shangrao-Huizhou,C0698;C0788,Wuhan-Shangrao;Shangrao-Huizhou,,600.0,364.35,unlock_cost_cny_per_t,394.5284070134842,144.320146875,CNY/t,economic_boundary_audit,joint_sensitivity_economic_boundary_heatmap,,,,
f,high|all_years,"2025,2030,2035,2040,2045,2050,2055,2060",,C0698;C0788,Wuhan-Shangrao;Shangrao-Huizhou,C0698;C0788,Wuhan-Shangrao;Shangrao-Huizhou,,600.0,364.35,saving_vs_rail_cny_per_t,475.0465707103885,144.320146875,CNY/t,economic_boundary_audit,joint_sensitivity_economic_boundary_heatmap,,,,
f,high|all_years,"2025,2030,2035,2040,2045,2050,2055,2060",,C0698;C0788,Wuhan-Shangrao;Shangrao-Huizhou,C0698;C0788,Wuhan-Shangrao;Shangrao-Huizhou,,600.0,364.35,saving_vs_road_cny_per_t,897.3101891196226,144.320146875,CNY/t,economic_boundary_audit,joint_sensitivity_economic_boundary_heatmap,,,,
f,high|all_years,"2025,2030,2035,2040,2045,2050,2055,2060",,C0698;C0788,Wuhan-Shangrao;Shangrao-Huizhou,C0698;C0788,Wuhan-Shangrao;Shangrao-Huizhou,,600.0,364.35,net_dividend_vs_rail_cny_per_t,80.5181636969042,144.320146875,CNY/t,economic_boundary_audit,joint_sensitivity_economic_boundary_heatmap,,,,
f,high|all_years,"2025,2030,2035,2040,2045,2050,2055,2060",,C0698;C0788,Wuhan-Shangrao;Shangrao-Huizhou,C0698;C0788,Wuhan-Shangrao;Shangrao-Huizhou,,600.0,364.35,net_dividend_vs_road_cny_per_t,502.7817821061384,144.320146875,CNY/t,economic_boundary_audit,joint_sensitivity_economic_boundary_heatmap,,,,
f,high|all_years,"2025,2030,2035,2040,2045,2050,2055,2060",,C0698;C0788,Wuhan-Shangrao;Shangrao-Huizhou,C0698;C0788,Wuhan-Shangrao;Shangrao-Huizhou,,800.0,364.35,unlock_cost_cny_per_t,526.037876017979,144.320146875,CNY/t,economic_boundary_audit,joint_sensitivity_economic_boundary_heatmap,,,,
f,high|all_years,"2025,2030,2035,2040,2045,2050,2055,2060",,C0698;C0788,Wuhan-Shangrao;Shangrao-Huizhou,C0698;C0788,Wuhan-Shangrao;Shangrao-Huizhou,,800.0,364.35,saving_vs_rail_cny_per_t,475.0465707103885,144.320146875,CNY/t,economic_boundary_audit,joint_sensitivity_economic_boundary_heatmap,,,,
f,high|all_years,"2025,2030,2035,2040,2045,2050,2055,2060",,C0698;C0788,Wuhan-Shangrao;Shangrao-Huizhou,C0698;C0788,Wuhan-Shangrao;Shangrao-Huizhou,,800.0,364.35,saving_vs_road_cny_per_t,897.3101891196226,144.320146875,CNY/t,economic_boundary_audit,joint_sensitivity_economic_boundary_heatmap,,,,
f,high|all_years,"2025,2030,2035,2040,2045,2050,2055,2060",,C0698;C0788,Wuhan-Shangrao;Shangrao-Huizhou,C0698;C0788,Wuhan-Shangrao;Shangrao-Huizhou,,800.0,364.35,net_dividend_vs_rail_cny_per_t,-50.99130530759055,144.320146875,CNY/t,economic_boundary_audit,joint_sensitivity_economic_boundary_heatmap,,,,
f,high|all_years,"2025,2030,2035,2040,2045,2050,2055,2060",,C0698;C0788,Wuhan-Shangrao;Shangrao-Huizhou,C0698;C0788,Wuhan-Shangrao;Shangrao-Huizhou,,800.0,364.35,net_dividend_vs_road_cny_per_t,371.2723131016436,144.320146875,CNY/t,economic_boundary_audit,joint_sensitivity_economic_boundary_heatmap,,,,
f,high|all_years,"2025,2030,2035,2040,2045,2050,2055,2060",,C0698;C0788,Wuhan-Shangrao;Shangrao-Huizhou,C0698;C0788,Wuhan-Shangrao;Shangrao-Huizhou,,1500.0,364.35,unlock_cost_cny_per_t,986.3210175337108,144.320146875,CNY/t,economic_boundary_audit,joint_sensitivity_economic_boundary_heatmap,,,,
f,high|all_years,"2025,2030,2035,2040,2045,2050,2055,2060",,C0698;C0788,Wuhan-Shangrao;Shangrao-Huizhou,C0698;C0788,Wuhan-Shangrao;Shangrao-Huizhou,,1500.0,364.35,saving_vs_rail_cny_per_t,475.0465707103885,144.320146875,CNY/t,economic_boundary_audit,joint_sensitivity_economic_boundary_heatmap,,,,
f,high|all_years,"2025,2030,2035,2040,2045,2050,2055,2060",,C0698;C0788,Wuhan-Shangrao;Shangrao-Huizhou,C0698;C0788,Wuhan-Shangrao;Shangrao-Huizhou,,1500.0,364.35,saving_vs_road_cny_per_t,897.3101891196226,144.320146875,CNY/t,economic_boundary_audit,joint_sensitivity_economic_boundary_heatmap,,,,
f,high|all_years,"2025,2030,2035,2040,2045,2050,2055,2060",,C0698;C0788,Wuhan-Shangrao;Shangrao-Huizhou,C0698;C0788,Wuhan-Shangrao;Shangrao-Huizhou,,1500.0,364.35,net_dividend_vs_rail_cny_per_t,-511.2744468233223,144.320146875,CNY/t,economic_boundary_audit,joint_sensitivity_economic_boundary_heatmap,,,,
f,high|all_years,"2025,2030,2035,2040,2045,2050,2055,2060",,C0698;C0788,Wuhan-Shangrao;Shangrao-Huizhou,C0698;C0788,Wuhan-Shangrao;Shangrao-Huizhou,,1500.0,364.35,net_dividend_vs_road_cny_per_t,-89.01082841408811,144.320146875,CNY/t,economic_boundary_audit,joint_sensitivity_economic_boundary_heatmap,,,,
f,high|late,"2050,2055,2060",,C0698;C0788,Wuhan-Shangrao;Shangrao-Huizhou,C0698;C0788,Wuhan-Shangrao;Shangrao-Huizhou,,600.0,364.35,unlock_cost_cny_per_t,396.2960241759383,143.67642916666668,CNY/t,economic_boundary_audit,joint_sensitivity_economic_boundary_heatmap,,,,
f,high|late,"2050,2055,2060",,C0698;C0788,Wuhan-Shangrao;Shangrao-Huizhou,C0698;C0788,Wuhan-Shangrao;Shangrao-Huizhou,,600.0,364.35,saving_vs_rail_cny_per_t,463.9754894705108,143.67642916666668,CNY/t,economic_boundary_audit,joint_sensitivity_economic_boundary_heatmap,,,,
f,high|late,"2050,2055,2060",,C0698;C0788,Wuhan-Shangrao;Shangrao-Huizhou,C0698;C0788,Wuhan-Shangrao;Shangrao-Huizhou,,600.0,364.35,saving_vs_road_cny_per_t,876.3981467776314,143.67642916666668,CNY/t,economic_boundary_audit,joint_sensitivity_economic_boundary_heatmap,,,,
f,high|late,"2050,2055,2060",,C0698;C0788,Wuhan-Shangrao;Shangrao-Huizhou,C0698;C0788,Wuhan-Shangrao;Shangrao-Huizhou,,600.0,364.35,net_dividend_vs_rail_cny_per_t,67.67946529457242,143.67642916666668,CNY/t,economic_boundary_audit,joint_sensitivity_economic_boundary_heatmap,,,,
f,high|late,"2050,2055,2060",,C0698;C0788,Wuhan-Shangrao;Shangrao-Huizhou,C0698;C0788,Wuhan-Shangrao;Shangrao-Huizhou,,600.0,364.35,net_dividend_vs_road_cny_per_t,480.10212260169305,143.67642916666668,CNY/t,economic_boundary_audit,joint_sensitivity_economic_boundary_heatmap,,,,
f,high|late,"2050,2055,2060",,C0698;C0788,Wuhan-Shangrao;Shangrao-Huizhou,C0698;C0788,Wuhan-Shangrao;Shangrao-Huizhou,,800.0,364.35,unlock_cost_cny_per_t,528.3946989012511,143.67642916666668,CNY/t,economic_boundary_audit,joint_sensitivity_economic_boundary_heatmap,,,,
f,high|late,"2050,2055,2060",,C0698;C0788,Wuhan-Shangrao;Shangrao-Huizhou,C0698;C0788,Wuhan-Shangrao;Shangrao-Huizhou,,800.0,364.35,saving_vs_rail_cny_per_t,463.9754894705108,143.67642916666668,CNY/t,economic_boundary_audit,joint_sensitivity_economic_boundary_heatmap,,,,
f,high|late,"2050,2055,2060",,C0698;C0788,Wuhan-Shangrao;Shangrao-Huizhou,C0698;C0788,Wuhan-Shangrao;Shangrao-Huizhou,,800.0,364.35,saving_vs_road_cny_per_t,876.3981467776314,143.67642916666668,CNY/t,economic_boundary_audit,joint_sensitivity_economic_boundary_heatmap,,,,
f,high|late,"2050,2055,2060",,C0698;C0788,Wuhan-Shangrao;Shangrao-Huizhou,C0698;C0788,Wuhan-Shangrao;Shangrao-Huizhou,,800.0,364.35,net_dividend_vs_rail_cny_per_t,-64.41920943074035,143.67642916666668,CNY/t,economic_boundary_audit,joint_sensitivity_economic_boundary_heatmap,,,,
f,high|late,"2050,2055,2060",,C0698;C0788,Wuhan-Shangrao;Shangrao-Huizhou,C0698;C0788,Wuhan-Shangrao;Shangrao-Huizhou,,800.0,364.35,net_dividend_vs_road_cny_per_t,348.0034478763803,143.67642916666668,CNY/t,economic_boundary_audit,joint_sensitivity_economic_boundary_heatmap,,,,
f,high|late,"2050,2055,2060",,C0698;C0788,Wuhan-Shangrao;Shangrao-Huizhou,C0698;C0788,Wuhan-Shangrao;Shangrao-Huizhou,,1500.0,364.35,unlock_cost_cny_per_t,990.7400604398458,143.67642916666668,CNY/t,economic_boundary_audit,joint_sensitivity_economic_boundary_heatmap,,,,
f,high|late,"2050,2055,2060",,C0698;C0788,Wuhan-Shangrao;Shangrao-Huizhou,C0698;C0788,Wuhan-Shangrao;Shangrao-Huizhou,,1500.0,364.35,saving_vs_rail_cny_per_t,463.9754894705108,143.67642916666668,CNY/t,economic_boundary_audit,joint_sensitivity_economic_boundary_heatmap,,,,
f,high|late,"2050,2055,2060",,C0698;C0788,Wuhan-Shangrao;Shangrao-Huizhou,C0698;C0788,Wuhan-Shangrao;Shangrao-Huizhou,,1500.0,364.35,saving_vs_road_cny_per_t,876.3981467776314,143.67642916666668,CNY/t,economic_boundary_audit,joint_sensitivity_economic_boundary_heatmap,,,,
f,high|late,"2050,2055,2060",,C0698;C0788,Wuhan-Shangrao;Shangrao-Huizhou,C0698;C0788,Wuhan-Shangrao;Shangrao-Huizhou,,1500.0,364.35,net_dividend_vs_rail_cny_per_t,-526.7645709693351,143.67642916666668,CNY/t,economic_boundary_audit,joint_sensitivity_economic_boundary_heatmap,,,,
f,high|late,"2050,2055,2060",,C0698;C0788,Wuhan-Shangrao;Shangrao-Huizhou,C0698;C0788,Wuhan-Shangrao;Shangrao-Huizhou,,1500.0,364.35,net_dividend_vs_road_cny_per_t,-114.34191366221444,143.67642916666668,CNY/t,economic_boundary_audit,joint_sensitivity_economic_boundary_heatmap,,,,
