panel,scenario,tier,year,entity,origin_region,destination_region,region,role,metric,value,x_value,y_value,minimum,maximum,unit,source_type,style
a,S5,mid,2025,,,,NW,,regional_demand_met_pct,100.0,,,,,%,frozen_all_scenario_regional_account,regional_map_fill
a,S5,mid,2025,,,,SW,,regional_demand_met_pct,100.0,,,,,%,frozen_all_scenario_regional_account,regional_map_fill
a,S5,mid,2025,,,,NC,,regional_demand_met_pct,99.999537646135,,,,,%,frozen_all_scenario_regional_account,regional_map_fill
a,S5,mid,2025,,,,CC,,regional_demand_met_pct,100.0,,,,,%,frozen_all_scenario_regional_account,regional_map_fill
a,S5,mid,2025,,,,SC,,regional_demand_met_pct,80.45550345352316,,,,,%,frozen_all_scenario_regional_account,regional_map_fill
a,S5,mid,2025,,,,EC,,regional_demand_met_pct,69.27541653718265,,,,,%,frozen_all_scenario_regional_account,regional_map_fill
a,S5,mid,2025,,,,NE,,regional_demand_met_pct,100.0,,,,,%,frozen_all_scenario_regional_account,regional_map_fill
a,S5,mid,2025,,,,,,national_demand_met_pct,83.22306701050466,,,,,%,derived_from_frozen_all_scenario_regional_account,map_title_stat
a,S5,mid,2025,,NW,NW,,,attributed_interregional_flow,1.2568272856060834,,,,,10 kt/y,dynamic_v08_decomposed_service_attribution,regional_flow_map_with_od_inset
a,S5,mid,2025,,NW,SW,,,attributed_interregional_flow,0.0,,,,,10 kt/y,dynamic_v08_decomposed_service_attribution,regional_flow_map_with_od_inset
a,S5,mid,2025,,NW,NC,,,attributed_interregional_flow,0.0,,,,,10 kt/y,dynamic_v08_decomposed_service_attribution,regional_flow_map_with_od_inset
a,S5,mid,2025,,NW,CC,,,attributed_interregional_flow,0.0,,,,,10 kt/y,dynamic_v08_decomposed_service_attribution,regional_flow_map_with_od_inset
a,S5,mid,2025,,NW,SC,,,attributed_interregional_flow,0.0,,,,,10 kt/y,dynamic_v08_decomposed_service_attribution,regional_flow_map_with_od_inset
a,S5,mid,2025,,NW,EC,,,attributed_interregional_flow,0.0,,,,,10 kt/y,dynamic_v08_decomposed_service_attribution,regional_flow_map_with_od_inset
a,S5,mid,2025,,NW,NE,,,attributed_interregional_flow,0.0,,,,,10 kt/y,dynamic_v08_decomposed_service_attribution,regional_flow_map_with_od_inset
a,S5,mid,2025,,SW,NW,,,attributed_interregional_flow,0.0,,,,,10 kt/y,dynamic_v08_decomposed_service_attribution,regional_flow_map_with_od_inset
a,S5,mid,2025,,SW,SW,,,attributed_interregional_flow,5.037876189717512,,,,,10 kt/y,dynamic_v08_decomposed_service_attribution,regional_flow_map_with_od_inset
a,S5,mid,2025,,SW,NC,,,attributed_interregional_flow,0.0,,,,,10 kt/y,dynamic_v08_decomposed_service_attribution,regional_flow_map_with_od_inset
a,S5,mid,2025,,SW,CC,,,attributed_interregional_flow,0.0,,,,,10 kt/y,dynamic_v08_decomposed_service_attribution,regional_flow_map_with_od_inset
a,S5,mid,2025,,SW,SC,,,attributed_interregional_flow,0.0,,,,,10 kt/y,dynamic_v08_decomposed_service_attribution,regional_flow_map_with_od_inset
a,S5,mid,2025,,SW,EC,,,attributed_interregional_flow,0.0,,,,,10 kt/y,dynamic_v08_decomposed_service_attribution,regional_flow_map_with_od_inset
a,S5,mid,2025,,SW,NE,,,attributed_interregional_flow,0.0,,,,,10 kt/y,dynamic_v08_decomposed_service_attribution,regional_flow_map_with_od_inset
a,S5,mid,2025,,NC,NW,,,attributed_interregional_flow,0.0,,,,,10 kt/y,dynamic_v08_decomposed_service_attribution,regional_flow_map_with_od_inset
a,S5,mid,2025,,NC,SW,,,attributed_interregional_flow,0.0,,,,,10 kt/y,dynamic_v08_decomposed_service_attribution,regional_flow_map_with_od_inset
a,S5,mid,2025,,NC,NC,,,attributed_interregional_flow,7.798888442225313,,,,,10 kt/y,dynamic_v08_decomposed_service_attribution,regional_flow_map_with_od_inset
a,S5,mid,2025,,NC,CC,,,attributed_interregional_flow,0.0,,,,,10 kt/y,dynamic_v08_decomposed_service_attribution,regional_flow_map_with_od_inset
a,S5,mid,2025,,NC,SC,,,attributed_interregional_flow,0.0,,,,,10 kt/y,dynamic_v08_decomposed_service_attribution,regional_flow_map_with_od_inset
a,S5,mid,2025,,NC,EC,,,attributed_interregional_flow,0.0,,,,,10 kt/y,dynamic_v08_decomposed_service_attribution,regional_flow_map_with_od_inset
a,S5,mid,2025,,NC,NE,,,attributed_interregional_flow,0.0,,,,,10 kt/y,dynamic_v08_decomposed_service_attribution,regional_flow_map_with_od_inset
a,S5,mid,2025,,CC,NW,,,attributed_interregional_flow,0.0,,,,,10 kt/y,dynamic_v08_decomposed_service_attribution,regional_flow_map_with_od_inset
a,S5,mid,2025,,CC,SW,,,attributed_interregional_flow,0.0,,,,,10 kt/y,dynamic_v08_decomposed_service_attribution,regional_flow_map_with_od_inset
a,S5,mid,2025,,CC,NC,,,attributed_interregional_flow,0.0,,,,,10 kt/y,dynamic_v08_decomposed_service_attribution,regional_flow_map_with_od_inset
a,S5,mid,2025,,CC,CC,,,attributed_interregional_flow,9.215176154806564,,,,,10 kt/y,dynamic_v08_decomposed_service_attribution,regional_flow_map_with_od_inset
a,S5,mid,2025,,CC,SC,,,attributed_interregional_flow,0.0,,,,,10 kt/y,dynamic_v08_decomposed_service_attribution,regional_flow_map_with_od_inset
a,S5,mid,2025,,CC,EC,,,attributed_interregional_flow,0.0,,,,,10 kt/y,dynamic_v08_decomposed_service_attribution,regional_flow_map_with_od_inset
a,S5,mid,2025,,CC,NE,,,attributed_interregional_flow,0.0,,,,,10 kt/y,dynamic_v08_decomposed_service_attribution,regional_flow_map_with_od_inset
a,S5,mid,2025,,SC,NW,,,attributed_interregional_flow,0.0,,,,,10 kt/y,dynamic_v08_decomposed_service_attribution,regional_flow_map_with_od_inset
a,S5,mid,2025,,SC,SW,,,attributed_interregional_flow,0.0,,,,,10 kt/y,dynamic_v08_decomposed_service_attribution,regional_flow_map_with_od_inset
a,S5,mid,2025,,SC,NC,,,attributed_interregional_flow,0.0,,,,,10 kt/y,dynamic_v08_decomposed_service_attribution,regional_flow_map_with_od_inset
a,S5,mid,2025,,SC,CC,,,attributed_interregional_flow,0.0,,,,,10 kt/y,dynamic_v08_decomposed_service_attribution,regional_flow_map_with_od_inset
a,S5,mid,2025,,SC,SC,,,attributed_interregional_flow,10.887905058011707,,,,,10 kt/y,dynamic_v08_decomposed_service_attribution,regional_flow_map_with_od_inset
a,S5,mid,2025,,SC,EC,,,attributed_interregional_flow,0.0,,,,,10 kt/y,dynamic_v08_decomposed_service_attribution,regional_flow_map_with_od_inset
a,S5,mid,2025,,SC,NE,,,attributed_interregional_flow,0.0,,,,,10 kt/y,dynamic_v08_decomposed_service_attribution,regional_flow_map_with_od_inset
a,S5,mid,2025,,EC,NW,,,attributed_interregional_flow,0.0,,,,,10 kt/y,dynamic_v08_decomposed_service_attribution,regional_flow_map_with_od_inset
a,S5,mid,2025,,EC,SW,,,attributed_interregional_flow,0.0,,,,,10 kt/y,dynamic_v08_decomposed_service_attribution,regional_flow_map_with_od_inset
a,S5,mid,2025,,EC,NC,,,attributed_interregional_flow,0.0,,,,,10 kt/y,dynamic_v08_decomposed_service_attribution,regional_flow_map_with_od_inset
a,S5,mid,2025,,EC,CC,,,attributed_interregional_flow,0.0,,,,,10 kt/y,dynamic_v08_decomposed_service_attribution,regional_flow_map_with_od_inset
a,S5,mid,2025,,EC,SC,,,attributed_interregional_flow,0.0,,,,,10 kt/y,dynamic_v08_decomposed_service_attribution,regional_flow_map_with_od_inset
a,S5,mid,2025,,EC,EC,,,attributed_interregional_flow,20.74242714333028,,,,,10 kt/y,dynamic_v08_decomposed_service_attribution,regional_flow_map_with_od_inset
a,S5,mid,2025,,EC,NE,,,attributed_interregional_flow,0.0,,,,,10 kt/y,dynamic_v08_decomposed_service_attribution,regional_flow_map_with_od_inset
a,S5,mid,2025,,NE,NW,,,attributed_interregional_flow,0.0,,,,,10 kt/y,dynamic_v08_decomposed_service_attribution,regional_flow_map_with_od_inset
a,S5,mid,2025,,NE,SW,,,attributed_interregional_flow,0.0,,,,,10 kt/y,dynamic_v08_decomposed_service_attribution,regional_flow_map_with_od_inset
a,S5,mid,2025,,NE,NC,,,attributed_interregional_flow,1.8879,,,,,10 kt/y,dynamic_v08_decomposed_service_attribution,regional_flow_map_with_od_inset
a,S5,mid,2025,,NE,CC,,,attributed_interregional_flow,0.0,,,,,10 kt/y,dynamic_v08_decomposed_service_attribution,regional_flow_map_with_od_inset
a,S5,mid,2025,,NE,SC,,,attributed_interregional_flow,0.0,,,,,10 kt/y,dynamic_v08_decomposed_service_attribution,regional_flow_map_with_od_inset
a,S5,mid,2025,,NE,EC,,,attributed_interregional_flow,0.0,,,,,10 kt/y,dynamic_v08_decomposed_service_attribution,regional_flow_map_with_od_inset
a,S5,mid,2025,,NE,NE,,,attributed_interregional_flow,1.9284850357188423,,,,,10 kt/y,dynamic_v08_decomposed_service_attribution,regional_flow_map_with_od_inset
b,S5,mid,2060,,,,NW,,regional_demand_met_pct,100.0,,,,,%,frozen_all_scenario_regional_account,regional_map_fill
b,S5,mid,2060,,,,SW,,regional_demand_met_pct,76.02857701813099,,,,,%,frozen_all_scenario_regional_account,regional_map_fill
b,S5,mid,2060,,,,NC,,regional_demand_met_pct,55.95631660107751,,,,,%,frozen_all_scenario_regional_account,regional_map_fill
b,S5,mid,2060,,,,CC,,regional_demand_met_pct,96.8155547517498,,,,,%,frozen_all_scenario_regional_account,regional_map_fill
b,S5,mid,2060,,,,SC,,regional_demand_met_pct,11.2911431054542,,,,,%,frozen_all_scenario_regional_account,regional_map_fill
b,S5,mid,2060,,,,EC,,regional_demand_met_pct,20.46084663964864,,,,,%,frozen_all_scenario_regional_account,regional_map_fill
b,S5,mid,2060,,,,NE,,regional_demand_met_pct,84.97994765955467,,,,,%,frozen_all_scenario_regional_account,regional_map_fill
b,S5,mid,2060,,,,,,national_demand_met_pct,43.31895156475055,,,,,%,derived_from_frozen_all_scenario_regional_account,map_title_stat
b,S5,mid,2060,,NW,NW,,,attributed_interregional_flow,241.7810255146611,,,,,10 kt/y,dynamic_v08_decomposed_service_attribution,regional_flow_map_with_od_inset
b,S5,mid,2060,,NW,SW,,,attributed_interregional_flow,176.2956,,,,,10 kt/y,dynamic_v08_decomposed_service_attribution,regional_flow_map_with_od_inset
b,S5,mid,2060,,NW,NC,,,attributed_interregional_flow,0.0,,,,,10 kt/y,dynamic_v08_decomposed_service_attribution,regional_flow_map_with_od_inset
b,S5,mid,2060,,NW,CC,,,attributed_interregional_flow,614.4936,,,,,10 kt/y,dynamic_v08_decomposed_service_attribution,regional_flow_map_with_od_inset
b,S5,mid,2060,,NW,SC,,,attributed_interregional_flow,0.0,,,,,10 kt/y,dynamic_v08_decomposed_service_attribution,regional_flow_map_with_od_inset
b,S5,mid,2060,,NW,EC,,,attributed_interregional_flow,0.0,,,,,10 kt/y,dynamic_v08_decomposed_service_attribution,regional_flow_map_with_od_inset
b,S5,mid,2060,,NW,NE,,,attributed_interregional_flow,0.0,,,,,10 kt/y,dynamic_v08_decomposed_service_attribution,regional_flow_map_with_od_inset
b,S5,mid,2060,,SW,NW,,,attributed_interregional_flow,0.0,,,,,10 kt/y,dynamic_v08_decomposed_service_attribution,regional_flow_map_with_od_inset
b,S5,mid,2060,,SW,SW,,,attributed_interregional_flow,331.9367920140288,,,,,10 kt/y,dynamic_v08_decomposed_service_attribution,regional_flow_map_with_od_inset
b,S5,mid,2060,,SW,NC,,,attributed_interregional_flow,0.0,,,,,10 kt/y,dynamic_v08_decomposed_service_attribution,regional_flow_map_with_od_inset
b,S5,mid,2060,,SW,CC,,,attributed_interregional_flow,0.0,,,,,10 kt/y,dynamic_v08_decomposed_service_attribution,regional_flow_map_with_od_inset
b,S5,mid,2060,,SW,SC,,,attributed_interregional_flow,0.0,,,,,10 kt/y,dynamic_v08_decomposed_service_attribution,regional_flow_map_with_od_inset
b,S5,mid,2060,,SW,EC,,,attributed_interregional_flow,0.0,,,,,10 kt/y,dynamic_v08_decomposed_service_attribution,regional_flow_map_with_od_inset
b,S5,mid,2060,,SW,NE,,,attributed_interregional_flow,0.0,,,,,10 kt/y,dynamic_v08_decomposed_service_attribution,regional_flow_map_with_od_inset
b,S5,mid,2060,,NC,NW,,,attributed_interregional_flow,0.0,,,,,10 kt/y,dynamic_v08_decomposed_service_attribution,regional_flow_map_with_od_inset
b,S5,mid,2060,,NC,SW,,,attributed_interregional_flow,0.0,,,,,10 kt/y,dynamic_v08_decomposed_service_attribution,regional_flow_map_with_od_inset
b,S5,mid,2060,,NC,NC,,,attributed_interregional_flow,512.4327935787355,,,,,10 kt/y,dynamic_v08_decomposed_service_attribution,regional_flow_map_with_od_inset
b,S5,mid,2060,,NC,CC,,,attributed_interregional_flow,0.0,,,,,10 kt/y,dynamic_v08_decomposed_service_attribution,regional_flow_map_with_od_inset
b,S5,mid,2060,,NC,SC,,,attributed_interregional_flow,0.0,,,,,10 kt/y,dynamic_v08_decomposed_service_attribution,regional_flow_map_with_od_inset
b,S5,mid,2060,,NC,EC,,,attributed_interregional_flow,217.9462,,,,,10 kt/y,dynamic_v08_decomposed_service_attribution,regional_flow_map_with_od_inset
b,S5,mid,2060,,NC,NE,,,attributed_interregional_flow,0.0,,,,,10 kt/y,dynamic_v08_decomposed_service_attribution,regional_flow_map_with_od_inset
b,S5,mid,2060,,CC,NW,,,attributed_interregional_flow,0.0,,,,,10 kt/y,dynamic_v08_decomposed_service_attribution,regional_flow_map_with_od_inset
b,S5,mid,2060,,CC,SW,,,attributed_interregional_flow,0.0,,,,,10 kt/y,dynamic_v08_decomposed_service_attribution,regional_flow_map_with_od_inset
b,S5,mid,2060,,CC,NC,,,attributed_interregional_flow,0.0,,,,,10 kt/y,dynamic_v08_decomposed_service_attribution,regional_flow_map_with_od_inset
b,S5,mid,2060,,CC,CC,,,attributed_interregional_flow,320.9580177633168,,,,,10 kt/y,dynamic_v08_decomposed_service_attribution,regional_flow_map_with_od_inset
b,S5,mid,2060,,CC,SC,,,attributed_interregional_flow,0.0,,,,,10 kt/y,dynamic_v08_decomposed_service_attribution,regional_flow_map_with_od_inset
b,S5,mid,2060,,CC,EC,,,attributed_interregional_flow,0.0,,,,,10 kt/y,dynamic_v08_decomposed_service_attribution,regional_flow_map_with_od_inset
b,S5,mid,2060,,CC,NE,,,attributed_interregional_flow,0.0,,,,,10 kt/y,dynamic_v08_decomposed_service_attribution,regional_flow_map_with_od_inset
b,S5,mid,2060,,SC,NW,,,attributed_interregional_flow,0.0,,,,,10 kt/y,dynamic_v08_decomposed_service_attribution,regional_flow_map_with_od_inset
b,S5,mid,2060,,SC,SW,,,attributed_interregional_flow,0.0,,,,,10 kt/y,dynamic_v08_decomposed_service_attribution,regional_flow_map_with_od_inset
b,S5,mid,2060,,SC,NC,,,attributed_interregional_flow,0.0,,,,,10 kt/y,dynamic_v08_decomposed_service_attribution,regional_flow_map_with_od_inset
b,S5,mid,2060,,SC,CC,,,attributed_interregional_flow,0.0,,,,,10 kt/y,dynamic_v08_decomposed_service_attribution,regional_flow_map_with_od_inset
b,S5,mid,2060,,SC,SC,,,attributed_interregional_flow,154.70985671441073,,,,,10 kt/y,dynamic_v08_decomposed_service_attribution,regional_flow_map_with_od_inset
b,S5,mid,2060,,SC,EC,,,attributed_interregional_flow,0.0,,,,,10 kt/y,dynamic_v08_decomposed_service_attribution,regional_flow_map_with_od_inset
b,S5,mid,2060,,SC,NE,,,attributed_interregional_flow,0.0,,,,,10 kt/y,dynamic_v08_decomposed_service_attribution,regional_flow_map_with_od_inset
b,S5,mid,2060,,EC,NW,,,attributed_interregional_flow,0.0,,,,,10 kt/y,dynamic_v08_decomposed_service_attribution,regional_flow_map_with_od_inset
b,S5,mid,2060,,EC,SW,,,attributed_interregional_flow,0.0,,,,,10 kt/y,dynamic_v08_decomposed_service_attribution,regional_flow_map_with_od_inset
b,S5,mid,2060,,EC,NC,,,attributed_interregional_flow,0.0,,,,,10 kt/y,dynamic_v08_decomposed_service_attribution,regional_flow_map_with_od_inset
b,S5,mid,2060,,EC,CC,,,attributed_interregional_flow,0.0,,,,,10 kt/y,dynamic_v08_decomposed_service_attribution,regional_flow_map_with_od_inset
b,S5,mid,2060,,EC,SC,,,attributed_interregional_flow,0.0,,,,,10 kt/y,dynamic_v08_decomposed_service_attribution,regional_flow_map_with_od_inset
b,S5,mid,2060,,EC,EC,,,attributed_interregional_flow,364.23600370767,,,,,10 kt/y,dynamic_v08_decomposed_service_attribution,regional_flow_map_with_od_inset
b,S5,mid,2060,,EC,NE,,,attributed_interregional_flow,0.0,,,,,10 kt/y,dynamic_v08_decomposed_service_attribution,regional_flow_map_with_od_inset
b,S5,mid,2060,,NE,NW,,,attributed_interregional_flow,0.0,,,,,10 kt/y,dynamic_v08_decomposed_service_attribution,regional_flow_map_with_od_inset
b,S5,mid,2060,,NE,SW,,,attributed_interregional_flow,0.0,,,,,10 kt/y,dynamic_v08_decomposed_service_attribution,regional_flow_map_with_od_inset
b,S5,mid,2060,,NE,NC,,,attributed_interregional_flow,0.0,,,,,10 kt/y,dynamic_v08_decomposed_service_attribution,regional_flow_map_with_od_inset
b,S5,mid,2060,,NE,CC,,,attributed_interregional_flow,0.0,,,,,10 kt/y,dynamic_v08_decomposed_service_attribution,regional_flow_map_with_od_inset
b,S5,mid,2060,,NE,SC,,,attributed_interregional_flow,0.0,,,,,10 kt/y,dynamic_v08_decomposed_service_attribution,regional_flow_map_with_od_inset
b,S5,mid,2060,,NE,EC,,,attributed_interregional_flow,0.0,,,,,10 kt/y,dynamic_v08_decomposed_service_attribution,regional_flow_map_with_od_inset
b,S5,mid,2060,,NE,NE,,,attributed_interregional_flow,205.83409915159265,,,,,10 kt/y,dynamic_v08_decomposed_service_attribution,regional_flow_map_with_od_inset
c,S1,low,2025,,,,NC,,regional_demand_met_pct,100.0,,,,,%,frozen_all_scenario_regional_account,scenario_tier_year_heatmap
c,S1,low,2025,,,,NE,,regional_demand_met_pct,100.0,,,,,%,frozen_all_scenario_regional_account,scenario_tier_year_heatmap
c,S1,low,2025,,,,EC,,regional_demand_met_pct,82.59368841145495,,,,,%,frozen_all_scenario_regional_account,scenario_tier_year_heatmap
c,S1,low,2025,,,,CC,,regional_demand_met_pct,nan,,,,,%,frozen_all_scenario_regional_account,scenario_tier_year_heatmap
c,S1,low,2025,,,,SC,,regional_demand_met_pct,100.0,,,,,%,frozen_all_scenario_regional_account,scenario_tier_year_heatmap
c,S1,low,2025,,,,SW,,regional_demand_met_pct,nan,,,,,%,frozen_all_scenario_regional_account,scenario_tier_year_heatmap
c,S1,low,2025,,,,NW,,regional_demand_met_pct,nan,,,,,%,frozen_all_scenario_regional_account,scenario_tier_year_heatmap
c,S1,low,2030,,,,NC,,regional_demand_met_pct,100.0,,,,,%,frozen_all_scenario_regional_account,scenario_tier_year_heatmap
c,S1,low,2030,,,,NE,,regional_demand_met_pct,100.0,,,,,%,frozen_all_scenario_regional_account,scenario_tier_year_heatmap
c,S1,low,2030,,,,EC,,regional_demand_met_pct,62.74561620507556,,,,,%,frozen_all_scenario_regional_account,scenario_tier_year_heatmap
c,S1,low,2030,,,,CC,,regional_demand_met_pct,nan,,,,,%,frozen_all_scenario_regional_account,scenario_tier_year_heatmap
c,S1,low,2030,,,,SC,,regional_demand_met_pct,100.0,,,,,%,frozen_all_scenario_regional_account,scenario_tier_year_heatmap
c,S1,low,2030,,,,SW,,regional_demand_met_pct,nan,,,,,%,frozen_all_scenario_regional_account,scenario_tier_year_heatmap
c,S1,low,2030,,,,NW,,regional_demand_met_pct,nan,,,,,%,frozen_all_scenario_regional_account,scenario_tier_year_heatmap
c,S1,low,2035,,,,NC,,regional_demand_met_pct,100.0,,,,,%,frozen_all_scenario_regional_account,scenario_tier_year_heatmap
c,S1,low,2035,,,,NE,,regional_demand_met_pct,100.0,,,,,%,frozen_all_scenario_regional_account,scenario_tier_year_heatmap
c,S1,low,2035,,,,EC,,regional_demand_met_pct,61.77103593941378,,,,,%,frozen_all_scenario_regional_account,scenario_tier_year_heatmap
c,S1,low,2035,,,,CC,,regional_demand_met_pct,nan,,,,,%,frozen_all_scenario_regional_account,scenario_tier_year_heatmap
c,S1,low,2035,,,,SC,,regional_demand_met_pct,83.77315915870402,,,,,%,frozen_all_scenario_regional_account,scenario_tier_year_heatmap
c,S1,low,2035,,,,SW,,regional_demand_met_pct,nan,,,,,%,frozen_all_scenario_regional_account,scenario_tier_year_heatmap
c,S1,low,2035,,,,NW,,regional_demand_met_pct,nan,,,,,%,frozen_all_scenario_regional_account,scenario_tier_year_heatmap
c,S1,low,2040,,,,NC,,regional_demand_met_pct,99.99999999999996,,,,,%,frozen_all_scenario_regional_account,scenario_tier_year_heatmap
c,S1,low,2040,,,,NE,,regional_demand_met_pct,100.0,,,,,%,frozen_all_scenario_regional_account,scenario_tier_year_heatmap
c,S1,low,2040,,,,EC,,regional_demand_met_pct,61.50908866595337,,,,,%,frozen_all_scenario_regional_account,scenario_tier_year_heatmap
c,S1,low,2040,,,,CC,,regional_demand_met_pct,nan,,,,,%,frozen_all_scenario_regional_account,scenario_tier_year_heatmap
c,S1,low,2040,,,,SC,,regional_demand_met_pct,77.35834133278573,,,,,%,frozen_all_scenario_regional_account,scenario_tier_year_heatmap
c,S1,low,2040,,,,SW,,regional_demand_met_pct,nan,,,,,%,frozen_all_scenario_regional_account,scenario_tier_year_heatmap
c,S1,low,2040,,,,NW,,regional_demand_met_pct,nan,,,,,%,frozen_all_scenario_regional_account,scenario_tier_year_heatmap
c,S1,low,2045,,,,NC,,regional_demand_met_pct,96.87441281751038,,,,,%,frozen_all_scenario_regional_account,scenario_tier_year_heatmap
c,S1,low,2045,,,,NE,,regional_demand_met_pct,100.0,,,,,%,frozen_all_scenario_regional_account,scenario_tier_year_heatmap
c,S1,low,2045,,,,EC,,regional_demand_met_pct,61.18114237984307,,,,,%,frozen_all_scenario_regional_account,scenario_tier_year_heatmap
c,S1,low,2045,,,,CC,,regional_demand_met_pct,nan,,,,,%,frozen_all_scenario_regional_account,scenario_tier_year_heatmap
c,S1,low,2045,,,,SC,,regional_demand_met_pct,70.54605953275745,,,,,%,frozen_all_scenario_regional_account,scenario_tier_year_heatmap
c,S1,low,2045,,,,SW,,regional_demand_met_pct,nan,,,,,%,frozen_all_scenario_regional_account,scenario_tier_year_heatmap
c,S1,low,2045,,,,NW,,regional_demand_met_pct,nan,,,,,%,frozen_all_scenario_regional_account,scenario_tier_year_heatmap
c,S1,low,2050,,,,NC,,regional_demand_met_pct,91.35422186608162,,,,,%,frozen_all_scenario_regional_account,scenario_tier_year_heatmap
c,S1,low,2050,,,,NE,,regional_demand_met_pct,100.0,,,,,%,frozen_all_scenario_regional_account,scenario_tier_year_heatmap
c,S1,low,2050,,,,EC,,regional_demand_met_pct,60.77129256210459,,,,,%,frozen_all_scenario_regional_account,scenario_tier_year_heatmap
c,S1,low,2050,,,,CC,,regional_demand_met_pct,nan,,,,,%,frozen_all_scenario_regional_account,scenario_tier_year_heatmap
c,S1,low,2050,,,,SC,,regional_demand_met_pct,62.68763864863725,,,,,%,frozen_all_scenario_regional_account,scenario_tier_year_heatmap
c,S1,low,2050,,,,SW,,regional_demand_met_pct,nan,,,,,%,frozen_all_scenario_regional_account,scenario_tier_year_heatmap
c,S1,low,2050,,,,NW,,regional_demand_met_pct,nan,,,,,%,frozen_all_scenario_regional_account,scenario_tier_year_heatmap
c,S1,low,2055,,,,NC,,regional_demand_met_pct,87.32426486148583,,,,,%,frozen_all_scenario_regional_account,scenario_tier_year_heatmap
c,S1,low,2055,,,,NE,,regional_demand_met_pct,100.0,,,,,%,frozen_all_scenario_regional_account,scenario_tier_year_heatmap
c,S1,low,2055,,,,EC,,regional_demand_met_pct,60.441357102123554,,,,,%,frozen_all_scenario_regional_account,scenario_tier_year_heatmap
c,S1,low,2055,,,,CC,,regional_demand_met_pct,nan,,,,,%,frozen_all_scenario_regional_account,scenario_tier_year_heatmap
c,S1,low,2055,,,,SC,,regional_demand_met_pct,56.516655129900776,,,,,%,frozen_all_scenario_regional_account,scenario_tier_year_heatmap
c,S1,low,2055,,,,SW,,regional_demand_met_pct,nan,,,,,%,frozen_all_scenario_regional_account,scenario_tier_year_heatmap
c,S1,low,2055,,,,NW,,regional_demand_met_pct,nan,,,,,%,frozen_all_scenario_regional_account,scenario_tier_year_heatmap
c,S1,low,2060,,,,NC,,regional_demand_met_pct,84.21863949285616,,,,,%,frozen_all_scenario_regional_account,scenario_tier_year_heatmap
c,S1,low,2060,,,,NE,,regional_demand_met_pct,100.0,,,,,%,frozen_all_scenario_regional_account,scenario_tier_year_heatmap
c,S1,low,2060,,,,EC,,regional_demand_met_pct,56.27010562370949,,,,,%,frozen_all_scenario_regional_account,scenario_tier_year_heatmap
c,S1,low,2060,,,,CC,,regional_demand_met_pct,nan,,,,,%,frozen_all_scenario_regional_account,scenario_tier_year_heatmap
c,S1,low,2060,,,,SC,,regional_demand_met_pct,51.48171648900157,,,,,%,frozen_all_scenario_regional_account,scenario_tier_year_heatmap
c,S1,low,2060,,,,SW,,regional_demand_met_pct,nan,,,,,%,frozen_all_scenario_regional_account,scenario_tier_year_heatmap
c,S1,low,2060,,,,NW,,regional_demand_met_pct,nan,,,,,%,frozen_all_scenario_regional_account,scenario_tier_year_heatmap
c,S1,mid,2025,,,,NC,,regional_demand_met_pct,100.0,,,,,%,frozen_all_scenario_regional_account,scenario_tier_year_heatmap
c,S1,mid,2025,,,,NE,,regional_demand_met_pct,100.0,,,,,%,frozen_all_scenario_regional_account,scenario_tier_year_heatmap
c,S1,mid,2025,,,,EC,,regional_demand_met_pct,64.72745320828814,,,,,%,frozen_all_scenario_regional_account,scenario_tier_year_heatmap
c,S1,mid,2025,,,,CC,,regional_demand_met_pct,nan,,,,,%,frozen_all_scenario_regional_account,scenario_tier_year_heatmap
c,S1,mid,2025,,,,SC,,regional_demand_met_pct,100.0,,,,,%,frozen_all_scenario_regional_account,scenario_tier_year_heatmap
c,S1,mid,2025,,,,SW,,regional_demand_met_pct,nan,,,,,%,frozen_all_scenario_regional_account,scenario_tier_year_heatmap
c,S1,mid,2025,,,,NW,,regional_demand_met_pct,nan,,,,,%,frozen_all_scenario_regional_account,scenario_tier_year_heatmap
c,S1,mid,2030,,,,NC,,regional_demand_met_pct,88.0168235075831,,,,,%,frozen_all_scenario_regional_account,scenario_tier_year_heatmap
c,S1,mid,2030,,,,NE,,regional_demand_met_pct,100.0,,,,,%,frozen_all_scenario_regional_account,scenario_tier_year_heatmap
c,S1,mid,2030,,,,EC,,regional_demand_met_pct,56.60861612960133,,,,,%,frozen_all_scenario_regional_account,scenario_tier_year_heatmap
c,S1,mid,2030,,,,CC,,regional_demand_met_pct,nan,,,,,%,frozen_all_scenario_regional_account,scenario_tier_year_heatmap
c,S1,mid,2030,,,,SC,,regional_demand_met_pct,51.90528758799589,,,,,%,frozen_all_scenario_regional_account,scenario_tier_year_heatmap
c,S1,mid,2030,,,,SW,,regional_demand_met_pct,nan,,,,,%,frozen_all_scenario_regional_account,scenario_tier_year_heatmap
c,S1,mid,2030,,,,NW,,regional_demand_met_pct,nan,,,,,%,frozen_all_scenario_regional_account,scenario_tier_year_heatmap
c,S1,mid,2035,,,,NC,,regional_demand_met_pct,84.23511741006132,,,,,%,frozen_all_scenario_regional_account,scenario_tier_year_heatmap
c,S1,mid,2035,,,,NE,,regional_demand_met_pct,100.0,,,,,%,frozen_all_scenario_regional_account,scenario_tier_year_heatmap
c,S1,mid,2035,,,,EC,,regional_demand_met_pct,51.9054478985588,,,,,%,frozen_all_scenario_regional_account,scenario_tier_year_heatmap
c,S1,mid,2035,,,,CC,,regional_demand_met_pct,nan,,,,,%,frozen_all_scenario_regional_account,scenario_tier_year_heatmap
c,S1,mid,2035,,,,SC,,regional_demand_met_pct,46.26020054727757,,,,,%,frozen_all_scenario_regional_account,scenario_tier_year_heatmap
c,S1,mid,2035,,,,SW,,regional_demand_met_pct,nan,,,,,%,frozen_all_scenario_regional_account,scenario_tier_year_heatmap
c,S1,mid,2035,,,,NW,,regional_demand_met_pct,nan,,,,,%,frozen_all_scenario_regional_account,scenario_tier_year_heatmap
c,S1,mid,2040,,,,NC,,regional_demand_met_pct,81.75776553103451,,,,,%,frozen_all_scenario_regional_account,scenario_tier_year_heatmap
c,S1,mid,2040,,,,NE,,regional_demand_met_pct,100.0,,,,,%,frozen_all_scenario_regional_account,scenario_tier_year_heatmap
c,S1,mid,2040,,,,EC,,regional_demand_met_pct,50.07909554663965,,,,,%,frozen_all_scenario_regional_account,scenario_tier_year_heatmap
c,S1,mid,2040,,,,CC,,regional_demand_met_pct,nan,,,,,%,frozen_all_scenario_regional_account,scenario_tier_year_heatmap
c,S1,mid,2040,,,,SC,,regional_demand_met_pct,42.62242412980704,,,,,%,frozen_all_scenario_regional_account,scenario_tier_year_heatmap
c,S1,mid,2040,,,,SW,,regional_demand_met_pct,nan,,,,,%,frozen_all_scenario_regional_account,scenario_tier_year_heatmap
c,S1,mid,2040,,,,NW,,regional_demand_met_pct,nan,,,,,%,frozen_all_scenario_regional_account,scenario_tier_year_heatmap
c,S1,mid,2045,,,,NC,,regional_demand_met_pct,79.72161065420504,,,,,%,frozen_all_scenario_regional_account,scenario_tier_year_heatmap
c,S1,mid,2045,,,,NE,,regional_demand_met_pct,100.0,,,,,%,frozen_all_scenario_regional_account,scenario_tier_year_heatmap
c,S1,mid,2045,,,,EC,,regional_demand_met_pct,48.07106324030841,,,,,%,frozen_all_scenario_regional_account,scenario_tier_year_heatmap
c,S1,mid,2045,,,,CC,,regional_demand_met_pct,nan,,,,,%,frozen_all_scenario_regional_account,scenario_tier_year_heatmap
c,S1,mid,2045,,,,SC,,regional_demand_met_pct,38.89499779320309,,,,,%,frozen_all_scenario_regional_account,scenario_tier_year_heatmap
c,S1,mid,2045,,,,SW,,regional_demand_met_pct,nan,,,,,%,frozen_all_scenario_regional_account,scenario_tier_year_heatmap
c,S1,mid,2045,,,,NW,,regional_demand_met_pct,nan,,,,,%,frozen_all_scenario_regional_account,scenario_tier_year_heatmap
c,S1,mid,2050,,,,NC,,regional_demand_met_pct,77.79855001255771,,,,,%,frozen_all_scenario_regional_account,scenario_tier_year_heatmap
c,S1,mid,2050,,,,NE,,regional_demand_met_pct,100.0,,,,,%,frozen_all_scenario_regional_account,scenario_tier_year_heatmap
c,S1,mid,2050,,,,EC,,regional_demand_met_pct,46.23598933942325,,,,,%,frozen_all_scenario_regional_account,scenario_tier_year_heatmap
c,S1,mid,2050,,,,CC,,regional_demand_met_pct,nan,,,,,%,frozen_all_scenario_regional_account,scenario_tier_year_heatmap
c,S1,mid,2050,,,,SC,,regional_demand_met_pct,34.85399624602812,,,,,%,frozen_all_scenario_regional_account,scenario_tier_year_heatmap
c,S1,mid,2050,,,,SW,,regional_demand_met_pct,nan,,,,,%,frozen_all_scenario_regional_account,scenario_tier_year_heatmap
c,S1,mid,2050,,,,NW,,regional_demand_met_pct,nan,,,,,%,frozen_all_scenario_regional_account,scenario_tier_year_heatmap
c,S1,mid,2055,,,,NC,,regional_demand_met_pct,76.4014819343034,,,,,%,frozen_all_scenario_regional_account,scenario_tier_year_heatmap
c,S1,mid,2055,,,,NE,,regional_demand_met_pct,100.0,,,,,%,frozen_all_scenario_regional_account,scenario_tier_year_heatmap
c,S1,mid,2055,,,,EC,,regional_demand_met_pct,46.12089616299665,,,,,%,frozen_all_scenario_regional_account,scenario_tier_year_heatmap
c,S1,mid,2055,,,,CC,,regional_demand_met_pct,nan,,,,,%,frozen_all_scenario_regional_account,scenario_tier_year_heatmap
c,S1,mid,2055,,,,SC,,regional_demand_met_pct,31.75452439260595,,,,,%,frozen_all_scenario_regional_account,scenario_tier_year_heatmap
c,S1,mid,2055,,,,SW,,regional_demand_met_pct,nan,,,,,%,frozen_all_scenario_regional_account,scenario_tier_year_heatmap
c,S1,mid,2055,,,,NW,,regional_demand_met_pct,nan,,,,,%,frozen_all_scenario_regional_account,scenario_tier_year_heatmap
c,S1,mid,2060,,,,NC,,regional_demand_met_pct,75.33301414497022,,,,,%,frozen_all_scenario_regional_account,scenario_tier_year_heatmap
c,S1,mid,2060,,,,NE,,regional_demand_met_pct,100.0,,,,,%,frozen_all_scenario_regional_account,scenario_tier_year_heatmap
c,S1,mid,2060,,,,EC,,regional_demand_met_pct,46.02616696016457,,,,,%,frozen_all_scenario_regional_account,scenario_tier_year_heatmap
c,S1,mid,2060,,,,CC,,regional_demand_met_pct,nan,,,,,%,frozen_all_scenario_regional_account,scenario_tier_year_heatmap
c,S1,mid,2060,,,,SC,,regional_demand_met_pct,29.2803780287974,,,,,%,frozen_all_scenario_regional_account,scenario_tier_year_heatmap
c,S1,mid,2060,,,,SW,,regional_demand_met_pct,nan,,,,,%,frozen_all_scenario_regional_account,scenario_tier_year_heatmap
c,S1,mid,2060,,,,NW,,regional_demand_met_pct,nan,,,,,%,frozen_all_scenario_regional_account,scenario_tier_year_heatmap
c,S1,high,2025,,,,NC,,regional_demand_met_pct,100.0,,,,,%,frozen_all_scenario_regional_account,scenario_tier_year_heatmap
c,S1,high,2025,,,,NE,,regional_demand_met_pct,100.0,,,,,%,frozen_all_scenario_regional_account,scenario_tier_year_heatmap
c,S1,high,2025,,,,EC,,regional_demand_met_pct,61.41857230236428,,,,,%,frozen_all_scenario_regional_account,scenario_tier_year_heatmap
c,S1,high,2025,,,,CC,,regional_demand_met_pct,nan,,,,,%,frozen_all_scenario_regional_account,scenario_tier_year_heatmap
c,S1,high,2025,,,,SC,,regional_demand_met_pct,76.03482334718555,,,,,%,frozen_all_scenario_regional_account,scenario_tier_year_heatmap
c,S1,high,2025,,,,SW,,regional_demand_met_pct,nan,,,,,%,frozen_all_scenario_regional_account,scenario_tier_year_heatmap
c,S1,high,2025,,,,NW,,regional_demand_met_pct,nan,,,,,%,frozen_all_scenario_regional_account,scenario_tier_year_heatmap
c,S1,high,2030,,,,NC,,regional_demand_met_pct,79.45351248930515,,,,,%,frozen_all_scenario_regional_account,scenario_tier_year_heatmap
c,S1,high,2030,,,,NE,,regional_demand_met_pct,100.0,,,,,%,frozen_all_scenario_regional_account,scenario_tier_year_heatmap
c,S1,high,2030,,,,EC,,regional_demand_met_pct,46.22328709497455,,,,,%,frozen_all_scenario_regional_account,scenario_tier_year_heatmap
c,S1,high,2030,,,,CC,,regional_demand_met_pct,nan,,,,,%,frozen_all_scenario_regional_account,scenario_tier_year_heatmap
c,S1,high,2030,,,,SC,,regional_demand_met_pct,36.21850448619331,,,,,%,frozen_all_scenario_regional_account,scenario_tier_year_heatmap
c,S1,high,2030,,,,SW,,regional_demand_met_pct,nan,,,,,%,frozen_all_scenario_regional_account,scenario_tier_year_heatmap
c,S1,high,2030,,,,NW,,regional_demand_met_pct,nan,,,,,%,frozen_all_scenario_regional_account,scenario_tier_year_heatmap
c,S1,high,2035,,,,NC,,regional_demand_met_pct,77.65681744910714,,,,,%,frozen_all_scenario_regional_account,scenario_tier_year_heatmap
c,S1,high,2035,,,,NE,,regional_demand_met_pct,100.0,,,,,%,frozen_all_scenario_regional_account,scenario_tier_year_heatmap
c,S1,high,2035,,,,EC,,regional_demand_met_pct,46.08085339124633,,,,,%,frozen_all_scenario_regional_account,scenario_tier_year_heatmap
c,S1,high,2035,,,,CC,,regional_demand_met_pct,nan,,,,,%,frozen_all_scenario_regional_account,scenario_tier_year_heatmap
c,S1,high,2035,,,,SC,,regional_demand_met_pct,32.31937815296765,,,,,%,frozen_all_scenario_regional_account,scenario_tier_year_heatmap
c,S1,high,2035,,,,SW,,regional_demand_met_pct,nan,,,,,%,frozen_all_scenario_regional_account,scenario_tier_year_heatmap
c,S1,high,2035,,,,NW,,regional_demand_met_pct,nan,,,,,%,frozen_all_scenario_regional_account,scenario_tier_year_heatmap
c,S1,high,2040,,,,NC,,regional_demand_met_pct,76.42955447146127,,,,,%,frozen_all_scenario_regional_account,scenario_tier_year_heatmap
c,S1,high,2040,,,,NE,,regional_demand_met_pct,100.0,,,,,%,frozen_all_scenario_regional_account,scenario_tier_year_heatmap
c,S1,high,2040,,,,EC,,regional_demand_met_pct,46.03786458205503,,,,,%,frozen_all_scenario_regional_account,scenario_tier_year_heatmap
c,S1,high,2040,,,,CC,,regional_demand_met_pct,nan,,,,,%,frozen_all_scenario_regional_account,scenario_tier_year_heatmap
c,S1,high,2040,,,,SC,,regional_demand_met_pct,30.495741278287337,,,,,%,frozen_all_scenario_regional_account,scenario_tier_year_heatmap
c,S1,high,2040,,,,SW,,regional_demand_met_pct,nan,,,,,%,frozen_all_scenario_regional_account,scenario_tier_year_heatmap
c,S1,high,2040,,,,NW,,regional_demand_met_pct,nan,,,,,%,frozen_all_scenario_regional_account,scenario_tier_year_heatmap
c,S1,high,2045,,,,NC,,regional_demand_met_pct,75.44530416921012,,,,,%,frozen_all_scenario_regional_account,scenario_tier_year_heatmap
c,S1,high,2045,,,,NE,,regional_demand_met_pct,100.0,,,,,%,frozen_all_scenario_regional_account,scenario_tier_year_heatmap
c,S1,high,2045,,,,EC,,regional_demand_met_pct,45.98332482697047,,,,,%,frozen_all_scenario_regional_account,scenario_tier_year_heatmap
c,S1,high,2045,,,,CC,,regional_demand_met_pct,nan,,,,,%,frozen_all_scenario_regional_account,scenario_tier_year_heatmap
c,S1,high,2045,,,,SC,,regional_demand_met_pct,28.72332887698641,,,,,%,frozen_all_scenario_regional_account,scenario_tier_year_heatmap
c,S1,high,2045,,,,SW,,regional_demand_met_pct,nan,,,,,%,frozen_all_scenario_regional_account,scenario_tier_year_heatmap
c,S1,high,2045,,,,NW,,regional_demand_met_pct,nan,,,,,%,frozen_all_scenario_regional_account,scenario_tier_year_heatmap
c,S1,high,2050,,,,NC,,regional_demand_met_pct,74.54740010006668,,,,,%,frozen_all_scenario_regional_account,scenario_tier_year_heatmap
c,S1,high,2050,,,,NE,,regional_demand_met_pct,100.0,,,,,%,frozen_all_scenario_regional_account,scenario_tier_year_heatmap
c,S1,high,2050,,,,EC,,regional_demand_met_pct,39.80046237061995,,,,,%,frozen_all_scenario_regional_account,scenario_tier_year_heatmap
c,S1,high,2050,,,,CC,,regional_demand_met_pct,nan,,,,,%,frozen_all_scenario_regional_account,scenario_tier_year_heatmap
c,S1,high,2050,,,,SC,,regional_demand_met_pct,26.409590217907656,,,,,%,frozen_all_scenario_regional_account,scenario_tier_year_heatmap
c,S1,high,2050,,,,SW,,regional_demand_met_pct,nan,,,,,%,frozen_all_scenario_regional_account,scenario_tier_year_heatmap
c,S1,high,2050,,,,NW,,regional_demand_met_pct,nan,,,,,%,frozen_all_scenario_regional_account,scenario_tier_year_heatmap
c,S1,high,2055,,,,NC,,regional_demand_met_pct,73.94933593861428,,,,,%,frozen_all_scenario_regional_account,scenario_tier_year_heatmap
c,S1,high,2055,,,,NE,,regional_demand_met_pct,100.0,,,,,%,frozen_all_scenario_regional_account,scenario_tier_year_heatmap
c,S1,high,2055,,,,EC,,regional_demand_met_pct,33.41663028321876,,,,,%,frozen_all_scenario_regional_account,scenario_tier_year_heatmap
c,S1,high,2055,,,,CC,,regional_demand_met_pct,nan,,,,,%,frozen_all_scenario_regional_account,scenario_tier_year_heatmap
c,S1,high,2055,,,,SC,,regional_demand_met_pct,22.629464534785924,,,,,%,frozen_all_scenario_regional_account,scenario_tier_year_heatmap
c,S1,high,2055,,,,SW,,regional_demand_met_pct,nan,,,,,%,frozen_all_scenario_regional_account,scenario_tier_year_heatmap
c,S1,high,2055,,,,NW,,regional_demand_met_pct,nan,,,,,%,frozen_all_scenario_regional_account,scenario_tier_year_heatmap
c,S1,high,2060,,,,NC,,regional_demand_met_pct,73.55588907539303,,,,,%,frozen_all_scenario_regional_account,scenario_tier_year_heatmap
c,S1,high,2060,,,,NE,,regional_demand_met_pct,90.66251983998556,,,,,%,frozen_all_scenario_regional_account,scenario_tier_year_heatmap
c,S1,high,2060,,,,EC,,regional_demand_met_pct,26.910020100684743,,,,,%,frozen_all_scenario_regional_account,scenario_tier_year_heatmap
c,S1,high,2060,,,,CC,,regional_demand_met_pct,nan,,,,,%,frozen_all_scenario_regional_account,scenario_tier_year_heatmap
c,S1,high,2060,,,,SC,,regional_demand_met_pct,20.09502932194413,,,,,%,frozen_all_scenario_regional_account,scenario_tier_year_heatmap
c,S1,high,2060,,,,SW,,regional_demand_met_pct,nan,,,,,%,frozen_all_scenario_regional_account,scenario_tier_year_heatmap
c,S1,high,2060,,,,NW,,regional_demand_met_pct,nan,,,,,%,frozen_all_scenario_regional_account,scenario_tier_year_heatmap
c,S2,low,2025,,,,NC,,regional_demand_met_pct,99.99076750147036,,,,,%,frozen_all_scenario_regional_account,scenario_tier_year_heatmap
c,S2,low,2025,,,,NE,,regional_demand_met_pct,100.0,,,,,%,frozen_all_scenario_regional_account,scenario_tier_year_heatmap
c,S2,low,2025,,,,EC,,regional_demand_met_pct,94.16548907710592,,,,,%,frozen_all_scenario_regional_account,scenario_tier_year_heatmap
c,S2,low,2025,,,,CC,,regional_demand_met_pct,100.0,,,,,%,frozen_all_scenario_regional_account,scenario_tier_year_heatmap
c,S2,low,2025,,,,SC,,regional_demand_met_pct,100.0,,,,,%,frozen_all_scenario_regional_account,scenario_tier_year_heatmap
c,S2,low,2025,,,,SW,,regional_demand_met_pct,100.0,,,,,%,frozen_all_scenario_regional_account,scenario_tier_year_heatmap
c,S2,low,2025,,,,NW,,regional_demand_met_pct,100.0,,,,,%,frozen_all_scenario_regional_account,scenario_tier_year_heatmap
c,S2,low,2030,,,,NC,,regional_demand_met_pct,99.99928292288328,,,,,%,frozen_all_scenario_regional_account,scenario_tier_year_heatmap
c,S2,low,2030,,,,NE,,regional_demand_met_pct,100.0,,,,,%,frozen_all_scenario_regional_account,scenario_tier_year_heatmap
c,S2,low,2030,,,,EC,,regional_demand_met_pct,78.11491233989844,,,,,%,frozen_all_scenario_regional_account,scenario_tier_year_heatmap
c,S2,low,2030,,,,CC,,regional_demand_met_pct,100.0,,,,,%,frozen_all_scenario_regional_account,scenario_tier_year_heatmap
c,S2,low,2030,,,,SC,,regional_demand_met_pct,100.0,,,,,%,frozen_all_scenario_regional_account,scenario_tier_year_heatmap
c,S2,low,2030,,,,SW,,regional_demand_met_pct,100.0,,,,,%,frozen_all_scenario_regional_account,scenario_tier_year_heatmap
c,S2,low,2030,,,,NW,,regional_demand_met_pct,100.0,,,,,%,frozen_all_scenario_regional_account,scenario_tier_year_heatmap
c,S2,low,2035,,,,NC,,regional_demand_met_pct,99.99992643984324,,,,,%,frozen_all_scenario_regional_account,scenario_tier_year_heatmap
c,S2,low,2035,,,,NE,,regional_demand_met_pct,100.0,,,,,%,frozen_all_scenario_regional_account,scenario_tier_year_heatmap
c,S2,low,2035,,,,EC,,regional_demand_met_pct,76.21592219825786,,,,,%,frozen_all_scenario_regional_account,scenario_tier_year_heatmap
c,S2,low,2035,,,,CC,,regional_demand_met_pct,100.0,,,,,%,frozen_all_scenario_regional_account,scenario_tier_year_heatmap
c,S2,low,2035,,,,SC,,regional_demand_met_pct,84.45606311606818,,,,,%,frozen_all_scenario_regional_account,scenario_tier_year_heatmap
c,S2,low,2035,,,,SW,,regional_demand_met_pct,100.0,,,,,%,frozen_all_scenario_regional_account,scenario_tier_year_heatmap
c,S2,low,2035,,,,NW,,regional_demand_met_pct,100.0,,,,,%,frozen_all_scenario_regional_account,scenario_tier_year_heatmap
c,S2,low,2040,,,,NC,,regional_demand_met_pct,99.9999125811559,,,,,%,frozen_all_scenario_regional_account,scenario_tier_year_heatmap
c,S2,low,2040,,,,NE,,regional_demand_met_pct,100.0,,,,,%,frozen_all_scenario_regional_account,scenario_tier_year_heatmap
c,S2,low,2040,,,,EC,,regional_demand_met_pct,75.57938020261004,,,,,%,frozen_all_scenario_regional_account,scenario_tier_year_heatmap
c,S2,low,2040,,,,CC,,regional_demand_met_pct,100.0,,,,,%,frozen_all_scenario_regional_account,scenario_tier_year_heatmap
c,S2,low,2040,,,,SC,,regional_demand_met_pct,71.84671784772489,,,,,%,frozen_all_scenario_regional_account,scenario_tier_year_heatmap
c,S2,low,2040,,,,SW,,regional_demand_met_pct,100.0,,,,,%,frozen_all_scenario_regional_account,scenario_tier_year_heatmap
c,S2,low,2040,,,,NW,,regional_demand_met_pct,100.0,,,,,%,frozen_all_scenario_regional_account,scenario_tier_year_heatmap
c,S2,low,2045,,,,NC,,regional_demand_met_pct,99.99993520190338,,,,,%,frozen_all_scenario_regional_account,scenario_tier_year_heatmap
c,S2,low,2045,,,,NE,,regional_demand_met_pct,100.0,,,,,%,frozen_all_scenario_regional_account,scenario_tier_year_heatmap
c,S2,low,2045,,,,EC,,regional_demand_met_pct,67.75126476294008,,,,,%,frozen_all_scenario_regional_account,scenario_tier_year_heatmap
c,S2,low,2045,,,,CC,,regional_demand_met_pct,100.0,,,,,%,frozen_all_scenario_regional_account,scenario_tier_year_heatmap
c,S2,low,2045,,,,SC,,regional_demand_met_pct,62.76288400296974,,,,,%,frozen_all_scenario_regional_account,scenario_tier_year_heatmap
c,S2,low,2045,,,,SW,,regional_demand_met_pct,100.0,,,,,%,frozen_all_scenario_regional_account,scenario_tier_year_heatmap
c,S2,low,2045,,,,NW,,regional_demand_met_pct,100.0,,,,,%,frozen_all_scenario_regional_account,scenario_tier_year_heatmap
c,S2,low,2050,,,,NC,,regional_demand_met_pct,99.9999467695372,,,,,%,frozen_all_scenario_regional_account,scenario_tier_year_heatmap
c,S2,low,2050,,,,NE,,regional_demand_met_pct,100.0,,,,,%,frozen_all_scenario_regional_account,scenario_tier_year_heatmap
c,S2,low,2050,,,,EC,,regional_demand_met_pct,65.42522145673672,,,,,%,frozen_all_scenario_regional_account,scenario_tier_year_heatmap
c,S2,low,2050,,,,CC,,regional_demand_met_pct,100.0,,,,,%,frozen_all_scenario_regional_account,scenario_tier_year_heatmap
c,S2,low,2050,,,,SC,,regional_demand_met_pct,55.15269275124992,,,,,%,frozen_all_scenario_regional_account,scenario_tier_year_heatmap
c,S2,low,2050,,,,SW,,regional_demand_met_pct,100.0,,,,,%,frozen_all_scenario_regional_account,scenario_tier_year_heatmap
c,S2,low,2050,,,,NW,,regional_demand_met_pct,100.0,,,,,%,frozen_all_scenario_regional_account,scenario_tier_year_heatmap
c,S2,low,2055,,,,NC,,regional_demand_met_pct,98.94063166542752,,,,,%,frozen_all_scenario_regional_account,scenario_tier_year_heatmap
c,S2,low,2055,,,,NE,,regional_demand_met_pct,100.0,,,,,%,frozen_all_scenario_regional_account,scenario_tier_year_heatmap
c,S2,low,2055,,,,EC,,regional_demand_met_pct,62.12392230464592,,,,,%,frozen_all_scenario_regional_account,scenario_tier_year_heatmap
c,S2,low,2055,,,,CC,,regional_demand_met_pct,100.0,,,,,%,frozen_all_scenario_regional_account,scenario_tier_year_heatmap
c,S2,low,2055,,,,SC,,regional_demand_met_pct,49.93851243435893,,,,,%,frozen_all_scenario_regional_account,scenario_tier_year_heatmap
c,S2,low,2055,,,,SW,,regional_demand_met_pct,100.0,,,,,%,frozen_all_scenario_regional_account,scenario_tier_year_heatmap
c,S2,low,2055,,,,NW,,regional_demand_met_pct,100.0,,,,,%,frozen_all_scenario_regional_account,scenario_tier_year_heatmap
c,S2,low,2060,,,,NC,,regional_demand_met_pct,96.48924161257042,,,,,%,frozen_all_scenario_regional_account,scenario_tier_year_heatmap
c,S2,low,2060,,,,NE,,regional_demand_met_pct,100.0,,,,,%,frozen_all_scenario_regional_account,scenario_tier_year_heatmap
c,S2,low,2060,,,,EC,,regional_demand_met_pct,59.734254729891134,,,,,%,frozen_all_scenario_regional_account,scenario_tier_year_heatmap
c,S2,low,2060,,,,CC,,regional_demand_met_pct,99.9999607795993,,,,,%,frozen_all_scenario_regional_account,scenario_tier_year_heatmap
c,S2,low,2060,,,,SC,,regional_demand_met_pct,46.14456706695498,,,,,%,frozen_all_scenario_regional_account,scenario_tier_year_heatmap
c,S2,low,2060,,,,SW,,regional_demand_met_pct,99.99995569073508,,,,,%,frozen_all_scenario_regional_account,scenario_tier_year_heatmap
c,S2,low,2060,,,,NW,,regional_demand_met_pct,100.0,,,,,%,frozen_all_scenario_regional_account,scenario_tier_year_heatmap
c,S2,mid,2025,,,,NC,,regional_demand_met_pct,99.99968559008904,,,,,%,frozen_all_scenario_regional_account,scenario_tier_year_heatmap
c,S2,mid,2025,,,,NE,,regional_demand_met_pct,100.0,,,,,%,frozen_all_scenario_regional_account,scenario_tier_year_heatmap
c,S2,mid,2025,,,,EC,,regional_demand_met_pct,79.07180037105483,,,,,%,frozen_all_scenario_regional_account,scenario_tier_year_heatmap
c,S2,mid,2025,,,,CC,,regional_demand_met_pct,100.0,,,,,%,frozen_all_scenario_regional_account,scenario_tier_year_heatmap
c,S2,mid,2025,,,,SC,,regional_demand_met_pct,100.0,,,,,%,frozen_all_scenario_regional_account,scenario_tier_year_heatmap
c,S2,mid,2025,,,,SW,,regional_demand_met_pct,100.0,,,,,%,frozen_all_scenario_regional_account,scenario_tier_year_heatmap
c,S2,mid,2025,,,,NW,,regional_demand_met_pct,100.0,,,,,%,frozen_all_scenario_regional_account,scenario_tier_year_heatmap
c,S2,mid,2030,,,,NC,,regional_demand_met_pct,99.99997353849815,,,,,%,frozen_all_scenario_regional_account,scenario_tier_year_heatmap
c,S2,mid,2030,,,,NE,,regional_demand_met_pct,100.0,,,,,%,frozen_all_scenario_regional_account,scenario_tier_year_heatmap
c,S2,mid,2030,,,,EC,,regional_demand_met_pct,66.03343082669849,,,,,%,frozen_all_scenario_regional_account,scenario_tier_year_heatmap
c,S2,mid,2030,,,,CC,,regional_demand_met_pct,100.0,,,,,%,frozen_all_scenario_regional_account,scenario_tier_year_heatmap
c,S2,mid,2030,,,,SC,,regional_demand_met_pct,60.819842161704926,,,,,%,frozen_all_scenario_regional_account,scenario_tier_year_heatmap
c,S2,mid,2030,,,,SW,,regional_demand_met_pct,100.0,,,,,%,frozen_all_scenario_regional_account,scenario_tier_year_heatmap
c,S2,mid,2030,,,,NW,,regional_demand_met_pct,100.0,,,,,%,frozen_all_scenario_regional_account,scenario_tier_year_heatmap
c,S2,mid,2035,,,,NC,,regional_demand_met_pct,99.99994011700178,,,,,%,frozen_all_scenario_regional_account,scenario_tier_year_heatmap
c,S2,mid,2035,,,,NE,,regional_demand_met_pct,100.0,,,,,%,frozen_all_scenario_regional_account,scenario_tier_year_heatmap
c,S2,mid,2035,,,,EC,,regional_demand_met_pct,63.73199549418927,,,,,%,frozen_all_scenario_regional_account,scenario_tier_year_heatmap
c,S2,mid,2035,,,,CC,,regional_demand_met_pct,100.0,,,,,%,frozen_all_scenario_regional_account,scenario_tier_year_heatmap
c,S2,mid,2035,,,,SC,,regional_demand_met_pct,52.01577446263753,,,,,%,frozen_all_scenario_regional_account,scenario_tier_year_heatmap
c,S2,mid,2035,,,,SW,,regional_demand_met_pct,100.0,,,,,%,frozen_all_scenario_regional_account,scenario_tier_year_heatmap
c,S2,mid,2035,,,,NW,,regional_demand_met_pct,100.0,,,,,%,frozen_all_scenario_regional_account,scenario_tier_year_heatmap
c,S2,mid,2040,,,,NC,,regional_demand_met_pct,99.57301105199431,,,,,%,frozen_all_scenario_regional_account,scenario_tier_year_heatmap
c,S2,mid,2040,,,,NE,,regional_demand_met_pct,100.0,,,,,%,frozen_all_scenario_regional_account,scenario_tier_year_heatmap
c,S2,mid,2040,,,,EC,,regional_demand_met_pct,61.50051021133497,,,,,%,frozen_all_scenario_regional_account,scenario_tier_year_heatmap
c,S2,mid,2040,,,,CC,,regional_demand_met_pct,100.0,,,,,%,frozen_all_scenario_regional_account,scenario_tier_year_heatmap
c,S2,mid,2040,,,,SC,,regional_demand_met_pct,48.70007561670487,,,,,%,frozen_all_scenario_regional_account,scenario_tier_year_heatmap
c,S2,mid,2040,,,,SW,,regional_demand_met_pct,100.0,,,,,%,frozen_all_scenario_regional_account,scenario_tier_year_heatmap
c,S2,mid,2040,,,,NW,,regional_demand_met_pct,100.0,,,,,%,frozen_all_scenario_regional_account,scenario_tier_year_heatmap
c,S2,mid,2045,,,,NC,,regional_demand_met_pct,97.07504646727251,,,,,%,frozen_all_scenario_regional_account,scenario_tier_year_heatmap
c,S2,mid,2045,,,,NE,,regional_demand_met_pct,100.0,,,,,%,frozen_all_scenario_regional_account,scenario_tier_year_heatmap
c,S2,mid,2045,,,,EC,,regional_demand_met_pct,59.587803767835645,,,,,%,frozen_all_scenario_regional_account,scenario_tier_year_heatmap
c,S2,mid,2045,,,,CC,,regional_demand_met_pct,99.99996770648106,,,,,%,frozen_all_scenario_regional_account,scenario_tier_year_heatmap
c,S2,mid,2045,,,,SC,,regional_demand_met_pct,45.76814716007113,,,,,%,frozen_all_scenario_regional_account,scenario_tier_year_heatmap
c,S2,mid,2045,,,,SW,,regional_demand_met_pct,100.0,,,,,%,frozen_all_scenario_regional_account,scenario_tier_year_heatmap
c,S2,mid,2045,,,,NW,,regional_demand_met_pct,100.0,,,,,%,frozen_all_scenario_regional_account,scenario_tier_year_heatmap
c,S2,mid,2050,,,,NC,,regional_demand_met_pct,94.94371159953836,,,,,%,frozen_all_scenario_regional_account,scenario_tier_year_heatmap
c,S2,mid,2050,,,,NE,,regional_demand_met_pct,100.0,,,,,%,frozen_all_scenario_regional_account,scenario_tier_year_heatmap
c,S2,mid,2050,,,,EC,,regional_demand_met_pct,57.73023801231462,,,,,%,frozen_all_scenario_regional_account,scenario_tier_year_heatmap
c,S2,mid,2050,,,,CC,,regional_demand_met_pct,99.9999606781115,,,,,%,frozen_all_scenario_regional_account,scenario_tier_year_heatmap
c,S2,mid,2050,,,,SC,,regional_demand_met_pct,42.86315856032353,,,,,%,frozen_all_scenario_regional_account,scenario_tier_year_heatmap
c,S2,mid,2050,,,,SW,,regional_demand_met_pct,94.10461130680284,,,,,%,frozen_all_scenario_regional_account,scenario_tier_year_heatmap
c,S2,mid,2050,,,,NW,,regional_demand_met_pct,100.0,,,,,%,frozen_all_scenario_regional_account,scenario_tier_year_heatmap
c,S2,mid,2055,,,,NC,,regional_demand_met_pct,93.46570668429244,,,,,%,frozen_all_scenario_regional_account,scenario_tier_year_heatmap
c,S2,mid,2055,,,,NE,,regional_demand_met_pct,100.0,,,,,%,frozen_all_scenario_regional_account,scenario_tier_year_heatmap
c,S2,mid,2055,,,,EC,,regional_demand_met_pct,56.36668187228722,,,,,%,frozen_all_scenario_regional_account,scenario_tier_year_heatmap
c,S2,mid,2055,,,,CC,,regional_demand_met_pct,99.99997358732844,,,,,%,frozen_all_scenario_regional_account,scenario_tier_year_heatmap
c,S2,mid,2055,,,,SC,,regional_demand_met_pct,35.796540507233274,,,,,%,frozen_all_scenario_regional_account,scenario_tier_year_heatmap
c,S2,mid,2055,,,,SW,,regional_demand_met_pct,84.99521354586945,,,,,%,frozen_all_scenario_regional_account,scenario_tier_year_heatmap
c,S2,mid,2055,,,,NW,,regional_demand_met_pct,100.0,,,,,%,frozen_all_scenario_regional_account,scenario_tier_year_heatmap
c,S2,mid,2060,,,,NC,,regional_demand_met_pct,92.37853201396248,,,,,%,frozen_all_scenario_regional_account,scenario_tier_year_heatmap
c,S2,mid,2060,,,,NE,,regional_demand_met_pct,100.0,,,,,%,frozen_all_scenario_regional_account,scenario_tier_year_heatmap
c,S2,mid,2060,,,,EC,,regional_demand_met_pct,55.08178598850462,,,,,%,frozen_all_scenario_regional_account,scenario_tier_year_heatmap
c,S2,mid,2060,,,,CC,,regional_demand_met_pct,99.99996875558298,,,,,%,frozen_all_scenario_regional_account,scenario_tier_year_heatmap
c,S2,mid,2060,,,,SC,,regional_demand_met_pct,28.84929325553201,,,,,%,frozen_all_scenario_regional_account,scenario_tier_year_heatmap
c,S2,mid,2060,,,,SW,,regional_demand_met_pct,80.63078286785782,,,,,%,frozen_all_scenario_regional_account,scenario_tier_year_heatmap
c,S2,mid,2060,,,,NW,,regional_demand_met_pct,100.0,,,,,%,frozen_all_scenario_regional_account,scenario_tier_year_heatmap
c,S2,high,2025,,,,NC,,regional_demand_met_pct,99.9997361738743,,,,,%,frozen_all_scenario_regional_account,scenario_tier_year_heatmap
c,S2,high,2025,,,,NE,,regional_demand_met_pct,100.0,,,,,%,frozen_all_scenario_regional_account,scenario_tier_year_heatmap
c,S2,high,2025,,,,EC,,regional_demand_met_pct,76.1881090322966,,,,,%,frozen_all_scenario_regional_account,scenario_tier_year_heatmap
c,S2,high,2025,,,,CC,,regional_demand_met_pct,100.0,,,,,%,frozen_all_scenario_regional_account,scenario_tier_year_heatmap
c,S2,high,2025,,,,SC,,regional_demand_met_pct,82.87524884011567,,,,,%,frozen_all_scenario_regional_account,scenario_tier_year_heatmap
c,S2,high,2025,,,,SW,,regional_demand_met_pct,100.0,,,,,%,frozen_all_scenario_regional_account,scenario_tier_year_heatmap
c,S2,high,2025,,,,NW,,regional_demand_met_pct,100.0,,,,,%,frozen_all_scenario_regional_account,scenario_tier_year_heatmap
c,S2,high,2030,,,,NC,,regional_demand_met_pct,99.9998988261627,,,,,%,frozen_all_scenario_regional_account,scenario_tier_year_heatmap
c,S2,high,2030,,,,NE,,regional_demand_met_pct,100.0,,,,,%,frozen_all_scenario_regional_account,scenario_tier_year_heatmap
c,S2,high,2030,,,,EC,,regional_demand_met_pct,61.97149232680216,,,,,%,frozen_all_scenario_regional_account,scenario_tier_year_heatmap
c,S2,high,2030,,,,CC,,regional_demand_met_pct,100.0,,,,,%,frozen_all_scenario_regional_account,scenario_tier_year_heatmap
c,S2,high,2030,,,,SC,,regional_demand_met_pct,49.274213139869616,,,,,%,frozen_all_scenario_regional_account,scenario_tier_year_heatmap
c,S2,high,2030,,,,SW,,regional_demand_met_pct,100.0,,,,,%,frozen_all_scenario_regional_account,scenario_tier_year_heatmap
c,S2,high,2030,,,,NW,,regional_demand_met_pct,100.0,,,,,%,frozen_all_scenario_regional_account,scenario_tier_year_heatmap
c,S2,high,2035,,,,NC,,regional_demand_met_pct,97.47706807201442,,,,,%,frozen_all_scenario_regional_account,scenario_tier_year_heatmap
c,S2,high,2035,,,,NE,,regional_demand_met_pct,100.0,,,,,%,frozen_all_scenario_regional_account,scenario_tier_year_heatmap
c,S2,high,2035,,,,EC,,regional_demand_met_pct,58.90867345221853,,,,,%,frozen_all_scenario_regional_account,scenario_tier_year_heatmap
c,S2,high,2035,,,,CC,,regional_demand_met_pct,99.99998272798604,,,,,%,frozen_all_scenario_regional_account,scenario_tier_year_heatmap
c,S2,high,2035,,,,SC,,regional_demand_met_pct,44.47513826119541,,,,,%,frozen_all_scenario_regional_account,scenario_tier_year_heatmap
c,S2,high,2035,,,,SW,,regional_demand_met_pct,100.0,,,,,%,frozen_all_scenario_regional_account,scenario_tier_year_heatmap
c,S2,high,2035,,,,NW,,regional_demand_met_pct,100.0,,,,,%,frozen_all_scenario_regional_account,scenario_tier_year_heatmap
c,S2,high,2040,,,,NC,,regional_demand_met_pct,95.4849888464882,,,,,%,frozen_all_scenario_regional_account,scenario_tier_year_heatmap
c,S2,high,2040,,,,NE,,regional_demand_met_pct,100.0,,,,,%,frozen_all_scenario_regional_account,scenario_tier_year_heatmap
c,S2,high,2040,,,,EC,,regional_demand_met_pct,57.66750046366984,,,,,%,frozen_all_scenario_regional_account,scenario_tier_year_heatmap
c,S2,high,2040,,,,CC,,regional_demand_met_pct,99.99994173716384,,,,,%,frozen_all_scenario_regional_account,scenario_tier_year_heatmap
c,S2,high,2040,,,,SC,,regional_demand_met_pct,42.645158330642495,,,,,%,frozen_all_scenario_regional_account,scenario_tier_year_heatmap
c,S2,high,2040,,,,SW,,regional_demand_met_pct,98.00816764009416,,,,,%,frozen_all_scenario_regional_account,scenario_tier_year_heatmap
c,S2,high,2040,,,,NW,,regional_demand_met_pct,100.0,,,,,%,frozen_all_scenario_regional_account,scenario_tier_year_heatmap
c,S2,high,2045,,,,NC,,regional_demand_met_pct,93.97953537528038,,,,,%,frozen_all_scenario_regional_account,scenario_tier_year_heatmap
c,S2,high,2045,,,,NE,,regional_demand_met_pct,100.0,,,,,%,frozen_all_scenario_regional_account,scenario_tier_year_heatmap
c,S2,high,2045,,,,EC,,regional_demand_met_pct,56.53449019331418,,,,,%,frozen_all_scenario_regional_account,scenario_tier_year_heatmap
c,S2,high,2045,,,,CC,,regional_demand_met_pct,99.99996110802871,,,,,%,frozen_all_scenario_regional_account,scenario_tier_year_heatmap
c,S2,high,2045,,,,SC,,regional_demand_met_pct,37.19699028606215,,,,,%,frozen_all_scenario_regional_account,scenario_tier_year_heatmap
c,S2,high,2045,,,,SW,,regional_demand_met_pct,87.75905638456648,,,,,%,frozen_all_scenario_regional_account,scenario_tier_year_heatmap
c,S2,high,2045,,,,NW,,regional_demand_met_pct,100.0,,,,,%,frozen_all_scenario_regional_account,scenario_tier_year_heatmap
c,S2,high,2050,,,,NC,,regional_demand_met_pct,92.64820680662253,,,,,%,frozen_all_scenario_regional_account,scenario_tier_year_heatmap
c,S2,high,2050,,,,NE,,regional_demand_met_pct,100.0,,,,,%,frozen_all_scenario_regional_account,scenario_tier_year_heatmap
c,S2,high,2050,,,,EC,,regional_demand_met_pct,53.50025955553504,,,,,%,frozen_all_scenario_regional_account,scenario_tier_year_heatmap
c,S2,high,2050,,,,CC,,regional_demand_met_pct,99.99997332421648,,,,,%,frozen_all_scenario_regional_account,scenario_tier_year_heatmap
c,S2,high,2050,,,,SC,,regional_demand_met_pct,29.448430784107227,,,,,%,frozen_all_scenario_regional_account,scenario_tier_year_heatmap
c,S2,high,2050,,,,SW,,regional_demand_met_pct,82.13187831340493,,,,,%,frozen_all_scenario_regional_account,scenario_tier_year_heatmap
c,S2,high,2050,,,,NW,,regional_demand_met_pct,100.0,,,,,%,frozen_all_scenario_regional_account,scenario_tier_year_heatmap
c,S2,high,2055,,,,NC,,regional_demand_met_pct,88.61694763579497,,,,,%,frozen_all_scenario_regional_account,scenario_tier_year_heatmap
c,S2,high,2055,,,,NE,,regional_demand_met_pct,100.0,,,,,%,frozen_all_scenario_regional_account,scenario_tier_year_heatmap
c,S2,high,2055,,,,EC,,regional_demand_met_pct,43.30621486849777,,,,,%,frozen_all_scenario_regional_account,scenario_tier_year_heatmap
c,S2,high,2055,,,,CC,,regional_demand_met_pct,99.99999218442768,,,,,%,frozen_all_scenario_regional_account,scenario_tier_year_heatmap
c,S2,high,2055,,,,SC,,regional_demand_met_pct,23.6987874488338,,,,,%,frozen_all_scenario_regional_account,scenario_tier_year_heatmap
c,S2,high,2055,,,,SW,,regional_demand_met_pct,78.26793294383577,,,,,%,frozen_all_scenario_regional_account,scenario_tier_year_heatmap
c,S2,high,2055,,,,NW,,regional_demand_met_pct,99.99999999999996,,,,,%,frozen_all_scenario_regional_account,scenario_tier_year_heatmap
c,S2,high,2060,,,,NC,,regional_demand_met_pct,80.40032792566497,,,,,%,frozen_all_scenario_regional_account,scenario_tier_year_heatmap
c,S2,high,2060,,,,NE,,regional_demand_met_pct,100.0,,,,,%,frozen_all_scenario_regional_account,scenario_tier_year_heatmap
c,S2,high,2060,,,,EC,,regional_demand_met_pct,36.721193967322826,,,,,%,frozen_all_scenario_regional_account,scenario_tier_year_heatmap
c,S2,high,2060,,,,CC,,regional_demand_met_pct,99.99999247527154,,,,,%,frozen_all_scenario_regional_account,scenario_tier_year_heatmap
c,S2,high,2060,,,,SC,,regional_demand_met_pct,19.23286217035468,,,,,%,frozen_all_scenario_regional_account,scenario_tier_year_heatmap
c,S2,high,2060,,,,SW,,regional_demand_met_pct,69.73681480281019,,,,,%,frozen_all_scenario_regional_account,scenario_tier_year_heatmap
c,S2,high,2060,,,,NW,,regional_demand_met_pct,100.0,,,,,%,frozen_all_scenario_regional_account,scenario_tier_year_heatmap
c,S3,low,2025,,,,NC,,regional_demand_met_pct,nan,,,,,%,frozen_all_scenario_regional_account,scenario_tier_year_heatmap
c,S3,low,2025,,,,NE,,regional_demand_met_pct,nan,,,,,%,frozen_all_scenario_regional_account,scenario_tier_year_heatmap
c,S3,low,2025,,,,EC,,regional_demand_met_pct,nan,,,,,%,frozen_all_scenario_regional_account,scenario_tier_year_heatmap
c,S3,low,2025,,,,CC,,regional_demand_met_pct,nan,,,,,%,frozen_all_scenario_regional_account,scenario_tier_year_heatmap
c,S3,low,2025,,,,SC,,regional_demand_met_pct,nan,,,,,%,frozen_all_scenario_regional_account,scenario_tier_year_heatmap
c,S3,low,2025,,,,SW,,regional_demand_met_pct,nan,,,,,%,frozen_all_scenario_regional_account,scenario_tier_year_heatmap
c,S3,low,2025,,,,NW,,regional_demand_met_pct,nan,,,,,%,frozen_all_scenario_regional_account,scenario_tier_year_heatmap
c,S3,low,2030,,,,NC,,regional_demand_met_pct,99.99915925808334,,,,,%,frozen_all_scenario_regional_account,scenario_tier_year_heatmap
c,S3,low,2030,,,,NE,,regional_demand_met_pct,100.0,,,,,%,frozen_all_scenario_regional_account,scenario_tier_year_heatmap
c,S3,low,2030,,,,EC,,regional_demand_met_pct,95.88825550726976,,,,,%,frozen_all_scenario_regional_account,scenario_tier_year_heatmap
c,S3,low,2030,,,,CC,,regional_demand_met_pct,100.0,,,,,%,frozen_all_scenario_regional_account,scenario_tier_year_heatmap
c,S3,low,2030,,,,SC,,regional_demand_met_pct,100.0,,,,,%,frozen_all_scenario_regional_account,scenario_tier_year_heatmap
c,S3,low,2030,,,,SW,,regional_demand_met_pct,100.0,,,,,%,frozen_all_scenario_regional_account,scenario_tier_year_heatmap
c,S3,low,2030,,,,NW,,regional_demand_met_pct,100.0,,,,,%,frozen_all_scenario_regional_account,scenario_tier_year_heatmap
c,S3,low,2035,,,,NC,,regional_demand_met_pct,99.9994646017214,,,,,%,frozen_all_scenario_regional_account,scenario_tier_year_heatmap
c,S3,low,2035,,,,NE,,regional_demand_met_pct,100.0,,,,,%,frozen_all_scenario_regional_account,scenario_tier_year_heatmap
c,S3,low,2035,,,,EC,,regional_demand_met_pct,92.06488248373604,,,,,%,frozen_all_scenario_regional_account,scenario_tier_year_heatmap
c,S3,low,2035,,,,CC,,regional_demand_met_pct,100.0,,,,,%,frozen_all_scenario_regional_account,scenario_tier_year_heatmap
c,S3,low,2035,,,,SC,,regional_demand_met_pct,100.0,,,,,%,frozen_all_scenario_regional_account,scenario_tier_year_heatmap
c,S3,low,2035,,,,SW,,regional_demand_met_pct,100.0,,,,,%,frozen_all_scenario_regional_account,scenario_tier_year_heatmap
c,S3,low,2035,,,,NW,,regional_demand_met_pct,100.0,,,,,%,frozen_all_scenario_regional_account,scenario_tier_year_heatmap
c,S3,low,2040,,,,NC,,regional_demand_met_pct,99.99969760820022,,,,,%,frozen_all_scenario_regional_account,scenario_tier_year_heatmap
c,S3,low,2040,,,,NE,,regional_demand_met_pct,100.0,,,,,%,frozen_all_scenario_regional_account,scenario_tier_year_heatmap
c,S3,low,2040,,,,EC,,regional_demand_met_pct,92.3888037906171,,,,,%,frozen_all_scenario_regional_account,scenario_tier_year_heatmap
c,S3,low,2040,,,,CC,,regional_demand_met_pct,100.0,,,,,%,frozen_all_scenario_regional_account,scenario_tier_year_heatmap
c,S3,low,2040,,,,SC,,regional_demand_met_pct,100.0,,,,,%,frozen_all_scenario_regional_account,scenario_tier_year_heatmap
c,S3,low,2040,,,,SW,,regional_demand_met_pct,100.0,,,,,%,frozen_all_scenario_regional_account,scenario_tier_year_heatmap
c,S3,low,2040,,,,NW,,regional_demand_met_pct,100.0,,,,,%,frozen_all_scenario_regional_account,scenario_tier_year_heatmap
c,S3,low,2045,,,,NC,,regional_demand_met_pct,99.99960308598916,,,,,%,frozen_all_scenario_regional_account,scenario_tier_year_heatmap
c,S3,low,2045,,,,NE,,regional_demand_met_pct,100.0,,,,,%,frozen_all_scenario_regional_account,scenario_tier_year_heatmap
c,S3,low,2045,,,,EC,,regional_demand_met_pct,91.97977727299303,,,,,%,frozen_all_scenario_regional_account,scenario_tier_year_heatmap
c,S3,low,2045,,,,CC,,regional_demand_met_pct,100.0,,,,,%,frozen_all_scenario_regional_account,scenario_tier_year_heatmap
c,S3,low,2045,,,,SC,,regional_demand_met_pct,100.0,,,,,%,frozen_all_scenario_regional_account,scenario_tier_year_heatmap
c,S3,low,2045,,,,SW,,regional_demand_met_pct,100.0,,,,,%,frozen_all_scenario_regional_account,scenario_tier_year_heatmap
c,S3,low,2045,,,,NW,,regional_demand_met_pct,100.0,,,,,%,frozen_all_scenario_regional_account,scenario_tier_year_heatmap
c,S3,low,2050,,,,NC,,regional_demand_met_pct,99.99994261662884,,,,,%,frozen_all_scenario_regional_account,scenario_tier_year_heatmap
c,S3,low,2050,,,,NE,,regional_demand_met_pct,100.0,,,,,%,frozen_all_scenario_regional_account,scenario_tier_year_heatmap
c,S3,low,2050,,,,EC,,regional_demand_met_pct,90.4921859630835,,,,,%,frozen_all_scenario_regional_account,scenario_tier_year_heatmap
c,S3,low,2050,,,,CC,,regional_demand_met_pct,100.0,,,,,%,frozen_all_scenario_regional_account,scenario_tier_year_heatmap
c,S3,low,2050,,,,SC,,regional_demand_met_pct,100.0,,,,,%,frozen_all_scenario_regional_account,scenario_tier_year_heatmap
c,S3,low,2050,,,,SW,,regional_demand_met_pct,100.0,,,,,%,frozen_all_scenario_regional_account,scenario_tier_year_heatmap
c,S3,low,2050,,,,NW,,regional_demand_met_pct,100.0,,,,,%,frozen_all_scenario_regional_account,scenario_tier_year_heatmap
c,S3,low,2055,,,,NC,,regional_demand_met_pct,99.99934392877672,,,,,%,frozen_all_scenario_regional_account,scenario_tier_year_heatmap
c,S3,low,2055,,,,NE,,regional_demand_met_pct,100.0,,,,,%,frozen_all_scenario_regional_account,scenario_tier_year_heatmap
c,S3,low,2055,,,,EC,,regional_demand_met_pct,89.34704950338197,,,,,%,frozen_all_scenario_regional_account,scenario_tier_year_heatmap
c,S3,low,2055,,,,CC,,regional_demand_met_pct,100.0,,,,,%,frozen_all_scenario_regional_account,scenario_tier_year_heatmap
c,S3,low,2055,,,,SC,,regional_demand_met_pct,100.0,,,,,%,frozen_all_scenario_regional_account,scenario_tier_year_heatmap
c,S3,low,2055,,,,SW,,regional_demand_met_pct,100.0,,,,,%,frozen_all_scenario_regional_account,scenario_tier_year_heatmap
c,S3,low,2055,,,,NW,,regional_demand_met_pct,100.0,,,,,%,frozen_all_scenario_regional_account,scenario_tier_year_heatmap
c,S3,low,2060,,,,NC,,regional_demand_met_pct,99.99956084955258,,,,,%,frozen_all_scenario_regional_account,scenario_tier_year_heatmap
c,S3,low,2060,,,,NE,,regional_demand_met_pct,100.0,,,,,%,frozen_all_scenario_regional_account,scenario_tier_year_heatmap
c,S3,low,2060,,,,EC,,regional_demand_met_pct,88.43740934118769,,,,,%,frozen_all_scenario_regional_account,scenario_tier_year_heatmap
c,S3,low,2060,,,,CC,,regional_demand_met_pct,100.0,,,,,%,frozen_all_scenario_regional_account,scenario_tier_year_heatmap
c,S3,low,2060,,,,SC,,regional_demand_met_pct,100.0,,,,,%,frozen_all_scenario_regional_account,scenario_tier_year_heatmap
c,S3,low,2060,,,,SW,,regional_demand_met_pct,100.0,,,,,%,frozen_all_scenario_regional_account,scenario_tier_year_heatmap
c,S3,low,2060,,,,NW,,regional_demand_met_pct,100.0,,,,,%,frozen_all_scenario_regional_account,scenario_tier_year_heatmap
c,S3,mid,2025,,,,NC,,regional_demand_met_pct,nan,,,,,%,frozen_all_scenario_regional_account,scenario_tier_year_heatmap
c,S3,mid,2025,,,,NE,,regional_demand_met_pct,nan,,,,,%,frozen_all_scenario_regional_account,scenario_tier_year_heatmap
c,S3,mid,2025,,,,EC,,regional_demand_met_pct,nan,,,,,%,frozen_all_scenario_regional_account,scenario_tier_year_heatmap
c,S3,mid,2025,,,,CC,,regional_demand_met_pct,nan,,,,,%,frozen_all_scenario_regional_account,scenario_tier_year_heatmap
c,S3,mid,2025,,,,SC,,regional_demand_met_pct,nan,,,,,%,frozen_all_scenario_regional_account,scenario_tier_year_heatmap
c,S3,mid,2025,,,,SW,,regional_demand_met_pct,nan,,,,,%,frozen_all_scenario_regional_account,scenario_tier_year_heatmap
c,S3,mid,2025,,,,NW,,regional_demand_met_pct,nan,,,,,%,frozen_all_scenario_regional_account,scenario_tier_year_heatmap
c,S3,mid,2030,,,,NC,,regional_demand_met_pct,99.99994747042363,,,,,%,frozen_all_scenario_regional_account,scenario_tier_year_heatmap
c,S3,mid,2030,,,,NE,,regional_demand_met_pct,100.0,,,,,%,frozen_all_scenario_regional_account,scenario_tier_year_heatmap
c,S3,mid,2030,,,,EC,,regional_demand_met_pct,75.02455070829687,,,,,%,frozen_all_scenario_regional_account,scenario_tier_year_heatmap
c,S3,mid,2030,,,,CC,,regional_demand_met_pct,100.0,,,,,%,frozen_all_scenario_regional_account,scenario_tier_year_heatmap
c,S3,mid,2030,,,,SC,,regional_demand_met_pct,33.968144323577214,,,,,%,frozen_all_scenario_regional_account,scenario_tier_year_heatmap
c,S3,mid,2030,,,,SW,,regional_demand_met_pct,99.99989193099422,,,,,%,frozen_all_scenario_regional_account,scenario_tier_year_heatmap
c,S3,mid,2030,,,,NW,,regional_demand_met_pct,100.0,,,,,%,frozen_all_scenario_regional_account,scenario_tier_year_heatmap
c,S3,mid,2035,,,,NC,,regional_demand_met_pct,99.99990485285478,,,,,%,frozen_all_scenario_regional_account,scenario_tier_year_heatmap
c,S3,mid,2035,,,,NE,,regional_demand_met_pct,100.0,,,,,%,frozen_all_scenario_regional_account,scenario_tier_year_heatmap
c,S3,mid,2035,,,,EC,,regional_demand_met_pct,74.3874351024608,,,,,%,frozen_all_scenario_regional_account,scenario_tier_year_heatmap
c,S3,mid,2035,,,,CC,,regional_demand_met_pct,100.0,,,,,%,frozen_all_scenario_regional_account,scenario_tier_year_heatmap
c,S3,mid,2035,,,,SC,,regional_demand_met_pct,28.828752286046893,,,,,%,frozen_all_scenario_regional_account,scenario_tier_year_heatmap
c,S3,mid,2035,,,,SW,,regional_demand_met_pct,99.9998343772756,,,,,%,frozen_all_scenario_regional_account,scenario_tier_year_heatmap
c,S3,mid,2035,,,,NW,,regional_demand_met_pct,100.0,,,,,%,frozen_all_scenario_regional_account,scenario_tier_year_heatmap
c,S3,mid,2040,,,,NC,,regional_demand_met_pct,99.9998947635227,,,,,%,frozen_all_scenario_regional_account,scenario_tier_year_heatmap
c,S3,mid,2040,,,,NE,,regional_demand_met_pct,100.0,,,,,%,frozen_all_scenario_regional_account,scenario_tier_year_heatmap
c,S3,mid,2040,,,,EC,,regional_demand_met_pct,74.44144361063563,,,,,%,frozen_all_scenario_regional_account,scenario_tier_year_heatmap
c,S3,mid,2040,,,,CC,,regional_demand_met_pct,100.0,,,,,%,frozen_all_scenario_regional_account,scenario_tier_year_heatmap
c,S3,mid,2040,,,,SC,,regional_demand_met_pct,28.460552985551452,,,,,%,frozen_all_scenario_regional_account,scenario_tier_year_heatmap
c,S3,mid,2040,,,,SW,,regional_demand_met_pct,99.9998995042534,,,,,%,frozen_all_scenario_regional_account,scenario_tier_year_heatmap
c,S3,mid,2040,,,,NW,,regional_demand_met_pct,100.0,,,,,%,frozen_all_scenario_regional_account,scenario_tier_year_heatmap
c,S3,mid,2045,,,,NC,,regional_demand_met_pct,99.99986285031832,,,,,%,frozen_all_scenario_regional_account,scenario_tier_year_heatmap
c,S3,mid,2045,,,,NE,,regional_demand_met_pct,100.0,,,,,%,frozen_all_scenario_regional_account,scenario_tier_year_heatmap
c,S3,mid,2045,,,,EC,,regional_demand_met_pct,74.37322299996629,,,,,%,frozen_all_scenario_regional_account,scenario_tier_year_heatmap
c,S3,mid,2045,,,,CC,,regional_demand_met_pct,100.0,,,,,%,frozen_all_scenario_regional_account,scenario_tier_year_heatmap
c,S3,mid,2045,,,,SC,,regional_demand_met_pct,27.448664427494304,,,,,%,frozen_all_scenario_regional_account,scenario_tier_year_heatmap
c,S3,mid,2045,,,,SW,,regional_demand_met_pct,99.99994043319695,,,,,%,frozen_all_scenario_regional_account,scenario_tier_year_heatmap
c,S3,mid,2045,,,,NW,,regional_demand_met_pct,100.0,,,,,%,frozen_all_scenario_regional_account,scenario_tier_year_heatmap
c,S3,mid,2050,,,,NC,,regional_demand_met_pct,99.9999353180874,,,,,%,frozen_all_scenario_regional_account,scenario_tier_year_heatmap
c,S3,mid,2050,,,,NE,,regional_demand_met_pct,100.0,,,,,%,frozen_all_scenario_regional_account,scenario_tier_year_heatmap
c,S3,mid,2050,,,,EC,,regional_demand_met_pct,74.1253198648698,,,,,%,frozen_all_scenario_regional_account,scenario_tier_year_heatmap
c,S3,mid,2050,,,,CC,,regional_demand_met_pct,100.0,,,,,%,frozen_all_scenario_regional_account,scenario_tier_year_heatmap
c,S3,mid,2050,,,,SC,,regional_demand_met_pct,25.225731401564403,,,,,%,frozen_all_scenario_regional_account,scenario_tier_year_heatmap
c,S3,mid,2050,,,,SW,,regional_demand_met_pct,99.9999617554902,,,,,%,frozen_all_scenario_regional_account,scenario_tier_year_heatmap
c,S3,mid,2050,,,,NW,,regional_demand_met_pct,100.0,,,,,%,frozen_all_scenario_regional_account,scenario_tier_year_heatmap
c,S3,mid,2055,,,,NC,,regional_demand_met_pct,99.74076836917992,,,,,%,frozen_all_scenario_regional_account,scenario_tier_year_heatmap
c,S3,mid,2055,,,,NE,,regional_demand_met_pct,100.0,,,,,%,frozen_all_scenario_regional_account,scenario_tier_year_heatmap
c,S3,mid,2055,,,,EC,,regional_demand_met_pct,71.7469160769081,,,,,%,frozen_all_scenario_regional_account,scenario_tier_year_heatmap
c,S3,mid,2055,,,,CC,,regional_demand_met_pct,100.0,,,,,%,frozen_all_scenario_regional_account,scenario_tier_year_heatmap
c,S3,mid,2055,,,,SC,,regional_demand_met_pct,23.560682169032408,,,,,%,frozen_all_scenario_regional_account,scenario_tier_year_heatmap
c,S3,mid,2055,,,,SW,,regional_demand_met_pct,99.99992607131604,,,,,%,frozen_all_scenario_regional_account,scenario_tier_year_heatmap
c,S3,mid,2055,,,,NW,,regional_demand_met_pct,100.0,,,,,%,frozen_all_scenario_regional_account,scenario_tier_year_heatmap
c,S3,mid,2060,,,,NC,,regional_demand_met_pct,98.24520853186164,,,,,%,frozen_all_scenario_regional_account,scenario_tier_year_heatmap
c,S3,mid,2060,,,,NE,,regional_demand_met_pct,100.0,,,,,%,frozen_all_scenario_regional_account,scenario_tier_year_heatmap
c,S3,mid,2060,,,,EC,,regional_demand_met_pct,69.2300409154103,,,,,%,frozen_all_scenario_regional_account,scenario_tier_year_heatmap
c,S3,mid,2060,,,,CC,,regional_demand_met_pct,100.0,,,,,%,frozen_all_scenario_regional_account,scenario_tier_year_heatmap
c,S3,mid,2060,,,,SC,,regional_demand_met_pct,22.263761474051112,,,,,%,frozen_all_scenario_regional_account,scenario_tier_year_heatmap
c,S3,mid,2060,,,,SW,,regional_demand_met_pct,99.9999681788601,,,,,%,frozen_all_scenario_regional_account,scenario_tier_year_heatmap
c,S3,mid,2060,,,,NW,,regional_demand_met_pct,100.0,,,,,%,frozen_all_scenario_regional_account,scenario_tier_year_heatmap
c,S3,high,2025,,,,NC,,regional_demand_met_pct,nan,,,,,%,frozen_all_scenario_regional_account,scenario_tier_year_heatmap
c,S3,high,2025,,,,NE,,regional_demand_met_pct,nan,,,,,%,frozen_all_scenario_regional_account,scenario_tier_year_heatmap
c,S3,high,2025,,,,EC,,regional_demand_met_pct,nan,,,,,%,frozen_all_scenario_regional_account,scenario_tier_year_heatmap
c,S3,high,2025,,,,CC,,regional_demand_met_pct,nan,,,,,%,frozen_all_scenario_regional_account,scenario_tier_year_heatmap
c,S3,high,2025,,,,SC,,regional_demand_met_pct,nan,,,,,%,frozen_all_scenario_regional_account,scenario_tier_year_heatmap
c,S3,high,2025,,,,SW,,regional_demand_met_pct,nan,,,,,%,frozen_all_scenario_regional_account,scenario_tier_year_heatmap
c,S3,high,2025,,,,NW,,regional_demand_met_pct,nan,,,,,%,frozen_all_scenario_regional_account,scenario_tier_year_heatmap
c,S3,high,2030,,,,NC,,regional_demand_met_pct,53.05730632195554,,,,,%,frozen_all_scenario_regional_account,scenario_tier_year_heatmap
c,S3,high,2030,,,,NE,,regional_demand_met_pct,100.0,,,,,%,frozen_all_scenario_regional_account,scenario_tier_year_heatmap
c,S3,high,2030,,,,EC,,regional_demand_met_pct,52.35377117947436,,,,,%,frozen_all_scenario_regional_account,scenario_tier_year_heatmap
c,S3,high,2030,,,,CC,,regional_demand_met_pct,100.0,,,,,%,frozen_all_scenario_regional_account,scenario_tier_year_heatmap
c,S3,high,2030,,,,SC,,regional_demand_met_pct,13.587257729430885,,,,,%,frozen_all_scenario_regional_account,scenario_tier_year_heatmap
c,S3,high,2030,,,,SW,,regional_demand_met_pct,99.99995463087744,,,,,%,frozen_all_scenario_regional_account,scenario_tier_year_heatmap
c,S3,high,2030,,,,NW,,regional_demand_met_pct,100.0,,,,,%,frozen_all_scenario_regional_account,scenario_tier_year_heatmap
c,S3,high,2035,,,,NC,,regional_demand_met_pct,25.2750024576779,,,,,%,frozen_all_scenario_regional_account,scenario_tier_year_heatmap
c,S3,high,2035,,,,NE,,regional_demand_met_pct,100.0,,,,,%,frozen_all_scenario_regional_account,scenario_tier_year_heatmap
c,S3,high,2035,,,,EC,,regional_demand_met_pct,47.2770237823533,,,,,%,frozen_all_scenario_regional_account,scenario_tier_year_heatmap
c,S3,high,2035,,,,CC,,regional_demand_met_pct,100.0,,,,,%,frozen_all_scenario_regional_account,scenario_tier_year_heatmap
c,S3,high,2035,,,,SC,,regional_demand_met_pct,10.97268186498084,,,,,%,frozen_all_scenario_regional_account,scenario_tier_year_heatmap
c,S3,high,2035,,,,SW,,regional_demand_met_pct,99.99993271558796,,,,,%,frozen_all_scenario_regional_account,scenario_tier_year_heatmap
c,S3,high,2035,,,,NW,,regional_demand_met_pct,100.0,,,,,%,frozen_all_scenario_regional_account,scenario_tier_year_heatmap
c,S3,high,2040,,,,NC,,regional_demand_met_pct,20.93781132289015,,,,,%,frozen_all_scenario_regional_account,scenario_tier_year_heatmap
c,S3,high,2040,,,,NE,,regional_demand_met_pct,100.0,,,,,%,frozen_all_scenario_regional_account,scenario_tier_year_heatmap
c,S3,high,2040,,,,EC,,regional_demand_met_pct,46.50387261599599,,,,,%,frozen_all_scenario_regional_account,scenario_tier_year_heatmap
c,S3,high,2040,,,,CC,,regional_demand_met_pct,100.0,,,,,%,frozen_all_scenario_regional_account,scenario_tier_year_heatmap
c,S3,high,2040,,,,SC,,regional_demand_met_pct,10.571520182663235,,,,,%,frozen_all_scenario_regional_account,scenario_tier_year_heatmap
c,S3,high,2040,,,,SW,,regional_demand_met_pct,99.99996998096616,,,,,%,frozen_all_scenario_regional_account,scenario_tier_year_heatmap
c,S3,high,2040,,,,NW,,regional_demand_met_pct,100.0,,,,,%,frozen_all_scenario_regional_account,scenario_tier_year_heatmap
c,S3,high,2045,,,,NC,,regional_demand_met_pct,17.44430106945355,,,,,%,frozen_all_scenario_regional_account,scenario_tier_year_heatmap
c,S3,high,2045,,,,NE,,regional_demand_met_pct,97.1599061829318,,,,,%,frozen_all_scenario_regional_account,scenario_tier_year_heatmap
c,S3,high,2045,,,,EC,,regional_demand_met_pct,45.35925901298033,,,,,%,frozen_all_scenario_regional_account,scenario_tier_year_heatmap
c,S3,high,2045,,,,CC,,regional_demand_met_pct,100.0,,,,,%,frozen_all_scenario_regional_account,scenario_tier_year_heatmap
c,S3,high,2045,,,,SC,,regional_demand_met_pct,9.980433894761704,,,,,%,frozen_all_scenario_regional_account,scenario_tier_year_heatmap
c,S3,high,2045,,,,SW,,regional_demand_met_pct,99.99998104276216,,,,,%,frozen_all_scenario_regional_account,scenario_tier_year_heatmap
c,S3,high,2045,,,,NW,,regional_demand_met_pct,100.0,,,,,%,frozen_all_scenario_regional_account,scenario_tier_year_heatmap
c,S3,high,2050,,,,NC,,regional_demand_met_pct,16.183406954449122,,,,,%,frozen_all_scenario_regional_account,scenario_tier_year_heatmap
c,S3,high,2050,,,,NE,,regional_demand_met_pct,87.49816975577717,,,,,%,frozen_all_scenario_regional_account,scenario_tier_year_heatmap
c,S3,high,2050,,,,EC,,regional_demand_met_pct,43.37550481648839,,,,,%,frozen_all_scenario_regional_account,scenario_tier_year_heatmap
c,S3,high,2050,,,,CC,,regional_demand_met_pct,100.0,,,,,%,frozen_all_scenario_regional_account,scenario_tier_year_heatmap
c,S3,high,2050,,,,SC,,regional_demand_met_pct,8.958103167580232,,,,,%,frozen_all_scenario_regional_account,scenario_tier_year_heatmap
c,S3,high,2050,,,,SW,,regional_demand_met_pct,99.99999387431416,,,,,%,frozen_all_scenario_regional_account,scenario_tier_year_heatmap
c,S3,high,2050,,,,NW,,regional_demand_met_pct,100.0,,,,,%,frozen_all_scenario_regional_account,scenario_tier_year_heatmap
c,S3,high,2055,,,,NC,,regional_demand_met_pct,15.24174096779238,,,,,%,frozen_all_scenario_regional_account,scenario_tier_year_heatmap
c,S3,high,2055,,,,NE,,regional_demand_met_pct,79.62974297357248,,,,,%,frozen_all_scenario_regional_account,scenario_tier_year_heatmap
c,S3,high,2055,,,,EC,,regional_demand_met_pct,41.77384768740716,,,,,%,frozen_all_scenario_regional_account,scenario_tier_year_heatmap
c,S3,high,2055,,,,CC,,regional_demand_met_pct,100.0,,,,,%,frozen_all_scenario_regional_account,scenario_tier_year_heatmap
c,S3,high,2055,,,,SC,,regional_demand_met_pct,8.132934305714818,,,,,%,frozen_all_scenario_regional_account,scenario_tier_year_heatmap
c,S3,high,2055,,,,SW,,regional_demand_met_pct,99.99997777063,,,,,%,frozen_all_scenario_regional_account,scenario_tier_year_heatmap
c,S3,high,2055,,,,NW,,regional_demand_met_pct,100.0,,,,,%,frozen_all_scenario_regional_account,scenario_tier_year_heatmap
c,S3,high,2060,,,,NC,,regional_demand_met_pct,14.483217700007982,,,,,%,frozen_all_scenario_regional_account,scenario_tier_year_heatmap
c,S3,high,2060,,,,NE,,regional_demand_met_pct,72.79412337350024,,,,,%,frozen_all_scenario_regional_account,scenario_tier_year_heatmap
c,S3,high,2060,,,,EC,,regional_demand_met_pct,40.392111962445206,,,,,%,frozen_all_scenario_regional_account,scenario_tier_year_heatmap
c,S3,high,2060,,,,CC,,regional_demand_met_pct,100.0,,,,,%,frozen_all_scenario_regional_account,scenario_tier_year_heatmap
c,S3,high,2060,,,,SC,,regional_demand_met_pct,7.421253824683704,,,,,%,frozen_all_scenario_regional_account,scenario_tier_year_heatmap
c,S3,high,2060,,,,SW,,regional_demand_met_pct,99.99999522202911,,,,,%,frozen_all_scenario_regional_account,scenario_tier_year_heatmap
c,S3,high,2060,,,,NW,,regional_demand_met_pct,100.0,,,,,%,frozen_all_scenario_regional_account,scenario_tier_year_heatmap
c,S4,low,2025,,,,NC,,regional_demand_met_pct,nan,,,,,%,frozen_all_scenario_regional_account,scenario_tier_year_heatmap
c,S4,low,2025,,,,NE,,regional_demand_met_pct,nan,,,,,%,frozen_all_scenario_regional_account,scenario_tier_year_heatmap
c,S4,low,2025,,,,EC,,regional_demand_met_pct,nan,,,,,%,frozen_all_scenario_regional_account,scenario_tier_year_heatmap
c,S4,low,2025,,,,CC,,regional_demand_met_pct,nan,,,,,%,frozen_all_scenario_regional_account,scenario_tier_year_heatmap
c,S4,low,2025,,,,SC,,regional_demand_met_pct,nan,,,,,%,frozen_all_scenario_regional_account,scenario_tier_year_heatmap
c,S4,low,2025,,,,SW,,regional_demand_met_pct,nan,,,,,%,frozen_all_scenario_regional_account,scenario_tier_year_heatmap
c,S4,low,2025,,,,NW,,regional_demand_met_pct,nan,,,,,%,frozen_all_scenario_regional_account,scenario_tier_year_heatmap
c,S4,low,2030,,,,NC,,regional_demand_met_pct,99.99864792563348,,,,,%,frozen_all_scenario_regional_account,scenario_tier_year_heatmap
c,S4,low,2030,,,,NE,,regional_demand_met_pct,100.0,,,,,%,frozen_all_scenario_regional_account,scenario_tier_year_heatmap
c,S4,low,2030,,,,EC,,regional_demand_met_pct,81.25367565778393,,,,,%,frozen_all_scenario_regional_account,scenario_tier_year_heatmap
c,S4,low,2030,,,,CC,,regional_demand_met_pct,100.0,,,,,%,frozen_all_scenario_regional_account,scenario_tier_year_heatmap
c,S4,low,2030,,,,SC,,regional_demand_met_pct,100.0,,,,,%,frozen_all_scenario_regional_account,scenario_tier_year_heatmap
c,S4,low,2030,,,,SW,,regional_demand_met_pct,100.0,,,,,%,frozen_all_scenario_regional_account,scenario_tier_year_heatmap
c,S4,low,2030,,,,NW,,regional_demand_met_pct,100.0,,,,,%,frozen_all_scenario_regional_account,scenario_tier_year_heatmap
c,S4,low,2035,,,,NC,,regional_demand_met_pct,99.99983478943103,,,,,%,frozen_all_scenario_regional_account,scenario_tier_year_heatmap
c,S4,low,2035,,,,NE,,regional_demand_met_pct,100.0,,,,,%,frozen_all_scenario_regional_account,scenario_tier_year_heatmap
c,S4,low,2035,,,,EC,,regional_demand_met_pct,78.16528955111674,,,,,%,frozen_all_scenario_regional_account,scenario_tier_year_heatmap
c,S4,low,2035,,,,CC,,regional_demand_met_pct,100.0,,,,,%,frozen_all_scenario_regional_account,scenario_tier_year_heatmap
c,S4,low,2035,,,,SC,,regional_demand_met_pct,100.0,,,,,%,frozen_all_scenario_regional_account,scenario_tier_year_heatmap
c,S4,low,2035,,,,SW,,regional_demand_met_pct,100.0,,,,,%,frozen_all_scenario_regional_account,scenario_tier_year_heatmap
c,S4,low,2035,,,,NW,,regional_demand_met_pct,100.0,,,,,%,frozen_all_scenario_regional_account,scenario_tier_year_heatmap
c,S4,low,2040,,,,NC,,regional_demand_met_pct,99.99973609758491,,,,,%,frozen_all_scenario_regional_account,scenario_tier_year_heatmap
c,S4,low,2040,,,,NE,,regional_demand_met_pct,100.0,,,,,%,frozen_all_scenario_regional_account,scenario_tier_year_heatmap
c,S4,low,2040,,,,EC,,regional_demand_met_pct,77.22695389650531,,,,,%,frozen_all_scenario_regional_account,scenario_tier_year_heatmap
c,S4,low,2040,,,,CC,,regional_demand_met_pct,100.0,,,,,%,frozen_all_scenario_regional_account,scenario_tier_year_heatmap
c,S4,low,2040,,,,SC,,regional_demand_met_pct,100.0,,,,,%,frozen_all_scenario_regional_account,scenario_tier_year_heatmap
c,S4,low,2040,,,,SW,,regional_demand_met_pct,100.0,,,,,%,frozen_all_scenario_regional_account,scenario_tier_year_heatmap
c,S4,low,2040,,,,NW,,regional_demand_met_pct,100.0,,,,,%,frozen_all_scenario_regional_account,scenario_tier_year_heatmap
c,S4,low,2045,,,,NC,,regional_demand_met_pct,99.99966637272388,,,,,%,frozen_all_scenario_regional_account,scenario_tier_year_heatmap
c,S4,low,2045,,,,NE,,regional_demand_met_pct,100.0,,,,,%,frozen_all_scenario_regional_account,scenario_tier_year_heatmap
c,S4,low,2045,,,,EC,,regional_demand_met_pct,76.56962894043053,,,,,%,frozen_all_scenario_regional_account,scenario_tier_year_heatmap
c,S4,low,2045,,,,CC,,regional_demand_met_pct,100.0,,,,,%,frozen_all_scenario_regional_account,scenario_tier_year_heatmap
c,S4,low,2045,,,,SC,,regional_demand_met_pct,100.0,,,,,%,frozen_all_scenario_regional_account,scenario_tier_year_heatmap
c,S4,low,2045,,,,SW,,regional_demand_met_pct,100.0,,,,,%,frozen_all_scenario_regional_account,scenario_tier_year_heatmap
c,S4,low,2045,,,,NW,,regional_demand_met_pct,100.0,,,,,%,frozen_all_scenario_regional_account,scenario_tier_year_heatmap
c,S4,low,2050,,,,NC,,regional_demand_met_pct,99.99973412618968,,,,,%,frozen_all_scenario_regional_account,scenario_tier_year_heatmap
c,S4,low,2050,,,,NE,,regional_demand_met_pct,100.0,,,,,%,frozen_all_scenario_regional_account,scenario_tier_year_heatmap
c,S4,low,2050,,,,EC,,regional_demand_met_pct,76.0139500119274,,,,,%,frozen_all_scenario_regional_account,scenario_tier_year_heatmap
c,S4,low,2050,,,,CC,,regional_demand_met_pct,100.0,,,,,%,frozen_all_scenario_regional_account,scenario_tier_year_heatmap
c,S4,low,2050,,,,SC,,regional_demand_met_pct,100.0,,,,,%,frozen_all_scenario_regional_account,scenario_tier_year_heatmap
c,S4,low,2050,,,,SW,,regional_demand_met_pct,100.0,,,,,%,frozen_all_scenario_regional_account,scenario_tier_year_heatmap
c,S4,low,2050,,,,NW,,regional_demand_met_pct,100.0,,,,,%,frozen_all_scenario_regional_account,scenario_tier_year_heatmap
c,S4,low,2055,,,,NC,,regional_demand_met_pct,99.99996923292608,,,,,%,frozen_all_scenario_regional_account,scenario_tier_year_heatmap
c,S4,low,2055,,,,NE,,regional_demand_met_pct,100.0,,,,,%,frozen_all_scenario_regional_account,scenario_tier_year_heatmap
c,S4,low,2055,,,,EC,,regional_demand_met_pct,75.7329599092198,,,,,%,frozen_all_scenario_regional_account,scenario_tier_year_heatmap
c,S4,low,2055,,,,CC,,regional_demand_met_pct,100.0,,,,,%,frozen_all_scenario_regional_account,scenario_tier_year_heatmap
c,S4,low,2055,,,,SC,,regional_demand_met_pct,98.68629638550009,,,,,%,frozen_all_scenario_regional_account,scenario_tier_year_heatmap
c,S4,low,2055,,,,SW,,regional_demand_met_pct,100.0,,,,,%,frozen_all_scenario_regional_account,scenario_tier_year_heatmap
c,S4,low,2055,,,,NW,,regional_demand_met_pct,100.0,,,,,%,frozen_all_scenario_regional_account,scenario_tier_year_heatmap
c,S4,low,2060,,,,NC,,regional_demand_met_pct,99.99977176043964,,,,,%,frozen_all_scenario_regional_account,scenario_tier_year_heatmap
c,S4,low,2060,,,,NE,,regional_demand_met_pct,100.0,,,,,%,frozen_all_scenario_regional_account,scenario_tier_year_heatmap
c,S4,low,2060,,,,EC,,regional_demand_met_pct,75.6651374747966,,,,,%,frozen_all_scenario_regional_account,scenario_tier_year_heatmap
c,S4,low,2060,,,,CC,,regional_demand_met_pct,100.0,,,,,%,frozen_all_scenario_regional_account,scenario_tier_year_heatmap
c,S4,low,2060,,,,SC,,regional_demand_met_pct,97.05379873445642,,,,,%,frozen_all_scenario_regional_account,scenario_tier_year_heatmap
c,S4,low,2060,,,,SW,,regional_demand_met_pct,100.0,,,,,%,frozen_all_scenario_regional_account,scenario_tier_year_heatmap
c,S4,low,2060,,,,NW,,regional_demand_met_pct,100.0,,,,,%,frozen_all_scenario_regional_account,scenario_tier_year_heatmap
c,S4,mid,2025,,,,NC,,regional_demand_met_pct,100.0,,,,,%,frozen_all_scenario_regional_account,scenario_tier_year_heatmap
c,S4,mid,2025,,,,NE,,regional_demand_met_pct,100.0,,,,,%,frozen_all_scenario_regional_account,scenario_tier_year_heatmap
c,S4,mid,2025,,,,EC,,regional_demand_met_pct,94.41416215543524,,,,,%,frozen_all_scenario_regional_account,scenario_tier_year_heatmap
c,S4,mid,2025,,,,CC,,regional_demand_met_pct,100.0,,,,,%,frozen_all_scenario_regional_account,scenario_tier_year_heatmap
c,S4,mid,2025,,,,SC,,regional_demand_met_pct,100.0,,,,,%,frozen_all_scenario_regional_account,scenario_tier_year_heatmap
c,S4,mid,2025,,,,SW,,regional_demand_met_pct,100.0,,,,,%,frozen_all_scenario_regional_account,scenario_tier_year_heatmap
c,S4,mid,2025,,,,NW,,regional_demand_met_pct,100.0,,,,,%,frozen_all_scenario_regional_account,scenario_tier_year_heatmap
c,S4,mid,2030,,,,NC,,regional_demand_met_pct,99.99954646035307,,,,,%,frozen_all_scenario_regional_account,scenario_tier_year_heatmap
c,S4,mid,2030,,,,NE,,regional_demand_met_pct,100.0,,,,,%,frozen_all_scenario_regional_account,scenario_tier_year_heatmap
c,S4,mid,2030,,,,EC,,regional_demand_met_pct,75.51132996279522,,,,,%,frozen_all_scenario_regional_account,scenario_tier_year_heatmap
c,S4,mid,2030,,,,CC,,regional_demand_met_pct,100.0,,,,,%,frozen_all_scenario_regional_account,scenario_tier_year_heatmap
c,S4,mid,2030,,,,SC,,regional_demand_met_pct,98.02675574313746,,,,,%,frozen_all_scenario_regional_account,scenario_tier_year_heatmap
c,S4,mid,2030,,,,SW,,regional_demand_met_pct,100.0,,,,,%,frozen_all_scenario_regional_account,scenario_tier_year_heatmap
c,S4,mid,2030,,,,NW,,regional_demand_met_pct,100.0,,,,,%,frozen_all_scenario_regional_account,scenario_tier_year_heatmap
c,S4,mid,2035,,,,NC,,regional_demand_met_pct,99.99965103403616,,,,,%,frozen_all_scenario_regional_account,scenario_tier_year_heatmap
c,S4,mid,2035,,,,NE,,regional_demand_met_pct,100.0,,,,,%,frozen_all_scenario_regional_account,scenario_tier_year_heatmap
c,S4,mid,2035,,,,EC,,regional_demand_met_pct,69.65466106759278,,,,,%,frozen_all_scenario_regional_account,scenario_tier_year_heatmap
c,S4,mid,2035,,,,CC,,regional_demand_met_pct,100.0,,,,,%,frozen_all_scenario_regional_account,scenario_tier_year_heatmap
c,S4,mid,2035,,,,SC,,regional_demand_met_pct,78.85069437063895,,,,,%,frozen_all_scenario_regional_account,scenario_tier_year_heatmap
c,S4,mid,2035,,,,SW,,regional_demand_met_pct,100.0,,,,,%,frozen_all_scenario_regional_account,scenario_tier_year_heatmap
c,S4,mid,2035,,,,NW,,regional_demand_met_pct,100.0,,,,,%,frozen_all_scenario_regional_account,scenario_tier_year_heatmap
c,S4,mid,2040,,,,NC,,regional_demand_met_pct,99.9999274888981,,,,,%,frozen_all_scenario_regional_account,scenario_tier_year_heatmap
c,S4,mid,2040,,,,NE,,regional_demand_met_pct,100.0,,,,,%,frozen_all_scenario_regional_account,scenario_tier_year_heatmap
c,S4,mid,2040,,,,EC,,regional_demand_met_pct,65.53971749674047,,,,,%,frozen_all_scenario_regional_account,scenario_tier_year_heatmap
c,S4,mid,2040,,,,CC,,regional_demand_met_pct,100.0,,,,,%,frozen_all_scenario_regional_account,scenario_tier_year_heatmap
c,S4,mid,2040,,,,SC,,regional_demand_met_pct,71.84699295083513,,,,,%,frozen_all_scenario_regional_account,scenario_tier_year_heatmap
c,S4,mid,2040,,,,SW,,regional_demand_met_pct,100.0,,,,,%,frozen_all_scenario_regional_account,scenario_tier_year_heatmap
c,S4,mid,2040,,,,NW,,regional_demand_met_pct,100.0,,,,,%,frozen_all_scenario_regional_account,scenario_tier_year_heatmap
c,S4,mid,2045,,,,NC,,regional_demand_met_pct,99.99998854831514,,,,,%,frozen_all_scenario_regional_account,scenario_tier_year_heatmap
c,S4,mid,2045,,,,NE,,regional_demand_met_pct,100.0,,,,,%,frozen_all_scenario_regional_account,scenario_tier_year_heatmap
c,S4,mid,2045,,,,EC,,regional_demand_met_pct,65.3119071534367,,,,,%,frozen_all_scenario_regional_account,scenario_tier_year_heatmap
c,S4,mid,2045,,,,CC,,regional_demand_met_pct,100.0,,,,,%,frozen_all_scenario_regional_account,scenario_tier_year_heatmap
c,S4,mid,2045,,,,SC,,regional_demand_met_pct,66.92804981400282,,,,,%,frozen_all_scenario_regional_account,scenario_tier_year_heatmap
c,S4,mid,2045,,,,SW,,regional_demand_met_pct,100.0,,,,,%,frozen_all_scenario_regional_account,scenario_tier_year_heatmap
c,S4,mid,2045,,,,NW,,regional_demand_met_pct,100.0,,,,,%,frozen_all_scenario_regional_account,scenario_tier_year_heatmap
c,S4,mid,2050,,,,NC,,regional_demand_met_pct,99.9999773630678,,,,,%,frozen_all_scenario_regional_account,scenario_tier_year_heatmap
c,S4,mid,2050,,,,NE,,regional_demand_met_pct,100.0,,,,,%,frozen_all_scenario_regional_account,scenario_tier_year_heatmap
c,S4,mid,2050,,,,EC,,regional_demand_met_pct,63.34734247643551,,,,,%,frozen_all_scenario_regional_account,scenario_tier_year_heatmap
c,S4,mid,2050,,,,CC,,regional_demand_met_pct,100.0,,,,,%,frozen_all_scenario_regional_account,scenario_tier_year_heatmap
c,S4,mid,2050,,,,SC,,regional_demand_met_pct,62.73950110761593,,,,,%,frozen_all_scenario_regional_account,scenario_tier_year_heatmap
c,S4,mid,2050,,,,SW,,regional_demand_met_pct,100.0,,,,,%,frozen_all_scenario_regional_account,scenario_tier_year_heatmap
c,S4,mid,2050,,,,NW,,regional_demand_met_pct,100.0,,,,,%,frozen_all_scenario_regional_account,scenario_tier_year_heatmap
c,S4,mid,2055,,,,NC,,regional_demand_met_pct,98.5171589307817,,,,,%,frozen_all_scenario_regional_account,scenario_tier_year_heatmap
c,S4,mid,2055,,,,NE,,regional_demand_met_pct,100.0,,,,,%,frozen_all_scenario_regional_account,scenario_tier_year_heatmap
c,S4,mid,2055,,,,EC,,regional_demand_met_pct,61.972996131706346,,,,,%,frozen_all_scenario_regional_account,scenario_tier_year_heatmap
c,S4,mid,2055,,,,CC,,regional_demand_met_pct,100.0,,,,,%,frozen_all_scenario_regional_account,scenario_tier_year_heatmap
c,S4,mid,2055,,,,SC,,regional_demand_met_pct,60.35261564660207,,,,,%,frozen_all_scenario_regional_account,scenario_tier_year_heatmap
c,S4,mid,2055,,,,SW,,regional_demand_met_pct,100.0,,,,,%,frozen_all_scenario_regional_account,scenario_tier_year_heatmap
c,S4,mid,2055,,,,NW,,regional_demand_met_pct,100.0,,,,,%,frozen_all_scenario_regional_account,scenario_tier_year_heatmap
c,S4,mid,2060,,,,NC,,regional_demand_met_pct,97.2595564119722,,,,,%,frozen_all_scenario_regional_account,scenario_tier_year_heatmap
c,S4,mid,2060,,,,NE,,regional_demand_met_pct,100.0,,,,,%,frozen_all_scenario_regional_account,scenario_tier_year_heatmap
c,S4,mid,2060,,,,EC,,regional_demand_met_pct,61.312442224111365,,,,,%,frozen_all_scenario_regional_account,scenario_tier_year_heatmap
c,S4,mid,2060,,,,CC,,regional_demand_met_pct,99.99999987331324,,,,,%,frozen_all_scenario_regional_account,scenario_tier_year_heatmap
c,S4,mid,2060,,,,SC,,regional_demand_met_pct,59.21693788660985,,,,,%,frozen_all_scenario_regional_account,scenario_tier_year_heatmap
c,S4,mid,2060,,,,SW,,regional_demand_met_pct,99.99996465236616,,,,,%,frozen_all_scenario_regional_account,scenario_tier_year_heatmap
c,S4,mid,2060,,,,NW,,regional_demand_met_pct,100.0,,,,,%,frozen_all_scenario_regional_account,scenario_tier_year_heatmap
c,S4,high,2025,,,,NC,,regional_demand_met_pct,99.99100437231004,,,,,%,frozen_all_scenario_regional_account,scenario_tier_year_heatmap
c,S4,high,2025,,,,NE,,regional_demand_met_pct,100.0,,,,,%,frozen_all_scenario_regional_account,scenario_tier_year_heatmap
c,S4,high,2025,,,,EC,,regional_demand_met_pct,89.85226647037753,,,,,%,frozen_all_scenario_regional_account,scenario_tier_year_heatmap
c,S4,high,2025,,,,CC,,regional_demand_met_pct,100.0,,,,,%,frozen_all_scenario_regional_account,scenario_tier_year_heatmap
c,S4,high,2025,,,,SC,,regional_demand_met_pct,100.0,,,,,%,frozen_all_scenario_regional_account,scenario_tier_year_heatmap
c,S4,high,2025,,,,SW,,regional_demand_met_pct,100.0,,,,,%,frozen_all_scenario_regional_account,scenario_tier_year_heatmap
c,S4,high,2025,,,,NW,,regional_demand_met_pct,100.0,,,,,%,frozen_all_scenario_regional_account,scenario_tier_year_heatmap
c,S4,high,2030,,,,NC,,regional_demand_met_pct,99.99977109403298,,,,,%,frozen_all_scenario_regional_account,scenario_tier_year_heatmap
c,S4,high,2030,,,,NE,,regional_demand_met_pct,100.0,,,,,%,frozen_all_scenario_regional_account,scenario_tier_year_heatmap
c,S4,high,2030,,,,EC,,regional_demand_met_pct,65.36430284736217,,,,,%,frozen_all_scenario_regional_account,scenario_tier_year_heatmap
c,S4,high,2030,,,,CC,,regional_demand_met_pct,100.0,,,,,%,frozen_all_scenario_regional_account,scenario_tier_year_heatmap
c,S4,high,2030,,,,SC,,regional_demand_met_pct,69.162631602912,,,,,%,frozen_all_scenario_regional_account,scenario_tier_year_heatmap
c,S4,high,2030,,,,SW,,regional_demand_met_pct,100.0,,,,,%,frozen_all_scenario_regional_account,scenario_tier_year_heatmap
c,S4,high,2030,,,,NW,,regional_demand_met_pct,100.0,,,,,%,frozen_all_scenario_regional_account,scenario_tier_year_heatmap
c,S4,high,2035,,,,NC,,regional_demand_met_pct,99.99982586917008,,,,,%,frozen_all_scenario_regional_account,scenario_tier_year_heatmap
c,S4,high,2035,,,,NE,,regional_demand_met_pct,100.0,,,,,%,frozen_all_scenario_regional_account,scenario_tier_year_heatmap
c,S4,high,2035,,,,EC,,regional_demand_met_pct,63.09985213956589,,,,,%,frozen_all_scenario_regional_account,scenario_tier_year_heatmap
c,S4,high,2035,,,,CC,,regional_demand_met_pct,100.0,,,,,%,frozen_all_scenario_regional_account,scenario_tier_year_heatmap
c,S4,high,2035,,,,SC,,regional_demand_met_pct,61.83347379140287,,,,,%,frozen_all_scenario_regional_account,scenario_tier_year_heatmap
c,S4,high,2035,,,,SW,,regional_demand_met_pct,100.0,,,,,%,frozen_all_scenario_regional_account,scenario_tier_year_heatmap
c,S4,high,2035,,,,NW,,regional_demand_met_pct,100.0,,,,,%,frozen_all_scenario_regional_account,scenario_tier_year_heatmap
c,S4,high,2040,,,,NC,,regional_demand_met_pct,99.71974266078712,,,,,%,frozen_all_scenario_regional_account,scenario_tier_year_heatmap
c,S4,high,2040,,,,NE,,regional_demand_met_pct,100.0,,,,,%,frozen_all_scenario_regional_account,scenario_tier_year_heatmap
c,S4,high,2040,,,,EC,,regional_demand_met_pct,61.51335058094376,,,,,%,frozen_all_scenario_regional_account,scenario_tier_year_heatmap
c,S4,high,2040,,,,CC,,regional_demand_met_pct,100.0,,,,,%,frozen_all_scenario_regional_account,scenario_tier_year_heatmap
c,S4,high,2040,,,,SC,,regional_demand_met_pct,59.25865495398475,,,,,%,frozen_all_scenario_regional_account,scenario_tier_year_heatmap
c,S4,high,2040,,,,SW,,regional_demand_met_pct,100.0,,,,,%,frozen_all_scenario_regional_account,scenario_tier_year_heatmap
c,S4,high,2040,,,,NW,,regional_demand_met_pct,100.0,,,,,%,frozen_all_scenario_regional_account,scenario_tier_year_heatmap
c,S4,high,2045,,,,NC,,regional_demand_met_pct,96.83609873617915,,,,,%,frozen_all_scenario_regional_account,scenario_tier_year_heatmap
c,S4,high,2045,,,,NE,,regional_demand_met_pct,100.0,,,,,%,frozen_all_scenario_regional_account,scenario_tier_year_heatmap
c,S4,high,2045,,,,EC,,regional_demand_met_pct,60.16831897864781,,,,,%,frozen_all_scenario_regional_account,scenario_tier_year_heatmap
c,S4,high,2045,,,,CC,,regional_demand_met_pct,99.99995560398304,,,,,%,frozen_all_scenario_regional_account,scenario_tier_year_heatmap
c,S4,high,2045,,,,SC,,regional_demand_met_pct,56.993513372594485,,,,,%,frozen_all_scenario_regional_account,scenario_tier_year_heatmap
c,S4,high,2045,,,,SW,,regional_demand_met_pct,99.99997842927716,,,,,%,frozen_all_scenario_regional_account,scenario_tier_year_heatmap
c,S4,high,2045,,,,NW,,regional_demand_met_pct,100.0,,,,,%,frozen_all_scenario_regional_account,scenario_tier_year_heatmap
c,S4,high,2050,,,,NC,,regional_demand_met_pct,94.28600562015627,,,,,%,frozen_all_scenario_regional_account,scenario_tier_year_heatmap
c,S4,high,2050,,,,NE,,regional_demand_met_pct,100.0,,,,,%,frozen_all_scenario_regional_account,scenario_tier_year_heatmap
c,S4,high,2050,,,,EC,,regional_demand_met_pct,58.771633966685656,,,,,%,frozen_all_scenario_regional_account,scenario_tier_year_heatmap
c,S4,high,2050,,,,CC,,regional_demand_met_pct,99.99998763930766,,,,,%,frozen_all_scenario_regional_account,scenario_tier_year_heatmap
c,S4,high,2050,,,,SC,,regional_demand_met_pct,54.57627673393424,,,,,%,frozen_all_scenario_regional_account,scenario_tier_year_heatmap
c,S4,high,2050,,,,SW,,regional_demand_met_pct,98.1492438685703,,,,,%,frozen_all_scenario_regional_account,scenario_tier_year_heatmap
c,S4,high,2050,,,,NW,,regional_demand_met_pct,100.0,,,,,%,frozen_all_scenario_regional_account,scenario_tier_year_heatmap
c,S4,high,2055,,,,NC,,regional_demand_met_pct,92.59189443241377,,,,,%,frozen_all_scenario_regional_account,scenario_tier_year_heatmap
c,S4,high,2055,,,,NE,,regional_demand_met_pct,100.0,,,,,%,frozen_all_scenario_regional_account,scenario_tier_year_heatmap
c,S4,high,2055,,,,EC,,regional_demand_met_pct,57.80271470099888,,,,,%,frozen_all_scenario_regional_account,scenario_tier_year_heatmap
c,S4,high,2055,,,,CC,,regional_demand_met_pct,99.99999963881318,,,,,%,frozen_all_scenario_regional_account,scenario_tier_year_heatmap
c,S4,high,2055,,,,SC,,regional_demand_met_pct,51.45909459487294,,,,,%,frozen_all_scenario_regional_account,scenario_tier_year_heatmap
c,S4,high,2055,,,,SW,,regional_demand_met_pct,89.36982723870001,,,,,%,frozen_all_scenario_regional_account,scenario_tier_year_heatmap
c,S4,high,2055,,,,NW,,regional_demand_met_pct,100.0,,,,,%,frozen_all_scenario_regional_account,scenario_tier_year_heatmap
c,S4,high,2060,,,,NC,,regional_demand_met_pct,91.39475236042742,,,,,%,frozen_all_scenario_regional_account,scenario_tier_year_heatmap
c,S4,high,2060,,,,NE,,regional_demand_met_pct,100.0,,,,,%,frozen_all_scenario_regional_account,scenario_tier_year_heatmap
c,S4,high,2060,,,,EC,,regional_demand_met_pct,57.0948471713158,,,,,%,frozen_all_scenario_regional_account,scenario_tier_year_heatmap
c,S4,high,2060,,,,CC,,regional_demand_met_pct,99.99997198192852,,,,,%,frozen_all_scenario_regional_account,scenario_tier_year_heatmap
c,S4,high,2060,,,,SC,,regional_demand_met_pct,46.158951703609226,,,,,%,frozen_all_scenario_regional_account,scenario_tier_year_heatmap
c,S4,high,2060,,,,SW,,regional_demand_met_pct,86.55038743570627,,,,,%,frozen_all_scenario_regional_account,scenario_tier_year_heatmap
c,S4,high,2060,,,,NW,,regional_demand_met_pct,100.0,,,,,%,frozen_all_scenario_regional_account,scenario_tier_year_heatmap
c,S5,low,2025,,,,NC,,regional_demand_met_pct,99.99586667240386,,,,,%,frozen_all_scenario_regional_account,scenario_tier_year_heatmap
c,S5,low,2025,,,,NE,,regional_demand_met_pct,100.0,,,,,%,frozen_all_scenario_regional_account,scenario_tier_year_heatmap
c,S5,low,2025,,,,EC,,regional_demand_met_pct,78.39235670409094,,,,,%,frozen_all_scenario_regional_account,scenario_tier_year_heatmap
c,S5,low,2025,,,,CC,,regional_demand_met_pct,100.0,,,,,%,frozen_all_scenario_regional_account,scenario_tier_year_heatmap
c,S5,low,2025,,,,SC,,regional_demand_met_pct,100.0,,,,,%,frozen_all_scenario_regional_account,scenario_tier_year_heatmap
c,S5,low,2025,,,,SW,,regional_demand_met_pct,100.0,,,,,%,frozen_all_scenario_regional_account,scenario_tier_year_heatmap
c,S5,low,2025,,,,NW,,regional_demand_met_pct,100.0,,,,,%,frozen_all_scenario_regional_account,scenario_tier_year_heatmap
c,S5,low,2030,,,,NC,,regional_demand_met_pct,99.99947252193007,,,,,%,frozen_all_scenario_regional_account,scenario_tier_year_heatmap
c,S5,low,2030,,,,NE,,regional_demand_met_pct,100.0,,,,,%,frozen_all_scenario_regional_account,scenario_tier_year_heatmap
c,S5,low,2030,,,,EC,,regional_demand_met_pct,63.10730920251403,,,,,%,frozen_all_scenario_regional_account,scenario_tier_year_heatmap
c,S5,low,2030,,,,CC,,regional_demand_met_pct,100.0,,,,,%,frozen_all_scenario_regional_account,scenario_tier_year_heatmap
c,S5,low,2030,,,,SC,,regional_demand_met_pct,55.1337365714263,,,,,%,frozen_all_scenario_regional_account,scenario_tier_year_heatmap
c,S5,low,2030,,,,SW,,regional_demand_met_pct,100.0,,,,,%,frozen_all_scenario_regional_account,scenario_tier_year_heatmap
c,S5,low,2030,,,,NW,,regional_demand_met_pct,100.0,,,,,%,frozen_all_scenario_regional_account,scenario_tier_year_heatmap
c,S5,low,2035,,,,NC,,regional_demand_met_pct,95.17826162949974,,,,,%,frozen_all_scenario_regional_account,scenario_tier_year_heatmap
c,S5,low,2035,,,,NE,,regional_demand_met_pct,100.0,,,,,%,frozen_all_scenario_regional_account,scenario_tier_year_heatmap
c,S5,low,2035,,,,EC,,regional_demand_met_pct,56.60954657707981,,,,,%,frozen_all_scenario_regional_account,scenario_tier_year_heatmap
c,S5,low,2035,,,,CC,,regional_demand_met_pct,100.0,,,,,%,frozen_all_scenario_regional_account,scenario_tier_year_heatmap
c,S5,low,2035,,,,SC,,regional_demand_met_pct,47.51894131380432,,,,,%,frozen_all_scenario_regional_account,scenario_tier_year_heatmap
c,S5,low,2035,,,,SW,,regional_demand_met_pct,100.0,,,,,%,frozen_all_scenario_regional_account,scenario_tier_year_heatmap
c,S5,low,2035,,,,NW,,regional_demand_met_pct,100.0,,,,,%,frozen_all_scenario_regional_account,scenario_tier_year_heatmap
c,S5,low,2040,,,,NC,,regional_demand_met_pct,92.1024365173554,,,,,%,frozen_all_scenario_regional_account,scenario_tier_year_heatmap
c,S5,low,2040,,,,NE,,regional_demand_met_pct,100.0,,,,,%,frozen_all_scenario_regional_account,scenario_tier_year_heatmap
c,S5,low,2040,,,,EC,,regional_demand_met_pct,57.253870157881735,,,,,%,frozen_all_scenario_regional_account,scenario_tier_year_heatmap
c,S5,low,2040,,,,CC,,regional_demand_met_pct,100.0,,,,,%,frozen_all_scenario_regional_account,scenario_tier_year_heatmap
c,S5,low,2040,,,,SC,,regional_demand_met_pct,44.94867265229641,,,,,%,frozen_all_scenario_regional_account,scenario_tier_year_heatmap
c,S5,low,2040,,,,SW,,regional_demand_met_pct,100.0,,,,,%,frozen_all_scenario_regional_account,scenario_tier_year_heatmap
c,S5,low,2040,,,,NW,,regional_demand_met_pct,100.0,,,,,%,frozen_all_scenario_regional_account,scenario_tier_year_heatmap
c,S5,low,2045,,,,NC,,regional_demand_met_pct,89.96121862232468,,,,,%,frozen_all_scenario_regional_account,scenario_tier_year_heatmap
c,S5,low,2045,,,,NE,,regional_demand_met_pct,100.0,,,,,%,frozen_all_scenario_regional_account,scenario_tier_year_heatmap
c,S5,low,2045,,,,EC,,regional_demand_met_pct,56.657520756611405,,,,,%,frozen_all_scenario_regional_account,scenario_tier_year_heatmap
c,S5,low,2045,,,,CC,,regional_demand_met_pct,100.0,,,,,%,frozen_all_scenario_regional_account,scenario_tier_year_heatmap
c,S5,low,2045,,,,SC,,regional_demand_met_pct,42.65151384046302,,,,,%,frozen_all_scenario_regional_account,scenario_tier_year_heatmap
c,S5,low,2045,,,,SW,,regional_demand_met_pct,99.99991831714766,,,,,%,frozen_all_scenario_regional_account,scenario_tier_year_heatmap
c,S5,low,2045,,,,NW,,regional_demand_met_pct,100.0,,,,,%,frozen_all_scenario_regional_account,scenario_tier_year_heatmap
c,S5,low,2050,,,,NC,,regional_demand_met_pct,88.14252613713246,,,,,%,frozen_all_scenario_regional_account,scenario_tier_year_heatmap
c,S5,low,2050,,,,NE,,regional_demand_met_pct,100.0,,,,,%,frozen_all_scenario_regional_account,scenario_tier_year_heatmap
c,S5,low,2050,,,,EC,,regional_demand_met_pct,55.08703171746908,,,,,%,frozen_all_scenario_regional_account,scenario_tier_year_heatmap
c,S5,low,2050,,,,CC,,regional_demand_met_pct,99.99995388570233,,,,,%,frozen_all_scenario_regional_account,scenario_tier_year_heatmap
c,S5,low,2050,,,,SC,,regional_demand_met_pct,40.271754000802304,,,,,%,frozen_all_scenario_regional_account,scenario_tier_year_heatmap
c,S5,low,2050,,,,SW,,regional_demand_met_pct,99.99993514176472,,,,,%,frozen_all_scenario_regional_account,scenario_tier_year_heatmap
c,S5,low,2050,,,,NW,,regional_demand_met_pct,100.0,,,,,%,frozen_all_scenario_regional_account,scenario_tier_year_heatmap
c,S5,low,2055,,,,NC,,regional_demand_met_pct,86.92871341811971,,,,,%,frozen_all_scenario_regional_account,scenario_tier_year_heatmap
c,S5,low,2055,,,,NE,,regional_demand_met_pct,100.0,,,,,%,frozen_all_scenario_regional_account,scenario_tier_year_heatmap
c,S5,low,2055,,,,EC,,regional_demand_met_pct,53.97311949347063,,,,,%,frozen_all_scenario_regional_account,scenario_tier_year_heatmap
c,S5,low,2055,,,,CC,,regional_demand_met_pct,99.8510602095536,,,,,%,frozen_all_scenario_regional_account,scenario_tier_year_heatmap
c,S5,low,2055,,,,SC,,regional_demand_met_pct,36.0332816401373,,,,,%,frozen_all_scenario_regional_account,scenario_tier_year_heatmap
c,S5,low,2055,,,,SW,,regional_demand_met_pct,95.38557913274278,,,,,%,frozen_all_scenario_regional_account,scenario_tier_year_heatmap
c,S5,low,2055,,,,NW,,regional_demand_met_pct,100.0,,,,,%,frozen_all_scenario_regional_account,scenario_tier_year_heatmap
c,S5,low,2060,,,,NC,,regional_demand_met_pct,86.05560439179067,,,,,%,frozen_all_scenario_regional_account,scenario_tier_year_heatmap
c,S5,low,2060,,,,NE,,regional_demand_met_pct,100.0,,,,,%,frozen_all_scenario_regional_account,scenario_tier_year_heatmap
c,S5,low,2060,,,,EC,,regional_demand_met_pct,53.127343229061,,,,,%,frozen_all_scenario_regional_account,scenario_tier_year_heatmap
c,S5,low,2060,,,,CC,,regional_demand_met_pct,99.63372085946584,,,,,%,frozen_all_scenario_regional_account,scenario_tier_year_heatmap
c,S5,low,2060,,,,SC,,regional_demand_met_pct,29.88828633359048,,,,,%,frozen_all_scenario_regional_account,scenario_tier_year_heatmap
c,S5,low,2060,,,,SW,,regional_demand_met_pct,90.05279500490174,,,,,%,frozen_all_scenario_regional_account,scenario_tier_year_heatmap
c,S5,low,2060,,,,NW,,regional_demand_met_pct,100.0,,,,,%,frozen_all_scenario_regional_account,scenario_tier_year_heatmap
c,S5,mid,2025,,,,NC,,regional_demand_met_pct,99.999537646135,,,,,%,frozen_all_scenario_regional_account,scenario_tier_year_heatmap
c,S5,mid,2025,,,,NE,,regional_demand_met_pct,100.0,,,,,%,frozen_all_scenario_regional_account,scenario_tier_year_heatmap
c,S5,mid,2025,,,,EC,,regional_demand_met_pct,69.27541653718265,,,,,%,frozen_all_scenario_regional_account,scenario_tier_year_heatmap
c,S5,mid,2025,,,,CC,,regional_demand_met_pct,100.0,,,,,%,frozen_all_scenario_regional_account,scenario_tier_year_heatmap
c,S5,mid,2025,,,,SC,,regional_demand_met_pct,80.45550345352316,,,,,%,frozen_all_scenario_regional_account,scenario_tier_year_heatmap
c,S5,mid,2025,,,,SW,,regional_demand_met_pct,100.0,,,,,%,frozen_all_scenario_regional_account,scenario_tier_year_heatmap
c,S5,mid,2025,,,,NW,,regional_demand_met_pct,100.0,,,,,%,frozen_all_scenario_regional_account,scenario_tier_year_heatmap
c,S5,mid,2030,,,,NC,,regional_demand_met_pct,85.49472591313817,,,,,%,frozen_all_scenario_regional_account,scenario_tier_year_heatmap
c,S5,mid,2030,,,,NE,,regional_demand_met_pct,100.0,,,,,%,frozen_all_scenario_regional_account,scenario_tier_year_heatmap
c,S5,mid,2030,,,,EC,,regional_demand_met_pct,51.47828625279686,,,,,%,frozen_all_scenario_regional_account,scenario_tier_year_heatmap
c,S5,mid,2030,,,,CC,,regional_demand_met_pct,100.0,,,,,%,frozen_all_scenario_regional_account,scenario_tier_year_heatmap
c,S5,mid,2030,,,,SC,,regional_demand_met_pct,31.935644659424483,,,,,%,frozen_all_scenario_regional_account,scenario_tier_year_heatmap
c,S5,mid,2030,,,,SW,,regional_demand_met_pct,99.9997470622116,,,,,%,frozen_all_scenario_regional_account,scenario_tier_year_heatmap
c,S5,mid,2030,,,,NW,,regional_demand_met_pct,100.0,,,,,%,frozen_all_scenario_regional_account,scenario_tier_year_heatmap
c,S5,mid,2035,,,,NC,,regional_demand_met_pct,71.49779363992741,,,,,%,frozen_all_scenario_regional_account,scenario_tier_year_heatmap
c,S5,mid,2035,,,,NE,,regional_demand_met_pct,100.0,,,,,%,frozen_all_scenario_regional_account,scenario_tier_year_heatmap
c,S5,mid,2035,,,,EC,,regional_demand_met_pct,50.38288935371684,,,,,%,frozen_all_scenario_regional_account,scenario_tier_year_heatmap
c,S5,mid,2035,,,,CC,,regional_demand_met_pct,98.539417646927,,,,,%,frozen_all_scenario_regional_account,scenario_tier_year_heatmap
c,S5,mid,2035,,,,SC,,regional_demand_met_pct,26.56076277626218,,,,,%,frozen_all_scenario_regional_account,scenario_tier_year_heatmap
c,S5,mid,2035,,,,SW,,regional_demand_met_pct,99.99988643166432,,,,,%,frozen_all_scenario_regional_account,scenario_tier_year_heatmap
c,S5,mid,2035,,,,NW,,regional_demand_met_pct,100.0,,,,,%,frozen_all_scenario_regional_account,scenario_tier_year_heatmap
c,S5,mid,2040,,,,NC,,regional_demand_met_pct,67.78583443529699,,,,,%,frozen_all_scenario_regional_account,scenario_tier_year_heatmap
c,S5,mid,2040,,,,NE,,regional_demand_met_pct,100.0,,,,,%,frozen_all_scenario_regional_account,scenario_tier_year_heatmap
c,S5,mid,2040,,,,EC,,regional_demand_met_pct,47.96145706440648,,,,,%,frozen_all_scenario_regional_account,scenario_tier_year_heatmap
c,S5,mid,2040,,,,CC,,regional_demand_met_pct,97.7858248358818,,,,,%,frozen_all_scenario_regional_account,scenario_tier_year_heatmap
c,S5,mid,2040,,,,SC,,regional_demand_met_pct,22.820884124469497,,,,,%,frozen_all_scenario_regional_account,scenario_tier_year_heatmap
c,S5,mid,2040,,,,SW,,regional_demand_met_pct,95.20323358539105,,,,,%,frozen_all_scenario_regional_account,scenario_tier_year_heatmap
c,S5,mid,2040,,,,NW,,regional_demand_met_pct,100.0,,,,,%,frozen_all_scenario_regional_account,scenario_tier_year_heatmap
c,S5,mid,2045,,,,NC,,regional_demand_met_pct,63.67525147602392,,,,,%,frozen_all_scenario_regional_account,scenario_tier_year_heatmap
c,S5,mid,2045,,,,NE,,regional_demand_met_pct,100.0,,,,,%,frozen_all_scenario_regional_account,scenario_tier_year_heatmap
c,S5,mid,2045,,,,EC,,regional_demand_met_pct,37.66422877412628,,,,,%,frozen_all_scenario_regional_account,scenario_tier_year_heatmap
c,S5,mid,2045,,,,CC,,regional_demand_met_pct,97.3086757157552,,,,,%,frozen_all_scenario_regional_account,scenario_tier_year_heatmap
c,S5,mid,2045,,,,SC,,regional_demand_met_pct,19.440752920047967,,,,,%,frozen_all_scenario_regional_account,scenario_tier_year_heatmap
c,S5,mid,2045,,,,SW,,regional_demand_met_pct,90.33926041835036,,,,,%,frozen_all_scenario_regional_account,scenario_tier_year_heatmap
c,S5,mid,2045,,,,NW,,regional_demand_met_pct,100.0,,,,,%,frozen_all_scenario_regional_account,scenario_tier_year_heatmap
c,S5,mid,2050,,,,NC,,regional_demand_met_pct,58.59485932219544,,,,,%,frozen_all_scenario_regional_account,scenario_tier_year_heatmap
c,S5,mid,2050,,,,NE,,regional_demand_met_pct,100.0,,,,,%,frozen_all_scenario_regional_account,scenario_tier_year_heatmap
c,S5,mid,2050,,,,EC,,regional_demand_met_pct,30.348174054921238,,,,,%,frozen_all_scenario_regional_account,scenario_tier_year_heatmap
c,S5,mid,2050,,,,CC,,regional_demand_met_pct,96.92929999676367,,,,,%,frozen_all_scenario_regional_account,scenario_tier_year_heatmap
c,S5,mid,2050,,,,SC,,regional_demand_met_pct,15.925989125158276,,,,,%,frozen_all_scenario_regional_account,scenario_tier_year_heatmap
c,S5,mid,2050,,,,SW,,regional_demand_met_pct,86.25954586352744,,,,,%,frozen_all_scenario_regional_account,scenario_tier_year_heatmap
c,S5,mid,2050,,,,NW,,regional_demand_met_pct,100.0,,,,,%,frozen_all_scenario_regional_account,scenario_tier_year_heatmap
c,S5,mid,2055,,,,NC,,regional_demand_met_pct,55.96157184363352,,,,,%,frozen_all_scenario_regional_account,scenario_tier_year_heatmap
c,S5,mid,2055,,,,NE,,regional_demand_met_pct,96.03200045645916,,,,,%,frozen_all_scenario_regional_account,scenario_tier_year_heatmap
c,S5,mid,2055,,,,EC,,regional_demand_met_pct,25.34020528362798,,,,,%,frozen_all_scenario_regional_account,scenario_tier_year_heatmap
c,S5,mid,2055,,,,CC,,regional_demand_met_pct,96.80437530912694,,,,,%,frozen_all_scenario_regional_account,scenario_tier_year_heatmap
c,S5,mid,2055,,,,SC,,regional_demand_met_pct,13.32471579376029,,,,,%,frozen_all_scenario_regional_account,scenario_tier_year_heatmap
c,S5,mid,2055,,,,SW,,regional_demand_met_pct,83.36736843893142,,,,,%,frozen_all_scenario_regional_account,scenario_tier_year_heatmap
c,S5,mid,2055,,,,NW,,regional_demand_met_pct,100.0,,,,,%,frozen_all_scenario_regional_account,scenario_tier_year_heatmap
c,S5,mid,2060,,,,NC,,regional_demand_met_pct,55.95631660107751,,,,,%,frozen_all_scenario_regional_account,scenario_tier_year_heatmap
c,S5,mid,2060,,,,NE,,regional_demand_met_pct,84.97994765955467,,,,,%,frozen_all_scenario_regional_account,scenario_tier_year_heatmap
c,S5,mid,2060,,,,EC,,regional_demand_met_pct,20.46084663964864,,,,,%,frozen_all_scenario_regional_account,scenario_tier_year_heatmap
c,S5,mid,2060,,,,CC,,regional_demand_met_pct,96.8155547517498,,,,,%,frozen_all_scenario_regional_account,scenario_tier_year_heatmap
c,S5,mid,2060,,,,SC,,regional_demand_met_pct,11.2911431054542,,,,,%,frozen_all_scenario_regional_account,scenario_tier_year_heatmap
c,S5,mid,2060,,,,SW,,regional_demand_met_pct,76.02857701813099,,,,,%,frozen_all_scenario_regional_account,scenario_tier_year_heatmap
c,S5,mid,2060,,,,NW,,regional_demand_met_pct,100.0,,,,,%,frozen_all_scenario_regional_account,scenario_tier_year_heatmap
c,S5,high,2025,,,,NC,,regional_demand_met_pct,95.1210754557378,,,,,%,frozen_all_scenario_regional_account,scenario_tier_year_heatmap
c,S5,high,2025,,,,NE,,regional_demand_met_pct,100.0,,,,,%,frozen_all_scenario_regional_account,scenario_tier_year_heatmap
c,S5,high,2025,,,,EC,,regional_demand_met_pct,57.98095769913205,,,,,%,frozen_all_scenario_regional_account,scenario_tier_year_heatmap
c,S5,high,2025,,,,CC,,regional_demand_met_pct,100.0,,,,,%,frozen_all_scenario_regional_account,scenario_tier_year_heatmap
c,S5,high,2025,,,,SC,,regional_demand_met_pct,53.394199612676864,,,,,%,frozen_all_scenario_regional_account,scenario_tier_year_heatmap
c,S5,high,2025,,,,SW,,regional_demand_met_pct,100.0,,,,,%,frozen_all_scenario_regional_account,scenario_tier_year_heatmap
c,S5,high,2025,,,,NW,,regional_demand_met_pct,100.0,,,,,%,frozen_all_scenario_regional_account,scenario_tier_year_heatmap
c,S5,high,2030,,,,NC,,regional_demand_met_pct,52.25398046073949,,,,,%,frozen_all_scenario_regional_account,scenario_tier_year_heatmap
c,S5,high,2030,,,,NE,,regional_demand_met_pct,80.96129452816488,,,,,%,frozen_all_scenario_regional_account,scenario_tier_year_heatmap
c,S5,high,2030,,,,EC,,regional_demand_met_pct,46.159443422897766,,,,,%,frozen_all_scenario_regional_account,scenario_tier_year_heatmap
c,S5,high,2030,,,,CC,,regional_demand_met_pct,94.64352151659509,,,,,%,frozen_all_scenario_regional_account,scenario_tier_year_heatmap
c,S5,high,2030,,,,SC,,regional_demand_met_pct,17.478228588794178,,,,,%,frozen_all_scenario_regional_account,scenario_tier_year_heatmap
c,S5,high,2030,,,,SW,,regional_demand_met_pct,97.8366323143205,,,,,%,frozen_all_scenario_regional_account,scenario_tier_year_heatmap
c,S5,high,2030,,,,NW,,regional_demand_met_pct,100.0,,,,,%,frozen_all_scenario_regional_account,scenario_tier_year_heatmap
c,S5,high,2035,,,,NC,,regional_demand_met_pct,51.7658211146,,,,,%,frozen_all_scenario_regional_account,scenario_tier_year_heatmap
c,S5,high,2035,,,,NE,,regional_demand_met_pct,65.4004086704558,,,,,%,frozen_all_scenario_regional_account,scenario_tier_year_heatmap
c,S5,high,2035,,,,EC,,regional_demand_met_pct,32.38706199878592,,,,,%,frozen_all_scenario_regional_account,scenario_tier_year_heatmap
c,S5,high,2035,,,,CC,,regional_demand_met_pct,92.84297910358742,,,,,%,frozen_all_scenario_regional_account,scenario_tier_year_heatmap
c,S5,high,2035,,,,SC,,regional_demand_met_pct,13.486034411950214,,,,,%,frozen_all_scenario_regional_account,scenario_tier_year_heatmap
c,S5,high,2035,,,,SW,,regional_demand_met_pct,93.33023300086138,,,,,%,frozen_all_scenario_regional_account,scenario_tier_year_heatmap
c,S5,high,2035,,,,NW,,regional_demand_met_pct,100.0,,,,,%,frozen_all_scenario_regional_account,scenario_tier_year_heatmap
c,S5,high,2040,,,,NC,,regional_demand_met_pct,51.9837088836258,,,,,%,frozen_all_scenario_regional_account,scenario_tier_year_heatmap
c,S5,high,2040,,,,NE,,regional_demand_met_pct,61.86345822208521,,,,,%,frozen_all_scenario_regional_account,scenario_tier_year_heatmap
c,S5,high,2040,,,,EC,,regional_demand_met_pct,26.05301192242375,,,,,%,frozen_all_scenario_regional_account,scenario_tier_year_heatmap
c,S5,high,2040,,,,CC,,regional_demand_met_pct,92.80931574458872,,,,,%,frozen_all_scenario_regional_account,scenario_tier_year_heatmap
c,S5,high,2040,,,,SC,,regional_demand_met_pct,11.875048877180664,,,,,%,frozen_all_scenario_regional_account,scenario_tier_year_heatmap
c,S5,high,2040,,,,SW,,regional_demand_met_pct,89.98503839502993,,,,,%,frozen_all_scenario_regional_account,scenario_tier_year_heatmap
c,S5,high,2040,,,,NW,,regional_demand_met_pct,100.0,,,,,%,frozen_all_scenario_regional_account,scenario_tier_year_heatmap
c,S5,high,2045,,,,NC,,regional_demand_met_pct,52.237890851082895,,,,,%,frozen_all_scenario_regional_account,scenario_tier_year_heatmap
c,S5,high,2045,,,,NE,,regional_demand_met_pct,57.164780044873496,,,,,%,frozen_all_scenario_regional_account,scenario_tier_year_heatmap
c,S5,high,2045,,,,EC,,regional_demand_met_pct,20.32026632450249,,,,,%,frozen_all_scenario_regional_account,scenario_tier_year_heatmap
c,S5,high,2045,,,,CC,,regional_demand_met_pct,92.78509698355867,,,,,%,frozen_all_scenario_regional_account,scenario_tier_year_heatmap
c,S5,high,2045,,,,SC,,regional_demand_met_pct,10.328403548971613,,,,,%,frozen_all_scenario_regional_account,scenario_tier_year_heatmap
c,S5,high,2045,,,,SW,,regional_demand_met_pct,87.36963977497027,,,,,%,frozen_all_scenario_regional_account,scenario_tier_year_heatmap
c,S5,high,2045,,,,NW,,regional_demand_met_pct,100.0,,,,,%,frozen_all_scenario_regional_account,scenario_tier_year_heatmap
c,S5,high,2050,,,,NC,,regional_demand_met_pct,52.35112489723176,,,,,%,frozen_all_scenario_regional_account,scenario_tier_year_heatmap
c,S5,high,2050,,,,NE,,regional_demand_met_pct,50.57678564465045,,,,,%,frozen_all_scenario_regional_account,scenario_tier_year_heatmap
c,S5,high,2050,,,,EC,,regional_demand_met_pct,14.402645077833606,,,,,%,frozen_all_scenario_regional_account,scenario_tier_year_heatmap
c,S5,high,2050,,,,CC,,regional_demand_met_pct,92.6932134052714,,,,,%,frozen_all_scenario_regional_account,scenario_tier_year_heatmap
c,S5,high,2050,,,,SC,,regional_demand_met_pct,8.622636184950814,,,,,%,frozen_all_scenario_regional_account,scenario_tier_year_heatmap
c,S5,high,2050,,,,SW,,regional_demand_met_pct,80.07956621912966,,,,,%,frozen_all_scenario_regional_account,scenario_tier_year_heatmap
c,S5,high,2050,,,,NW,,regional_demand_met_pct,100.0,,,,,%,frozen_all_scenario_regional_account,scenario_tier_year_heatmap
c,S5,high,2055,,,,NC,,regional_demand_met_pct,52.35623567208648,,,,,%,frozen_all_scenario_regional_account,scenario_tier_year_heatmap
c,S5,high,2055,,,,NE,,regional_demand_met_pct,45.58824431680038,,,,,%,frozen_all_scenario_regional_account,scenario_tier_year_heatmap
c,S5,high,2055,,,,EC,,regional_demand_met_pct,10.167328463767678,,,,,%,frozen_all_scenario_regional_account,scenario_tier_year_heatmap
c,S5,high,2055,,,,CC,,regional_demand_met_pct,83.52615276286826,,,,,%,frozen_all_scenario_regional_account,scenario_tier_year_heatmap
c,S5,high,2055,,,,SC,,regional_demand_met_pct,7.358242282358595,,,,,%,frozen_all_scenario_regional_account,scenario_tier_year_heatmap
c,S5,high,2055,,,,SW,,regional_demand_met_pct,72.38145609453144,,,,,%,frozen_all_scenario_regional_account,scenario_tier_year_heatmap
c,S5,high,2055,,,,NW,,regional_demand_met_pct,99.9999927580568,,,,,%,frozen_all_scenario_regional_account,scenario_tier_year_heatmap
c,S5,high,2060,,,,NC,,regional_demand_met_pct,50.54152576997234,,,,,%,frozen_all_scenario_regional_account,scenario_tier_year_heatmap
c,S5,high,2060,,,,NE,,regional_demand_met_pct,41.81317356044437,,,,,%,frozen_all_scenario_regional_account,scenario_tier_year_heatmap
c,S5,high,2060,,,,EC,,regional_demand_met_pct,7.633432403335498,,,,,%,frozen_all_scenario_regional_account,scenario_tier_year_heatmap
c,S5,high,2060,,,,CC,,regional_demand_met_pct,67.39932081065594,,,,,%,frozen_all_scenario_regional_account,scenario_tier_year_heatmap
c,S5,high,2060,,,,SC,,regional_demand_met_pct,6.387393438572718,,,,,%,frozen_all_scenario_regional_account,scenario_tier_year_heatmap
c,S5,high,2060,,,,SW,,regional_demand_met_pct,66.27519013168785,,,,,%,frozen_all_scenario_regional_account,scenario_tier_year_heatmap
c,S5,high,2060,,,,NW,,regional_demand_met_pct,99.99998988917636,,,,,%,frozen_all_scenario_regional_account,scenario_tier_year_heatmap
c,S6,low,2025,,,,NC,,regional_demand_met_pct,99.99733026963578,,,,,%,frozen_all_scenario_regional_account,scenario_tier_year_heatmap
c,S6,low,2025,,,,NE,,regional_demand_met_pct,100.0,,,,,%,frozen_all_scenario_regional_account,scenario_tier_year_heatmap
c,S6,low,2025,,,,EC,,regional_demand_met_pct,84.9383472291504,,,,,%,frozen_all_scenario_regional_account,scenario_tier_year_heatmap
c,S6,low,2025,,,,CC,,regional_demand_met_pct,100.0,,,,,%,frozen_all_scenario_regional_account,scenario_tier_year_heatmap
c,S6,low,2025,,,,SC,,regional_demand_met_pct,100.0,,,,,%,frozen_all_scenario_regional_account,scenario_tier_year_heatmap
c,S6,low,2025,,,,SW,,regional_demand_met_pct,100.0,,,,,%,frozen_all_scenario_regional_account,scenario_tier_year_heatmap
c,S6,low,2025,,,,NW,,regional_demand_met_pct,100.0,,,,,%,frozen_all_scenario_regional_account,scenario_tier_year_heatmap
c,S6,low,2030,,,,NC,,regional_demand_met_pct,99.9996818050132,,,,,%,frozen_all_scenario_regional_account,scenario_tier_year_heatmap
c,S6,low,2030,,,,NE,,regional_demand_met_pct,100.0,,,,,%,frozen_all_scenario_regional_account,scenario_tier_year_heatmap
c,S6,low,2030,,,,EC,,regional_demand_met_pct,65.6663463740825,,,,,%,frozen_all_scenario_regional_account,scenario_tier_year_heatmap
c,S6,low,2030,,,,CC,,regional_demand_met_pct,100.0,,,,,%,frozen_all_scenario_regional_account,scenario_tier_year_heatmap
c,S6,low,2030,,,,SC,,regional_demand_met_pct,55.00671062262303,,,,,%,frozen_all_scenario_regional_account,scenario_tier_year_heatmap
c,S6,low,2030,,,,SW,,regional_demand_met_pct,100.0,,,,,%,frozen_all_scenario_regional_account,scenario_tier_year_heatmap
c,S6,low,2030,,,,NW,,regional_demand_met_pct,100.0,,,,,%,frozen_all_scenario_regional_account,scenario_tier_year_heatmap
c,S6,low,2035,,,,NC,,regional_demand_met_pct,97.87182529819636,,,,,%,frozen_all_scenario_regional_account,scenario_tier_year_heatmap
c,S6,low,2035,,,,NE,,regional_demand_met_pct,100.0,,,,,%,frozen_all_scenario_regional_account,scenario_tier_year_heatmap
c,S6,low,2035,,,,EC,,regional_demand_met_pct,57.48703189585081,,,,,%,frozen_all_scenario_regional_account,scenario_tier_year_heatmap
c,S6,low,2035,,,,CC,,regional_demand_met_pct,100.0,,,,,%,frozen_all_scenario_regional_account,scenario_tier_year_heatmap
c,S6,low,2035,,,,SC,,regional_demand_met_pct,45.64373358505496,,,,,%,frozen_all_scenario_regional_account,scenario_tier_year_heatmap
c,S6,low,2035,,,,SW,,regional_demand_met_pct,99.9998611776125,,,,,%,frozen_all_scenario_regional_account,scenario_tier_year_heatmap
c,S6,low,2035,,,,NW,,regional_demand_met_pct,100.0,,,,,%,frozen_all_scenario_regional_account,scenario_tier_year_heatmap
c,S6,low,2040,,,,NC,,regional_demand_met_pct,93.99832932396448,,,,,%,frozen_all_scenario_regional_account,scenario_tier_year_heatmap
c,S6,low,2040,,,,NE,,regional_demand_met_pct,100.0,,,,,%,frozen_all_scenario_regional_account,scenario_tier_year_heatmap
c,S6,low,2040,,,,EC,,regional_demand_met_pct,57.30166682191598,,,,,%,frozen_all_scenario_regional_account,scenario_tier_year_heatmap
c,S6,low,2040,,,,CC,,regional_demand_met_pct,100.0,,,,,%,frozen_all_scenario_regional_account,scenario_tier_year_heatmap
c,S6,low,2040,,,,SC,,regional_demand_met_pct,42.09899582913283,,,,,%,frozen_all_scenario_regional_account,scenario_tier_year_heatmap
c,S6,low,2040,,,,SW,,regional_demand_met_pct,99.99990911909508,,,,,%,frozen_all_scenario_regional_account,scenario_tier_year_heatmap
c,S6,low,2040,,,,NW,,regional_demand_met_pct,100.0,,,,,%,frozen_all_scenario_regional_account,scenario_tier_year_heatmap
c,S6,low,2045,,,,NC,,regional_demand_met_pct,91.35457962168287,,,,,%,frozen_all_scenario_regional_account,scenario_tier_year_heatmap
c,S6,low,2045,,,,NE,,regional_demand_met_pct,100.0,,,,,%,frozen_all_scenario_regional_account,scenario_tier_year_heatmap
c,S6,low,2045,,,,EC,,regional_demand_met_pct,56.22454587319281,,,,,%,frozen_all_scenario_regional_account,scenario_tier_year_heatmap
c,S6,low,2045,,,,CC,,regional_demand_met_pct,100.0,,,,,%,frozen_all_scenario_regional_account,scenario_tier_year_heatmap
c,S6,low,2045,,,,SC,,regional_demand_met_pct,39.21291982712313,,,,,%,frozen_all_scenario_regional_account,scenario_tier_year_heatmap
c,S6,low,2045,,,,SW,,regional_demand_met_pct,99.99994281126985,,,,,%,frozen_all_scenario_regional_account,scenario_tier_year_heatmap
c,S6,low,2045,,,,NW,,regional_demand_met_pct,100.0,,,,,%,frozen_all_scenario_regional_account,scenario_tier_year_heatmap
c,S6,low,2050,,,,NC,,regional_demand_met_pct,89.1935484877878,,,,,%,frozen_all_scenario_regional_account,scenario_tier_year_heatmap
c,S6,low,2050,,,,NE,,regional_demand_met_pct,100.0,,,,,%,frozen_all_scenario_regional_account,scenario_tier_year_heatmap
c,S6,low,2050,,,,EC,,regional_demand_met_pct,54.339552714593815,,,,,%,frozen_all_scenario_regional_account,scenario_tier_year_heatmap
c,S6,low,2050,,,,CC,,regional_demand_met_pct,99.99995083254252,,,,,%,frozen_all_scenario_regional_account,scenario_tier_year_heatmap
c,S6,low,2050,,,,SC,,regional_demand_met_pct,36.49872917541891,,,,,%,frozen_all_scenario_regional_account,scenario_tier_year_heatmap
c,S6,low,2050,,,,SW,,regional_demand_met_pct,99.9999505117395,,,,,%,frozen_all_scenario_regional_account,scenario_tier_year_heatmap
c,S6,low,2050,,,,NW,,regional_demand_met_pct,100.0,,,,,%,frozen_all_scenario_regional_account,scenario_tier_year_heatmap
c,S6,low,2055,,,,NC,,regional_demand_met_pct,87.74369617914333,,,,,%,frozen_all_scenario_regional_account,scenario_tier_year_heatmap
c,S6,low,2055,,,,NE,,regional_demand_met_pct,100.0,,,,,%,frozen_all_scenario_regional_account,scenario_tier_year_heatmap
c,S6,low,2055,,,,EC,,regional_demand_met_pct,53.00793072554946,,,,,%,frozen_all_scenario_regional_account,scenario_tier_year_heatmap
c,S6,low,2055,,,,CC,,regional_demand_met_pct,99.56399747534674,,,,,%,frozen_all_scenario_regional_account,scenario_tier_year_heatmap
c,S6,low,2055,,,,SC,,regional_demand_met_pct,34.56737340410262,,,,,%,frozen_all_scenario_regional_account,scenario_tier_year_heatmap
c,S6,low,2055,,,,SW,,regional_demand_met_pct,99.999937118613,,,,,%,frozen_all_scenario_regional_account,scenario_tier_year_heatmap
c,S6,low,2055,,,,NW,,regional_demand_met_pct,100.0,,,,,%,frozen_all_scenario_regional_account,scenario_tier_year_heatmap
c,S6,low,2060,,,,NC,,regional_demand_met_pct,83.61809470914308,,,,,%,frozen_all_scenario_regional_account,scenario_tier_year_heatmap
c,S6,low,2060,,,,NE,,regional_demand_met_pct,100.0,,,,,%,frozen_all_scenario_regional_account,scenario_tier_year_heatmap
c,S6,low,2060,,,,EC,,regional_demand_met_pct,52.00714125204798,,,,,%,frozen_all_scenario_regional_account,scenario_tier_year_heatmap
c,S6,low,2060,,,,CC,,regional_demand_met_pct,98.80371507049408,,,,,%,frozen_all_scenario_regional_account,scenario_tier_year_heatmap
c,S6,low,2060,,,,SC,,regional_demand_met_pct,29.731060027198705,,,,,%,frozen_all_scenario_regional_account,scenario_tier_year_heatmap
c,S6,low,2060,,,,SW,,regional_demand_met_pct,93.4220258339776,,,,,%,frozen_all_scenario_regional_account,scenario_tier_year_heatmap
c,S6,low,2060,,,,NW,,regional_demand_met_pct,100.0,,,,,%,frozen_all_scenario_regional_account,scenario_tier_year_heatmap
c,S6,mid,2025,,,,NC,,regional_demand_met_pct,99.998852956426,,,,,%,frozen_all_scenario_regional_account,scenario_tier_year_heatmap
c,S6,mid,2025,,,,NE,,regional_demand_met_pct,100.0,,,,,%,frozen_all_scenario_regional_account,scenario_tier_year_heatmap
c,S6,mid,2025,,,,EC,,regional_demand_met_pct,72.60772972396832,,,,,%,frozen_all_scenario_regional_account,scenario_tier_year_heatmap
c,S6,mid,2025,,,,CC,,regional_demand_met_pct,100.0,,,,,%,frozen_all_scenario_regional_account,scenario_tier_year_heatmap
c,S6,mid,2025,,,,SC,,regional_demand_met_pct,78.1051218653466,,,,,%,frozen_all_scenario_regional_account,scenario_tier_year_heatmap
c,S6,mid,2025,,,,SW,,regional_demand_met_pct,100.0,,,,,%,frozen_all_scenario_regional_account,scenario_tier_year_heatmap
c,S6,mid,2025,,,,NW,,regional_demand_met_pct,100.0,,,,,%,frozen_all_scenario_regional_account,scenario_tier_year_heatmap
c,S6,mid,2030,,,,NC,,regional_demand_met_pct,88.95830589228069,,,,,%,frozen_all_scenario_regional_account,scenario_tier_year_heatmap
c,S6,mid,2030,,,,NE,,regional_demand_met_pct,100.0,,,,,%,frozen_all_scenario_regional_account,scenario_tier_year_heatmap
c,S6,mid,2030,,,,EC,,regional_demand_met_pct,53.06844838402448,,,,,%,frozen_all_scenario_regional_account,scenario_tier_year_heatmap
c,S6,mid,2030,,,,CC,,regional_demand_met_pct,99.38591110426196,,,,,%,frozen_all_scenario_regional_account,scenario_tier_year_heatmap
c,S6,mid,2030,,,,SC,,regional_demand_met_pct,34.44693463453048,,,,,%,frozen_all_scenario_regional_account,scenario_tier_year_heatmap
c,S6,mid,2030,,,,SW,,regional_demand_met_pct,99.99989618257293,,,,,%,frozen_all_scenario_regional_account,scenario_tier_year_heatmap
c,S6,mid,2030,,,,NW,,regional_demand_met_pct,100.0,,,,,%,frozen_all_scenario_regional_account,scenario_tier_year_heatmap
c,S6,mid,2035,,,,NC,,regional_demand_met_pct,76.21588250576528,,,,,%,frozen_all_scenario_regional_account,scenario_tier_year_heatmap
c,S6,mid,2035,,,,NE,,regional_demand_met_pct,100.0,,,,,%,frozen_all_scenario_regional_account,scenario_tier_year_heatmap
c,S6,mid,2035,,,,EC,,regional_demand_met_pct,51.51476012131638,,,,,%,frozen_all_scenario_regional_account,scenario_tier_year_heatmap
c,S6,mid,2035,,,,CC,,regional_demand_met_pct,97.98211064870304,,,,,%,frozen_all_scenario_regional_account,scenario_tier_year_heatmap
c,S6,mid,2035,,,,SC,,regional_demand_met_pct,27.53224930226773,,,,,%,frozen_all_scenario_regional_account,scenario_tier_year_heatmap
c,S6,mid,2035,,,,SW,,regional_demand_met_pct,97.8718127250579,,,,,%,frozen_all_scenario_regional_account,scenario_tier_year_heatmap
c,S6,mid,2035,,,,NW,,regional_demand_met_pct,100.0,,,,,%,frozen_all_scenario_regional_account,scenario_tier_year_heatmap
c,S6,mid,2040,,,,NC,,regional_demand_met_pct,69.32766098451667,,,,,%,frozen_all_scenario_regional_account,scenario_tier_year_heatmap
c,S6,mid,2040,,,,NE,,regional_demand_met_pct,100.0,,,,,%,frozen_all_scenario_regional_account,scenario_tier_year_heatmap
c,S6,mid,2040,,,,EC,,regional_demand_met_pct,49.95046669816967,,,,,%,frozen_all_scenario_regional_account,scenario_tier_year_heatmap
c,S6,mid,2040,,,,CC,,regional_demand_met_pct,97.41307909788225,,,,,%,frozen_all_scenario_regional_account,scenario_tier_year_heatmap
c,S6,mid,2040,,,,SC,,regional_demand_met_pct,23.4818568244159,,,,,%,frozen_all_scenario_regional_account,scenario_tier_year_heatmap
c,S6,mid,2040,,,,SW,,regional_demand_met_pct,92.65066075479882,,,,,%,frozen_all_scenario_regional_account,scenario_tier_year_heatmap
c,S6,mid,2040,,,,NW,,regional_demand_met_pct,100.0,,,,,%,frozen_all_scenario_regional_account,scenario_tier_year_heatmap
c,S6,mid,2045,,,,NC,,regional_demand_met_pct,62.80337205833374,,,,,%,frozen_all_scenario_regional_account,scenario_tier_year_heatmap
c,S6,mid,2045,,,,NE,,regional_demand_met_pct,100.0,,,,,%,frozen_all_scenario_regional_account,scenario_tier_year_heatmap
c,S6,mid,2045,,,,EC,,regional_demand_met_pct,39.52792266437407,,,,,%,frozen_all_scenario_regional_account,scenario_tier_year_heatmap
c,S6,mid,2045,,,,CC,,regional_demand_met_pct,96.84800648225637,,,,,%,frozen_all_scenario_regional_account,scenario_tier_year_heatmap
c,S6,mid,2045,,,,SC,,regional_demand_met_pct,19.91297981668238,,,,,%,frozen_all_scenario_regional_account,scenario_tier_year_heatmap
c,S6,mid,2045,,,,SW,,regional_demand_met_pct,88.95503272266245,,,,,%,frozen_all_scenario_regional_account,scenario_tier_year_heatmap
c,S6,mid,2045,,,,NW,,regional_demand_met_pct,100.0,,,,,%,frozen_all_scenario_regional_account,scenario_tier_year_heatmap
c,S6,mid,2050,,,,NC,,regional_demand_met_pct,55.83079651965114,,,,,%,frozen_all_scenario_regional_account,scenario_tier_year_heatmap
c,S6,mid,2050,,,,NE,,regional_demand_met_pct,100.0,,,,,%,frozen_all_scenario_regional_account,scenario_tier_year_heatmap
c,S6,mid,2050,,,,EC,,regional_demand_met_pct,32.08632429746118,,,,,%,frozen_all_scenario_regional_account,scenario_tier_year_heatmap
c,S6,mid,2050,,,,CC,,regional_demand_met_pct,96.22691330567837,,,,,%,frozen_all_scenario_regional_account,scenario_tier_year_heatmap
c,S6,mid,2050,,,,SC,,regional_demand_met_pct,16.27474331823595,,,,,%,frozen_all_scenario_regional_account,scenario_tier_year_heatmap
c,S6,mid,2050,,,,SW,,regional_demand_met_pct,85.8268542461319,,,,,%,frozen_all_scenario_regional_account,scenario_tier_year_heatmap
c,S6,mid,2050,,,,NW,,regional_demand_met_pct,100.0,,,,,%,frozen_all_scenario_regional_account,scenario_tier_year_heatmap
c,S6,mid,2055,,,,NC,,regional_demand_met_pct,50.94689154141158,,,,,%,frozen_all_scenario_regional_account,scenario_tier_year_heatmap
c,S6,mid,2055,,,,NE,,regional_demand_met_pct,98.89825292759144,,,,,%,frozen_all_scenario_regional_account,scenario_tier_year_heatmap
c,S6,mid,2055,,,,EC,,regional_demand_met_pct,26.988269464066136,,,,,%,frozen_all_scenario_regional_account,scenario_tier_year_heatmap
c,S6,mid,2055,,,,CC,,regional_demand_met_pct,95.76056832278984,,,,,%,frozen_all_scenario_regional_account,scenario_tier_year_heatmap
c,S6,mid,2055,,,,SC,,regional_demand_met_pct,13.609397189098535,,,,,%,frozen_all_scenario_regional_account,scenario_tier_year_heatmap
c,S6,mid,2055,,,,SW,,regional_demand_met_pct,83.69649430677278,,,,,%,frozen_all_scenario_regional_account,scenario_tier_year_heatmap
c,S6,mid,2055,,,,NW,,regional_demand_met_pct,100.0,,,,,%,frozen_all_scenario_regional_account,scenario_tier_year_heatmap
c,S6,mid,2060,,,,NC,,regional_demand_met_pct,50.57293174820703,,,,,%,frozen_all_scenario_regional_account,scenario_tier_year_heatmap
c,S6,mid,2060,,,,NE,,regional_demand_met_pct,85.55624248003294,,,,,%,frozen_all_scenario_regional_account,scenario_tier_year_heatmap
c,S6,mid,2060,,,,EC,,regional_demand_met_pct,23.918614020348706,,,,,%,frozen_all_scenario_regional_account,scenario_tier_year_heatmap
c,S6,mid,2060,,,,CC,,regional_demand_met_pct,95.39228170016952,,,,,%,frozen_all_scenario_regional_account,scenario_tier_year_heatmap
c,S6,mid,2060,,,,SC,,regional_demand_met_pct,11.54385592708436,,,,,%,frozen_all_scenario_regional_account,scenario_tier_year_heatmap
c,S6,mid,2060,,,,SW,,regional_demand_met_pct,75.51506688807663,,,,,%,frozen_all_scenario_regional_account,scenario_tier_year_heatmap
c,S6,mid,2060,,,,NW,,regional_demand_met_pct,100.0,,,,,%,frozen_all_scenario_regional_account,scenario_tier_year_heatmap
c,S6,high,2025,,,,NC,,regional_demand_met_pct,99.9996149525317,,,,,%,frozen_all_scenario_regional_account,scenario_tier_year_heatmap
c,S6,high,2025,,,,NE,,regional_demand_met_pct,100.0,,,,,%,frozen_all_scenario_regional_account,scenario_tier_year_heatmap
c,S6,high,2025,,,,EC,,regional_demand_met_pct,60.987870460015856,,,,,%,frozen_all_scenario_regional_account,scenario_tier_year_heatmap
c,S6,high,2025,,,,CC,,regional_demand_met_pct,100.0,,,,,%,frozen_all_scenario_regional_account,scenario_tier_year_heatmap
c,S6,high,2025,,,,SC,,regional_demand_met_pct,50.09249954702986,,,,,%,frozen_all_scenario_regional_account,scenario_tier_year_heatmap
c,S6,high,2025,,,,SW,,regional_demand_met_pct,99.99962433393652,,,,,%,frozen_all_scenario_regional_account,scenario_tier_year_heatmap
c,S6,high,2025,,,,NW,,regional_demand_met_pct,100.0,,,,,%,frozen_all_scenario_regional_account,scenario_tier_year_heatmap
c,S6,high,2030,,,,NC,,regional_demand_met_pct,58.91821534139281,,,,,%,frozen_all_scenario_regional_account,scenario_tier_year_heatmap
c,S6,high,2030,,,,NE,,regional_demand_met_pct,100.0,,,,,%,frozen_all_scenario_regional_account,scenario_tier_year_heatmap
c,S6,high,2030,,,,EC,,regional_demand_met_pct,48.44877175635149,,,,,%,frozen_all_scenario_regional_account,scenario_tier_year_heatmap
c,S6,high,2030,,,,CC,,regional_demand_met_pct,96.43693725778006,,,,,%,frozen_all_scenario_regional_account,scenario_tier_year_heatmap
c,S6,high,2030,,,,SC,,regional_demand_met_pct,18.55122372910518,,,,,%,frozen_all_scenario_regional_account,scenario_tier_year_heatmap
c,S6,high,2030,,,,SW,,regional_demand_met_pct,90.32044594316773,,,,,%,frozen_all_scenario_regional_account,scenario_tier_year_heatmap
c,S6,high,2030,,,,NW,,regional_demand_met_pct,100.0,,,,,%,frozen_all_scenario_regional_account,scenario_tier_year_heatmap
c,S6,high,2035,,,,NC,,regional_demand_met_pct,51.44133295277917,,,,,%,frozen_all_scenario_regional_account,scenario_tier_year_heatmap
c,S6,high,2035,,,,NE,,regional_demand_met_pct,96.73655463306868,,,,,%,frozen_all_scenario_regional_account,scenario_tier_year_heatmap
c,S6,high,2035,,,,EC,,regional_demand_met_pct,34.635460919935774,,,,,%,frozen_all_scenario_regional_account,scenario_tier_year_heatmap
c,S6,high,2035,,,,CC,,regional_demand_met_pct,95.6851214241728,,,,,%,frozen_all_scenario_regional_account,scenario_tier_year_heatmap
c,S6,high,2035,,,,SC,,regional_demand_met_pct,14.232780043898888,,,,,%,frozen_all_scenario_regional_account,scenario_tier_year_heatmap
c,S6,high,2035,,,,SW,,regional_demand_met_pct,86.81607088997531,,,,,%,frozen_all_scenario_regional_account,scenario_tier_year_heatmap
c,S6,high,2035,,,,NW,,regional_demand_met_pct,100.0,,,,,%,frozen_all_scenario_regional_account,scenario_tier_year_heatmap
c,S6,high,2040,,,,NC,,regional_demand_met_pct,50.96286776395971,,,,,%,frozen_all_scenario_regional_account,scenario_tier_year_heatmap
c,S6,high,2040,,,,NE,,regional_demand_met_pct,88.06617337690508,,,,,%,frozen_all_scenario_regional_account,scenario_tier_year_heatmap
c,S6,high,2040,,,,EC,,regional_demand_met_pct,26.556033749435507,,,,,%,frozen_all_scenario_regional_account,scenario_tier_year_heatmap
c,S6,high,2040,,,,CC,,regional_demand_met_pct,95.45250748178448,,,,,%,frozen_all_scenario_regional_account,scenario_tier_year_heatmap
c,S6,high,2040,,,,SC,,regional_demand_met_pct,12.484071379334706,,,,,%,frozen_all_scenario_regional_account,scenario_tier_year_heatmap
c,S6,high,2040,,,,SW,,regional_demand_met_pct,84.37667457681877,,,,,%,frozen_all_scenario_regional_account,scenario_tier_year_heatmap
c,S6,high,2040,,,,NW,,regional_demand_met_pct,100.0,,,,,%,frozen_all_scenario_regional_account,scenario_tier_year_heatmap
c,S6,high,2045,,,,NC,,regional_demand_met_pct,50.58350603379837,,,,,%,frozen_all_scenario_regional_account,scenario_tier_year_heatmap
c,S6,high,2045,,,,NE,,regional_demand_met_pct,78.64108013487892,,,,,%,frozen_all_scenario_regional_account,scenario_tier_year_heatmap
c,S6,high,2045,,,,EC,,regional_demand_met_pct,21.49015671612337,,,,,%,frozen_all_scenario_regional_account,scenario_tier_year_heatmap
c,S6,high,2045,,,,CC,,regional_demand_met_pct,95.19559811107116,,,,,%,frozen_all_scenario_regional_account,scenario_tier_year_heatmap
c,S6,high,2045,,,,SC,,regional_demand_met_pct,10.826099298134288,,,,,%,frozen_all_scenario_regional_account,scenario_tier_year_heatmap
c,S6,high,2045,,,,SW,,regional_demand_met_pct,77.25655824022569,,,,,%,frozen_all_scenario_regional_account,scenario_tier_year_heatmap
c,S6,high,2045,,,,NW,,regional_demand_met_pct,100.0,,,,,%,frozen_all_scenario_regional_account,scenario_tier_year_heatmap
c,S6,high,2050,,,,NC,,regional_demand_met_pct,50.22257579036562,,,,,%,frozen_all_scenario_regional_account,scenario_tier_year_heatmap
c,S6,high,2050,,,,NE,,regional_demand_met_pct,67.46386966732477,,,,,%,frozen_all_scenario_regional_account,scenario_tier_year_heatmap
c,S6,high,2050,,,,EC,,regional_demand_met_pct,17.02251984012758,,,,,%,frozen_all_scenario_regional_account,scenario_tier_year_heatmap
c,S6,high,2050,,,,CC,,regional_demand_met_pct,77.15927536720521,,,,,%,frozen_all_scenario_regional_account,scenario_tier_year_heatmap
c,S6,high,2050,,,,SC,,regional_demand_met_pct,9.013457020057526,,,,,%,frozen_all_scenario_regional_account,scenario_tier_year_heatmap
c,S6,high,2050,,,,SW,,regional_demand_met_pct,68.92135509808669,,,,,%,frozen_all_scenario_regional_account,scenario_tier_year_heatmap
c,S6,high,2050,,,,NW,,regional_demand_met_pct,99.99999557078895,,,,,%,frozen_all_scenario_regional_account,scenario_tier_year_heatmap
c,S6,high,2055,,,,NC,,regional_demand_met_pct,49.96669438797634,,,,,%,frozen_all_scenario_regional_account,scenario_tier_year_heatmap
c,S6,high,2055,,,,NE,,regional_demand_met_pct,58.96534545937848,,,,,%,frozen_all_scenario_regional_account,scenario_tier_year_heatmap
c,S6,high,2055,,,,EC,,regional_demand_met_pct,12.966891229861115,,,,,%,frozen_all_scenario_regional_account,scenario_tier_year_heatmap
c,S6,high,2055,,,,CC,,regional_demand_met_pct,67.03057931428577,,,,,%,frozen_all_scenario_regional_account,scenario_tier_year_heatmap
c,S6,high,2055,,,,SC,,regional_demand_met_pct,7.667244348374499,,,,,%,frozen_all_scenario_regional_account,scenario_tier_year_heatmap
c,S6,high,2055,,,,SW,,regional_demand_met_pct,63.13087940432713,,,,,%,frozen_all_scenario_regional_account,scenario_tier_year_heatmap
c,S6,high,2055,,,,NW,,regional_demand_met_pct,99.99998503079378,,,,,%,frozen_all_scenario_regional_account,scenario_tier_year_heatmap
c,S6,high,2060,,,,NC,,regional_demand_met_pct,49.77594217218661,,,,,%,frozen_all_scenario_regional_account,scenario_tier_year_heatmap
c,S6,high,2060,,,,NE,,regional_demand_met_pct,52.28079524544592,,,,,%,frozen_all_scenario_regional_account,scenario_tier_year_heatmap
c,S6,high,2060,,,,EC,,regional_demand_met_pct,9.657124803481636,,,,,%,frozen_all_scenario_regional_account,scenario_tier_year_heatmap
c,S6,high,2060,,,,CC,,regional_demand_met_pct,58.13417292338091,,,,,%,frozen_all_scenario_regional_account,scenario_tier_year_heatmap
c,S6,high,2060,,,,SC,,regional_demand_met_pct,6.6265206232273615,,,,,%,frozen_all_scenario_regional_account,scenario_tier_year_heatmap
c,S6,high,2060,,,,SW,,regional_demand_met_pct,58.88642808851515,,,,,%,frozen_all_scenario_regional_account,scenario_tier_year_heatmap
c,S6,high,2060,,,,NW,,regional_demand_met_pct,99.9999901770152,,,,,%,frozen_all_scenario_regional_account,scenario_tier_year_heatmap
c,S7,low,2025,,,,NC,,regional_demand_met_pct,99.99060656574083,,,,,%,frozen_all_scenario_regional_account,scenario_tier_year_heatmap
c,S7,low,2025,,,,NE,,regional_demand_met_pct,100.0,,,,,%,frozen_all_scenario_regional_account,scenario_tier_year_heatmap
c,S7,low,2025,,,,EC,,regional_demand_met_pct,81.89029645115664,,,,,%,frozen_all_scenario_regional_account,scenario_tier_year_heatmap
c,S7,low,2025,,,,CC,,regional_demand_met_pct,100.0,,,,,%,frozen_all_scenario_regional_account,scenario_tier_year_heatmap
c,S7,low,2025,,,,SC,,regional_demand_met_pct,100.0,,,,,%,frozen_all_scenario_regional_account,scenario_tier_year_heatmap
c,S7,low,2025,,,,SW,,regional_demand_met_pct,100.0,,,,,%,frozen_all_scenario_regional_account,scenario_tier_year_heatmap
c,S7,low,2025,,,,NW,,regional_demand_met_pct,100.0,,,,,%,frozen_all_scenario_regional_account,scenario_tier_year_heatmap
c,S7,low,2030,,,,NC,,regional_demand_met_pct,99.99958206582956,,,,,%,frozen_all_scenario_regional_account,scenario_tier_year_heatmap
c,S7,low,2030,,,,NE,,regional_demand_met_pct,100.0,,,,,%,frozen_all_scenario_regional_account,scenario_tier_year_heatmap
c,S7,low,2030,,,,EC,,regional_demand_met_pct,63.5034599232493,,,,,%,frozen_all_scenario_regional_account,scenario_tier_year_heatmap
c,S7,low,2030,,,,CC,,regional_demand_met_pct,100.0,,,,,%,frozen_all_scenario_regional_account,scenario_tier_year_heatmap
c,S7,low,2030,,,,SC,,regional_demand_met_pct,49.98719487847771,,,,,%,frozen_all_scenario_regional_account,scenario_tier_year_heatmap
c,S7,low,2030,,,,SW,,regional_demand_met_pct,99.99981280392686,,,,,%,frozen_all_scenario_regional_account,scenario_tier_year_heatmap
c,S7,low,2030,,,,NW,,regional_demand_met_pct,100.0,,,,,%,frozen_all_scenario_regional_account,scenario_tier_year_heatmap
c,S7,low,2035,,,,NC,,regional_demand_met_pct,93.72935496727084,,,,,%,frozen_all_scenario_regional_account,scenario_tier_year_heatmap
c,S7,low,2035,,,,NE,,regional_demand_met_pct,100.0,,,,,%,frozen_all_scenario_regional_account,scenario_tier_year_heatmap
c,S7,low,2035,,,,EC,,regional_demand_met_pct,54.80093726685596,,,,,%,frozen_all_scenario_regional_account,scenario_tier_year_heatmap
c,S7,low,2035,,,,CC,,regional_demand_met_pct,100.0,,,,,%,frozen_all_scenario_regional_account,scenario_tier_year_heatmap
c,S7,low,2035,,,,SC,,regional_demand_met_pct,41.19915103884895,,,,,%,frozen_all_scenario_regional_account,scenario_tier_year_heatmap
c,S7,low,2035,,,,SW,,regional_demand_met_pct,99.9998691955094,,,,,%,frozen_all_scenario_regional_account,scenario_tier_year_heatmap
c,S7,low,2035,,,,NW,,regional_demand_met_pct,100.0,,,,,%,frozen_all_scenario_regional_account,scenario_tier_year_heatmap
c,S7,low,2040,,,,NC,,regional_demand_met_pct,90.07124138285535,,,,,%,frozen_all_scenario_regional_account,scenario_tier_year_heatmap
c,S7,low,2040,,,,NE,,regional_demand_met_pct,100.0,,,,,%,frozen_all_scenario_regional_account,scenario_tier_year_heatmap
c,S7,low,2040,,,,EC,,regional_demand_met_pct,52.461093267380114,,,,,%,frozen_all_scenario_regional_account,scenario_tier_year_heatmap
c,S7,low,2040,,,,CC,,regional_demand_met_pct,99.99999999999996,,,,,%,frozen_all_scenario_regional_account,scenario_tier_year_heatmap
c,S7,low,2040,,,,SC,,regional_demand_met_pct,37.87207775072284,,,,,%,frozen_all_scenario_regional_account,scenario_tier_year_heatmap
c,S7,low,2040,,,,SW,,regional_demand_met_pct,99.99976167085008,,,,,%,frozen_all_scenario_regional_account,scenario_tier_year_heatmap
c,S7,low,2040,,,,NW,,regional_demand_met_pct,100.0,,,,,%,frozen_all_scenario_regional_account,scenario_tier_year_heatmap
c,S7,low,2045,,,,NC,,regional_demand_met_pct,87.5743488933769,,,,,%,frozen_all_scenario_regional_account,scenario_tier_year_heatmap
c,S7,low,2045,,,,NE,,regional_demand_met_pct,100.0,,,,,%,frozen_all_scenario_regional_account,scenario_tier_year_heatmap
c,S7,low,2045,,,,EC,,regional_demand_met_pct,52.300737756116405,,,,,%,frozen_all_scenario_regional_account,scenario_tier_year_heatmap
c,S7,low,2045,,,,CC,,regional_demand_met_pct,100.0,,,,,%,frozen_all_scenario_regional_account,scenario_tier_year_heatmap
c,S7,low,2045,,,,SC,,regional_demand_met_pct,35.163221120145266,,,,,%,frozen_all_scenario_regional_account,scenario_tier_year_heatmap
c,S7,low,2045,,,,SW,,regional_demand_met_pct,99.99996386511845,,,,,%,frozen_all_scenario_regional_account,scenario_tier_year_heatmap
c,S7,low,2045,,,,NW,,regional_demand_met_pct,100.0,,,,,%,frozen_all_scenario_regional_account,scenario_tier_year_heatmap
c,S7,low,2050,,,,NC,,regional_demand_met_pct,85.53339158148931,,,,,%,frozen_all_scenario_regional_account,scenario_tier_year_heatmap
c,S7,low,2050,,,,NE,,regional_demand_met_pct,100.0,,,,,%,frozen_all_scenario_regional_account,scenario_tier_year_heatmap
c,S7,low,2050,,,,EC,,regional_demand_met_pct,52.131061515278944,,,,,%,frozen_all_scenario_regional_account,scenario_tier_year_heatmap
c,S7,low,2050,,,,CC,,regional_demand_met_pct,100.0,,,,,%,frozen_all_scenario_regional_account,scenario_tier_year_heatmap
c,S7,low,2050,,,,SC,,regional_demand_met_pct,32.61569522741035,,,,,%,frozen_all_scenario_regional_account,scenario_tier_year_heatmap
c,S7,low,2050,,,,SW,,regional_demand_met_pct,99.99998981586644,,,,,%,frozen_all_scenario_regional_account,scenario_tier_year_heatmap
c,S7,low,2050,,,,NW,,regional_demand_met_pct,99.99999999999996,,,,,%,frozen_all_scenario_regional_account,scenario_tier_year_heatmap
c,S7,low,2055,,,,NC,,regional_demand_met_pct,82.0050086066217,,,,,%,frozen_all_scenario_regional_account,scenario_tier_year_heatmap
c,S7,low,2055,,,,NE,,regional_demand_met_pct,100.0,,,,,%,frozen_all_scenario_regional_account,scenario_tier_year_heatmap
c,S7,low,2055,,,,EC,,regional_demand_met_pct,50.83220324673483,,,,,%,frozen_all_scenario_regional_account,scenario_tier_year_heatmap
c,S7,low,2055,,,,CC,,regional_demand_met_pct,99.99997082799814,,,,,%,frozen_all_scenario_regional_account,scenario_tier_year_heatmap
c,S7,low,2055,,,,SC,,regional_demand_met_pct,30.802953639728692,,,,,%,frozen_all_scenario_regional_account,scenario_tier_year_heatmap
c,S7,low,2055,,,,SW,,regional_demand_met_pct,99.99994660301536,,,,,%,frozen_all_scenario_regional_account,scenario_tier_year_heatmap
c,S7,low,2055,,,,NW,,regional_demand_met_pct,100.0,,,,,%,frozen_all_scenario_regional_account,scenario_tier_year_heatmap
c,S7,low,2060,,,,NC,,regional_demand_met_pct,70.57588132068132,,,,,%,frozen_all_scenario_regional_account,scenario_tier_year_heatmap
c,S7,low,2060,,,,NE,,regional_demand_met_pct,100.0,,,,,%,frozen_all_scenario_regional_account,scenario_tier_year_heatmap
c,S7,low,2060,,,,EC,,regional_demand_met_pct,49.69617282553683,,,,,%,frozen_all_scenario_regional_account,scenario_tier_year_heatmap
c,S7,low,2060,,,,CC,,regional_demand_met_pct,99.9999605985736,,,,,%,frozen_all_scenario_regional_account,scenario_tier_year_heatmap
c,S7,low,2060,,,,SC,,regional_demand_met_pct,27.905432745708072,,,,,%,frozen_all_scenario_regional_account,scenario_tier_year_heatmap
c,S7,low,2060,,,,SW,,regional_demand_met_pct,99.99999291611029,,,,,%,frozen_all_scenario_regional_account,scenario_tier_year_heatmap
c,S7,low,2060,,,,NW,,regional_demand_met_pct,100.0,,,,,%,frozen_all_scenario_regional_account,scenario_tier_year_heatmap
c,S7,mid,2025,,,,NC,,regional_demand_met_pct,99.99793051687644,,,,,%,frozen_all_scenario_regional_account,scenario_tier_year_heatmap
c,S7,mid,2025,,,,NE,,regional_demand_met_pct,100.0,,,,,%,frozen_all_scenario_regional_account,scenario_tier_year_heatmap
c,S7,mid,2025,,,,EC,,regional_demand_met_pct,69.86463152605928,,,,,%,frozen_all_scenario_regional_account,scenario_tier_year_heatmap
c,S7,mid,2025,,,,CC,,regional_demand_met_pct,100.0,,,,,%,frozen_all_scenario_regional_account,scenario_tier_year_heatmap
c,S7,mid,2025,,,,SC,,regional_demand_met_pct,71.66724918303814,,,,,%,frozen_all_scenario_regional_account,scenario_tier_year_heatmap
c,S7,mid,2025,,,,SW,,regional_demand_met_pct,100.0,,,,,%,frozen_all_scenario_regional_account,scenario_tier_year_heatmap
c,S7,mid,2025,,,,NW,,regional_demand_met_pct,100.0,,,,,%,frozen_all_scenario_regional_account,scenario_tier_year_heatmap
c,S7,mid,2030,,,,NC,,regional_demand_met_pct,81.16427721969038,,,,,%,frozen_all_scenario_regional_account,scenario_tier_year_heatmap
c,S7,mid,2030,,,,NE,,regional_demand_met_pct,100.0,,,,,%,frozen_all_scenario_regional_account,scenario_tier_year_heatmap
c,S7,mid,2030,,,,EC,,regional_demand_met_pct,50.89125392225363,,,,,%,frozen_all_scenario_regional_account,scenario_tier_year_heatmap
c,S7,mid,2030,,,,CC,,regional_demand_met_pct,100.0,,,,,%,frozen_all_scenario_regional_account,scenario_tier_year_heatmap
c,S7,mid,2030,,,,SC,,regional_demand_met_pct,30.689891041104023,,,,,%,frozen_all_scenario_regional_account,scenario_tier_year_heatmap
c,S7,mid,2030,,,,SW,,regional_demand_met_pct,99.99984135808792,,,,,%,frozen_all_scenario_regional_account,scenario_tier_year_heatmap
c,S7,mid,2030,,,,NW,,regional_demand_met_pct,100.0,,,,,%,frozen_all_scenario_regional_account,scenario_tier_year_heatmap
c,S7,mid,2035,,,,NC,,regional_demand_met_pct,63.58504462005068,,,,,%,frozen_all_scenario_regional_account,scenario_tier_year_heatmap
c,S7,mid,2035,,,,NE,,regional_demand_met_pct,100.0,,,,,%,frozen_all_scenario_regional_account,scenario_tier_year_heatmap
c,S7,mid,2035,,,,EC,,regional_demand_met_pct,49.142405409080034,,,,,%,frozen_all_scenario_regional_account,scenario_tier_year_heatmap
c,S7,mid,2035,,,,CC,,regional_demand_met_pct,98.86049161769203,,,,,%,frozen_all_scenario_regional_account,scenario_tier_year_heatmap
c,S7,mid,2035,,,,SC,,regional_demand_met_pct,25.84165845495253,,,,,%,frozen_all_scenario_regional_account,scenario_tier_year_heatmap
c,S7,mid,2035,,,,SW,,regional_demand_met_pct,99.9999323155072,,,,,%,frozen_all_scenario_regional_account,scenario_tier_year_heatmap
c,S7,mid,2035,,,,NW,,regional_demand_met_pct,100.0,,,,,%,frozen_all_scenario_regional_account,scenario_tier_year_heatmap
c,S7,mid,2040,,,,NC,,regional_demand_met_pct,57.07960397733412,,,,,%,frozen_all_scenario_regional_account,scenario_tier_year_heatmap
c,S7,mid,2040,,,,NE,,regional_demand_met_pct,100.0,,,,,%,frozen_all_scenario_regional_account,scenario_tier_year_heatmap
c,S7,mid,2040,,,,EC,,regional_demand_met_pct,48.29546399759116,,,,,%,frozen_all_scenario_regional_account,scenario_tier_year_heatmap
c,S7,mid,2040,,,,CC,,regional_demand_met_pct,97.8110257728089,,,,,%,frozen_all_scenario_regional_account,scenario_tier_year_heatmap
c,S7,mid,2040,,,,SC,,regional_demand_met_pct,22.03996182667376,,,,,%,frozen_all_scenario_regional_account,scenario_tier_year_heatmap
c,S7,mid,2040,,,,SW,,regional_demand_met_pct,99.99996094835792,,,,,%,frozen_all_scenario_regional_account,scenario_tier_year_heatmap
c,S7,mid,2040,,,,NW,,regional_demand_met_pct,100.0,,,,,%,frozen_all_scenario_regional_account,scenario_tier_year_heatmap
c,S7,mid,2045,,,,NC,,regional_demand_met_pct,53.58951457578981,,,,,%,frozen_all_scenario_regional_account,scenario_tier_year_heatmap
c,S7,mid,2045,,,,NE,,regional_demand_met_pct,93.0357653116404,,,,,%,frozen_all_scenario_regional_account,scenario_tier_year_heatmap
c,S7,mid,2045,,,,EC,,regional_demand_met_pct,38.5546735734962,,,,,%,frozen_all_scenario_regional_account,scenario_tier_year_heatmap
c,S7,mid,2045,,,,CC,,regional_demand_met_pct,96.3027990562153,,,,,%,frozen_all_scenario_regional_account,scenario_tier_year_heatmap
c,S7,mid,2045,,,,SC,,regional_demand_met_pct,18.69023109540077,,,,,%,frozen_all_scenario_regional_account,scenario_tier_year_heatmap
c,S7,mid,2045,,,,SW,,regional_demand_met_pct,96.3109430570556,,,,,%,frozen_all_scenario_regional_account,scenario_tier_year_heatmap
c,S7,mid,2045,,,,NW,,regional_demand_met_pct,100.0,,,,,%,frozen_all_scenario_regional_account,scenario_tier_year_heatmap
c,S7,mid,2050,,,,NC,,regional_demand_met_pct,52.91406851834538,,,,,%,frozen_all_scenario_regional_account,scenario_tier_year_heatmap
c,S7,mid,2050,,,,NE,,regional_demand_met_pct,77.63079380818036,,,,,%,frozen_all_scenario_regional_account,scenario_tier_year_heatmap
c,S7,mid,2050,,,,EC,,regional_demand_met_pct,31.29630084448923,,,,,%,frozen_all_scenario_regional_account,scenario_tier_year_heatmap
c,S7,mid,2050,,,,CC,,regional_demand_met_pct,94.6449657036054,,,,,%,frozen_all_scenario_regional_account,scenario_tier_year_heatmap
c,S7,mid,2050,,,,SC,,regional_demand_met_pct,15.275393412319138,,,,,%,frozen_all_scenario_regional_account,scenario_tier_year_heatmap
c,S7,mid,2050,,,,SW,,regional_demand_met_pct,92.84889097079102,,,,,%,frozen_all_scenario_regional_account,scenario_tier_year_heatmap
c,S7,mid,2050,,,,NW,,regional_demand_met_pct,100.0,,,,,%,frozen_all_scenario_regional_account,scenario_tier_year_heatmap
c,S7,mid,2055,,,,NC,,regional_demand_met_pct,52.44117267414341,,,,,%,frozen_all_scenario_regional_account,scenario_tier_year_heatmap
c,S7,mid,2055,,,,NE,,regional_demand_met_pct,66.08837385304359,,,,,%,frozen_all_scenario_regional_account,scenario_tier_year_heatmap
c,S7,mid,2055,,,,EC,,regional_demand_met_pct,26.323769360094246,,,,,%,frozen_all_scenario_regional_account,scenario_tier_year_heatmap
c,S7,mid,2055,,,,CC,,regional_demand_met_pct,93.40009480362576,,,,,%,frozen_all_scenario_regional_account,scenario_tier_year_heatmap
c,S7,mid,2055,,,,SC,,regional_demand_met_pct,12.77371274636631,,,,,%,frozen_all_scenario_regional_account,scenario_tier_year_heatmap
c,S7,mid,2055,,,,SW,,regional_demand_met_pct,90.49117402811972,,,,,%,frozen_all_scenario_regional_account,scenario_tier_year_heatmap
c,S7,mid,2055,,,,NW,,regional_demand_met_pct,100.0,,,,,%,frozen_all_scenario_regional_account,scenario_tier_year_heatmap
c,S7,mid,2060,,,,NC,,regional_demand_met_pct,52.08799494317078,,,,,%,frozen_all_scenario_regional_account,scenario_tier_year_heatmap
c,S7,mid,2060,,,,NE,,regional_demand_met_pct,56.98767340271648,,,,,%,frozen_all_scenario_regional_account,scenario_tier_year_heatmap
c,S7,mid,2060,,,,EC,,regional_demand_met_pct,21.372936467851503,,,,,%,frozen_all_scenario_regional_account,scenario_tier_year_heatmap
c,S7,mid,2060,,,,CC,,regional_demand_met_pct,92.41695730590114,,,,,%,frozen_all_scenario_regional_account,scenario_tier_year_heatmap
c,S7,mid,2060,,,,SC,,regional_demand_met_pct,10.835005955747338,,,,,%,frozen_all_scenario_regional_account,scenario_tier_year_heatmap
c,S7,mid,2060,,,,SW,,regional_demand_met_pct,88.77226981284403,,,,,%,frozen_all_scenario_regional_account,scenario_tier_year_heatmap
c,S7,mid,2060,,,,NW,,regional_demand_met_pct,100.0,,,,,%,frozen_all_scenario_regional_account,scenario_tier_year_heatmap
c,S7,high,2025,,,,NC,,regional_demand_met_pct,95.9460301659167,,,,,%,frozen_all_scenario_regional_account,scenario_tier_year_heatmap
c,S7,high,2025,,,,NE,,regional_demand_met_pct,100.0,,,,,%,frozen_all_scenario_regional_account,scenario_tier_year_heatmap
c,S7,high,2025,,,,EC,,regional_demand_met_pct,58.94031528071043,,,,,%,frozen_all_scenario_regional_account,scenario_tier_year_heatmap
c,S7,high,2025,,,,CC,,regional_demand_met_pct,100.0,,,,,%,frozen_all_scenario_regional_account,scenario_tier_year_heatmap
c,S7,high,2025,,,,SC,,regional_demand_met_pct,45.37474072033753,,,,,%,frozen_all_scenario_regional_account,scenario_tier_year_heatmap
c,S7,high,2025,,,,SW,,regional_demand_met_pct,99.99936160227736,,,,,%,frozen_all_scenario_regional_account,scenario_tier_year_heatmap
c,S7,high,2025,,,,NW,,regional_demand_met_pct,100.0,,,,,%,frozen_all_scenario_regional_account,scenario_tier_year_heatmap
c,S7,high,2030,,,,NC,,regional_demand_met_pct,53.68149991326232,,,,,%,frozen_all_scenario_regional_account,scenario_tier_year_heatmap
c,S7,high,2030,,,,NE,,regional_demand_met_pct,83.23128209413825,,,,,%,frozen_all_scenario_regional_account,scenario_tier_year_heatmap
c,S7,high,2030,,,,EC,,regional_demand_met_pct,44.25185627669588,,,,,%,frozen_all_scenario_regional_account,scenario_tier_year_heatmap
c,S7,high,2030,,,,CC,,regional_demand_met_pct,95.20508057669636,,,,,%,frozen_all_scenario_regional_account,scenario_tier_year_heatmap
c,S7,high,2030,,,,SC,,regional_demand_met_pct,17.412107823128053,,,,,%,frozen_all_scenario_regional_account,scenario_tier_year_heatmap
c,S7,high,2030,,,,SW,,regional_demand_met_pct,97.82201518676582,,,,,%,frozen_all_scenario_regional_account,scenario_tier_year_heatmap
c,S7,high,2030,,,,NW,,regional_demand_met_pct,100.0,,,,,%,frozen_all_scenario_regional_account,scenario_tier_year_heatmap
c,S7,high,2035,,,,NC,,regional_demand_met_pct,52.90813650003843,,,,,%,frozen_all_scenario_regional_account,scenario_tier_year_heatmap
c,S7,high,2035,,,,NE,,regional_demand_met_pct,64.61386079372916,,,,,%,frozen_all_scenario_regional_account,scenario_tier_year_heatmap
c,S7,high,2035,,,,EC,,regional_demand_met_pct,30.77864477051961,,,,,%,frozen_all_scenario_regional_account,scenario_tier_year_heatmap
c,S7,high,2035,,,,CC,,regional_demand_met_pct,93.19806982958856,,,,,%,frozen_all_scenario_regional_account,scenario_tier_year_heatmap
c,S7,high,2035,,,,SC,,regional_demand_met_pct,13.358816804069024,,,,,%,frozen_all_scenario_regional_account,scenario_tier_year_heatmap
c,S7,high,2035,,,,SW,,regional_demand_met_pct,93.94365799942948,,,,,%,frozen_all_scenario_regional_account,scenario_tier_year_heatmap
c,S7,high,2035,,,,NW,,regional_demand_met_pct,100.0,,,,,%,frozen_all_scenario_regional_account,scenario_tier_year_heatmap
c,S7,high,2040,,,,NC,,regional_demand_met_pct,52.45626105030468,,,,,%,frozen_all_scenario_regional_account,scenario_tier_year_heatmap
c,S7,high,2040,,,,NE,,regional_demand_met_pct,58.69971892488395,,,,,%,frozen_all_scenario_regional_account,scenario_tier_year_heatmap
c,S7,high,2040,,,,EC,,regional_demand_met_pct,24.90641195241392,,,,,%,frozen_all_scenario_regional_account,scenario_tier_year_heatmap
c,S7,high,2040,,,,CC,,regional_demand_met_pct,92.57730917277084,,,,,%,frozen_all_scenario_regional_account,scenario_tier_year_heatmap
c,S7,high,2040,,,,SC,,regional_demand_met_pct,11.717487519027832,,,,,%,frozen_all_scenario_regional_account,scenario_tier_year_heatmap
c,S7,high,2040,,,,SW,,regional_demand_met_pct,91.24395327132494,,,,,%,frozen_all_scenario_regional_account,scenario_tier_year_heatmap
c,S7,high,2040,,,,NW,,regional_demand_met_pct,100.0,,,,,%,frozen_all_scenario_regional_account,scenario_tier_year_heatmap
c,S7,high,2045,,,,NC,,regional_demand_met_pct,52.0979815841404,,,,,%,frozen_all_scenario_regional_account,scenario_tier_year_heatmap
c,S7,high,2045,,,,NE,,regional_demand_met_pct,52.27078149830753,,,,,%,frozen_all_scenario_regional_account,scenario_tier_year_heatmap
c,S7,high,2045,,,,EC,,regional_demand_met_pct,19.549467934392226,,,,,%,frozen_all_scenario_regional_account,scenario_tier_year_heatmap
c,S7,high,2045,,,,CC,,regional_demand_met_pct,91.89168525369136,,,,,%,frozen_all_scenario_regional_account,scenario_tier_year_heatmap
c,S7,high,2045,,,,SC,,regional_demand_met_pct,10.1613231413937,,,,,%,frozen_all_scenario_regional_account,scenario_tier_year_heatmap
c,S7,high,2045,,,,SW,,regional_demand_met_pct,89.25536943050815,,,,,%,frozen_all_scenario_regional_account,scenario_tier_year_heatmap
c,S7,high,2045,,,,NW,,regional_demand_met_pct,100.0,,,,,%,frozen_all_scenario_regional_account,scenario_tier_year_heatmap
c,S7,high,2050,,,,NC,,regional_demand_met_pct,51.75710931195671,,,,,%,frozen_all_scenario_regional_account,scenario_tier_year_heatmap
c,S7,high,2050,,,,NE,,regional_demand_met_pct,44.6467097937253,,,,,%,frozen_all_scenario_regional_account,scenario_tier_year_heatmap
c,S7,high,2050,,,,EC,,regional_demand_met_pct,13.845383556995152,,,,,%,frozen_all_scenario_regional_account,scenario_tier_year_heatmap
c,S7,high,2050,,,,CC,,regional_demand_met_pct,91.07173085615572,,,,,%,frozen_all_scenario_regional_account,scenario_tier_year_heatmap
c,S7,high,2050,,,,SC,,regional_demand_met_pct,8.45998608359817,,,,,%,frozen_all_scenario_regional_account,scenario_tier_year_heatmap
c,S7,high,2050,,,,SW,,regional_demand_met_pct,86.90868629031733,,,,,%,frozen_all_scenario_regional_account,scenario_tier_year_heatmap
c,S7,high,2050,,,,NW,,regional_demand_met_pct,100.0,,,,,%,frozen_all_scenario_regional_account,scenario_tier_year_heatmap
c,S7,high,2055,,,,NC,,regional_demand_met_pct,51.5154480030777,,,,,%,frozen_all_scenario_regional_account,scenario_tier_year_heatmap
c,S7,high,2055,,,,NE,,regional_demand_met_pct,38.84979310036999,,,,,%,frozen_all_scenario_regional_account,scenario_tier_year_heatmap
c,S7,high,2055,,,,EC,,regional_demand_met_pct,9.64359201253935,,,,,%,frozen_all_scenario_regional_account,scenario_tier_year_heatmap
c,S7,high,2055,,,,CC,,regional_demand_met_pct,90.446860960283,,,,,%,frozen_all_scenario_regional_account,scenario_tier_year_heatmap
c,S7,high,2055,,,,SC,,regional_demand_met_pct,7.196437542493657,,,,,%,frozen_all_scenario_regional_account,scenario_tier_year_heatmap
c,S7,high,2055,,,,SW,,regional_demand_met_pct,80.50020701289611,,,,,%,frozen_all_scenario_regional_account,scenario_tier_year_heatmap
c,S7,high,2055,,,,NW,,regional_demand_met_pct,100.0,,,,,%,frozen_all_scenario_regional_account,scenario_tier_year_heatmap
c,S7,high,2060,,,,NC,,regional_demand_met_pct,47.57804342708099,,,,,%,frozen_all_scenario_regional_account,scenario_tier_year_heatmap
c,S7,high,2060,,,,NE,,regional_demand_met_pct,34.29020372054737,,,,,%,frozen_all_scenario_regional_account,scenario_tier_year_heatmap
c,S7,high,2060,,,,EC,,regional_demand_met_pct,7.690222699174761,,,,,%,frozen_all_scenario_regional_account,scenario_tier_year_heatmap
c,S7,high,2060,,,,CC,,regional_demand_met_pct,66.69595608571225,,,,,%,frozen_all_scenario_regional_account,scenario_tier_year_heatmap
c,S7,high,2060,,,,SC,,regional_demand_met_pct,6.219619412444038,,,,,%,frozen_all_scenario_regional_account,scenario_tier_year_heatmap
c,S7,high,2060,,,,SW,,regional_demand_met_pct,75.80276673067586,,,,,%,frozen_all_scenario_regional_account,scenario_tier_year_heatmap
c,S7,high,2060,,,,NW,,regional_demand_met_pct,99.9999845671776,,,,,%,frozen_all_scenario_regional_account,scenario_tier_year_heatmap
c,S8,low,2025,,,,NC,,regional_demand_met_pct,99.99898888444976,,,,,%,frozen_all_scenario_regional_account,scenario_tier_year_heatmap
c,S8,low,2025,,,,NE,,regional_demand_met_pct,100.0,,,,,%,frozen_all_scenario_regional_account,scenario_tier_year_heatmap
c,S8,low,2025,,,,EC,,regional_demand_met_pct,83.00489699370236,,,,,%,frozen_all_scenario_regional_account,scenario_tier_year_heatmap
c,S8,low,2025,,,,CC,,regional_demand_met_pct,100.0,,,,,%,frozen_all_scenario_regional_account,scenario_tier_year_heatmap
c,S8,low,2025,,,,SC,,regional_demand_met_pct,100.0,,,,,%,frozen_all_scenario_regional_account,scenario_tier_year_heatmap
c,S8,low,2025,,,,SW,,regional_demand_met_pct,100.0,,,,,%,frozen_all_scenario_regional_account,scenario_tier_year_heatmap
c,S8,low,2025,,,,NW,,regional_demand_met_pct,100.0,,,,,%,frozen_all_scenario_regional_account,scenario_tier_year_heatmap
c,S8,low,2030,,,,NC,,regional_demand_met_pct,99.99982925956796,,,,,%,frozen_all_scenario_regional_account,scenario_tier_year_heatmap
c,S8,low,2030,,,,NE,,regional_demand_met_pct,100.0,,,,,%,frozen_all_scenario_regional_account,scenario_tier_year_heatmap
c,S8,low,2030,,,,EC,,regional_demand_met_pct,64.10156659081406,,,,,%,frozen_all_scenario_regional_account,scenario_tier_year_heatmap
c,S8,low,2030,,,,CC,,regional_demand_met_pct,100.0,,,,,%,frozen_all_scenario_regional_account,scenario_tier_year_heatmap
c,S8,low,2030,,,,SC,,regional_demand_met_pct,51.37283926922589,,,,,%,frozen_all_scenario_regional_account,scenario_tier_year_heatmap
c,S8,low,2030,,,,SW,,regional_demand_met_pct,99.99937779447974,,,,,%,frozen_all_scenario_regional_account,scenario_tier_year_heatmap
c,S8,low,2030,,,,NW,,regional_demand_met_pct,100.0,,,,,%,frozen_all_scenario_regional_account,scenario_tier_year_heatmap
c,S8,low,2035,,,,NC,,regional_demand_met_pct,94.88318030004928,,,,,%,frozen_all_scenario_regional_account,scenario_tier_year_heatmap
c,S8,low,2035,,,,NE,,regional_demand_met_pct,100.0,,,,,%,frozen_all_scenario_regional_account,scenario_tier_year_heatmap
c,S8,low,2035,,,,EC,,regional_demand_met_pct,55.25491377068744,,,,,%,frozen_all_scenario_regional_account,scenario_tier_year_heatmap
c,S8,low,2035,,,,CC,,regional_demand_met_pct,100.0,,,,,%,frozen_all_scenario_regional_account,scenario_tier_year_heatmap
c,S8,low,2035,,,,SC,,regional_demand_met_pct,42.39870995584545,,,,,%,frozen_all_scenario_regional_account,scenario_tier_year_heatmap
c,S8,low,2035,,,,SW,,regional_demand_met_pct,99.9997259411998,,,,,%,frozen_all_scenario_regional_account,scenario_tier_year_heatmap
c,S8,low,2035,,,,NW,,regional_demand_met_pct,100.0,,,,,%,frozen_all_scenario_regional_account,scenario_tier_year_heatmap
c,S8,low,2040,,,,NC,,regional_demand_met_pct,91.03472421027298,,,,,%,frozen_all_scenario_regional_account,scenario_tier_year_heatmap
c,S8,low,2040,,,,NE,,regional_demand_met_pct,100.0,,,,,%,frozen_all_scenario_regional_account,scenario_tier_year_heatmap
c,S8,low,2040,,,,EC,,regional_demand_met_pct,53.5616638976339,,,,,%,frozen_all_scenario_regional_account,scenario_tier_year_heatmap
c,S8,low,2040,,,,CC,,regional_demand_met_pct,100.0,,,,,%,frozen_all_scenario_regional_account,scenario_tier_year_heatmap
c,S8,low,2040,,,,SC,,regional_demand_met_pct,39.00118640366446,,,,,%,frozen_all_scenario_regional_account,scenario_tier_year_heatmap
c,S8,low,2040,,,,SW,,regional_demand_met_pct,99.99991785084477,,,,,%,frozen_all_scenario_regional_account,scenario_tier_year_heatmap
c,S8,low,2040,,,,NW,,regional_demand_met_pct,100.0,,,,,%,frozen_all_scenario_regional_account,scenario_tier_year_heatmap
c,S8,low,2045,,,,NC,,regional_demand_met_pct,88.40795023892007,,,,,%,frozen_all_scenario_regional_account,scenario_tier_year_heatmap
c,S8,low,2045,,,,NE,,regional_demand_met_pct,100.0,,,,,%,frozen_all_scenario_regional_account,scenario_tier_year_heatmap
c,S8,low,2045,,,,EC,,regional_demand_met_pct,53.39866153335068,,,,,%,frozen_all_scenario_regional_account,scenario_tier_year_heatmap
c,S8,low,2045,,,,CC,,regional_demand_met_pct,100.0,,,,,%,frozen_all_scenario_regional_account,scenario_tier_year_heatmap
c,S8,low,2045,,,,SC,,regional_demand_met_pct,36.23497015146628,,,,,%,frozen_all_scenario_regional_account,scenario_tier_year_heatmap
c,S8,low,2045,,,,SW,,regional_demand_met_pct,99.99989523647652,,,,,%,frozen_all_scenario_regional_account,scenario_tier_year_heatmap
c,S8,low,2045,,,,NW,,regional_demand_met_pct,100.0,,,,,%,frozen_all_scenario_regional_account,scenario_tier_year_heatmap
c,S8,low,2050,,,,NC,,regional_demand_met_pct,86.2608696788076,,,,,%,frozen_all_scenario_regional_account,scenario_tier_year_heatmap
c,S8,low,2050,,,,NE,,regional_demand_met_pct,100.0,,,,,%,frozen_all_scenario_regional_account,scenario_tier_year_heatmap
c,S8,low,2050,,,,EC,,regional_demand_met_pct,52.51986029597303,,,,,%,frozen_all_scenario_regional_account,scenario_tier_year_heatmap
c,S8,low,2050,,,,CC,,regional_demand_met_pct,100.0,,,,,%,frozen_all_scenario_regional_account,scenario_tier_year_heatmap
c,S8,low,2050,,,,SC,,regional_demand_met_pct,33.63350079061772,,,,,%,frozen_all_scenario_regional_account,scenario_tier_year_heatmap
c,S8,low,2050,,,,SW,,regional_demand_met_pct,99.99996713949406,,,,,%,frozen_all_scenario_regional_account,scenario_tier_year_heatmap
c,S8,low,2050,,,,NW,,regional_demand_met_pct,100.0,,,,,%,frozen_all_scenario_regional_account,scenario_tier_year_heatmap
c,S8,low,2055,,,,NC,,regional_demand_met_pct,84.82034681836008,,,,,%,frozen_all_scenario_regional_account,scenario_tier_year_heatmap
c,S8,low,2055,,,,NE,,regional_demand_met_pct,100.0,,,,,%,frozen_all_scenario_regional_account,scenario_tier_year_heatmap
c,S8,low,2055,,,,EC,,regional_demand_met_pct,51.19950711663165,,,,,%,frozen_all_scenario_regional_account,scenario_tier_year_heatmap
c,S8,low,2055,,,,CC,,regional_demand_met_pct,99.99994878411732,,,,,%,frozen_all_scenario_regional_account,scenario_tier_year_heatmap
c,S8,low,2055,,,,SC,,regional_demand_met_pct,31.782374679225335,,,,,%,frozen_all_scenario_regional_account,scenario_tier_year_heatmap
c,S8,low,2055,,,,SW,,regional_demand_met_pct,99.99996621452868,,,,,%,frozen_all_scenario_regional_account,scenario_tier_year_heatmap
c,S8,low,2055,,,,NW,,regional_demand_met_pct,100.0,,,,,%,frozen_all_scenario_regional_account,scenario_tier_year_heatmap
c,S8,low,2060,,,,NC,,regional_demand_met_pct,73.70161819664652,,,,,%,frozen_all_scenario_regional_account,scenario_tier_year_heatmap
c,S8,low,2060,,,,NE,,regional_demand_met_pct,100.0,,,,,%,frozen_all_scenario_regional_account,scenario_tier_year_heatmap
c,S8,low,2060,,,,EC,,regional_demand_met_pct,50.2071875838996,,,,,%,frozen_all_scenario_regional_account,scenario_tier_year_heatmap
c,S8,low,2060,,,,CC,,regional_demand_met_pct,99.96970858442164,,,,,%,frozen_all_scenario_regional_account,scenario_tier_year_heatmap
c,S8,low,2060,,,,SC,,regional_demand_met_pct,28.49632598287137,,,,,%,frozen_all_scenario_regional_account,scenario_tier_year_heatmap
c,S8,low,2060,,,,SW,,regional_demand_met_pct,98.68458917131797,,,,,%,frozen_all_scenario_regional_account,scenario_tier_year_heatmap
c,S8,low,2060,,,,NW,,regional_demand_met_pct,100.0,,,,,%,frozen_all_scenario_regional_account,scenario_tier_year_heatmap
c,S8,mid,2025,,,,NC,,regional_demand_met_pct,99.99987613327832,,,,,%,frozen_all_scenario_regional_account,scenario_tier_year_heatmap
c,S8,mid,2025,,,,NE,,regional_demand_met_pct,100.0,,,,,%,frozen_all_scenario_regional_account,scenario_tier_year_heatmap
c,S8,mid,2025,,,,EC,,regional_demand_met_pct,70.77891442713445,,,,,%,frozen_all_scenario_regional_account,scenario_tier_year_heatmap
c,S8,mid,2025,,,,CC,,regional_demand_met_pct,100.0,,,,,%,frozen_all_scenario_regional_account,scenario_tier_year_heatmap
c,S8,mid,2025,,,,SC,,regional_demand_met_pct,73.51196538201224,,,,,%,frozen_all_scenario_regional_account,scenario_tier_year_heatmap
c,S8,mid,2025,,,,SW,,regional_demand_met_pct,100.0,,,,,%,frozen_all_scenario_regional_account,scenario_tier_year_heatmap
c,S8,mid,2025,,,,NW,,regional_demand_met_pct,100.0,,,,,%,frozen_all_scenario_regional_account,scenario_tier_year_heatmap
c,S8,mid,2030,,,,NC,,regional_demand_met_pct,84.8407827992543,,,,,%,frozen_all_scenario_regional_account,scenario_tier_year_heatmap
c,S8,mid,2030,,,,NE,,regional_demand_met_pct,100.0,,,,,%,frozen_all_scenario_regional_account,scenario_tier_year_heatmap
c,S8,mid,2030,,,,EC,,regional_demand_met_pct,51.25950117947134,,,,,%,frozen_all_scenario_regional_account,scenario_tier_year_heatmap
c,S8,mid,2030,,,,CC,,regional_demand_met_pct,100.0,,,,,%,frozen_all_scenario_regional_account,scenario_tier_year_heatmap
c,S8,mid,2030,,,,SC,,regional_demand_met_pct,31.666917997501788,,,,,%,frozen_all_scenario_regional_account,scenario_tier_year_heatmap
c,S8,mid,2030,,,,SW,,regional_demand_met_pct,99.99987733994222,,,,,%,frozen_all_scenario_regional_account,scenario_tier_year_heatmap
c,S8,mid,2030,,,,NW,,regional_demand_met_pct,100.0,,,,,%,frozen_all_scenario_regional_account,scenario_tier_year_heatmap
c,S8,mid,2035,,,,NC,,regional_demand_met_pct,66.3471399538279,,,,,%,frozen_all_scenario_regional_account,scenario_tier_year_heatmap
c,S8,mid,2035,,,,NE,,regional_demand_met_pct,100.0,,,,,%,frozen_all_scenario_regional_account,scenario_tier_year_heatmap
c,S8,mid,2035,,,,EC,,regional_demand_met_pct,49.64352995027533,,,,,%,frozen_all_scenario_regional_account,scenario_tier_year_heatmap
c,S8,mid,2035,,,,CC,,regional_demand_met_pct,98.71032962720416,,,,,%,frozen_all_scenario_regional_account,scenario_tier_year_heatmap
c,S8,mid,2035,,,,SC,,regional_demand_met_pct,26.38884822497449,,,,,%,frozen_all_scenario_regional_account,scenario_tier_year_heatmap
c,S8,mid,2035,,,,SW,,regional_demand_met_pct,99.99988414654442,,,,,%,frozen_all_scenario_regional_account,scenario_tier_year_heatmap
c,S8,mid,2035,,,,NW,,regional_demand_met_pct,100.0,,,,,%,frozen_all_scenario_regional_account,scenario_tier_year_heatmap
c,S8,mid,2040,,,,NC,,regional_demand_met_pct,59.503314956896695,,,,,%,frozen_all_scenario_regional_account,scenario_tier_year_heatmap
c,S8,mid,2040,,,,NE,,regional_demand_met_pct,100.0,,,,,%,frozen_all_scenario_regional_account,scenario_tier_year_heatmap
c,S8,mid,2040,,,,EC,,regional_demand_met_pct,48.75713460688615,,,,,%,frozen_all_scenario_regional_account,scenario_tier_year_heatmap
c,S8,mid,2040,,,,CC,,regional_demand_met_pct,97.41577671778496,,,,,%,frozen_all_scenario_regional_account,scenario_tier_year_heatmap
c,S8,mid,2040,,,,SC,,regional_demand_met_pct,22.506654621205747,,,,,%,frozen_all_scenario_regional_account,scenario_tier_year_heatmap
c,S8,mid,2040,,,,SW,,regional_demand_met_pct,97.900335074716,,,,,%,frozen_all_scenario_regional_account,scenario_tier_year_heatmap
c,S8,mid,2040,,,,NW,,regional_demand_met_pct,100.0,,,,,%,frozen_all_scenario_regional_account,scenario_tier_year_heatmap
c,S8,mid,2045,,,,NC,,regional_demand_met_pct,53.51926323193076,,,,,%,frozen_all_scenario_regional_account,scenario_tier_year_heatmap
c,S8,mid,2045,,,,NE,,regional_demand_met_pct,98.70304095008754,,,,,%,frozen_all_scenario_regional_account,scenario_tier_year_heatmap
c,S8,mid,2045,,,,EC,,regional_demand_met_pct,39.19330664150981,,,,,%,frozen_all_scenario_regional_account,scenario_tier_year_heatmap
c,S8,mid,2045,,,,CC,,regional_demand_met_pct,96.07094741089952,,,,,%,frozen_all_scenario_regional_account,scenario_tier_year_heatmap
c,S8,mid,2045,,,,SC,,regional_demand_met_pct,19.08599385801159,,,,,%,frozen_all_scenario_regional_account,scenario_tier_year_heatmap
c,S8,mid,2045,,,,SW,,regional_demand_met_pct,94.14288682688286,,,,,%,frozen_all_scenario_regional_account,scenario_tier_year_heatmap
c,S8,mid,2045,,,,NW,,regional_demand_met_pct,100.0,,,,,%,frozen_all_scenario_regional_account,scenario_tier_year_heatmap
c,S8,mid,2050,,,,NC,,regional_demand_met_pct,52.80868243223423,,,,,%,frozen_all_scenario_regional_account,scenario_tier_year_heatmap
c,S8,mid,2050,,,,NE,,regional_demand_met_pct,82.51759736874914,,,,,%,frozen_all_scenario_regional_account,scenario_tier_year_heatmap
c,S8,mid,2050,,,,EC,,regional_demand_met_pct,31.81470369356777,,,,,%,frozen_all_scenario_regional_account,scenario_tier_year_heatmap
c,S8,mid,2050,,,,CC,,regional_demand_met_pct,94.59229977858456,,,,,%,frozen_all_scenario_regional_account,scenario_tier_year_heatmap
c,S8,mid,2050,,,,SC,,regional_demand_met_pct,15.598847513339546,,,,,%,frozen_all_scenario_regional_account,scenario_tier_year_heatmap
c,S8,mid,2050,,,,SW,,regional_demand_met_pct,90.9623950616932,,,,,%,frozen_all_scenario_regional_account,scenario_tier_year_heatmap
c,S8,mid,2050,,,,NW,,regional_demand_met_pct,100.0,,,,,%,frozen_all_scenario_regional_account,scenario_tier_year_heatmap
c,S8,mid,2055,,,,NC,,regional_demand_met_pct,52.31118791961897,,,,,%,frozen_all_scenario_regional_account,scenario_tier_year_heatmap
c,S8,mid,2055,,,,NE,,regional_demand_met_pct,70.39039629382209,,,,,%,frozen_all_scenario_regional_account,scenario_tier_year_heatmap
c,S8,mid,2055,,,,EC,,regional_demand_met_pct,26.759805462334164,,,,,%,frozen_all_scenario_regional_account,scenario_tier_year_heatmap
c,S8,mid,2055,,,,CC,,regional_demand_met_pct,93.4819384327885,,,,,%,frozen_all_scenario_regional_account,scenario_tier_year_heatmap
c,S8,mid,2055,,,,SC,,regional_demand_met_pct,13.04419414488379,,,,,%,frozen_all_scenario_regional_account,scenario_tier_year_heatmap
c,S8,mid,2055,,,,SW,,regional_demand_met_pct,88.79641592070885,,,,,%,frozen_all_scenario_regional_account,scenario_tier_year_heatmap
c,S8,mid,2055,,,,NW,,regional_demand_met_pct,100.0,,,,,%,frozen_all_scenario_regional_account,scenario_tier_year_heatmap
c,S8,mid,2060,,,,NC,,regional_demand_met_pct,51.93963890879336,,,,,%,frozen_all_scenario_regional_account,scenario_tier_year_heatmap
c,S8,mid,2060,,,,NE,,regional_demand_met_pct,60.82862114504322,,,,,%,frozen_all_scenario_regional_account,scenario_tier_year_heatmap
c,S8,mid,2060,,,,EC,,regional_demand_met_pct,23.06783293392647,,,,,%,frozen_all_scenario_regional_account,scenario_tier_year_heatmap
c,S8,mid,2060,,,,CC,,regional_demand_met_pct,92.60495778110936,,,,,%,frozen_all_scenario_regional_account,scenario_tier_year_heatmap
c,S8,mid,2060,,,,SC,,regional_demand_met_pct,11.06443553679764,,,,,%,frozen_all_scenario_regional_account,scenario_tier_year_heatmap
c,S8,mid,2060,,,,SW,,regional_demand_met_pct,87.21731838672774,,,,,%,frozen_all_scenario_regional_account,scenario_tier_year_heatmap
c,S8,mid,2060,,,,NW,,regional_demand_met_pct,100.0,,,,,%,frozen_all_scenario_regional_account,scenario_tier_year_heatmap
c,S8,high,2025,,,,NC,,regional_demand_met_pct,97.2147604708604,,,,,%,frozen_all_scenario_regional_account,scenario_tier_year_heatmap
c,S8,high,2025,,,,NE,,regional_demand_met_pct,100.0,,,,,%,frozen_all_scenario_regional_account,scenario_tier_year_heatmap
c,S8,high,2025,,,,EC,,regional_demand_met_pct,59.46285882423936,,,,,%,frozen_all_scenario_regional_account,scenario_tier_year_heatmap
c,S8,high,2025,,,,CC,,regional_demand_met_pct,100.0,,,,,%,frozen_all_scenario_regional_account,scenario_tier_year_heatmap
c,S8,high,2025,,,,SC,,regional_demand_met_pct,46.66271710523154,,,,,%,frozen_all_scenario_regional_account,scenario_tier_year_heatmap
c,S8,high,2025,,,,SW,,regional_demand_met_pct,99.99908888188496,,,,,%,frozen_all_scenario_regional_account,scenario_tier_year_heatmap
c,S8,high,2025,,,,NW,,regional_demand_met_pct,100.0,,,,,%,frozen_all_scenario_regional_account,scenario_tier_year_heatmap
c,S8,high,2030,,,,NC,,regional_demand_met_pct,53.61603337951125,,,,,%,frozen_all_scenario_regional_account,scenario_tier_year_heatmap
c,S8,high,2030,,,,NE,,regional_demand_met_pct,88.4018268306445,,,,,%,frozen_all_scenario_regional_account,scenario_tier_year_heatmap
c,S8,high,2030,,,,EC,,regional_demand_met_pct,46.325716094799226,,,,,%,frozen_all_scenario_regional_account,scenario_tier_year_heatmap
c,S8,high,2030,,,,CC,,regional_demand_met_pct,95.09048947347397,,,,,%,frozen_all_scenario_regional_account,scenario_tier_year_heatmap
c,S8,high,2030,,,,SC,,regional_demand_met_pct,17.780806522453087,,,,,%,frozen_all_scenario_regional_account,scenario_tier_year_heatmap
c,S8,high,2030,,,,SW,,regional_demand_met_pct,95.53113951310668,,,,,%,frozen_all_scenario_regional_account,scenario_tier_year_heatmap
c,S8,high,2030,,,,NW,,regional_demand_met_pct,100.0,,,,,%,frozen_all_scenario_regional_account,scenario_tier_year_heatmap
c,S8,high,2035,,,,NC,,regional_demand_met_pct,52.802441847562925,,,,,%,frozen_all_scenario_regional_account,scenario_tier_year_heatmap
c,S8,high,2035,,,,NE,,regional_demand_met_pct,68.84117902158499,,,,,%,frozen_all_scenario_regional_account,scenario_tier_year_heatmap
c,S8,high,2035,,,,EC,,regional_demand_met_pct,32.62933654520336,,,,,%,frozen_all_scenario_regional_account,scenario_tier_year_heatmap
c,S8,high,2035,,,,CC,,regional_demand_met_pct,93.30029118533406,,,,,%,frozen_all_scenario_regional_account,scenario_tier_year_heatmap
c,S8,high,2035,,,,SC,,regional_demand_met_pct,13.641687690822854,,,,,%,frozen_all_scenario_regional_account,scenario_tier_year_heatmap
c,S8,high,2035,,,,SW,,regional_demand_met_pct,91.9681286299451,,,,,%,frozen_all_scenario_regional_account,scenario_tier_year_heatmap
c,S8,high,2035,,,,NW,,regional_demand_met_pct,100.0,,,,,%,frozen_all_scenario_regional_account,scenario_tier_year_heatmap
c,S8,high,2040,,,,NC,,regional_demand_met_pct,52.32706114928791,,,,,%,frozen_all_scenario_regional_account,scenario_tier_year_heatmap
c,S8,high,2040,,,,NE,,regional_demand_met_pct,62.62740514159271,,,,,%,frozen_all_scenario_regional_account,scenario_tier_year_heatmap
c,S8,high,2040,,,,EC,,regional_demand_met_pct,26.331228755969608,,,,,%,frozen_all_scenario_regional_account,scenario_tier_year_heatmap
c,S8,high,2040,,,,CC,,regional_demand_met_pct,92.74717591960552,,,,,%,frozen_all_scenario_regional_account,scenario_tier_year_heatmap
c,S8,high,2040,,,,SC,,regional_demand_met_pct,11.965603511158571,,,,,%,frozen_all_scenario_regional_account,scenario_tier_year_heatmap
c,S8,high,2040,,,,SW,,regional_demand_met_pct,89.48797374320138,,,,,%,frozen_all_scenario_regional_account,scenario_tier_year_heatmap
c,S8,high,2040,,,,NW,,regional_demand_met_pct,100.0,,,,,%,frozen_all_scenario_regional_account,scenario_tier_year_heatmap
c,S8,high,2045,,,,NC,,regional_demand_met_pct,51.95014502582264,,,,,%,frozen_all_scenario_regional_account,scenario_tier_year_heatmap
c,S8,high,2045,,,,NE,,regional_demand_met_pct,55.87275428213242,,,,,%,frozen_all_scenario_regional_account,scenario_tier_year_heatmap
c,S8,high,2045,,,,EC,,regional_demand_met_pct,21.2141592772717,,,,,%,frozen_all_scenario_regional_account,scenario_tier_year_heatmap
c,S8,high,2045,,,,CC,,regional_demand_met_pct,92.13585892883088,,,,,%,frozen_all_scenario_regional_account,scenario_tier_year_heatmap
c,S8,high,2045,,,,SC,,regional_demand_met_pct,10.376487592688726,,,,,%,frozen_all_scenario_regional_account,scenario_tier_year_heatmap
c,S8,high,2045,,,,SW,,regional_demand_met_pct,87.66114134364355,,,,,%,frozen_all_scenario_regional_account,scenario_tier_year_heatmap
c,S8,high,2045,,,,NW,,regional_demand_met_pct,100.0,,,,,%,frozen_all_scenario_regional_account,scenario_tier_year_heatmap
c,S8,high,2050,,,,NC,,regional_demand_met_pct,51.591541568014165,,,,,%,frozen_all_scenario_regional_account,scenario_tier_year_heatmap
c,S8,high,2050,,,,NE,,regional_demand_met_pct,47.862419280417015,,,,,%,frozen_all_scenario_regional_account,scenario_tier_year_heatmap
c,S8,high,2050,,,,EC,,regional_demand_met_pct,15.415588562904585,,,,,%,frozen_all_scenario_regional_account,scenario_tier_year_heatmap
c,S8,high,2050,,,,CC,,regional_demand_met_pct,91.40456083629095,,,,,%,frozen_all_scenario_regional_account,scenario_tier_year_heatmap
c,S8,high,2050,,,,SC,,regional_demand_met_pct,8.63912498493138,,,,,%,frozen_all_scenario_regional_account,scenario_tier_year_heatmap
c,S8,high,2050,,,,SW,,regional_demand_met_pct,80.98000206023804,,,,,%,frozen_all_scenario_regional_account,scenario_tier_year_heatmap
c,S8,high,2050,,,,NW,,regional_demand_met_pct,100.0,,,,,%,frozen_all_scenario_regional_account,scenario_tier_year_heatmap
c,S8,high,2055,,,,NC,,regional_demand_met_pct,51.337309739689246,,,,,%,frozen_all_scenario_regional_account,scenario_tier_year_heatmap
c,S8,high,2055,,,,NE,,regional_demand_met_pct,41.77180963112637,,,,,%,frozen_all_scenario_regional_account,scenario_tier_year_heatmap
c,S8,high,2055,,,,EC,,regional_demand_met_pct,11.14419741490958,,,,,%,frozen_all_scenario_regional_account,scenario_tier_year_heatmap
c,S8,high,2055,,,,CC,,regional_demand_met_pct,82.65206035097331,,,,,%,frozen_all_scenario_regional_account,scenario_tier_year_heatmap
c,S8,high,2055,,,,SC,,regional_demand_met_pct,7.34882099822708,,,,,%,frozen_all_scenario_regional_account,scenario_tier_year_heatmap
c,S8,high,2055,,,,SW,,regional_demand_met_pct,75.09272204374162,,,,,%,frozen_all_scenario_regional_account,scenario_tier_year_heatmap
c,S8,high,2055,,,,NW,,regional_demand_met_pct,99.99998566746063,,,,,%,frozen_all_scenario_regional_account,scenario_tier_year_heatmap
c,S8,high,2060,,,,NC,,regional_demand_met_pct,51.14778723385477,,,,,%,frozen_all_scenario_regional_account,scenario_tier_year_heatmap
c,S8,high,2060,,,,NE,,regional_demand_met_pct,36.981214812783904,,,,,%,frozen_all_scenario_regional_account,scenario_tier_year_heatmap
c,S8,high,2060,,,,EC,,regional_demand_met_pct,7.862448928584681,,,,,%,frozen_all_scenario_regional_account,scenario_tier_year_heatmap
c,S8,high,2060,,,,CC,,regional_demand_met_pct,59.074734685596205,,,,,%,frozen_all_scenario_regional_account,scenario_tier_year_heatmap
c,S8,high,2060,,,,SC,,regional_demand_met_pct,6.351318894836336,,,,,%,frozen_all_scenario_regional_account,scenario_tier_year_heatmap
c,S8,high,2060,,,,SW,,regional_demand_met_pct,70.7773085014945,,,,,%,frozen_all_scenario_regional_account,scenario_tier_year_heatmap
c,S8,high,2060,,,,NW,,regional_demand_met_pct,99.99999597164648,,,,,%,frozen_all_scenario_regional_account,scenario_tier_year_heatmap
d,S1,mid,2060,,,,NW,Local,mean_pipeline_delivery_2025_2060_10kt_y,0.0,,,,,10 kt/y,frozen_all_scenario_regional_strategy,fixed_role_columns_bubble_area
d,S1,mid,2060,,,,SW,Local,mean_pipeline_delivery_2025_2060_10kt_y,0.0,,,,,10 kt/y,frozen_all_scenario_regional_strategy,fixed_role_columns_bubble_area
d,S1,mid,2060,,,,NC,Export,mean_pipeline_delivery_2025_2060_10kt_y,0.0,,,,,10 kt/y,frozen_all_scenario_regional_strategy,fixed_role_columns_bubble_area
d,S1,mid,2060,,,,CC,Local,mean_pipeline_delivery_2025_2060_10kt_y,0.0,,,,,10 kt/y,frozen_all_scenario_regional_strategy,fixed_role_columns_bubble_area
d,S1,mid,2060,,,,SC,Terminal,mean_pipeline_delivery_2025_2060_10kt_y,0.0,,,,,10 kt/y,frozen_all_scenario_regional_strategy,fixed_role_columns_bubble_area
d,S1,mid,2060,,,,EC,Import,mean_pipeline_delivery_2025_2060_10kt_y,46.224375,,,,,10 kt/y,frozen_all_scenario_regional_strategy,fixed_role_columns_bubble_area
d,S1,mid,2060,,,,NE,Local,mean_pipeline_delivery_2025_2060_10kt_y,0.0,,,,,10 kt/y,frozen_all_scenario_regional_strategy,fixed_role_columns_bubble_area
d,S2,mid,2060,,,,NW,Export,mean_pipeline_delivery_2025_2060_10kt_y,0.0,,,,,10 kt/y,frozen_all_scenario_regional_strategy,fixed_role_columns_bubble_area
d,S2,mid,2060,,,,SW,Import,mean_pipeline_delivery_2025_2060_10kt_y,4.055762499999999,,,,,10 kt/y,frozen_all_scenario_regional_strategy,fixed_role_columns_bubble_area
d,S2,mid,2060,,,,NC,Export,mean_pipeline_delivery_2025_2060_10kt_y,65.3875125,,,,,10 kt/y,frozen_all_scenario_regional_strategy,fixed_role_columns_bubble_area
d,S2,mid,2060,,,,CC,Import,mean_pipeline_delivery_2025_2060_10kt_y,89.07445000000001,,,,,10 kt/y,frozen_all_scenario_regional_strategy,fixed_role_columns_bubble_area
d,S2,mid,2060,,,,SC,Terminal,mean_pipeline_delivery_2025_2060_10kt_y,4.5346625,,,,,10 kt/y,frozen_all_scenario_regional_strategy,fixed_role_columns_bubble_area
d,S2,mid,2060,,,,EC,Import,mean_pipeline_delivery_2025_2060_10kt_y,128.71022499999998,,,,,10 kt/y,frozen_all_scenario_regional_strategy,fixed_role_columns_bubble_area
d,S2,mid,2060,,,,NE,Export,mean_pipeline_delivery_2025_2060_10kt_y,0.0,,,,,10 kt/y,frozen_all_scenario_regional_strategy,fixed_role_columns_bubble_area
d,S3,mid,2060,,,,NW,Export,mean_pipeline_delivery_2025_2060_10kt_y,0.0,,,,,10 kt/y,frozen_all_scenario_regional_strategy,fixed_role_columns_bubble_area
d,S3,mid,2060,,,,SW,Import,mean_pipeline_delivery_2025_2060_10kt_y,56.3279,,,,,10 kt/y,frozen_all_scenario_regional_strategy,fixed_role_columns_bubble_area
d,S3,mid,2060,,,,NC,Import,mean_pipeline_delivery_2025_2060_10kt_y,34.4326625,,,,,10 kt/y,frozen_all_scenario_regional_strategy,fixed_role_columns_bubble_area
d,S3,mid,2060,,,,CC,Local,mean_pipeline_delivery_2025_2060_10kt_y,0.0,,,,,10 kt/y,frozen_all_scenario_regional_strategy,fixed_role_columns_bubble_area
d,S3,mid,2060,,,,SC,Terminal,mean_pipeline_delivery_2025_2060_10kt_y,0.0,,,,,10 kt/y,frozen_all_scenario_regional_strategy,fixed_role_columns_bubble_area
d,S3,mid,2060,,,,EC,Terminal,mean_pipeline_delivery_2025_2060_10kt_y,37.8660375,,,,,10 kt/y,frozen_all_scenario_regional_strategy,fixed_role_columns_bubble_area
d,S3,mid,2060,,,,NE,Export,mean_pipeline_delivery_2025_2060_10kt_y,0.0,,,,,10 kt/y,frozen_all_scenario_regional_strategy,fixed_role_columns_bubble_area
d,S4,mid,2060,,,,NW,Local,mean_pipeline_delivery_2025_2060_10kt_y,0.0,,,,,10 kt/y,frozen_all_scenario_regional_strategy,fixed_role_columns_bubble_area
d,S4,mid,2060,,,,SW,Local,mean_pipeline_delivery_2025_2060_10kt_y,0.21805,,,,,10 kt/y,frozen_all_scenario_regional_strategy,fixed_role_columns_bubble_area
d,S4,mid,2060,,,,NC,Import,mean_pipeline_delivery_2025_2060_10kt_y,8.4422125,,,,,10 kt/y,frozen_all_scenario_regional_strategy,fixed_role_columns_bubble_area
d,S4,mid,2060,,,,CC,Local,mean_pipeline_delivery_2025_2060_10kt_y,0.6069,,,,,10 kt/y,frozen_all_scenario_regional_strategy,fixed_role_columns_bubble_area
d,S4,mid,2060,,,,SC,Terminal,mean_pipeline_delivery_2025_2060_10kt_y,0.0,,,,,10 kt/y,frozen_all_scenario_regional_strategy,fixed_role_columns_bubble_area
d,S4,mid,2060,,,,EC,Terminal,mean_pipeline_delivery_2025_2060_10kt_y,39.4282125,,,,,10 kt/y,frozen_all_scenario_regional_strategy,fixed_role_columns_bubble_area
d,S4,mid,2060,,,,NE,Export,mean_pipeline_delivery_2025_2060_10kt_y,0.0,,,,,10 kt/y,frozen_all_scenario_regional_strategy,fixed_role_columns_bubble_area
d,S5,mid,2060,,,,NW,Export,mean_pipeline_delivery_2025_2060_10kt_y,0.0,,,,,10 kt/y,frozen_all_scenario_regional_strategy,fixed_role_columns_bubble_area
d,S5,mid,2060,,,,SW,Import,mean_pipeline_delivery_2025_2060_10kt_y,87.06649999999999,,,,,10 kt/y,frozen_all_scenario_regional_strategy,fixed_role_columns_bubble_area
d,S5,mid,2060,,,,NC,Export,mean_pipeline_delivery_2025_2060_10kt_y,17.302412500000003,,,,,10 kt/y,frozen_all_scenario_regional_strategy,fixed_role_columns_bubble_area
d,S5,mid,2060,,,,CC,Import,mean_pipeline_delivery_2025_2060_10kt_y,209.7862125,,,,,10 kt/y,frozen_all_scenario_regional_strategy,fixed_role_columns_bubble_area
d,S5,mid,2060,,,,SC,Terminal,mean_pipeline_delivery_2025_2060_10kt_y,0.0101999999999999,,,,,10 kt/y,frozen_all_scenario_regional_strategy,fixed_role_columns_bubble_area
d,S5,mid,2060,,,,EC,Import,mean_pipeline_delivery_2025_2060_10kt_y,151.18485,,,,,10 kt/y,frozen_all_scenario_regional_strategy,fixed_role_columns_bubble_area
d,S5,mid,2060,,,,NE,Local,mean_pipeline_delivery_2025_2060_10kt_y,0.0,,,,,10 kt/y,frozen_all_scenario_regional_strategy,fixed_role_columns_bubble_area
d,S6,mid,2060,,,,NW,Export,mean_pipeline_delivery_2025_2060_10kt_y,0.0,,,,,10 kt/y,frozen_all_scenario_regional_strategy,fixed_role_columns_bubble_area
d,S6,mid,2060,,,,SW,Import,mean_pipeline_delivery_2025_2060_10kt_y,106.8850625,,,,,10 kt/y,frozen_all_scenario_regional_strategy,fixed_role_columns_bubble_area
d,S6,mid,2060,,,,NC,Export,mean_pipeline_delivery_2025_2060_10kt_y,23.8449875,,,,,10 kt/y,frozen_all_scenario_regional_strategy,fixed_role_columns_bubble_area
d,S6,mid,2060,,,,CC,Import,mean_pipeline_delivery_2025_2060_10kt_y,257.3777,,,,,10 kt/y,frozen_all_scenario_regional_strategy,fixed_role_columns_bubble_area
d,S6,mid,2060,,,,SC,Terminal,mean_pipeline_delivery_2025_2060_10kt_y,0.7060375000000001,,,,,10 kt/y,frozen_all_scenario_regional_strategy,fixed_role_columns_bubble_area
d,S6,mid,2060,,,,EC,Import,mean_pipeline_delivery_2025_2060_10kt_y,160.5958125,,,,,10 kt/y,frozen_all_scenario_regional_strategy,fixed_role_columns_bubble_area
d,S6,mid,2060,,,,NE,Local,mean_pipeline_delivery_2025_2060_10kt_y,0.0,,,,,10 kt/y,frozen_all_scenario_regional_strategy,fixed_role_columns_bubble_area
d,S7,mid,2060,,,,NW,Export,mean_pipeline_delivery_2025_2060_10kt_y,0.0,,,,,10 kt/y,frozen_all_scenario_regional_strategy,fixed_role_columns_bubble_area
d,S7,mid,2060,,,,SW,Import,mean_pipeline_delivery_2025_2060_10kt_y,140.6258125,,,,,10 kt/y,frozen_all_scenario_regional_strategy,fixed_role_columns_bubble_area
d,S7,mid,2060,,,,NC,Export,mean_pipeline_delivery_2025_2060_10kt_y,6.158375,,,,,10 kt/y,frozen_all_scenario_regional_strategy,fixed_role_columns_bubble_area
d,S7,mid,2060,,,,CC,Import,mean_pipeline_delivery_2025_2060_10kt_y,135.741725,,,,,10 kt/y,frozen_all_scenario_regional_strategy,fixed_role_columns_bubble_area
d,S7,mid,2060,,,,SC,Terminal,mean_pipeline_delivery_2025_2060_10kt_y,0.0,,,,,10 kt/y,frozen_all_scenario_regional_strategy,fixed_role_columns_bubble_area
d,S7,mid,2060,,,,EC,Import,mean_pipeline_delivery_2025_2060_10kt_y,148.89475,,,,,10 kt/y,frozen_all_scenario_regional_strategy,fixed_role_columns_bubble_area
d,S7,mid,2060,,,,NE,Local,mean_pipeline_delivery_2025_2060_10kt_y,0.0,,,,,10 kt/y,frozen_all_scenario_regional_strategy,fixed_role_columns_bubble_area
d,S8,mid,2060,,,,NW,Export,mean_pipeline_delivery_2025_2060_10kt_y,0.0,,,,,10 kt/y,frozen_all_scenario_regional_strategy,fixed_role_columns_bubble_area
d,S8,mid,2060,,,,SW,Import,mean_pipeline_delivery_2025_2060_10kt_y,144.3571375,,,,,10 kt/y,frozen_all_scenario_regional_strategy,fixed_role_columns_bubble_area
d,S8,mid,2060,,,,NC,Export,mean_pipeline_delivery_2025_2060_10kt_y,7.7962375,,,,,10 kt/y,frozen_all_scenario_regional_strategy,fixed_role_columns_bubble_area
d,S8,mid,2060,,,,CC,Import,mean_pipeline_delivery_2025_2060_10kt_y,156.615575,,,,,10 kt/y,frozen_all_scenario_regional_strategy,fixed_role_columns_bubble_area
d,S8,mid,2060,,,,SC,Terminal,mean_pipeline_delivery_2025_2060_10kt_y,0.0515749999999999,,,,,10 kt/y,frozen_all_scenario_regional_strategy,fixed_role_columns_bubble_area
d,S8,mid,2060,,,,EC,Import,mean_pipeline_delivery_2025_2060_10kt_y,153.3022625,,,,,10 kt/y,frozen_all_scenario_regional_strategy,fixed_role_columns_bubble_area
d,S8,mid,2060,,,,NE,Local,mean_pipeline_delivery_2025_2060_10kt_y,0.0,,,,,10 kt/y,frozen_all_scenario_regional_strategy,fixed_role_columns_bubble_area
e,S3,mid,2025,,,,,,demand_methanol_10kt,0.0,,,,,10 kt/y,frozen_s3_refinery_node_output,stacked_service_account_with_met_line
e,S3,mid,2025,,,,,,local_direct_methanol_10kt,0.0,,,,,10 kt/y,frozen_s3_refinery_node_output,stacked_service_account_with_met_line
e,S3,mid,2025,,,,,,pipeline_delivered_methanol_10kt,0.0,,,,,10 kt/y,frozen_s3_refinery_node_output,stacked_service_account_with_met_line
e,S3,mid,2025,,,,,,unmet_demand_methanol_10kt,0.0,,,,,10 kt/y,frozen_s3_refinery_node_output,stacked_service_account_with_met_line
e,S3,mid,2025,,,,,,demand_met_pct,nan,,,,,%,frozen_s3_refinery_node_output,stacked_service_account_with_met_line
e,S3,mid,2030,,,,,,demand_methanol_10kt,162.0,,,,,10 kt/y,frozen_s3_refinery_node_output,stacked_service_account_with_met_line
e,S3,mid,2030,,,,,,local_direct_methanol_10kt,87.79172691895995,,,,,10 kt/y,frozen_s3_refinery_node_output,stacked_service_account_with_met_line
e,S3,mid,2030,,,,,,pipeline_delivered_methanol_10kt,43.3514,,,,,10 kt/y,frozen_s3_refinery_node_output,stacked_service_account_with_met_line
e,S3,mid,2030,,,,,,unmet_demand_methanol_10kt,30.85687308104006,,,,,10 kt/y,frozen_s3_refinery_node_output,stacked_service_account_with_met_line
e,S3,mid,2030,,,,,,demand_met_pct,80.95254748083947,,,,,%,frozen_s3_refinery_node_output,stacked_service_account_with_met_line
e,S3,mid,2035,,,,,,demand_methanol_10kt,295.9285714285714,,,,,10 kt/y,frozen_s3_refinery_node_output,stacked_service_account_with_met_line
e,S3,mid,2035,,,,,,local_direct_methanol_10kt,153.98091585932394,,,,,10 kt/y,frozen_s3_refinery_node_output,stacked_service_account_with_met_line
e,S3,mid,2035,,,,,,pipeline_delivered_methanol_10kt,81.9859,,,,,10 kt/y,frozen_s3_refinery_node_output,stacked_service_account_with_met_line
e,S3,mid,2035,,,,,,unmet_demand_methanol_10kt,59.96175556924747,,,,,10 kt/y,frozen_s3_refinery_node_output,stacked_service_account_with_met_line
e,S3,mid,2035,,,,,,demand_met_pct,79.73776060899193,,,,,%,frozen_s3_refinery_node_output,stacked_service_account_with_met_line
e,S3,mid,2040,,,,,,demand_methanol_10kt,423.5314285714284,,,,,10 kt/y,frozen_s3_refinery_node_output,stacked_service_account_with_met_line
e,S3,mid,2040,,,,,,local_direct_methanol_10kt,218.61579162199882,,,,,10 kt/y,frozen_s3_refinery_node_output,stacked_service_account_with_met_line
e,S3,mid,2040,,,,,,pipeline_delivered_methanol_10kt,118.8166,,,,,10 kt/y,frozen_s3_refinery_node_output,stacked_service_account_with_met_line
e,S3,mid,2040,,,,,,unmet_demand_methanol_10kt,86.09903694942962,,,,,10 kt/y,frozen_s3_refinery_node_output,stacked_service_account_with_met_line
e,S3,mid,2040,,,,,,demand_met_pct,79.67115752428535,,,,,%,frozen_s3_refinery_node_output,stacked_service_account_with_met_line
e,S3,mid,2045,,,,,,demand_methanol_10kt,541.7742857142857,,,,,10 kt/y,frozen_s3_refinery_node_output,stacked_service_account_with_met_line
e,S3,mid,2045,,,,,,local_direct_methanol_10kt,276.53368661383433,,,,,10 kt/y,frozen_s3_refinery_node_output,stacked_service_account_with_met_line
e,S3,mid,2045,,,,,,pipeline_delivered_methanol_10kt,153.8719,,,,,10 kt/y,frozen_s3_refinery_node_output,stacked_service_account_with_met_line
e,S3,mid,2045,,,,,,unmet_demand_methanol_10kt,111.36869910045137,,,,,10 kt/y,frozen_s3_refinery_node_output,stacked_service_account_with_met_line
e,S3,mid,2045,,,,,,demand_met_pct,79.44370893247164,,,,,%,frozen_s3_refinery_node_output,stacked_service_account_with_met_line
e,S3,mid,2050,,,,,,demand_methanol_10kt,647.6228571428571,,,,,10 kt/y,frozen_s3_refinery_node_output,stacked_service_account_with_met_line
e,S3,mid,2050,,,,,,local_direct_methanol_10kt,324.04283691578814,,,,,10 kt/y,frozen_s3_refinery_node_output,stacked_service_account_with_met_line
e,S3,mid,2050,,,,,,pipeline_delivered_methanol_10kt,187.0868,,,,,10 kt/y,frozen_s3_refinery_node_output,stacked_service_account_with_met_line
e,S3,mid,2050,,,,,,unmet_demand_methanol_10kt,136.493220227069,,,,,10 kt/y,frozen_s3_refinery_node_output,stacked_service_account_with_met_line
e,S3,mid,2050,,,,,,demand_met_pct,78.92396497102628,,,,,%,frozen_s3_refinery_node_output,stacked_service_account_with_met_line
e,S3,mid,2055,,,,,,demand_methanol_10kt,738.042857142857,,,,,10 kt/y,frozen_s3_refinery_node_output,stacked_service_account_with_met_line
e,S3,mid,2055,,,,,,local_direct_methanol_10kt,363.6152795047206,,,,,10 kt/y,frozen_s3_refinery_node_output,stacked_service_account_with_met_line
e,S3,mid,2055,,,,,,pipeline_delivered_methanol_10kt,212.4837,,,,,10 kt/y,frozen_s3_refinery_node_output,stacked_service_account_with_met_line
e,S3,mid,2055,,,,,,unmet_demand_methanol_10kt,161.94387763813643,,,,,10 kt/y,frozen_s3_refinery_node_output,stacked_service_account_with_met_line
e,S3,mid,2055,,,,,,demand_met_pct,78.05765937969232,,,,,%,frozen_s3_refinery_node_output,stacked_service_account_with_met_line
e,S3,mid,2060,,,,,,demand_methanol_10kt,810.0,,,,,10 kt/y,frozen_s3_refinery_node_output,stacked_service_account_with_met_line
e,S3,mid,2060,,,,,,local_direct_methanol_10kt,393.16051157425005,,,,,10 kt/y,frozen_s3_refinery_node_output,stacked_service_account_with_met_line
e,S3,mid,2060,,,,,,pipeline_delivered_methanol_10kt,231.4165,,,,,10 kt/y,frozen_s3_refinery_node_output,stacked_service_account_with_met_line
e,S3,mid,2060,,,,,,unmet_demand_methanol_10kt,185.42298842574996,,,,,10 kt/y,frozen_s3_refinery_node_output,stacked_service_account_with_met_line
e,S3,mid,2060,,,,,,demand_met_pct,77.10827303385803,,,,,%,frozen_s3_refinery_node_output,stacked_service_account_with_met_line
f,S3,mid,2060,RC01,,,,,node_demand_met_pct,89.24262106045465,121.4700152,31.2312707,70.23437820986909,62.67900000000001,%,dynamic_v08_s3_refinery_node_output,refinery_node_map_with_two_zoom_insets
f,S3,mid,2060,RC02,,,,,node_demand_met_pct,99.99986027739511,116.3912972,39.9057136,62.63030883445218,61.78,%,dynamic_v08_s3_refinery_node_output,refinery_node_map_with_two_zoom_insets
f,S3,mid,2060,RC03,,,,,node_demand_met_pct,99.9999681788601,104.063315,30.659867,135.36033816461503,106.9575,%,dynamic_v08_s3_refinery_node_output,refinery_node_map_with_two_zoom_insets
f,S3,mid,2060,RC04,,,,,node_demand_met_pct,91.033714632073,117.4163641,39.3032619,16.973161664187288,0.0,%,dynamic_v08_s3_refinery_node_output,refinery_node_map_with_two_zoom_insets
f,S3,mid,2060,RC05,,,,,node_demand_met_pct,100.0,106.2266569,38.4871699,13.3388494667684,0.0,%,dynamic_v08_s3_refinery_node_output,refinery_node_map_with_two_zoom_insets
f,S3,mid,2060,RC06,,,,,node_demand_met_pct,100.0,118.6689349,37.4334738,22.057793876287,0.0,%,dynamic_v08_s3_refinery_node_output,refinery_node_map_with_two_zoom_insets
f,S3,mid,2060,RC07,,,,,node_demand_met_pct,100.0,117.1138479,36.6519754,14.589174176063336,0.0,%,dynamic_v08_s3_refinery_node_output,refinery_node_map_with_two_zoom_insets
f,S3,mid,2060,RC08,,,,,node_demand_met_pct,22.263761474051112,113.2589581,23.1288429,50.387218500662506,0.0,%,dynamic_v08_s3_refinery_node_output,refinery_node_map_with_two_zoom_insets
f,S3,mid,2060,RC09,,,,,node_demand_met_pct,22.263761474051112,114.4127007,23.1125153,59.30202717591455,0.0,%,dynamic_v08_s3_refinery_node_output,refinery_node_map_with_two_zoom_insets
f,S3,mid,2060,RC10,,,,,node_demand_met_pct,22.263761474051115,110.9209511,21.6656961,61.194132364779975,0.0,%,dynamic_v08_s3_refinery_node_output,refinery_node_map_with_two_zoom_insets
f,S3,mid,2060,RC11,,,,,node_demand_met_pct,100.0,87.6139038,43.8244074,36.24804752170865,0.0,%,dynamic_v08_s3_refinery_node_output,refinery_node_map_with_two_zoom_insets
f,S3,mid,2060,RC12,,,,,node_demand_met_pct,100.0,119.2171662,34.5933134,4.241857635710358,0.0,%,dynamic_v08_s3_refinery_node_output,refinery_node_map_with_two_zoom_insets
f,S3,mid,2060,RC13,,,,,node_demand_met_pct,100.0,115.3820227,29.388607,6.455410463867027,0.0,%,dynamic_v08_s3_refinery_node_output,refinery_node_map_with_two_zoom_insets
f,S3,mid,2060,RC14,,,,,node_demand_met_pct,100.0,116.8511597,38.3042796,7.127611063101834,0.0,%,dynamic_v08_s3_refinery_node_output,refinery_node_map_with_two_zoom_insets
f,S3,mid,2060,RC15,,,,,node_demand_met_pct,100.0,112.4477046,34.6196539,31.06856757227116,0.0,%,dynamic_v08_s3_refinery_node_output,refinery_node_map_with_two_zoom_insets
f,S3,mid,2060,RC16,,,,,node_demand_met_pct,10.05532089075991,121.6203873,29.8622194,47.96088848155542,0.0,%,dynamic_v08_s3_refinery_node_output,refinery_node_map_with_two_zoom_insets
f,S3,mid,2060,RC17,,,,,node_demand_met_pct,10.055320890759894,122.2030363,29.9873344,0.4102965609080307,0.0,%,dynamic_v08_s3_refinery_node_output,refinery_node_map_with_two_zoom_insets
f,S3,mid,2060,RC18,,,,,node_demand_met_pct,100.0,114.2921197,30.578891,17.567447169451512,0.0,%,dynamic_v08_s3_refinery_node_output,refinery_node_map_with_two_zoom_insets
f,S3,mid,2060,RC19,,,,,node_demand_met_pct,100.0,113.348653,29.060703,16.67442158447512,0.0,%,dynamic_v08_s3_refinery_node_output,refinery_node_map_with_two_zoom_insets
f,S3,mid,2060,RC20,,,,,node_demand_met_pct,100.0,103.632326,36.285862,17.058635068610478,0.0,%,dynamic_v08_s3_refinery_node_output,refinery_node_map_with_two_zoom_insets
f,S3,mid,2060,RC21,,,,,node_demand_met_pct,100.0,107.6216357,36.182368,25.417784011578643,0.0,%,dynamic_v08_s3_refinery_node_output,refinery_node_map_with_two_zoom_insets
f,S3,mid,2060,RC22,,,,,node_demand_met_pct,100.0,122.255833,39.740278,15.490667233384611,0.0,%,dynamic_v08_s3_refinery_node_output,refinery_node_map_with_two_zoom_insets
f,S3,mid,2060,RC23,,,,,node_demand_met_pct,100.0,122.0655193,41.116898,70.86036705749721,0.0,%,dynamic_v08_s3_refinery_node_output,refinery_node_map_with_two_zoom_insets
f,S3,mid,2060,RC24,,,,,node_demand_met_pct,100.0,93.54239,36.739753,7.350616142280609,0.0,%,dynamic_v08_s3_refinery_node_output,refinery_node_map_with_two_zoom_insets
