scenario,scenario_name,tier,tier_label,year,from_node_id,to_node_id,flow_methanol_10kt,edge_spare_capacity_10kt,flow_to_spare_pct,edge_distance_km,segment_count,avg_unit_cost,segment_ids,edge_desc
S5,全并存,low,低档,2025,N018,N033,89.2894,436.9476525974279,20.434804825983313,482.78375552822115,1,3614.0,S012,兰郑长成品油管道:兰州->咸阳
S5,全并存,low,低档,2025,N018,N057,8.3292,637.2002561058623,1.3071557834741696,597.290904615042,1,4186.0,S034,兰成渝成品油管道:兰州->成都
S5,全并存,low,低档,2025,N033,N133,103.9534,1138.2823286391263,9.132479472318746,452.4888286733156,1,3462.0,S013,兰郑长成品油管道:咸阳->郑州
S5,全并存,low,低档,2025,N034,N068,12.2787,991.4819700022991,1.2384188892483368,539.1852382576222,1,3896.0,S002,西部成品油管道:哈密->柳园
S5,全并存,low,低档,2025,N052,N077,12.2787,991.5947786368739,1.238278000705015,220.44441556684987,1,2302.0,S005,西部成品油管道:张掖->武威
S5,全并存,low,低档,2025,N055,N089,46.8046,211.93997054134474,22.08389473700973,104.77585623653098,1,1724.0,S018,大港-济南-枣庄成品油管道:德州->济南
S5,全并存,low,低档,2025,N065,N067,46.7082,410.2824767677972,11.384400417967374,94.47876262249402,1,1672.0,S114,鲁皖一期管道:曲阜->枣庄
S5,全并存,low,低档,2025,N067,N053,46.7082,491.37406438060924,9.50562990313235,67.88353726217804,1,1539.0,S115,鲁皖一期管道:枣庄->徐州
S5,全并存,low,低档,2025,N068,N136,12.2787,991.541850008519,1.2383441001400501,1.0,1,1205.0,S003,西部成品油管道:柳园->酒泉
S5,全并存,low,低档,2025,N077,N018,12.2787,997.3030978452247,1.2311904000428142,233.1471451641557,1,2366.0,S006,西部成品油管道:武威->兰州
S5,全并存,low,低档,2025,N078,N144,24.5411,367.5755948888899,6.676476986296722,294.48902906980624,1,2672.0,S015,兰郑长成品油管道:武汉->长沙
S5,全并存,low,低档,2025,N084,N055,69.4395,182.36150170582619,38.07793824379409,106.86955196721219,1,1734.0,S017,大港-济南-枣庄成品油管道:沧州->德州
S5,全并存,low,低档,2025,N086,N065,46.7082,410.2824767677972,11.384400417967374,98.00774338545631,1,1690.0,S113,鲁皖一期管道:泰安->曲阜
S5,全并存,low,低档,2025,N089,N086,46.7082,387.8579383308359,12.04260513553257,50.398245413639174,1,1452.0,S112,鲁皖一期管道:济南->泰安
S5,全并存,low,低档,2025,N133,N078,49.6097,638.2823286391264,7.772375604659494,465.89075796209175,1,3529.0,S014,兰郑长成品油管道:郑州->武汉
S5,全并存,low,低档,2025,N136,N052,12.2787,991.541850008519,1.2383441001400501,190.68247460045217,1,2153.0,S004,西部成品油管道:酒泉->张掖
S5,全并存,low,低档,2025,N140,N036,18.312,793.0093561149909,2.3091783039877094,414.53635969453006,1,3273.0,S029,抚顺-锦州-郑州成品油管道:锦州->固安
S5,全并存,low,低档,2030,N006,N024,1.5889,428.6009848107069,0.37071776694627595,270.92089606559665,1,2555.0,S053,西南成品油管网（南线）:东海岛->南宁
S5,全并存,low,低档,2030,N018,N057,3.9756,651.116647298594,0.6105818391365502,597.290904615042,1,4186.0,S034,兰成渝成品油管道:兰州->成都
S5,全并存,low,低档,2030,N053,N046,35.6018,590.040307309705,6.033791176458228,68.2755770992949,1,1541.0,S116,鲁皖一期管道:徐州->宿州
S5,全并存,low,低档,2030,N055,N089,83.9389,214.17833010793208,39.191126365445186,104.77585623653098,1,1724.0,S018,大港-济南-枣庄成品油管道:德州->济南
S5,全并存,low,低档,2030,N065,N067,83.9389,417.28772187724223,20.115353411882356,94.47876262249402,1,1672.0,S114,鲁皖一期管道:曲阜->枣庄
S5,全并存,low,低档,2030,N067,N007,0.0578,593.264279905094,0.009742706911200926,99.71124775590306,1,1699.0,S118,鲁皖一期管道:枣庄->临沂
S5,全并存,low,低档,2030,N067,N053,91.7112,494.64530972647526,18.540800488073703,67.88353726217804,1,1539.0,S115,鲁皖一期管道:枣庄->徐州
S5,全并存,low,低档,2030,N078,N144,11.3453,380.57836281469605,2.9810680554963755,294.48902906980624,1,2672.0,S015,兰郑长成品油管道:武汉->长沙
S5,全并存,low,低档,2030,N084,N055,83.9389,184.55885049482794,45.48083160192434,106.86955196721219,1,1734.0,S017,大港-济南-枣庄成品油管道:沧州->德州
S5,全并存,low,低档,2030,N086,N065,83.9389,417.28772187724223,20.115353411882356,98.00774338545631,1,1690.0,S113,鲁皖一期管道:泰安->曲阜
S5,全并存,low,低档,2030,N089,N086,83.9389,395.5889364524727,21.218717781326195,50.398245413639174,1,1452.0,S112,鲁皖一期管道:济南->泰安
S5,全并存,low,低档,2030,N132,N133,61.6978,800.0,7.712225,224.7582135830768,1,2324.0,S032,抚顺-锦州-郑州成品油管道:邯郸->郑州
S5,全并存,low,低档,2030,N133,N078,25.2829,678.1742083164372,3.728083387713111,465.89075796209175,1,3529.0,S014,兰郑长成品油管道:郑州->武汉
S5,全并存,low,低档,2030,N140,N036,36.8993,799.0875062711441,4.617679504487138,414.53635969453006,1,3273.0,S029,抚顺-锦州-郑州成品油管道:锦州->固安
S5,全并存,low,低档,2035,N053,N046,29.4905,590.7167893391488,4.99232466932112,68.2755770992949,1,1541.0,S116,鲁皖一期管道:徐州->宿州
S5,全并存,low,低档,2035,N055,N089,26.5577,217.16003490666327,12.229552279918662,104.77585623653098,1,1724.0,S018,大港-济南-枣庄成品油管道:德州->济南
S5,全并存,low,低档,2035,N065,N067,26.5577,441.2936038329033,6.01814750300712,94.47876262249402,1,1672.0,S114,鲁皖一期管道:曲阜->枣庄
S5,全并存,low,低档,2035,N067,N007,0.0462,600.490534575954,0.0076937099487546234,99.71124775590306,1,1699.0,S118,鲁皖一期管道:枣庄->临沂
S5,全并存,low,低档,2035,N067,N053,74.3242,510.7553069775432,14.551821387784008,67.88353726217804,1,1539.0,S115,鲁皖一期管道:枣庄->徐州
S5,全并存,low,低档,2035,N084,N055,26.5577,190.1268471093715,13.968411302125332,106.86955196721219,1,1734.0,S017,大港-济南-枣庄成品油管道:沧州->德州
S5,全并存,low,低档,2035,N086,N065,26.5577,441.2936038329033,6.01814750300712,98.00774338545631,1,1690.0,S113,鲁皖一期管道:泰安->曲阜
S5,全并存,low,低档,2035,N089,N086,26.5577,420.5323573809044,6.315257205272533,50.398245413639174,1,1452.0,S112,鲁皖一期管道:济南->泰安
S5,全并存,low,低档,2035,N132,N133,12.2757,800.0,1.5344625,224.7582135830768,1,2324.0,S032,抚顺-锦州-郑州成品油管道:邯郸->郑州
S5,全并存,low,低档,2035,N133,N078,0.0917,712.9433799680733,0.012862171467824902,465.89075796209175,1,3529.0,S014,兰郑长成品油管道:郑州->武汉
S5,全并存,low,低档,2035,N140,N036,36.758,880.5126987403823,4.1746132739010084,414.53635969453006,1,3273.0,S029,抚顺-锦州-郑州成品油管道:锦州->固安
S5,全并存,low,低档,2040,N053,N046,24.3039,594.0855871798838,4.09097620350803,68.2755770992949,1,1541.0,S116,鲁皖一期管道:徐州->宿州
S5,全并存,low,低档,2040,N067,N007,0.0327,604.3680408754009,0.005410610387775547,99.71124775590306,1,1699.0,S118,鲁皖一期管道:枣庄->临沂
S5,全并存,low,低档,2040,N067,N053,56.0965,520.0134834621572,10.7875087442963,67.88353726217804,1,1539.0,S115,鲁皖一期管道:枣庄->徐州
S5,全并存,low,低档,2040,N140,N036,36.5913,944.2994237852738,3.8749679474887158,414.53635969453006,1,3273.0,S029,抚顺-锦州-郑州成品油管道:锦州->固安
S5,全并存,low,低档,2045,N053,N046,20.5296,599.3703686137759,3.425194349777562,68.2755770992949,1,1541.0,S116,鲁皖一期管道:徐州->宿州
S5,全并存,low,低档,2045,N067,N007,0.022,608.9254696146957,0.0036129216296241877,99.71124775590306,1,1699.0,S118,鲁皖一期管道:枣庄->临沂
S5,全并存,low,低档,2045,N067,N053,41.908,533.0043471983331,7.862600036994795,67.88353726217804,1,1539.0,S115,鲁皖一期管道:枣庄->徐州
S5,全并存,low,低档,2045,N140,N036,36.4576,1018.6653925666984,3.5789573559713226,414.53635969453006,1,3273.0,S029,抚顺-锦州-郑州成品油管道:锦州->固安
S5,全并存,low,低档,2050,N053,N046,19.0324,607.2788165492509,3.1340464184389107,68.2755770992949,1,1541.0,S116,鲁皖一期管道:徐州->宿州
S5,全并存,low,低档,2050,N067,N007,0.0164,617.2955305548358,0.0026567501606984583,99.71124775590306,1,1699.0,S118,鲁皖一期管道:枣庄->临沂
S5,全并存,low,低档,2050,N067,N053,35.0103,551.7510752633809,6.345307072267629,67.88353726217804,1,1539.0,S115,鲁皖一期管道:枣庄->徐州
S5,全并存,low,低档,2050,N140,N036,36.3875,1091.8228977611855,3.3327291518261455,414.53635969453006,1,3273.0,S029,抚顺-锦州-郑州成品油管道:锦州->固安
S5,全并存,low,低档,2055,N053,N046,18.0846,618.6191010252712,2.9233820892415707,68.2755770992949,1,1541.0,S116,鲁皖一期管道:徐州->宿州
S5,全并存,low,低档,2055,N067,N007,0.0124,630.8494065855263,0.0019656038145640852,99.71124775590306,1,1699.0,S118,鲁皖一期管道:枣庄->临沂
S5,全并存,low,低档,2055,N067,N053,30.1913,587.5589068210993,5.138429466305867,67.88353726217804,1,1539.0,S115,鲁皖一期管道:枣庄->徐州
S5,全并存,low,低档,2055,N140,N036,36.3372,1161.8540670875645,3.127518423297941,414.53635969453006,1,3273.0,S029,抚顺-锦州-郑州成品油管道:锦州->固安
S5,全并存,low,低档,2060,N053,N046,17.6775,639.9646516167563,2.762261939833857,68.2755770992949,1,1541.0,S116,鲁皖一期管道:徐州->宿州
S5,全并存,low,低档,2060,N067,N007,0.01,649.5345123877524,0.0015395640738532924,99.71124775590306,1,1699.0,S118,鲁皖一期管道:枣庄->临沂
S5,全并存,low,低档,2060,N067,N053,27.4181,633.6292689510332,4.327151750011547,67.88353726217804,1,1539.0,S115,鲁皖一期管道:枣庄->徐州
S5,全并存,low,低档,2060,N140,N036,36.306,1242.5970991866527,2.92178374018129,414.53635969453006,1,3273.0,S029,抚顺-锦州-郑州成品油管道:锦州->固安
S5,全并存,mid,中档,2025,N018,N033,273.2612,436.9476525974279,62.538658435536476,482.78375552822115,1,3914.741927503795,S012,兰郑长成品油管道:兰州->咸阳
S5,全并存,mid,中档,2025,N018,N057,33.7797,637.2002561058623,5.301269055734333,597.290904615042,1,4186.0,S034,兰成渝成品油管道:兰州->成都
S5,全并存,mid,中档,2025,N033,N133,263.6251,1138.2823286391263,23.15990447775615,452.4888286733156,1,3462.0,S013,兰郑长成品油管道:咸阳->郑州
S5,全并存,mid,中档,2025,N034,N068,225.8028,991.4819700022991,22.77427193148821,539.1852382576222,1,3896.0,S002,西部成品油管道:哈密->柳园
S5,全并存,mid,中档,2025,N052,N077,225.8028,991.5947786368739,22.771681019781763,220.44441556684987,1,2302.0,S005,西部成品油管道:张掖->武威
S5,全并存,mid,中档,2025,N068,N136,225.8028,991.541850008519,22.772896574971593,1.0,1,1205.0,S003,西部成品油管道:柳园->酒泉
S5,全并存,mid,中档,2025,N077,N018,225.8028,997.3030978452247,22.64134148263151,233.1471451641557,1,2366.0,S006,西部成品油管道:武威->兰州
S5,全并存,mid,中档,2025,N078,N144,54.2929,367.5755948888899,14.770539925647558,294.48902906980624,1,2672.0,S015,兰郑长成品油管道:武汉->长沙
S5,全并存,mid,中档,2025,N084,N055,1.123,182.36150170582619,0.6158098005858448,106.86955196721219,1,1734.0,S017,大港-济南-枣庄成品油管道:沧州->德州
S5,全并存,mid,中档,2025,N133,N078,123.2684,638.2823286391264,19.31251962792374,465.89075796209175,1,3529.0,S014,兰郑长成品油管道:郑州->武汉
S5,全并存,mid,中档,2025,N136,N052,225.8028,991.541850008519,22.772896574971593,190.68247460045217,1,2153.0,S004,西部成品油管道:酒泉->张掖
S5,全并存,mid,中档,2030,N018,N033,220.6015,496.7898411927255,44.40539675094111,482.78375552822115,1,3614.0,S012,兰郑长成品油管道:兰州->咸阳
S5,全并存,mid,中档,2030,N018,N057,29.4261,651.116647298594,4.519328467807637,597.290904615042,1,4186.0,S034,兰成渝成品油管道:兰州->成都
S5,全并存,mid,中档,2030,N033,N133,239.7682,1178.1742083164372,20.35082743345901,452.4888286733156,1,3462.0,S013,兰郑长成品油管道:咸阳->郑州
S5,全并存,mid,中档,2030,N034,N068,101.4005,993.443090799389,10.20697621626283,539.1852382576222,1,3896.0,S002,西部成品油管道:哈密->柳园
S5,全并存,mid,中档,2030,N052,N077,101.4005,993.5497082407396,10.205880909526712,220.44441556684987,1,2302.0,S005,西部成品油管道:张掖->武威
S5,全并存,mid,中档,2030,N068,N136,101.4005,993.4995697821863,10.206395964744194,1.0,1,1205.0,S003,西部成品油管道:柳园->酒泉
S5,全并存,mid,中档,2030,N077,N018,101.4005,997.8508598146202,10.16188932470711,233.1471451641557,1,2366.0,S006,西部成品油管道:武威->兰州
S5,全并存,mid,中档,2030,N078,N144,59.2552,380.57836281469605,15.569776369249718,294.48902906980624,1,2672.0,S015,兰郑长成品油管道:武汉->长沙
S5,全并存,mid,中档,2030,N084,N055,84.5885,184.55885049482794,45.83280605249029,106.86955196721219,1,1734.0,S017,大港-济南-枣庄成品油管道:沧州->德州
S5,全并存,mid,中档,2030,N133,N078,117.0997,678.1742083164372,17.266905547867882,465.89075796209175,1,3529.0,S014,兰郑长成品油管道:郑州->武汉
S5,全并存,mid,中档,2030,N136,N052,101.4005,993.4995697821863,10.206395964744194,190.68247460045217,1,2153.0,S004,西部成品油管道:酒泉->张掖
S5,全并存,mid,中档,2030,N140,N036,8.1889,799.0875062711441,1.0247813832320594,414.53635969453006,1,3273.0,S029,抚顺-锦州-郑州成品油管道:锦州->固安
S5,全并存,mid,中档,2035,N018,N033,126.2075,539.4297794503814,23.396465083665074,482.78375552822115,1,3614.0,S012,兰郑长成品油管道:兰州->咸阳
S5,全并存,mid,中档,2035,N018,N057,23.8526,667.3856553305831,3.574035463525934,597.290904615042,1,4186.0,S034,兰成渝成品油管道:兰州->成都
S5,全并存,mid,中档,2035,N033,N133,181.4361,1212.9433799680733,14.95833218569326,452.4888286733156,1,3462.0,S013,兰郑长成品油管道:咸阳->郑州
S5,全并存,mid,中档,2035,N055,N089,135.5663,217.16003490666327,62.42691020853227,104.77585623653098,1,2022.5952260997017,S018,大港-济南-枣庄成品油管道:德州->济南
S5,全并存,mid,中档,2035,N065,N067,135.0243,441.2936038329033,30.59738433261481,94.47876262249402,1,1672.0,S114,鲁皖一期管道:曲阜->枣庄
S5,全并存,mid,中档,2035,N067,N053,135.0243,510.7553069775432,26.436201084042132,67.88353726217804,1,1539.0,S115,鲁皖一期管道:枣庄->徐州
S5,全并存,mid,中档,2035,N078,N144,41.7768,416.6257040236907,10.027417798884642,294.48902906980624,1,2672.0,S015,兰郑长成品油管道:武汉->长沙
S5,全并存,mid,中档,2035,N084,N055,190.1268,190.1268471093715,99.99997522213604,106.86955196721219,1,3684.003892139351,S017,大港-济南-枣庄成品油管道:沧州->德州
S5,全并存,mid,中档,2035,N086,N065,135.0243,441.2936038329033,30.59738433261481,98.00774338545631,1,1690.0,S113,鲁皖一期管道:泰安->曲阜
S5,全并存,mid,中档,2035,N089,N086,135.0243,420.5323573809044,32.10794547200548,50.398245413639174,1,1452.0,S112,鲁皖一期管道:济南->泰安
S5,全并存,mid,中档,2035,N132,N133,3.1023,800.0,0.3877875,224.7582135830768,1,2324.0,S032,抚顺-锦州-郑州成品油管道:邯郸->郑州
S5,全并存,mid,中档,2035,N133,N078,85.7755,712.9433799680733,12.03117981176025,465.89075796209175,1,3529.0,S014,兰郑长成品油管道:郑州->武汉
S5,全并存,mid,中档,2035,N140,N036,39.1902,880.5126987403823,4.450838705229754,414.53635969453006,1,3273.0,S029,抚顺-锦州-郑州成品油管道:锦州->固安
S5,全并存,mid,中档,2040,N018,N057,18.5953,672.2677915772992,2.7660554667316473,597.290904615042,1,4186.0,S034,兰成渝成品油管道:兰州->成都
S5,全并存,mid,中档,2040,N033,N133,13.7792,1220.9459283356648,1.128567586836802,452.4888286733156,1,3462.0,S013,兰郑长成品油管道:咸阳->郑州
S5,全并存,mid,中档,2040,N053,N046,55.6988,594.0855871798838,9.375551469679891,68.2755770992949,1,1541.0,S116,鲁皖一期管道:徐州->宿州
S5,全并存,mid,中档,2040,N055,N089,180.9343,220.92758661033338,81.89755873227705,104.77585623653098,1,2389.3177424070504,S018,大港-济南-枣庄成品油管道:德州->济南
S5,全并存,mid,中档,2040,N065,N067,180.7922,455.2629951521817,39.71159569856238,94.47876262249402,1,1672.0,S114,鲁皖一期管道:曲阜->枣庄
S5,全并存,mid,中档,2040,N067,N007,0.3488,604.3680408754009,0.05771317746960583,99.71124775590306,1,1699.0,S118,鲁皖一期管道:枣庄->临沂
S5,全并存,mid,中档,2040,N067,N053,180.4434,520.0134834621572,34.69975409072856,67.88353726217804,1,1539.0,S115,鲁皖一期管道:枣庄->徐州
S5,全并存,mid,中档,2040,N078,N144,21.038,399.82552581588743,5.261795118525681,294.48902906980624,1,2672.0,S015,兰郑长成品油管道:武汉->长沙
S5,全并存,mid,中档,2040,N084,N055,195.2467,195.24676984937275,99.99996422508151,106.86955196721219,1,3683.997106225099,S017,大港-济南-枣庄成品油管道:沧州->德州
S5,全并存,mid,中档,2040,N086,N065,180.7922,455.2629951521817,39.71159569856238,98.00774338545631,1,1690.0,S113,鲁皖一期管道:泰安->曲阜
S5,全并存,mid,中档,2040,N089,N086,180.7922,435.66941949894976,41.49756487566275,50.398245413639174,1,1452.0,S112,鲁皖一期管道:济南->泰安
S5,全并存,mid,中档,2040,N132,N133,109.8892,800.0,13.73615,224.7582135830768,1,2324.0,S032,抚顺-锦州-郑州成品油管道:邯郸->郑州
S5,全并存,mid,中档,2040,N133,N078,54.1098,720.9459283356648,7.505389499170185,465.89075796209175,1,3529.0,S014,兰郑长成品油管道:郑州->武汉
S5,全并存,mid,中档,2040,N140,N036,76.2676,944.2994237852738,8.076633118579839,414.53635969453006,1,3273.0,S029,抚顺-锦州-郑州成品油管道:锦州->固安
S5,全并存,mid,中档,2045,N006,N024,1.7162,577.1160102666713,0.2973752191014395,270.92089606559665,1,2555.0,S053,西南成品油管网（南线）:东海岛->南宁
S5,全并存,mid,中档,2045,N018,N057,14.6291,675.4208298851844,2.1659237252849928,597.290904615042,1,4186.0,S034,兰成渝成品油管道:兰州->成都
S5,全并存,mid,中档,2045,N053,N046,71.7883,599.3703686137759,11.977285458076953,68.2755770992949,1,1541.0,S116,鲁皖一期管道:徐州->宿州
S5,全并存,mid,中档,2045,N055,N089,169.1579,225.11672712290286,75.14230602137707,104.77585623653098,1,2225.893497140837,S018,大港-济南-枣庄成品油管道:德州->济南
S5,全并存,mid,中档,2045,N065,N067,169.1579,473.7331914983547,35.707419922377866,94.47876262249402,1,1672.0,S114,鲁皖一期管道:曲阜->枣庄
S5,全并存,mid,中档,2045,N067,N007,0.3197,608.9254696146957,0.05250232022685694,99.71124775590306,1,1699.0,S118,鲁皖一期管道:枣庄->临沂
S5,全并存,mid,中档,2045,N067,N053,186.1371,533.0043471983331,34.922248003868084,67.88353726217804,1,1539.0,S115,鲁皖一期管道:枣庄->徐州
S5,全并存,mid,中档,2045,N078,N144,4.3744,416.6531646570812,1.0498900215003213,294.48902906980624,1,2672.0,S015,兰郑长成品油管道:武汉->长沙
S5,全并存,mid,中档,2045,N084,N055,169.1579,202.56554806584865,83.5077344667768,106.86955196721219,1,2482.8973320193736,S017,大港-济南-枣庄成品油管道:沧州->德州
S5,全并存,mid,中档,2045,N086,N065,169.1579,473.7331914983547,35.707419922377866,98.00774338545631,1,1690.0,S113,鲁皖一期管道:泰安->曲阜
S5,全并存,mid,中档,2045,N089,N086,169.1579,455.4314468786014,37.142340775842456,50.398245413639174,1,1452.0,S112,鲁皖一期管道:济南->泰安
S5,全并存,mid,中档,2045,N132,N133,75.6469,800.0,9.4558625,224.7582135830768,1,2324.0,S032,抚顺-锦州-郑州成品油管道:邯郸->郑州
S5,全并存,mid,中档,2045,N133,N078,29.7137,772.4166197136509,3.846848869074751,465.89075796209175,1,3529.0,S014,兰郑长成品油管道:郑州->武汉
S5,全并存,mid,中档,2045,N140,N036,79.3222,1018.6653925666984,7.786874922700024,414.53635969453006,1,3273.0,S029,抚顺-锦州-郑州成品油管道:锦州->固安
S5,全并存,mid,中档,2050,N006,N024,2.5537,637.6076647756784,0.40051275119135166,270.92089606559665,1,2555.0,S053,西南成品油管网（南线）:东海岛->南宁
S5,全并存,mid,中档,2050,N018,N057,12.8631,679.0523626601046,1.8942721809567644,597.290904615042,1,4186.0,S034,兰成渝成品油管道:兰州->成都
S5,全并存,mid,中档,2050,N053,N046,70.2911,607.2788165492509,11.57476567343747,68.2755770992949,1,1541.0,S116,鲁皖一期管道:徐州->宿州
S5,全并存,mid,中档,2050,N055,N089,146.8968,236.7892894109654,62.036927584612876,104.77585623653098,1,2015.0430996454654,S018,大港-济南-枣庄成品油管道:德州->济南
S5,全并存,mid,中档,2050,N065,N067,146.8968,503.4193919846887,29.17980561314329,94.47876262249402,1,1672.0,S114,鲁皖一期管道:曲阜->枣庄
S5,全并存,mid,中档,2050,N067,N007,0.3047,617.2955305548358,0.04936047402224514,99.71124775590306,1,1699.0,S118,鲁皖一期管道:枣庄->临沂
S5,全并存,mid,中档,2050,N067,N053,179.2489,551.7510752633809,32.487276968954646,67.88353726217804,1,1539.0,S115,鲁皖一期管道:枣庄->徐州
S5,全并存,mid,中档,2050,N084,N055,146.8968,217.86652215350006,67.42513652304156,106.86955196721219,1,2121.655823680298,S017,大港-济南-枣庄成品油管道:沧州->德州
S5,全并存,mid,中档,2050,N086,N065,146.8968,503.4193919846887,29.17980561314329,98.00774338545631,1,1690.0,S113,鲁皖一期管道:泰安->曲阜
S5,全并存,mid,中档,2050,N089,N086,146.8968,488.6906307927394,30.05926259762918,50.398245413639174,1,1452.0,S112,鲁皖一期管道:济南->泰安
S5,全并存,mid,中档,2050,N132,N133,55.8745,800.0,6.984312499999999,224.7582135830768,1,2324.0,S032,抚顺-锦州-郑州成品油管道:邯郸->郑州
S5,全并存,mid,中档,2050,N133,N078,22.5734,824.2433525391467,2.7386814744044776,465.89075796209175,1,3529.0,S014,兰郑长成品油管道:郑州->武汉
S5,全并存,mid,中档,2050,N140,N036,79.2521,1091.8228977611855,7.2586955414205665,414.53635969453006,1,3273.0,S029,抚顺-锦州-郑州成品油管道:锦州->固安
S5,全并存,mid,中档,2055,N006,N024,3.103,714.0368887881559,0.4345713854176817,270.92089606559665,1,2555.0,S053,西南成品油管网（南线）:东海岛->南宁
S5,全并存,mid,中档,2055,N018,N057,11.6764,687.1686941372941,1.6992043001404677,597.290904615042,1,4186.0,S034,兰成渝成品油管道:兰州->成都
S5,全并存,mid,中档,2055,N053,N046,69.3434,618.6191010252712,11.209385530623512,68.2755770992949,1,1541.0,S116,鲁皖一期管道:徐州->宿州
S5,全并存,mid,中档,2055,N055,N089,131.3977,249.81140209152736,52.5987600645457,104.77585623653098,1,1798.1108862636104,S018,大港-济南-枣庄成品油管道:德州->济南
S5,全并存,mid,中档,2055,N065,N067,131.3977,555.6486045010747,23.647625304122553,94.47876262249402,1,1672.0,S114,鲁皖一期管道:曲阜->枣庄
S5,全并存,mid,中档,2055,N067,N007,0.2938,630.8494065855263,0.04657212909023615,99.71124775590306,1,1699.0,S118,鲁皖一期管道:枣庄->临沂
S5,全并存,mid,中档,2055,N067,N053,174.4368,587.5589068210993,29.68839344871216,67.88353726217804,1,1539.0,S115,鲁皖一期管道:枣庄->徐州
S5,全并存,mid,中档,2055,N084,N055,131.3977,234.66241741988162,55.994351990710975,106.86955196721219,1,1894.5792947669556,S017,大港-济南-枣庄成品油管道:沧州->德州
S5,全并存,mid,中档,2055,N086,N065,131.3977,555.6486045010747,23.647625304122553,98.00774338545631,1,1690.0,S113,鲁皖一期管道:泰安->曲阜
S5,全并存,mid,中档,2055,N089,N086,131.3977,544.9010977779958,24.114045748084393,50.398245413639174,1,1452.0,S112,鲁皖一期管道:济南->泰安
S5,全并存,mid,中档,2055,N132,N133,45.0724,800.0,5.63405,224.7582135830768,1,2324.0,S032,抚顺-锦州-郑州成品油管道:邯郸->郑州
S5,全并存,mid,中档,2055,N133,N078,20.9298,909.0684057891873,2.302334991152868,465.89075796209175,1,3529.0,S014,兰郑长成品油管道:郑州->武汉
S5,全并存,mid,中档,2055,N140,N036,79.2016,1161.8540670875645,6.8168285711247485,414.53635969453006,1,3273.0,S029,抚顺-锦州-郑州成品油管道:锦州->固安
S5,全并存,mid,中档,2060,N006,N024,3.3688,777.6230446099424,0.4332176140291467,270.92089606559665,1,2555.0,S053,西南成品油管网（南线）:东海岛->南宁
S5,全并存,mid,中档,2060,N018,N057,11.0599,695.8883450140861,1.5893210569256089,597.290904615042,1,4186.0,S034,兰成渝成品油管道:兰州->成都
S5,全并存,mid,中档,2060,N053,N046,68.9363,639.9646516167563,10.771891826500848,68.2755770992949,1,1541.0,S116,鲁皖一期管道:徐州->宿州
S5,全并存,mid,中档,2060,N055,N089,122.5534,276.37402868051674,44.34331278705984,104.77585623653098,1,1724.0,S018,大港-济南-枣庄成品油管道:德州->济南
S5,全并存,mid,中档,2060,N065,N067,122.5534,626.2609051227721,19.5690644262673,94.47876262249402,1,1672.0,S114,鲁皖一期管道:曲阜->枣庄
S5,全并存,mid,中档,2060,N067,N007,0.2872,649.5345123877524,0.04421628020106656,99.71124775590306,1,1699.0,S118,鲁皖一期管道:枣庄->临沂
S5,全并存,mid,中档,2060,N067,N053,171.6678,633.6292689510332,27.092782548412625,67.88353726217804,1,1539.0,S115,鲁皖一期管道:枣庄->徐州
S5,全并存,mid,中档,2060,N084,N055,122.5534,270.05372385270437,45.3811183388252,106.86955196721219,1,1734.0,S017,大港-济南-枣庄成品油管道:沧州->德州
S5,全并存,mid,中档,2060,N086,N065,122.5534,626.2609051227721,19.5690644262673,98.00774338545631,1,1690.0,S113,鲁皖一期管道:泰安->曲阜
S5,全并存,mid,中档,2060,N089,N086,122.5534,623.6266925275847,19.651724576330434,50.398245413639174,1,1452.0,S112,鲁皖一期管道:济南->泰安
S5,全并存,mid,中档,2060,N132,N133,38.7931,800.0,4.8491375,224.7582135830768,1,2324.0,S032,抚顺-锦州-郑州成品油管道:邯郸->郑州
S5,全并存,mid,中档,2060,N133,N078,20.3907,995.2883117109299,2.048722943902334,465.89075796209175,1,3529.0,S014,兰郑长成品油管道:郑州->武汉
S5,全并存,mid,中档,2060,N140,N036,79.1705,1242.5970991866527,6.37137331576111,414.53635969453006,1,3273.0,S029,抚顺-锦州-郑州成品油管道:锦州->固安
S5,全并存,high,高档,2025,N018,N033,212.4291,436.9476525974279,48.61660172270496,482.78375552822115,1,3614.0,S012,兰郑长成品油管道:兰州->咸阳
S5,全并存,high,高档,2025,N018,N057,76.8737,637.2002561058623,12.064292075116251,597.290904615042,1,4186.0,S034,兰成渝成品油管道:兰州->成都
S5,全并存,high,高档,2025,N033,N133,178.4928,1138.2823286391263,15.680890013762852,452.4888286733156,1,3462.0,S013,兰郑长成品油管道:咸阳->郑州
S5,全并存,high,高档,2025,N034,N068,217.7032,991.4819700022991,21.957353394887775,539.1852382576222,1,3896.0,S002,西部成品油管道:哈密->柳园
S5,全并存,high,高档,2025,N052,N077,217.7032,991.5947786368739,21.95485541979884,220.44441556684987,1,2302.0,S005,西部成品油管道:张掖->武威
S5,全并存,high,高档,2025,N068,N136,217.7032,991.541850008519,21.95602737273566,1.0,1,1205.0,S003,西部成品油管道:柳园->酒泉
S5,全并存,high,高档,2025,N077,N018,217.7032,997.3030978452247,21.82919119276477,233.1471451641557,1,2366.0,S006,西部成品油管道:武威->兰州
S5,全并存,high,高档,2025,N136,N052,217.7032,991.541850008519,21.95602737273566,190.68247460045217,1,2153.0,S004,西部成品油管道:酒泉->张掖
S5,全并存,high,高档,2030,N018,N033,425.7117,496.7898411927255,85.69251315162234,482.78375552822115,1,4471.281700268045,S012,兰郑长成品油管道:兰州->咸阳
S5,全并存,high,高档,2030,N018,N057,72.5202,651.116647298594,11.137819974481951,597.290904615042,1,4186.0,S034,兰成渝成品油管道:兰州->成都
S5,全并存,high,高档,2030,N033,N133,420.5783,1178.1742083164372,35.69746282266603,452.4888286733156,1,3462.0,S013,兰郑长成品油管道:咸阳->郑州
S5,全并存,high,高档,2030,N034,N068,359.2432,993.443090799389,36.16142719468002,539.1852382576222,1,3896.0,S002,西部成品油管道:哈密->柳园
S5,全并存,high,高档,2030,N052,N077,359.2432,993.5497082407396,36.15754672567972,220.44441556684987,1,2302.0,S005,西部成品油管道:张掖->武威
S5,全并存,high,高档,2030,N068,N136,359.2432,993.4995697821863,36.159371470967024,1.0,1,1205.0,S003,西部成品油管道:柳园->酒泉
S5,全并存,high,高档,2030,N077,N018,359.2432,997.8508598146202,36.00169268448993,233.1471451641557,1,2366.0,S006,西部成品油管道:武威->兰州
S5,全并存,high,高档,2030,N078,N144,107.3518,380.57836281469605,28.20754159696401,294.48902906980624,1,2672.0,S015,兰郑长成品油管道:武汉->长沙
S5,全并存,high,高档,2030,N084,N055,15.343,184.55885049482794,8.313337430777924,106.86955196721219,1,1734.0,S017,大港-济南-枣庄成品油管道:沧州->德州
S5,全并存,high,高档,2030,N133,N078,211.393,678.1742083164372,31.170899365928655,465.89075796209175,1,3529.0,S014,兰郑长成品油管道:郑州->武汉
S5,全并存,high,高档,2030,N136,N052,359.2432,993.4995697821863,36.159371470967024,190.68247460045217,1,2153.0,S004,西部成品油管道:酒泉->张掖
S5,全并存,high,高档,2035,N018,N033,335.2238,539.4297794503814,62.14410341630667,482.78375552822115,1,3907.1280535570563,S012,兰郑长成品油管道:兰州->咸阳
S5,全并存,high,高档,2035,N018,N057,66.9466,667.3856553305831,10.031171552052411,597.290904615042,1,4186.0,S034,兰成渝成品油管道:兰州->成都
S5,全并存,high,高档,2035,N033,N133,366.1522,1212.9433799680733,30.187080950937524,452.4888286733156,1,3462.0,S013,兰郑长成品油管道:咸阳->郑州
S5,全并存,high,高档,2035,N034,N068,177.6867,994.4230251384394,17.868321178028154,539.1852382576222,1,3896.0,S002,西部成品油管道:哈密->柳园
S5,全并存,high,高档,2035,N052,N077,177.6867,994.5268041103661,17.86645661691804,220.44441556684987,1,2302.0,S005,西部成品油管道:张掖->武威
S5,全并存,high,高档,2035,N068,N136,177.6867,994.4779080953326,17.867335066327747,1.0,1,1205.0,S003,西部成品油管道:柳园->酒泉
S5,全并存,high,高档,2035,N077,N018,177.6867,998.1179063314556,17.80217536153426,233.1471451641557,1,2366.0,S006,西部成品油管道:武威->兰州
S5,全并存,high,高档,2035,N078,N144,90.2074,416.6257040236907,21.65190460617152,294.48902906980624,1,2672.0,S015,兰郑长成品油管道:武汉->长沙
S5,全并存,high,高档,2035,N084,N055,123.9836,190.1268471093715,65.21099039141892,106.86955196721219,1,2083.887404463171,S017,大港-济南-枣庄成品油管道:沧州->德州
S5,全并存,high,高档,2035,N133,N078,180.4028,712.9433799680733,25.303944895046047,465.89075796209175,1,3529.0,S014,兰郑长成品油管道:郑州->武汉
S5,全并存,high,高档,2035,N136,N052,177.6867,994.4779080953326,17.867335066327747,190.68247460045217,1,2153.0,S004,西部成品油管道:酒泉->张掖
S5,全并存,high,高档,2040,N018,N033,204.9506,546.8891524390867,37.47571131845181,482.78375552822115,1,3614.0,S012,兰郑长成品油管道:兰州->咸阳
S5,全并存,high,高档,2040,N018,N057,61.6893,672.2677915772992,9.176298607919668,597.290904615042,1,4186.0,S034,兰成渝成品油管道:兰州->成都
S5,全并存,high,高档,2040,N033,N133,265.6086,1220.9459283356648,21.754329478133812,452.4888286733156,1,3462.0,S013,兰郑长成品油管道:咸阳->郑州
S5,全并存,high,高档,2040,N055,N089,77.5342,220.92758661033338,35.094847678191,104.77585623653098,1,1724.0,S018,大港-济南-枣庄成品油管道:德州->济南
S5,全并存,high,高档,2040,N065,N067,75.3572,455.2629951521817,16.552454471905893,94.47876262249402,1,1672.0,S114,鲁皖一期管道:曲阜->枣庄
S5,全并存,high,高档,2040,N067,N053,75.3572,520.0134834621572,14.491393472777894,67.88353726217804,1,1539.0,S115,鲁皖一期管道:枣庄->徐州
S5,全并存,high,高档,2040,N078,N144,69.865,399.82552581588743,17.47387184883528,294.48902906980624,1,2672.0,S015,兰郑长成品油管道:武汉->长沙
S5,全并存,high,高档,2040,N084,N055,195.2467,195.24676984937275,99.99996422508151,106.86955196721219,1,3683.997106225099,S017,大港-济南-枣庄成品油管道:沧州->德州
S5,全并存,high,高档,2040,N086,N065,75.3572,455.2629951521817,16.552454471905893,98.00774338545631,1,1690.0,S113,鲁皖一期管道:泰安->曲阜
S5,全并存,high,高档,2040,N089,N086,75.3572,435.66941949894976,17.296876169703634,50.398245413639174,1,1452.0,S112,鲁皖一期管道:济南->泰安
S5,全并存,high,高档,2040,N132,N133,40.6438,800.0,5.080475,224.7582135830768,1,2324.0,S032,抚顺-锦州-郑州成品油管道:邯郸->郑州
S5,全并存,high,高档,2040,N133,N078,149.1335,720.9459283356648,20.6858093150316,465.89075796209175,1,3529.0,S014,兰郑长成品油管道:郑州->武汉
S5,全并存,high,高档,2040,N140,N036,31.8329,944.2994237852738,3.371059983537441,414.53635969453006,1,3273.0,S029,抚顺-锦州-郑州成品油管道:锦州->固安
S5,全并存,high,高档,2045,N018,N033,56.947,611.3539884700067,9.314897927224997,482.78375552822115,1,3614.0,S012,兰郑长成品油管道:兰州->咸阳
S5,全并存,high,高档,2045,N018,N057,57.7231,675.4208298851844,8.54624220129729,597.290904615042,1,4186.0,S034,兰成渝成品油管道:兰州->成都
S5,全并存,high,高档,2045,N033,N133,139.007,1272.416619713651,10.92464510808438,452.4888286733156,1,3462.0,S013,兰郑长成品油管道:咸阳->郑州
S5,全并存,high,高档,2045,N055,N089,115.4022,225.11672712290286,51.26327193669441,104.77585623653098,1,1760.9637667219515,S018,大港-济南-枣庄成品油管道:德州->济南
S5,全并存,high,高档,2045,N065,N067,113.7902,473.7331914983547,24.019891796075513,94.47876262249402,1,1672.0,S114,鲁皖一期管道:曲阜->枣庄
S5,全并存,high,高档,2045,N067,N053,113.7902,533.0043471983331,21.348831505432017,67.88353726217804,1,1539.0,S115,鲁皖一期管道:枣庄->徐州
S5,全并存,high,高档,2045,N078,N144,53.5197,416.6531646570812,12.845144244625722,294.48902906980624,1,2672.0,S015,兰郑长成品油管道:武汉->长沙
S5,全并存,high,高档,2045,N084,N055,202.5655,202.56554806584865,99.99997627145923,106.86955196721219,1,3684.0008639180905,S017,大港-济南-枣庄成品油管道:沧州->德州
S5,全并存,high,高档,2045,N086,N065,113.7902,473.7331914983547,24.019891796075513,98.00774338545631,1,1690.0,S113,鲁皖一期管道:泰安->曲阜
S5,全并存,high,高档,2045,N089,N086,113.7902,455.4314468786014,24.985143379950138,50.398245413639174,1,1452.0,S112,鲁皖一期管道:济南->泰安
S5,全并存,high,高档,2045,N132,N133,120.0064,800.0,15.0008,224.7582135830768,1,2324.0,S032,抚顺-锦州-郑州成品油管道:邯郸->郑州
S5,全并存,high,高档,2045,N133,N078,125.0557,772.4166197136509,16.19018762780641,465.89075796209175,1,3529.0,S014,兰郑长成品油管道:郑州->武汉
S5,全并存,high,高档,2045,N140,N036,61.6805,1018.6653925666984,6.055030479104197,414.53635969453006,1,3273.0,S029,抚顺-锦州-郑州成品油管道:锦州->固安
S5,全并存,high,高档,2050,N018,N057,55.9571,679.0523626601046,8.240469082648486,597.290904615042,1,4186.0,S034,兰成渝成品油管道:兰州->成都
S5,全并存,high,高档,2050,N033,N133,88.966,1324.2433525391466,6.7182515833976995,452.4888286733156,1,3462.0,S013,兰郑长成品油管道:咸阳->郑州
S5,全并存,high,高档,2050,N055,N089,145.3793,236.7892894109654,61.39606244929576,104.77585623653098,1,2002.4237508366048,S018,大港-济南-枣庄成品油管道:德州->济南
S5,全并存,high,高档,2050,N065,N067,144.0387,503.4193919846887,28.612068246346155,94.47876262249402,1,1672.0,S114,鲁皖一期管道:曲阜->枣庄
S5,全并存,high,高档,2050,N067,N053,144.0387,551.7510752633809,26.10573979058264,67.88353726217804,1,1539.0,S115,鲁皖一期管道:枣庄->徐州
S5,全并存,high,高档,2050,N078,N144,44.9178,431.2253864532579,10.416316249244941,294.48902906980624,1,2672.0,S015,兰郑长成品油管道:武汉->长沙
S5,全并存,high,高档,2050,N084,N055,217.8665,217.86652215350006,99.99998983161808,106.86955196721219,1,3683.9991967558117,S017,大港-济南-枣庄成品油管道:沧州->德州
S5,全并存,high,高档,2050,N086,N065,144.0387,503.4193919846887,28.612068246346155,98.00774338545631,1,1690.0,S113,鲁皖一期管道:泰安->曲阜
S5,全并存,high,高档,2050,N089,N086,144.0387,488.6906307927394,29.474414061580166,50.398245413639174,1,1452.0,S112,鲁皖一期管道:济南->泰安
S5,全并存,high,高档,2050,N132,N133,146.2957,800.0,18.2869625,224.7582135830768,1,2324.0,S032,抚顺-锦州-郑州成品油管道:邯郸->郑州
S5,全并存,high,高档,2050,N133,N078,113.6879,824.2433525391467,13.793001745149105,465.89075796209175,1,3529.0,S014,兰郑长成品油管道:郑州->武汉
S5,全并存,high,高档,2050,N140,N036,77.4578,1091.8228977611855,7.094355701719525,414.53635969453006,1,3273.0,S029,抚顺-锦州-郑州成品油管道:锦州->固安
S5,全并存,high,高档,2055,N018,N057,54.7705,687.1686941372941,7.97045914158846,597.290904615042,1,4186.0,S034,兰成渝成品油管道:兰州->成都
S5,全并存,high,高档,2055,N033,N133,60.0431,1409.0684057891872,4.261191277393749,452.4888286733156,1,3462.0,S013,兰郑长成品油管道:咸阳->郑州
S5,全并存,high,高档,2055,N055,N089,172.3774,249.81140209152736,69.00301529745362,104.77585623653098,1,2137.0909852451655,S018,大港-济南-枣庄成品油管道:德州->济南
S5,全并存,high,高档,2055,N065,N067,171.2255,555.6486045010747,30.81542878232295,94.47876262249402,1,1672.0,S114,鲁皖一期管道:曲阜->枣庄
S5,全并存,high,高档,2055,N067,N053,171.2255,587.5589068210993,29.141843994228644,67.88353726217804,1,1539.0,S115,鲁皖一期管道:枣庄->徐州
S5,全并存,high,高档,2055,N078,N144,38.7176,462.4711199539185,8.371895742129345,294.48902906980624,1,2672.0,S015,兰郑长成品油管道:武汉->长沙
S5,全并存,high,高档,2055,N084,N055,234.6624,234.66241741988162,99.99999257662057,106.86955196721219,1,3683.999446012655,S017,大港-济南-枣庄成品油管道:沧州->德州
S5,全并存,high,高档,2055,N086,N065,171.2255,555.6486045010747,30.81542878232295,98.00774338545631,1,1690.0,S113,鲁皖一期管道:泰安->曲阜
S5,全并存,high,高档,2055,N089,N086,171.2255,544.9010977779958,31.423225370296628,50.398245413639174,1,1452.0,S112,鲁皖一期管道:济南->泰安
S5,全并存,high,高档,2055,N132,N133,158.3962,800.0,19.799525,224.7582135830768,1,2324.0,S032,抚顺-锦州-郑州成品油管道:邯郸->郑州
S5,全并存,high,高档,2055,N133,N078,105.8441,909.0684057891873,11.643139209982094,465.89075796209175,1,3529.0,S014,兰郑长成品油管道:郑州->武汉
S5,全并存,high,高档,2055,N140,N036,88.8486,1161.8540670875645,7.647139388401677,414.53635969453006,1,3273.0,S029,抚顺-锦州-郑州成品油管道:锦州->固安
S5,全并存,high,高档,2060,N018,N057,54.154,695.8883450140861,7.781995543969604,597.290904615042,1,4186.0,S034,兰成渝成品油管道:兰州->成都
S5,全并存,high,高档,2060,N033,N133,69.0269,1495.28831171093,4.61629369128275,452.4888286733156,1,3462.0,S013,兰郑长成品油管道:咸阳->郑州
S5,全并存,high,高档,2060,N053,N046,15.6837,639.9646516167563,2.4507134824365586,68.2755770992949,1,1541.0,S116,鲁皖一期管道:徐州->宿州
S5,全并存,high,高档,2060,N055,N089,213.568,276.37402868051674,77.27498890530002,104.77585623653098,1,2253.440271950854,S018,大港-济南-枣庄成品油管道:德州->济南
S5,全并存,high,高档,2060,N065,N067,212.5234,626.2609051227721,33.93528132788952,94.47876262249402,1,1672.0,S114,鲁皖一期管道:曲阜->枣庄
S5,全并存,high,高档,2060,N067,N007,1.061,649.5345123877524,0.16334774823583434,99.71124775590306,1,1699.0,S118,鲁皖一期管道:枣庄->临沂
S5,全并存,high,高档,2060,N067,N053,211.4624,633.6292689510332,33.373205810090475,67.88353726217804,1,1539.0,S115,鲁皖一期管道:枣庄->徐州
S5,全并存,high,高档,2060,N078,N144,34.8809,500.0,6.97618,294.48902906980624,1,2672.0,S015,兰郑长成品油管道:武汉->长沙
S5,全并存,high,高档,2060,N084,N055,270.0537,270.05372385270437,99.99999116742254,106.86955196721219,1,3684.0016107907427,S017,大港-济南-枣庄成品油管道:沧州->德州
S5,全并存,high,高档,2060,N086,N065,212.5234,626.2609051227721,33.93528132788952,98.00774338545631,1,1690.0,S113,鲁皖一期管道:泰安->曲阜
S5,全并存,high,高档,2060,N089,N086,212.5234,623.6266925275847,34.07862468789363,50.398245413639174,1,1452.0,S112,鲁皖一期管道:济南->泰安
S5,全并存,high,高档,2060,N132,N133,139.4091,800.0,17.4261375,224.7582135830768,1,2324.0,S032,抚顺-锦州-郑州成品油管道:邯郸->郑州
S5,全并存,high,高档,2060,N133,N078,101.4682,995.2883117109299,10.194854978812439,465.89075796209175,1,3529.0,S014,兰郑长成品油管道:郑州->武汉
S5,全并存,high,高档,2060,N140,N036,95.9226,1242.5970991866527,7.719525505313553,414.53635969453006,1,3273.0,S029,抚顺-锦州-郑州成品油管道:锦州->固安
S6,化工主导,low,低档,2025,N006,N024,0.6655,418.20303747542874,0.1591332296430537,270.92089606559665,1,2555.0,S053,西南成品油管网（南线）:东海岛->南宁
S6,化工主导,low,低档,2025,N018,N033,110.5548,436.9476525974279,25.30161206790078,482.78375552822115,1,3614.0,S012,兰郑长成品油管道:兰州->咸阳
S6,化工主导,low,低档,2025,N018,N057,10.8824,637.2002561058623,1.7078461434566712,597.290904615042,1,4186.0,S034,兰成渝成品油管道:兰州->成都
S6,化工主导,low,低档,2025,N033,N133,123.0772,1138.2823286391263,10.812537180221799,452.4888286733156,1,3462.0,S013,兰郑长成品油管道:咸阳->郑州
S6,化工主导,low,低档,2025,N034,N068,36.5234,991.4819700022991,3.683718020602564,539.1852382576222,1,3896.0,S002,西部成品油管道:哈密->柳园
S6,化工主导,low,低档,2025,N052,N077,36.5234,991.5947786368739,3.6832989429621654,220.44441556684987,1,2302.0,S005,西部成品油管道:张掖->武威
S6,化工主导,low,低档,2025,N055,N089,61.9221,211.93997054134474,29.216810704387818,104.77585623653098,1,1724.0,S018,大港-济南-枣庄成品油管道:德州->济南
S6,化工主导,low,低档,2025,N065,N067,61.819,410.2824767677972,15.0674239092563,94.47876262249402,1,1672.0,S114,鲁皖一期管道:曲阜->枣庄
S6,化工主导,low,低档,2025,N067,N053,61.819,491.37406438060924,12.580843084977344,67.88353726217804,1,1539.0,S115,鲁皖一期管道:枣庄->徐州
S6,化工主导,low,低档,2025,N068,N136,36.5234,991.541850008519,3.6834955579218573,1.0,1,1205.0,S003,西部成品油管道:柳园->酒泉
S6,化工主导,low,低档,2025,N077,N018,36.5234,997.3030978452247,3.662216639947529,233.1471451641557,1,2366.0,S006,西部成品油管道:武威->兰州
S6,化工主导,low,低档,2025,N078,N144,29.5405,367.5755948888899,8.036578165351118,294.48902906980624,1,2672.0,S015,兰郑长成品油管道:武汉->长沙
S6,化工主导,low,低档,2025,N084,N055,75.4798,182.36150170582619,41.39020533059611,106.86955196721219,1,1734.0,S017,大港-济南-枣庄成品油管道:沧州->德州
S6,化工主导,low,低档,2025,N086,N065,61.819,410.2824767677972,15.0674239092563,98.00774338545631,1,1690.0,S113,鲁皖一期管道:泰安->曲阜
S6,化工主导,low,低档,2025,N089,N086,61.819,387.8579383308359,15.938567679197401,50.398245413639174,1,1452.0,S112,鲁皖一期管道:济南->泰安
S6,化工主导,low,低档,2025,N133,N078,59.0532,638.2823286391264,9.251893300243259,465.89075796209175,1,3529.0,S014,兰郑长成品油管道:郑州->武汉
S6,化工主导,low,低档,2025,N136,N052,36.5234,991.541850008519,3.6834955579218573,190.68247460045217,1,2153.0,S004,西部成品油管道:酒泉->张掖
S6,化工主导,low,低档,2025,N140,N036,21.5612,793.0093561149909,2.718908652683475,414.53635969453006,1,3273.0,S029,抚顺-锦州-郑州成品油管道:锦州->固安
S6,化工主导,low,低档,2030,N006,N024,2.9995,428.6009848107069,0.6998350695168699,270.92089606559665,1,2555.0,S053,西南成品油管网（南线）:东海岛->南宁
S6,化工主导,low,低档,2030,N018,N057,6.5288,651.116647298594,1.002708197845535,597.290904615042,1,4186.0,S034,兰成渝成品油管道:兰州->成都
S6,化工主导,low,低档,2030,N033,N133,5.976,1178.1742083164372,0.507225498386988,452.4888286733156,1,3462.0,S013,兰郑长成品油管道:咸阳->郑州
S6,化工主导,low,低档,2030,N053,N046,40.79,590.040307309705,6.913087037389435,68.2755770992949,1,1541.0,S116,鲁皖一期管道:徐州->宿州
S6,化工主导,low,低档,2030,N055,N089,84.0197,214.17833010793208,39.22885193738296,104.77585623653098,1,1724.0,S018,大港-济南-枣庄成品油管道:德州->济南
S6,化工主导,low,低档,2030,N065,N067,84.0197,417.28772187724223,20.134716550494847,94.47876262249402,1,1672.0,S114,鲁皖一期管道:曲阜->枣庄
S6,化工主导,low,低档,2030,N067,N007,0.0896,593.264279905094,0.01510288130179244,99.71124775590306,1,1699.0,S118,鲁皖一期管道:枣庄->临沂
S6,化工主导,low,低档,2030,N067,N053,100.8206,494.64530972647526,20.382402909218104,67.88353726217804,1,1539.0,S115,鲁皖一期管道:枣庄->徐州
S6,化工主导,low,低档,2030,N078,N144,16.3788,380.57836281469605,4.303660323425914,294.48902906980624,1,2672.0,S015,兰郑长成品油管道:武汉->长沙
S6,化工主导,low,低档,2030,N084,N055,84.0197,184.55885049482794,45.52461167520902,106.86955196721219,1,1734.0,S017,大港-济南-枣庄成品油管道:沧州->德州
S6,化工主导,low,低档,2030,N086,N065,84.0197,417.28772187724223,20.134716550494847,98.00774338545631,1,1690.0,S113,鲁皖一期管道:泰安->曲阜
S6,化工主导,low,低档,2030,N089,N086,84.0197,395.5889364524727,21.239143023933984,50.398245413639174,1,1452.0,S112,鲁皖一期管道:济南->泰安
S6,化工主导,low,低档,2030,N132,N133,74.9255,800.0,9.3656875,224.7582135830768,1,2324.0,S032,抚顺-锦州-郑州成品油管道:邯郸->郑州
S6,化工主导,low,低档,2030,N133,N078,34.7605,678.1742083164372,5.125600409707809,465.89075796209175,1,3529.0,S014,兰郑长成品油管道:郑州->武汉
S6,化工主导,low,低档,2030,N140,N036,42.0662,799.0875062711441,5.2642795275698155,414.53635969453006,1,3273.0,S029,抚顺-锦州-郑州成品油管道:锦州->固安
S6,化工主导,low,低档,2035,N006,N024,0.7883,442.6232435170162,0.1780972896353769,270.92089606559665,1,2555.0,S053,西南成品油管网（南线）:东海岛->南宁
S6,化工主导,low,低档,2035,N018,N057,0.2211,667.3856553305831,0.0331292706449437,597.290904615042,1,4186.0,S034,兰成渝成品油管道:兰州->成都
S6,化工主导,low,低档,2035,N053,N046,34.6786,590.7167893391488,5.870596642224426,68.2755770992949,1,1541.0,S116,鲁皖一期管道:徐州->宿州
S6,化工主导,low,低档,2035,N055,N089,26.6383,217.16003490666327,12.266667764834956,104.77585623653098,1,1724.0,S018,大港-济南-枣庄成品油管道:德州->济南
S6,化工主导,low,低档,2035,N065,N067,26.6383,441.2936038329033,6.036411987083015,94.47876262249402,1,1672.0,S114,鲁皖一期管道:曲阜->枣庄
S6,化工主导,low,低档,2035,N067,N007,0.0727,600.490534575954,0.012106768685594398,99.71124775590306,1,1699.0,S118,鲁皖一期管道:枣庄->临沂
S6,化工主导,low,低档,2035,N067,N053,83.4387,510.7553069775432,16.336335395858864,67.88353726217804,1,1539.0,S115,鲁皖一期管道:枣庄->徐州
S6,化工主导,low,低档,2035,N084,N055,26.6383,190.1268471093715,14.01080405266289,106.86955196721219,1,1734.0,S017,大港-济南-枣庄成品油管道:沧州->德州
S6,化工主导,low,低档,2035,N086,N065,26.6383,441.2936038329033,6.036411987083015,98.00774338545631,1,1690.0,S113,鲁皖一期管道:泰安->曲阜
S6,化工主导,low,低档,2035,N089,N086,26.6383,420.5323573809044,6.334423387989596,50.398245413639174,1,1452.0,S112,鲁皖一期管道:济南->泰安
S6,化工主导,low,低档,2035,N127,N109,0.7341,600.0,0.12235,510.4977785150275,1,3752.0,S051,西南成品油管网（北线）:贵阳->简阳
S6,化工主导,low,低档,2035,N132,N133,26.5079,800.0,3.3134875,224.7582135830768,1,2324.0,S032,抚顺-锦州-郑州成品油管道:邯郸->郑州
S6,化工主导,low,低档,2035,N133,N078,4.5359,712.9433799680733,0.6362216309804468,465.89075796209175,1,3529.0,S014,兰郑长成品油管道:郑州->武汉
S6,化工主导,low,低档,2035,N140,N036,41.9249,880.5126987403823,4.761419120925306,414.53635969453006,1,3273.0,S029,抚顺-锦州-郑州成品油管道:锦州->固安
S6,化工主导,low,低档,2040,N053,N046,29.4921,594.0855871798838,4.964284715271178,68.2755770992949,1,1541.0,S116,鲁皖一期管道:徐州->宿州
S6,化工主导,low,低档,2040,N067,N007,0.0533,604.3680408754009,0.008819129469982772,99.71124775590306,1,1699.0,S118,鲁皖一期管道:枣庄->临沂
S6,化工主导,low,低档,2040,N067,N053,65.2171,520.0134834621572,12.541424804179337,67.88353726217804,1,1539.0,S115,鲁皖一期管道:枣庄->徐州
S6,化工主导,low,低档,2040,N140,N036,41.7582,944.2994237852738,4.422135495181186,414.53635969453006,1,3273.0,S029,抚顺-锦州-郑州成品油管道:锦州->固安
S6,化工主导,low,低档,2045,N053,N046,25.7177,599.3703686137759,4.290786022585653,68.2755770992949,1,1541.0,S116,鲁皖一期管道:徐州->宿州
S6,化工主导,low,低档,2045,N067,N007,0.0377,608.9254696146957,0.006191233883492358,99.71124775590306,1,1699.0,S118,鲁皖一期管道:枣庄->临沂
S6,化工主导,low,低档,2045,N067,N053,51.0334,533.0043471983331,9.574668624796463,67.88353726217804,1,1539.0,S115,鲁皖一期管道:枣庄->徐州
S6,化工主导,low,低档,2045,N140,N036,41.6246,1018.6653925666984,4.086189665786116,414.53635969453006,1,3273.0,S029,抚顺-锦州-郑州成品油管道:锦州->固安
S6,化工主导,low,低档,2050,N053,N046,24.2206,607.2788165492509,3.9883821631765555,68.2755770992949,1,1541.0,S116,鲁皖一期管道:徐州->宿州
S6,化工主导,low,低档,2050,N067,N007,0.0297,617.2955305548358,0.0048113097422405006,99.71124775590306,1,1699.0,S118,鲁皖一期管道:枣庄->临沂
S6,化工主导,low,低档,2050,N067,N053,44.1382,551.7510752633809,7.999658175370193,67.88353726217804,1,1539.0,S115,鲁皖一期管道:枣庄->徐州
S6,化工主导,low,低档,2050,N140,N036,41.5544,1091.8228977611855,3.805965242642237,414.53635969453006,1,3273.0,S029,抚顺-锦州-郑州成品油管道:锦州->固安
S6,化工主导,low,低档,2055,N053,N046,23.2728,618.6191010252712,3.76205648377632,68.2755770992949,1,1541.0,S116,鲁皖一期管道:徐州->宿州
S6,化工主导,low,低档,2055,N067,N007,0.0239,630.8494065855263,0.003788542836135616,99.71124775590306,1,1699.0,S118,鲁皖一期管道:枣庄->临沂
S6,化工主导,low,低档,2055,N067,N053,39.321,587.5589068210993,6.692265157333835,67.88353726217804,1,1539.0,S115,鲁皖一期管道:枣庄->徐州
S6,化工主导,low,低档,2055,N140,N036,41.504,1161.8540670875645,3.572221432596836,414.53635969453006,1,3273.0,S029,抚顺-锦州-郑州成品油管道:锦州->固安
S6,化工主导,low,低档,2060,N053,N046,22.8657,639.9646516167563,3.5729629663503903,68.2755770992949,1,1541.0,S116,鲁皖一期管道:徐州->宿州
S6,化工主导,low,低档,2060,N067,N007,0.0204,649.5345123877524,0.0031407107106607166,99.71124775590306,1,1699.0,S118,鲁皖一期管道:枣庄->临沂
S6,化工主导,low,低档,2060,N067,N053,36.5489,633.6292689510332,5.768183666847704,67.88353726217804,1,1539.0,S115,鲁皖一期管道:枣庄->徐州
S6,化工主导,low,低档,2060,N140,N036,41.4729,1242.5970991866527,3.337598327498613,414.53635969453006,1,3273.0,S029,抚顺-锦州-郑州成品油管道:锦州->固安
S6,化工主导,mid,中档,2025,N018,N033,258.3901,436.9476525974279,59.13525303637734,482.78375552822115,1,3845.7211456630885,S012,兰郑长成品油管道:兰州->咸阳
S6,化工主导,mid,中档,2025,N018,N057,44.0373,637.2002561058623,6.911061252411644,597.290904615042,1,4186.0,S034,兰成渝成品油管道:兰州->成都
S6,化工主导,mid,中档,2025,N033,N133,244.7206,1138.2823286391263,21.499112640409322,452.4888286733156,1,3462.0,S013,兰郑长成品油管道:咸阳->郑州
S6,化工主导,mid,中档,2025,N034,N068,223.6904,991.4819700022991,22.561217124248998,539.1852382576222,1,3896.0,S002,西部成品油管道:哈密->柳园
S6,化工主导,mid,中档,2025,N052,N077,223.6904,991.5947786368739,22.55865045069145,220.44441556684987,1,2302.0,S005,西部成品油管道:张掖->武威
S6,化工主导,mid,中档,2025,N068,N136,223.6904,991.541850008519,22.55985463428277,1.0,1,1205.0,S003,西部成品油管道:柳园->酒泉
S6,化工主导,mid,中档,2025,N077,N018,223.6904,997.3030978452247,22.429530248457667,233.1471451641557,1,2366.0,S006,西部成品油管道:武威->兰州
S6,化工主导,mid,中档,2025,N078,N144,7.1127,367.5755948888899,1.9350305349162298,294.48902906980624,1,2672.0,S015,兰郑长成品油管道:武汉->长沙
S6,化工主导,mid,中档,2025,N084,N055,21.5517,182.36150170582619,11.818119393843233,106.86955196721219,1,1734.0,S017,大港-济南-枣庄成品油管道:沧州->德州
S6,化工主导,mid,中档,2025,N133,N078,85.3505,638.2823286391264,13.37190396324691,465.89075796209175,1,3529.0,S014,兰郑长成品油管道:郑州->武汉
S6,化工主导,mid,中档,2025,N136,N052,223.6904,991.541850008519,22.55985463428277,190.68247460045217,1,2153.0,S004,西部成品油管道:酒泉->张掖
S6,化工主导,mid,中档,2030,N018,N033,262.869,496.7898411927255,52.91352161487178,482.78375552822115,1,3696.593040640015,S012,兰郑长成品油管道:兰州->咸阳
S6,化工主导,mid,中档,2030,N018,N057,39.6837,651.116647298594,6.094714390216097,597.290904615042,1,4186.0,S034,兰成渝成品油管道:兰州->成都
S6,化工主导,mid,中档,2030,N033,N133,278.0023,1178.1742083164372,23.59602663491114,452.4888286733156,1,3462.0,S013,兰郑长成品油管道:咸阳->郑州
S6,化工主导,mid,中档,2030,N034,N068,156.4266,993.443090799389,15.745904465864168,539.1852382576222,1,3896.0,S002,西部成品油管道:哈密->柳园
S6,化工主导,mid,中档,2030,N052,N077,156.4266,993.5497082407396,15.744214778844004,220.44441556684987,1,2302.0,S005,西部成品油管道:张掖->武威
S6,化工主导,mid,中档,2030,N055,N089,41.8131,214.17833010793208,19.522563267221706,104.77585623653098,1,1724.0,S018,大港-济南-枣庄成品油管道:德州->济南
S6,化工主导,mid,中档,2030,N065,N067,40.6275,417.28772187724223,9.736088044294723,94.47876262249402,1,1672.0,S114,鲁皖一期管道:曲阜->枣庄
S6,化工主导,mid,中档,2030,N067,N053,40.6275,494.64530972647526,8.213461080317499,67.88353726217804,1,1539.0,S115,鲁皖一期管道:枣庄->徐州
S6,化工主导,mid,中档,2030,N068,N136,156.4266,993.4995697821863,15.745009334457466,1.0,1,1205.0,S003,西部成品油管道:柳园->酒泉
S6,化工主导,mid,中档,2030,N077,N018,156.4266,997.8508598146202,15.676350675196172,233.1471451641557,1,2366.0,S006,西部成品油管道:武威->兰州
S6,化工主导,mid,中档,2030,N078,N144,69.0818,380.57836281469605,18.151793887882164,294.48902906980624,1,2672.0,S015,兰郑长成品油管道:武汉->长沙
S6,化工主导,mid,中档,2030,N084,N055,105.0171,184.55885049482794,56.901687303770345,106.86955196721219,1,1915.9375130335916,S017,大港-济南-枣庄成品油管道:沧州->德州
S6,化工主导,mid,中档,2030,N086,N065,40.6275,417.28772187724223,9.736088044294723,98.00774338545631,1,1690.0,S113,鲁皖一期管道:泰安->曲阜
S6,化工主导,mid,中档,2030,N089,N086,40.6275,395.5889364524727,10.270130495644212,50.398245413639174,1,1452.0,S112,鲁皖一期管道:济南->泰安
S6,化工主导,mid,中档,2030,N133,N078,136.1886,678.1742083164372,20.081654290287336,465.89075796209175,1,3529.0,S014,兰郑长成品油管道:郑州->武汉
S6,化工主导,mid,中档,2030,N136,N052,156.4266,993.4995697821863,15.745009334457466,190.68247460045217,1,2153.0,S004,西部成品油管道:酒泉->张掖
S6,化工主导,mid,中档,2030,N140,N036,15.6492,799.0875062711441,1.9583837661316106,414.53635969453006,1,3273.0,S029,抚顺-锦州-郑州成品油管道:锦州->固安
S6,化工主导,mid,中档,2035,N006,N024,1.3107,442.6232435170162,0.29612091529251366,270.92089606559665,1,2555.0,S053,西南成品油管网（南线）:东海岛->南宁
S6,化工主导,mid,中档,2035,N018,N033,148.3553,539.4297794503814,27.50224508390276,482.78375552822115,1,3614.0,S012,兰郑长成品油管道:兰州->咸阳
S6,化工主导,mid,中档,2035,N018,N057,34.1101,667.3856553305831,5.111002870312502,597.290904615042,1,4186.0,S034,兰成渝成品油管道:兰州->成都
S6,化工主导,mid,中档,2035,N033,N133,199.5504,1212.9433799680733,16.451748968303246,452.4888286733156,1,3462.0,S013,兰郑长成品油管道:咸阳->郑州
S6,化工主导,mid,中档,2035,N053,N046,22.5167,590.7167893391488,3.811758935308078,68.2755770992949,1,1541.0,S116,鲁皖一期管道:徐州->宿州
S6,化工主导,mid,中档,2035,N055,N089,165.1062,217.16003490666327,76.02973543035378,104.77585623653098,1,2237.544009855475,S018,大港-济南-枣庄成品油管道:德州->济南
S6,化工主导,mid,中档,2035,N065,N067,164.6369,441.2936038329033,37.30779203913867,94.47876262249402,1,1672.0,S114,鲁皖一期管道:曲阜->枣庄
S6,化工主导,mid,中档,2035,N067,N007,0.5892,600.490534575954,0.09811978142437715,99.71124775590306,1,1699.0,S118,鲁皖一期管道:枣庄->临沂
S6,化工主导,mid,中档,2035,N067,N053,164.0477,510.7553069775432,32.118648158698974,67.88353726217804,1,1539.0,S115,鲁皖一期管道:枣庄->徐州
S6,化工主导,mid,中档,2035,N078,N144,51.7344,416.6257040236907,12.417476766401867,294.48902906980624,1,2672.0,S015,兰郑长成品油管道:武汉->长沙
S6,化工主导,mid,中档,2035,N084,N055,190.1268,190.1268471093715,99.99997522213604,106.86955196721219,1,3684.003892139351,S017,大港-济南-枣庄成品油管道:沧州->德州
S6,化工主导,mid,中档,2035,N086,N065,164.6369,441.2936038329033,37.30779203913867,98.00774338545631,1,1690.0,S113,鲁皖一期管道:泰安->曲阜
S6,化工主导,mid,中档,2035,N089,N086,164.6369,420.5323573809044,39.14963904926757,50.398245413639174,1,1452.0,S112,鲁皖一期管道:济南->泰安
S6,化工主导,mid,中档,2035,N132,N133,23.531,800.0,2.941375,224.7582135830768,1,2324.0,S032,抚顺-锦州-郑州成品油管道:邯郸->郑州
S6,化工主导,mid,中档,2035,N133,N078,104.9953,712.9433799680733,14.727018014348047,465.89075796209175,1,3529.0,S014,兰郑长成品油管道:郑州->武汉
S6,化工主导,mid,中档,2035,N140,N036,46.6505,880.5126987403823,5.298106440342756,414.53635969453006,1,3273.0,S029,抚顺-锦州-郑州成品油管道:锦州->固安
S6,化工主导,mid,中档,2040,N006,N024,3.9721,515.5996589594037,0.7703845281854129,270.92089606559665,1,2555.0,S053,西南成品油管网（南线）:东海岛->南宁
S6,化工主导,mid,中档,2040,N018,N057,28.8528,672.2677915772992,4.291861124612932,597.290904615042,1,4186.0,S034,兰成渝成品油管道:兰州->成都
S6,化工主导,mid,中档,2040,N033,N133,32.2666,1220.9459283356648,2.642754216313599,452.4888286733156,1,3462.0,S013,兰郑长成品油管道:咸阳->郑州
S6,化工主导,mid,中档,2040,N053,N046,81.2339,594.0855871798838,13.67377053963154,68.2755770992949,1,1541.0,S116,鲁皖一期管道:徐州->宿州
S6,化工主导,mid,中档,2040,N055,N089,195.2467,220.92758661033338,88.3758805297463,104.77585623653098,1,2707.068087706476,S018,大港-济南-枣庄成品油管道:德州->济南
S6,化工主导,mid,中档,2040,N065,N067,195.2467,455.2629951521817,42.88657371213193,94.47876262249402,1,1672.0,S114,鲁皖一期管道:曲阜->枣庄
S6,化工主导,mid,中档,2040,N067,N007,0.5351,604.3680408754009,0.08853876509170322,99.71124775590306,1,1699.0,S118,鲁皖一期管道:枣庄->临沂
S6,化工主导,mid,中档,2040,N067,N053,209.7645,520.0134834621572,40.33828096214454,67.88353726217804,1,1539.0,S115,鲁皖一期管道:枣庄->徐州
S6,化工主导,mid,中档,2040,N078,N144,31.1511,399.82552581588743,7.791173396554109,294.48902906980624,1,2672.0,S015,兰郑长成品油管道:武汉->长沙
S6,化工主导,mid,中档,2040,N084,N055,195.2467,195.24676984937275,99.99996422508151,106.86955196721219,1,3683.997106225099,S017,大港-济南-枣庄成品油管道:沧州->德州
S6,化工主导,mid,中档,2040,N086,N065,195.2467,455.2629951521817,42.88657371213193,98.00774338545631,1,1690.0,S113,鲁皖一期管道:泰安->曲阜
S6,化工主导,mid,中档,2040,N089,N086,195.2467,435.66941949894976,44.81533274117503,50.398245413639174,1,1452.0,S112,鲁皖一期管道:济南->泰安
S6,化工主导,mid,中档,2040,N132,N133,130.3179,800.0,16.2897375,224.7582135830768,1,2324.0,S032,抚顺-锦州-郑州成品油管道:邯郸->郑州
S6,化工主导,mid,中档,2040,N133,N078,73.4851,720.9459283356648,10.192872601367425,465.89075796209175,1,3529.0,S014,兰郑长成品油管道:郑州->武汉
S6,化工主导,mid,中档,2040,N140,N036,83.7279,944.2994237852738,8.866668547183087,414.53635969453006,1,3273.0,S029,抚顺-锦州-郑州成品油管道:锦州->固安
S6,化工主导,mid,中档,2045,N006,N024,5.9479,577.1160102666713,1.0306246741017666,270.92089606559665,1,2555.0,S053,西南成品油管网（南线）:东海岛->南宁
S6,化工主导,mid,中档,2045,N018,N057,24.8867,675.4208298851844,3.6846213351504895,597.290904615042,1,4186.0,S034,兰成渝成品油管道:兰州->成都
S6,化工主导,mid,中档,2045,N053,N046,81.792,599.3703686137759,13.646320252562466,68.2755770992949,1,1541.0,S116,鲁皖一期管道:徐州->宿州
S6,化工主导,mid,中档,2045,N055,N089,153.4114,225.11672712290286,68.14749039783472,104.77585623653098,1,2123.445543160417,S018,大港-济南-枣庄成品油管道:德州->济南
S6,化工主导,mid,中档,2045,N065,N067,153.4114,473.7331914983547,32.383502518533746,94.47876262249402,1,1672.0,S114,鲁皖一期管道:曲阜->枣庄
S6,化工主导,mid,中档,2045,N067,N007,0.4919,608.9254696146957,0.0807816431641881,99.71124775590306,1,1699.0,S118,鲁皖一期管道:枣庄->临沂
S6,化工主导,mid,中档,2045,N067,N053,199.9409,533.0043471983331,37.51205802559827,67.88353726217804,1,1539.0,S115,鲁皖一期管道:枣庄->徐州
S6,化工主导,mid,中档,2045,N078,N144,14.6123,416.6531646570812,3.5070656458415206,294.48902906980624,1,2672.0,S015,兰郑长成品油管道:武汉->长沙
S6,化工主导,mid,中档,2045,N084,N055,153.4114,202.56554806584865,75.73420133127972,106.86955196721219,1,2243.6941948251565,S017,大港-济南-枣庄成品油管道:沧州->德州
S6,化工主导,mid,中档,2045,N086,N065,153.4114,473.7331914983547,32.383502518533746,98.00774338545631,1,1690.0,S113,鲁皖一期管道:泰安->曲阜
S6,化工主导,mid,中档,2045,N089,N086,153.4114,455.4314468786014,33.68485005843106,50.398245413639174,1,1452.0,S112,鲁皖一期管道:济南->泰安
S6,化工主导,mid,中档,2045,N132,N133,114.8637,800.0,14.3579625,224.7582135830768,1,2324.0,S032,抚顺-锦州-郑州成品油管道:邯郸->郑州
S6,化工主导,mid,中档,2045,N133,N078,49.2138,772.4166197136509,6.371406148438968,465.89075796209175,1,3529.0,S014,兰郑长成品油管道:郑州->武汉
S6,化工主导,mid,中档,2045,N140,N036,92.0064,1018.6653925666984,9.032053181680634,414.53635969453006,1,3273.0,S029,抚顺-锦州-郑州成品油管道:锦州->固安
S6,化工主导,mid,中档,2050,N006,N024,6.7854,637.6076647756784,1.064196742739475,270.92089606559665,1,2555.0,S053,西南成品油管网（南线）:东海岛->南宁
S6,化工主导,mid,中档,2050,N018,N057,23.1206,679.0523626601046,3.4048331574059882,597.290904615042,1,4186.0,S034,兰成渝成品油管道:兰州->成都
S6,化工主导,mid,中档,2050,N053,N046,80.2949,607.2788165492509,13.222081490716384,68.2755770992949,1,1541.0,S116,鲁皖一期管道:徐州->宿州
S6,化工主导,mid,中档,2050,N055,N089,131.1504,236.7892894109654,55.38696464111547,104.77585623653098,1,1869.891282070051,S018,大港-济南-枣庄成品油管道:德州->济南
S6,化工主导,mid,中档,2050,N065,N067,131.1504,503.4193919846887,26.05191657058552,94.47876262249402,1,1672.0,S114,鲁皖一期管道:曲阜->枣庄
S6,化工主导,mid,中档,2050,N067,N007,0.4695,617.2955305548358,0.07605757319804426,99.71124775590306,1,1699.0,S118,鲁皖一期管道:枣庄->临沂
S6,化工主导,mid,中档,2050,N067,N053,193.0602,551.7510752633809,34.990452879107096,67.88353726217804,1,1539.0,S115,鲁皖一期管道:枣庄->徐州
S6,化工主导,mid,中档,2050,N078,N144,5.9085,431.2253864532579,1.3701651585488102,294.48902906980624,1,2672.0,S015,兰郑长成品油管道:武汉->长沙
S6,化工主导,mid,中档,2050,N084,N055,131.1504,217.86652215350006,60.19759194925628,106.86955196721219,1,1988.1036855396553,S017,大港-济南-枣庄成品油管道:沧州->德州
S6,化工主导,mid,中档,2050,N086,N065,131.1504,503.4193919846887,26.05191657058552,98.00774338545631,1,1690.0,S113,鲁皖一期管道:泰安->曲阜
S6,化工主导,mid,中档,2050,N089,N086,131.1504,488.6906307927394,26.837101375823742,50.398245413639174,1,1452.0,S112,鲁皖一期管道:济南->泰安
S6,化工主导,mid,中档,2050,N132,N133,90.856,800.0,11.357,224.7582135830768,1,2324.0,S032,抚顺-锦州-郑州成品油管道:邯郸->郑州
S6,化工主导,mid,中档,2050,N133,N078,37.7441,824.2433525391467,4.579242269134028,465.89075796209175,1,3529.0,S014,兰郑长成品油管道:郑州->武汉
S6,化工主导,mid,中档,2050,N140,N036,91.9362,1091.8228977611855,8.420431572603748,414.53635969453006,1,3273.0,S029,抚顺-锦州-郑州成品油管道:锦州->固安
S6,化工主导,mid,中档,2055,N006,N024,7.3348,714.0368887881559,1.027229841366939,270.92089606559665,1,2555.0,S053,西南成品油管网（南线）:东海岛->南宁
S6,化工主导,mid,中档,2055,N018,N057,21.9339,687.1686941372941,3.191923640749804,597.290904615042,1,4186.0,S034,兰成渝成品油管道:兰州->成都
S6,化工主导,mid,中档,2055,N053,N046,79.3471,618.6191010252712,12.826487230752123,68.2755770992949,1,1541.0,S116,鲁皖一期管道:徐州->宿州
S6,化工主导,mid,中档,2055,N055,N089,115.6513,249.81140209152736,46.29544489631703,104.77585623653098,1,1724.0,S018,大港-济南-枣庄成品油管道:德州->济南
S6,化工主导,mid,中档,2055,N065,N067,115.6513,555.6486045010747,20.813747944862573,94.47876262249402,1,1672.0,S114,鲁皖一期管道:曲阜->枣庄
S6,化工主导,mid,中档,2055,N067,N007,0.4534,630.8494065855263,0.07187135238091583,99.71124775590306,1,1699.0,S118,鲁皖一期管道:枣庄->临沂
S6,化工主导,mid,中档,2055,N067,N053,188.2533,587.5589068210993,32.03990235098582,67.88353726217804,1,1539.0,S115,鲁皖一期管道:枣庄->徐州
S6,化工主导,mid,中档,2055,N084,N055,115.6513,234.66241741988162,49.28411684818922,106.86955196721219,1,1734.0,S017,大港-济南-枣庄成品油管道:沧州->德州
S6,化工主导,mid,中档,2055,N086,N065,115.6513,555.6486045010747,20.813747944862573,98.00774338545631,1,1690.0,S113,鲁皖一期管道:泰安->曲阜
S6,化工主导,mid,中档,2055,N089,N086,115.6513,544.9010977779958,21.224273629031813,50.398245413639174,1,1452.0,S112,鲁皖一期管道:济南->泰安
S6,化工主导,mid,中档,2055,N132,N133,74.2136,800.0,9.2767,224.7582135830768,1,2324.0,S032,抚顺-锦州-郑州成品油管道:邯郸->郑州
S6,化工主导,mid,中档,2055,N133,N078,30.192,909.0684057891873,3.321202211816997,465.89075796209175,1,3529.0,S014,兰郑长成品油管道:郑州->武汉
S6,化工主导,mid,中档,2055,N140,N036,91.8858,1161.8540670875645,7.908549154570797,414.53635969453006,1,3273.0,S029,抚顺-锦州-郑州成品油管道:锦州->固安
S6,化工主导,mid,中档,2060,N006,N024,7.6005,777.6230446099424,0.977401589714002,270.92089606559665,1,2555.0,S053,西南成品油管网（南线）:东海岛->南宁
S6,化工主导,mid,中档,2060,N018,N057,21.3174,695.8883450140861,3.0633362597225986,597.290904615042,1,4186.0,S034,兰成渝成品油管道:兰州->成都
S6,化工主导,mid,中档,2060,N053,N046,78.94,639.9646516167563,12.335056287964061,68.2755770992949,1,1541.0,S116,鲁皖一期管道:徐州->宿州
S6,化工主导,mid,中档,2060,N055,N089,106.807,276.37402868051674,38.64581650813033,104.77585623653098,1,1724.0,S018,大港-济南-枣庄成品油管道:德州->济南
S6,化工主导,mid,中档,2060,N065,N067,106.807,626.2609051227721,17.054713000017394,94.47876262249402,1,1672.0,S114,鲁皖一期管道:曲阜->枣庄
S6,化工主导,mid,中档,2060,N067,N007,0.4436,649.5345123877524,0.06829506231613205,99.71124775590306,1,1699.0,S118,鲁皖一期管道:枣庄->临沂
S6,化工主导,mid,中档,2060,N067,N053,185.4875,633.6292689510332,29.273821316220555,67.88353726217804,1,1539.0,S115,鲁皖一期管道:枣庄->徐州
S6,化工主导,mid,中档,2060,N084,N055,106.807,270.05372385270437,39.550278543189364,106.86955196721219,1,1734.0,S017,大港-济南-枣庄成品油管道:沧州->德州
S6,化工主导,mid,中档,2060,N086,N065,106.807,626.2609051227721,17.054713000017394,98.00774338545631,1,1690.0,S113,鲁皖一期管道:泰安->曲阜
S6,化工主导,mid,中档,2060,N089,N086,106.807,623.6266925275847,17.126752475444377,50.398245413639174,1,1452.0,S112,鲁皖一期管道:济南->泰安
S6,化工主导,mid,中档,2060,N132,N133,67.9771,800.0,8.4971375,224.7582135830768,1,2324.0,S032,抚顺-锦州-郑州成品油管道:邯郸->郑州
S6,化工主导,mid,中档,2060,N133,N078,29.6529,995.2883117109299,2.979327663260286,465.89075796209175,1,3529.0,S014,兰郑长成品油管道:郑州->武汉
S6,化工主导,mid,中档,2060,N140,N036,91.8547,1242.5970991866527,7.392154710494969,414.53635969453006,1,3273.0,S029,抚顺-锦州-郑州成品油管道:锦州->固安
S6,化工主导,high,高档,2025,N018,N033,171.463,436.9476525974279,39.2410850546378,482.78375552822115,1,3614.0,S012,兰郑长成品油管道:兰州->咸阳
S6,化工主导,high,高档,2025,N018,N057,104.0387,637.2002561058623,16.32747303584187,597.290904615042,1,4186.0,S034,兰成渝成品油管道:兰州->成都
S6,化工主导,high,高档,2025,N033,N133,131.6015,1138.2823286391263,11.561411144573965,452.4888286733156,1,3462.0,S013,兰郑长成品油管道:咸阳->郑州
S6,化工主导,high,高档,2025,N034,N068,211.366,991.4819700022991,21.31818897317012,539.1852382576222,1,3896.0,S002,西部成品油管道:哈密->柳园
S6,化工主导,high,高档,2025,N052,N077,211.366,991.5947786368739,21.31576371252789,220.44441556684987,1,2302.0,S005,西部成品油管道:张掖->武威
S6,化工主导,high,高档,2025,N068,N136,211.366,991.541850008519,21.316901550669197,1.0,1,1205.0,S003,西部成品油管道:柳园->酒泉
S6,化工主导,high,高档,2025,N077,N018,211.366,997.3030978452247,21.19375749024322,233.1471451641557,1,2366.0,S006,西部成品油管道:武威->兰州
S6,化工主导,high,高档,2025,N136,N052,211.366,991.541850008519,21.316901550669197,190.68247460045217,1,2153.0,S004,西部成品油管道:酒泉->张掖
S6,化工主导,high,高档,2030,N018,N033,425.2763,496.7898411927255,85.6048704576907,482.78375552822115,1,4467.040364581802,S012,兰郑长成品油管道:兰州->咸阳
S6,化工主导,high,高档,2030,N018,N057,99.685,651.116647298594,15.309852760420315,597.290904615042,1,4186.0,S034,兰成渝成品油管道:兰州->成都
S6,化工主导,high,高档,2030,N033,N133,414.2177,1178.1742083164372,35.15759359491498,452.4888286733156,1,3462.0,S013,兰郑长成品油管道:咸阳->郑州
S6,化工主导,high,高档,2030,N034,N068,393.4366,993.443090799389,39.603335474749265,539.1852382576222,1,3896.0,S002,西部成品油管道:哈密->柳园
S6,化工主导,high,高档,2030,N052,N077,393.4366,993.5497082407396,39.59908565588037,220.44441556684987,1,2302.0,S005,西部成品油管道:张掖->武威
S6,化工主导,high,高档,2030,N068,N136,393.4366,993.4995697821863,39.60108408363545,1.0,1,1205.0,S003,西部成品油管道:柳园->酒泉
S6,化工主导,high,高档,2030,N077,N018,393.4366,997.8508598146202,39.428397152766124,233.1471451641557,1,2366.0,S006,西部成品油管道:武威->兰州
S6,化工主导,high,高档,2030,N078,N144,57.0713,380.57836281469605,14.99593922731442,294.48902906980624,1,2672.0,S015,兰郑长成品油管道:武汉->长沙
S6,化工主导,high,高档,2030,N084,N055,49.6754,184.55885049482794,26.915750649082042,106.86955196721219,1,1734.0,S017,大港-济南-枣庄成品油管道:沧州->德州
S6,化工主导,high,高档,2030,N133,N078,176.3873,678.1742083164372,26.009143054537603,465.89075796209175,1,3529.0,S014,兰郑长成品油管道:郑州->武汉
S6,化工主导,high,高档,2030,N136,N052,393.4366,993.4995697821863,39.60108408363545,190.68247460045217,1,2153.0,S004,西部成品油管道:酒泉->张掖
S6,化工主导,high,高档,2035,N018,N033,400.3357,539.4297794503814,74.21460869436932,482.78375552822115,1,4103.417631252971,S012,兰郑长成品油管道:兰州->咸阳
S6,化工主导,high,高档,2035,N018,N057,94.1115,667.3856553305831,14.10151675396481,597.290904615042,1,4186.0,S034,兰成渝成品油管道:兰州->成都
S6,化工主导,high,高档,2035,N033,N133,425.3388,1212.9433799680733,35.06666568485626,452.4888286733156,1,3462.0,S013,兰郑长成品油管道:咸阳->郑州
S6,化工主导,high,高档,2035,N034,N068,277.4275,994.4230251384394,27.898338331554395,539.1852382576222,1,3896.0,S002,西部成品油管道:哈密->柳园
S6,化工主导,high,高档,2035,N052,N077,277.4275,994.5268041103661,27.895427137146612,220.44441556684987,1,2302.0,S005,西部成品油管道:张掖->武威
S6,化工主导,high,高档,2035,N055,N089,51.2959,217.16003490666327,23.62124320989693,104.77585623653098,1,1724.0,S018,大港-济南-枣庄成品油管道:德州->济南
S6,化工主导,high,高档,2035,N065,N067,47.5058,441.2936038329033,10.765123171372357,94.47876262249402,1,1672.0,S114,鲁皖一期管道:曲阜->枣庄
S6,化工主导,high,高档,2035,N067,N053,47.5058,510.7553069775432,9.301087889056182,67.88353726217804,1,1539.0,S115,鲁皖一期管道:枣庄->徐州
S6,化工主导,high,高档,2035,N068,N136,277.4275,994.4779080953326,27.896798686191154,1.0,1,1205.0,S003,西部成品油管道:柳园->酒泉
S6,化工主导,high,高档,2035,N077,N018,277.4275,998.1179063314556,27.795062911923324,233.1471451641557,1,2366.0,S006,西部成品油管道:武威->兰州
S6,化工主导,high,高档,2035,N078,N144,105.1355,416.6257040236907,25.2350008615939,294.48902906980624,1,2672.0,S015,兰郑长成品油管道:武汉->长沙
S6,化工主导,high,高档,2035,N084,N055,158.3161,190.1268471093715,83.2686716300133,106.86955196721219,1,2470.6938675220017,S017,大港-济南-枣庄成品油管道:沧州->德州
S6,化工主导,high,高档,2035,N086,N065,47.5058,441.2936038329033,10.765123171372357,98.00774338545631,1,1690.0,S113,鲁皖一期管道:泰安->曲阜
S6,化工主导,high,高档,2035,N089,N086,47.5058,420.5323573809044,11.296586140450259,50.398245413639174,1,1452.0,S112,鲁皖一期管道:济南->泰安
S6,化工主导,high,高档,2035,N133,N078,210.6057,712.9433799680733,29.540312164681477,465.89075796209175,1,3529.0,S014,兰郑长成品油管道:郑州->武汉
S6,化工主导,high,高档,2035,N136,N052,277.4275,994.4779080953326,27.896798686191154,190.68247460045217,1,2153.0,S004,西部成品油管道:酒泉->张掖
S6,化工主导,high,高档,2035,N140,N036,0.556,880.5126987403823,0.06314502911717071,414.53635969453006,1,3273.0,S029,抚顺-锦州-郑州成品油管道:锦州->固安
S6,化工主导,high,高档,2040,N018,N033,236.4389,546.8891524390867,43.23342288752654,482.78375552822115,1,3614.0,S012,兰郑长成品油管道:兰州->咸阳
S6,化工主导,high,高档,2040,N018,N057,88.8542,672.2677915772992,13.217084190739978,597.290904615042,1,4186.0,S034,兰成渝成品油管道:兰州->成都
S6,化工主导,high,高档,2040,N033,N133,291.1717,1220.9459283356648,23.848042181270987,452.4888286733156,1,3462.0,S013,兰郑长成品油管道:咸阳->郑州
S6,化工主导,high,高档,2040,N034,N068,31.7335,995.5931311564577,3.187396438054882,539.1852382576222,1,3896.0,S002,西部成品油管道:哈密->柳园
S6,化工主导,high,高档,2040,N052,N077,31.7335,995.6759313502449,3.1871313748606855,220.44441556684987,1,2302.0,S005,西部成品油管道:张掖->武威
S6,化工主导,high,高档,2040,N055,N089,126.109,220.92758661033338,57.081599421274596,104.77585623653098,1,1910.0913971247096,S018,大港-济南-枣庄成品油管道:德州->济南
S6,化工主导,high,高档,2040,N065,N067,123.6605,455.2629951521817,27.162431675050534,94.47876262249402,1,1672.0,S114,鲁皖一期管道:曲阜->枣庄
S6,化工主导,high,高档,2040,N067,N053,123.6605,520.0134834621572,23.78024876906853,67.88353726217804,1,1539.0,S115,鲁皖一期管道:枣庄->徐州
S6,化工主导,high,高档,2040,N068,N136,31.7335,995.6368553095967,3.1872564611052248,1.0,1,1205.0,S003,西部成品油管道:柳园->酒泉
S6,化工主导,high,高档,2040,N077,N018,31.7335,998.5183491968304,3.1780587733340306,233.1471451641557,1,2366.0,S006,西部成品油管道:武威->兰州
S6,化工主导,high,高档,2040,N078,N144,85.0883,399.82552581588743,21.281357618768357,294.48902906980624,1,2672.0,S015,兰郑长成品油管道:武汉->长沙
S6,化工主导,high,高档,2040,N084,N055,195.2467,195.24676984937275,99.99996422508151,106.86955196721219,1,3683.997106225099,S017,大港-济南-枣庄成品油管道:沧州->德州
S6,化工主导,high,高档,2040,N086,N065,123.6605,455.2629951521817,27.162431675050534,98.00774338545631,1,1690.0,S113,鲁皖一期管道:泰安->曲阜
S6,化工主导,high,高档,2040,N089,N086,123.6605,435.66941949894976,28.384021109909025,50.398245413639174,1,1452.0,S112,鲁皖一期管道:济南->泰安
S6,化工主导,high,高档,2040,N132,N133,74.9762,800.0,9.372025,224.7582135830768,1,2324.0,S032,抚顺-锦州-郑州成品油管道:邯郸->郑州
S6,化工主导,high,高档,2040,N133,N078,179.6316,720.9459283356648,24.916098827922838,465.89075796209175,1,3529.0,S014,兰郑长成品油管道:郑州->武汉
S6,化工主导,high,高档,2040,N136,N052,31.7335,995.6368553095967,3.1872564611052248,190.68247460045217,1,2153.0,S004,西部成品油管道:酒泉->张掖
S6,化工主导,high,高档,2040,N140,N036,37.6334,944.2994237852738,3.9853248929396297,414.53635969453006,1,3273.0,S029,抚顺-锦州-郑州成品油管道:锦州->固安
S6,化工主导,high,高档,2045,N006,N024,1.2964,577.1160102666713,0.22463421165546332,270.92089606559665,1,2555.0,S053,西南成品油管网（南线）:东海岛->南宁
S6,化工主导,high,高档,2045,N018,N033,89.0073,611.3539884700067,14.559044625316409,482.78375552822115,1,3614.0,S012,兰郑长成品油管道:兰州->咸阳
S6,化工主导,high,高档,2045,N018,N057,84.888,675.4208298851844,12.568164356795188,597.290904615042,1,4186.0,S034,兰成渝成品油管道:兰州->成都
S6,化工主导,high,高档,2045,N033,N133,165.142,1272.416619713651,12.978610734993708,452.4888286733156,1,3462.0,S013,兰郑长成品油管道:咸阳->郑州
S6,化工主导,high,高档,2045,N055,N089,162.7848,225.11672712290286,72.31128582956315,104.77585623653098,1,2186.8171672048006,S018,大港-济南-枣庄成品油管道:德州->济南
S6,化工主导,high,高档,2045,N065,N067,161.376,473.7331914983547,34.06474422651056,94.47876262249402,1,1672.0,S114,鲁皖一期管道:曲阜->枣庄
S6,化工主导,high,高档,2045,N067,N053,161.376,533.0043471983331,30.276676137493364,67.88353726217804,1,1539.0,S115,鲁皖一期管道:枣庄->徐州
S6,化工主导,high,高档,2045,N078,N144,68.9804,416.6531646570812,16.555832488821505,294.48902906980624,1,2672.0,S015,兰郑长成品油管道:武汉->长沙
S6,化工主导,high,高档,2045,N084,N055,202.5655,202.56554806584865,99.99997627145923,106.86955196721219,1,3684.0008639180905,S017,大港-济南-枣庄成品油管道:沧州->德州
S6,化工主导,high,高档,2045,N086,N065,161.376,473.7331914983547,34.06474422651056,98.00774338545631,1,1690.0,S113,鲁皖一期管道:泰安->曲阜
S6,化工主导,high,高档,2045,N089,N086,161.376,455.4314468786014,35.43365332060963,50.398245413639174,1,1452.0,S112,鲁皖一期管道:济南->泰安
S6,化工主导,high,高档,2045,N132,N133,154.3389,800.0,19.2923625,224.7582135830768,1,2324.0,S032,抚顺-锦州-郑州成品油管道:邯郸->郑州
S6,化工主导,high,高档,2045,N133,N078,155.7912,772.4166197136509,20.16932261992947,465.89075796209175,1,3529.0,S014,兰郑长成品油管道:郑州->武汉
S6,化工主导,high,高档,2045,N140,N036,67.481,1018.6653925666984,6.624452002827964,414.53635969453006,1,3273.0,S029,抚顺-锦州-郑州成品油管道:锦州->固安
S6,化工主导,high,高档,2050,N006,N024,2.1338,637.6076647756784,0.33465720659909387,270.92089606559665,1,2555.0,S053,西南成品油管网（南线）:东海岛->南宁
S6,化工主导,high,高档,2050,N018,N033,31.1007,677.8438288046427,4.588180739927241,482.78375552822115,1,3614.0,S012,兰郑长成品油管道:兰州->咸阳
S6,化工主导,high,高档,2050,N018,N057,83.122,679.0523626601046,12.240882230993163,597.290904615042,1,4186.0,S034,兰成渝成品油管道:兰州->成都
S6,化工主导,high,高档,2050,N033,N133,115.4048,1324.2433525391466,8.714772838294346,452.4888286733156,1,3462.0,S013,兰郑长成品油管道:咸阳->郑州
S6,化工主导,high,高档,2050,N055,N089,192.189,236.7892894109654,81.16456638646426,104.77585623653098,1,2350.171112810827,S018,大港-济南-枣庄成品油管道:德州->济南
S6,化工主导,high,高档,2050,N065,N067,191.2797,503.4193919846887,37.99609292877969,94.47876262249402,1,1672.0,S114,鲁皖一期管道:曲阜->枣庄
S6,化工主导,high,高档,2050,N067,N053,191.2797,551.7510752633809,34.66775300957805,67.88353726217804,1,1539.0,S115,鲁皖一期管道:枣庄->徐州
S6,化工主导,high,高档,2050,N078,N144,60.5033,431.2253864532579,14.03055151683612,294.48902906980624,1,2672.0,S015,兰郑长成品油管道:武汉->长沙
S6,化工主导,high,高档,2050,N084,N055,217.8665,217.86652215350006,99.99998983161808,106.86955196721219,1,3683.9991967558117,S017,大港-济南-枣庄成品油管道:沧州->德州
S6,化工主导,high,高档,2050,N086,N065,191.2797,503.4193919846887,37.99609292877969,98.00774338545631,1,1690.0,S113,鲁皖一期管道:泰安->曲阜
S6,化工主导,high,高档,2050,N089,N086,191.2797,488.6906307927394,39.14126605818322,50.398245413639174,1,1452.0,S112,鲁皖一期管道:济南->泰安
S6,化工主导,high,高档,2050,N132,N133,180.6281,800.0,22.5785125,224.7582135830768,1,2324.0,S032,抚顺-锦州-郑州成品油管道:邯郸->郑州
S6,化工主导,high,高档,2050,N133,N078,144.5482,824.2433525391467,17.537078043117713,465.89075796209175,1,3529.0,S014,兰郑长成品油管道:郑州->武汉
S6,化工主导,high,高档,2050,N140,N036,83.2583,1091.8228977611855,7.625623182177582,414.53635969453006,1,3273.0,S029,抚顺-锦州-郑州成品油管道:锦州->固安
S6,化工主导,high,高档,2055,N006,N024,2.6832,714.0368887881559,0.37577890472211517,270.92089606559665,1,2555.0,S053,西南成品油管网（南线）:东海岛->南宁
S6,化工主导,high,高档,2055,N018,N057,81.9353,687.1686941372941,11.923607798062697,597.290904615042,1,4186.0,S034,兰成渝成品油管道:兰州->成都
S6,化工主导,high,高档,2055,N033,N133,86.7016,1409.0684057891872,6.153115039964323,452.4888286733156,1,3462.0,S013,兰郑长成品油管道:咸阳->郑州
S6,化工主导,high,高档,2055,N053,N046,14.7385,618.6191010252712,2.382483821720519,68.2755770992949,1,1541.0,S116,鲁皖一期管道:徐州->宿州
S6,化工主导,high,高档,2055,N055,N089,218.7889,249.81140209152736,87.58163084959544,104.77585623653098,1,2670.6389748291617,S018,大港-济南-枣庄成品油管道:德州->济南
S6,化工主导,high,高档,2055,N065,N067,218.2268,555.6486045010747,39.27424603107735,94.47876262249402,1,1672.0,S114,鲁皖一期管道:曲阜->枣庄
S6,化工主导,high,高档,2055,N067,N007,1.6423,630.8494065855263,0.2603315439240804,99.71124775590306,1,1699.0,S118,鲁皖一期管道:枣庄->临沂
S6,化工主导,high,高档,2055,N067,N053,216.5845,587.5589068210993,36.8617507939414,67.88353726217804,1,1539.0,S115,鲁皖一期管道:枣庄->徐州
S6,化工主导,high,高档,2055,N078,N144,54.3931,462.4711199539185,11.761404691696171,294.48902906980624,1,2672.0,S015,兰郑长成品油管道:武汉->长沙
S6,化工主导,high,高档,2055,N084,N055,234.6624,234.66241741988162,99.99999257662057,106.86955196721219,1,3683.999446012655,S017,大港-济南-枣庄成品油管道:沧州->德州
S6,化工主导,high,高档,2055,N086,N065,218.2268,555.6486045010747,39.27424603107735,98.00774338545631,1,1690.0,S113,鲁皖一期管道:泰安->曲阜
S6,化工主导,high,高档,2055,N089,N086,218.2268,544.9010977779958,40.048882428368714,50.398245413639174,1,1452.0,S112,鲁皖一期管道:济南->泰安
S6,化工主导,high,高档,2055,N132,N133,192.7286,800.0,24.091075,224.7582135830768,1,2324.0,S032,抚顺-锦州-郑州成品油管道:邯郸->郑州
S6,化工主导,high,高档,2055,N133,N078,136.7944,909.0684057891873,15.0477564866249,465.89075796209175,1,3529.0,S014,兰郑长成品油管道:郑州->武汉
S6,化工主导,high,高档,2055,N140,N036,94.6491,1161.8540670875645,8.146384531515064,414.53635969453006,1,3273.0,S029,抚顺-锦州-郑州成品油管道:锦州->固安
S6,化工主导,high,高档,2060,N006,N024,2.9489,777.6230446099424,0.37921972868990467,270.92089606559665,1,2555.0,S053,西南成品油管网（南线）:东海岛->南宁
S6,化工主导,high,高档,2060,N018,N033,4.4659,927.1196473755682,0.48169618804237274,482.78375552822115,1,3614.0,S012,兰郑长成品油管道:兰州->咸阳
S6,化工主导,high,高档,2060,N018,N057,81.3188,695.8883450140861,11.685610282545248,597.290904615042,1,4186.0,S034,兰成渝成品油管道:兰州->成都
S6,化工主导,high,高档,2060,N033,N133,95.8226,1495.28831171093,6.408302616259899,452.4888286733156,1,3462.0,S013,兰郑长成品油管道:咸阳->郑州
S6,化工主导,high,高档,2060,N053,N046,58.2687,639.9646516167563,9.104987260279852,68.2755770992949,1,1541.0,S116,鲁皖一期管道:徐州->宿州
S6,化工主导,high,高档,2060,N055,N089,259.7532,276.37402868051674,93.98611050399019,104.77585623653098,1,2946.8465327857366,S018,大港-济南-枣庄成品油管道:德州->济南
S6,化工主导,high,高档,2060,N065,N067,259.3885,626.2609051227721,41.418600119889255,94.47876262249402,1,1672.0,S114,鲁皖一期管道:曲阜->枣庄
S6,化工主导,high,高档,2060,N067,N007,1.6232,649.5345123877524,0.2499020404678664,99.71124775590306,1,1699.0,S118,鲁皖一期管道:枣庄->临沂
S6,化工主导,high,高档,2060,N067,N053,257.7653,633.6292689510332,40.68077543619913,67.88353726217804,1,1539.0,S115,鲁皖一期管道:枣庄->徐州
S6,化工主导,high,高档,2060,N078,N144,50.6121,500.0,10.12242,294.48902906980624,1,2672.0,S015,兰郑长成品油管道:武汉->长沙
S6,化工主导,high,高档,2060,N084,N055,270.0537,270.05372385270437,99.99999116742254,106.86955196721219,1,3684.0016107907427,S017,大港-济南-枣庄成品油管道:沧州->德州
S6,化工主导,high,高档,2060,N086,N065,259.3885,626.2609051227721,41.418600119889255,98.00774338545631,1,1690.0,S113,鲁皖一期管道:泰安->曲阜
S6,化工主导,high,高档,2060,N089,N086,259.3885,623.6266925275847,41.59355317981784,50.398245413639174,1,1452.0,S112,鲁皖一期管道:济南->泰安
S6,化工主导,high,高档,2060,N132,N133,173.7415,800.0,21.7176875,224.7582135830768,1,2324.0,S032,抚顺-锦州-郑州成品油管道:邯郸->郑州
S6,化工主导,high,高档,2060,N133,N078,132.4743,995.2883117109299,13.310143246058297,465.89075796209175,1,3529.0,S014,兰郑长成品油管道:郑州->武汉
S6,化工主导,high,高档,2060,N140,N036,101.7231,1242.5970991866527,8.186330071636517,414.53635969453006,1,3273.0,S029,抚顺-锦州-郑州成品油管道:锦州->固安
S7,交通主导,low,低档,2025,N018,N033,34.5247,436.9476525974279,7.901335502037489,482.78375552822115,1,3614.0,S012,兰郑长成品油管道:兰州->咸阳
S7,交通主导,low,低档,2025,N018,N057,8.0165,637.2002561058623,1.2580817291241273,597.290904615042,1,4186.0,S034,兰成渝成品油管道:兰州->成都
S7,交通主导,low,低档,2025,N033,N133,55.3871,1138.2823286391263,4.865849061033748,452.4888286733156,1,3462.0,S013,兰郑长成品油管道:咸阳->郑州
S7,交通主导,low,低档,2025,N053,N046,10.2759,590.8118673089803,1.7392846299456528,68.2755770992949,1,1541.0,S116,鲁皖一期管道:徐州->宿州
S7,交通主导,low,低档,2025,N055,N089,55.8529,211.93997054134474,26.353169653340284,104.77585623653098,1,1724.0,S018,大港-济南-枣庄成品油管道:德州->济南
S7,交通主导,low,低档,2025,N065,N067,55.6692,410.2824767677972,13.568505396223987,94.47876262249402,1,1672.0,S114,鲁皖一期管道:曲阜->枣庄
S7,交通主导,low,低档,2025,N067,N007,0.1396,590.0511746128182,0.023658964850227306,99.71124775590306,1,1699.0,S118,鲁皖一期管道:枣庄->临沂
S7,交通主导,low,低档,2025,N067,N053,55.5296,491.37406438060924,11.300881349933805,67.88353726217804,1,1539.0,S115,鲁皖一期管道:枣庄->徐州
S7,交通主导,low,低档,2025,N078,N144,11.6043,367.5755948888899,3.156983260411434,294.48902906980624,1,2672.0,S015,兰郑长成品油管道:武汉->长沙
S7,交通主导,low,低档,2025,N084,N055,73.3933,182.36150170582619,40.24604936539365,106.86955196721219,1,1734.0,S017,大港-济南-枣庄成品油管道:沧州->德州
S7,交通主导,low,低档,2025,N086,N065,55.6692,410.2824767677972,13.568505396223987,98.00774338545631,1,1690.0,S113,鲁皖一期管道:泰安->曲阜
S7,交通主导,low,低档,2025,N089,N086,55.6692,387.8579383308359,14.352987137397497,50.398245413639174,1,1452.0,S112,鲁皖一期管道:济南->泰安
S7,交通主导,low,低档,2025,N133,N078,25.4953,638.2823286391264,3.9943609365401365,465.89075796209175,1,3529.0,S014,兰郑长成品油管道:郑州->武汉
S7,交通主导,low,低档,2025,N140,N036,15.8024,793.0093561149909,1.9927129331004465,414.53635969453006,1,3273.0,S029,抚顺-锦州-郑州成品油管道:锦州->固安
S7,交通主导,low,低档,2030,N006,N024,1.2209,428.6009848107069,0.2848570216279869,270.92089606559665,1,2555.0,S053,西南成品油管网（南线）:东海岛->南宁
S7,交通主导,low,低档,2030,N018,N057,1.508,651.116647298594,0.23160212632506227,597.290904615042,1,4186.0,S034,兰成渝成品油管道:兰州->成都
S7,交通主导,low,低档,2030,N053,N046,21.5479,590.040307309705,3.6519369495700857,68.2755770992949,1,1541.0,S116,鲁皖一期管道:徐州->宿州
S7,交通主导,low,低档,2030,N055,N089,45.7754,214.17833010793208,21.372563684165502,104.77585623653098,1,1724.0,S018,大港-济南-枣庄成品油管道:德州->济南
S7,交通主导,low,低档,2030,N065,N067,45.7754,417.28772187724223,10.969745238146789,94.47876262249402,1,1672.0,S114,鲁皖一期管道:曲阜->枣庄
S7,交通主导,low,低档,2030,N067,N007,0.1136,593.264279905094,0.01914829593620113,99.71124775590306,1,1699.0,S118,鲁皖一期管道:枣庄->临沂
S7,交通主导,low,低档,2030,N067,N053,58.3672,494.64530972647526,11.799808641120118,67.88353726217804,1,1539.0,S115,鲁皖一期管道:枣庄->徐州
S7,交通主导,low,低档,2030,N084,N055,45.7754,184.55885049482794,24.802603547469975,106.86955196721219,1,1734.0,S017,大港-济南-枣庄成品油管道:沧州->德州
S7,交通主导,low,低档,2030,N086,N065,45.7754,417.28772187724223,10.969745238146789,98.00774338545631,1,1690.0,S113,鲁皖一期管道:泰安->曲阜
S7,交通主导,low,低档,2030,N089,N086,45.7754,395.5889364524727,11.57145607015721,50.398245413639174,1,1452.0,S112,鲁皖一期管道:济南->泰安
S7,交通主导,low,低档,2030,N127,N109,2.1549,600.0,0.35915,510.4977785150275,1,3752.0,S051,西南成品油管网（北线）:贵阳->简阳
S7,交通主导,low,低档,2030,N132,N133,15.0044,800.0,1.87555,224.7582135830768,1,2324.0,S032,抚顺-锦州-郑州成品油管道:邯郸->郑州
S7,交通主导,low,低档,2030,N133,N078,2.76,678.1742083164372,0.4069750760430245,465.89075796209175,1,3529.0,S014,兰郑长成品油管道:郑州->武汉
S7,交通主导,low,低档,2030,N140,N036,27.006,799.0875062711441,3.3796048352727466,414.53635969453006,1,3273.0,S029,抚顺-锦州-郑州成品油管道:锦州->固安
S7,交通主导,low,低档,2035,N053,N046,15.4365,590.7167893391488,2.613181185736948,68.2755770992949,1,1541.0,S116,鲁皖一期管道:徐州->宿州
S7,交通主导,low,低档,2035,N067,N007,0.0789,600.490534575954,0.013139257899496534,99.71124775590306,1,1699.0,S118,鲁皖一期管道:枣庄->临沂
S7,交通主导,low,低档,2035,N067,N053,41.0031,510.7553069775432,8.02793420642868,67.88353726217804,1,1539.0,S115,鲁皖一期管道:枣庄->徐州
S7,交通主导,low,低档,2035,N140,N036,26.8646,880.5126987403823,3.051017894282633,414.53635969453006,1,3273.0,S029,抚顺-锦州-郑州成品油管道:锦州->固安
S7,交通主导,low,低档,2040,N053,N046,10.2499,594.0855871798838,1.7253237952895197,68.2755770992949,1,1541.0,S116,鲁皖一期管道:徐州->宿州
S7,交通主导,low,低档,2040,N067,N007,0.0387,604.3680408754009,0.006403382935991243,99.71124775590306,1,1699.0,S118,鲁皖一期管道:枣庄->临沂
S7,交通主导,low,低档,2040,N067,N053,22.8022,520.0134834621572,4.384924761601759,67.88353726217804,1,1539.0,S115,鲁皖一期管道:枣庄->徐州
S7,交通主导,low,低档,2040,N140,N036,26.698,944.2994237852738,2.8272811914868767,414.53635969453006,1,3273.0,S029,抚顺-锦州-郑州成品油管道:锦州->固安
S7,交通主导,low,低档,2045,N053,N046,6.4756,599.3703686137759,1.0804004233603959,68.2755770992949,1,1541.0,S116,鲁皖一期管道:徐州->宿州
S7,交通主导,low,低档,2045,N067,N007,0.0066,608.9254696146957,0.0010838764888872563,99.71124775590306,1,1699.0,S118,鲁皖一期管道:枣庄->临沂
S7,交通主导,low,低档,2045,N067,N053,8.6351,533.0043471983331,1.6200805951000703,67.88353726217804,1,1539.0,S115,鲁皖一期管道:枣庄->徐州
S7,交通主导,low,低档,2045,N140,N036,26.5643,1018.6653925666984,2.607755225007378,414.53635969453006,1,3273.0,S029,抚顺-锦州-郑州成品油管道:锦州->固安
S7,交通主导,low,低档,2050,N022,N116,3.2399,354.5080112328965,0.91391446662443,189.33685987698024,1,2147.0,S098,苏南成品油管道:南京(南京->苏州(苏州
S7,交通主导,low,低档,2050,N053,N046,4.9784,607.2788165492509,0.8197881869630879,68.2755770992949,1,1541.0,S116,鲁皖一期管道:徐州->宿州
S7,交通主导,low,低档,2050,N067,N053,4.9784,551.7510752633809,0.902290946623627,67.88353726217804,1,1539.0,S115,鲁皖一期管道:枣庄->徐州
S7,交通主导,low,低档,2050,N140,N036,26.4943,1091.8228977611855,2.4266115003016817,414.53635969453006,1,3273.0,S029,抚顺-锦州-郑州成品油管道:锦州->固安
S7,交通主导,low,低档,2055,N022,N116,7.115,444.76645648485993,1.599715962447406,189.33685987698024,1,2147.0,S098,苏南成品油管道:南京(南京->苏州(苏州
S7,交通主导,low,低档,2055,N053,N046,4.0307,618.6191010252712,0.6515641035525255,68.2755770992949,1,1541.0,S116,鲁皖一期管道:徐州->宿州
S7,交通主导,low,低档,2055,N067,N053,4.0307,587.5589068210993,0.6860078118477528,67.88353726217804,1,1539.0,S115,鲁皖一期管道:枣庄->徐州
S7,交通主导,low,低档,2055,N140,N036,26.4437,1161.8540670875645,2.275991516411935,414.53635969453006,1,3273.0,S029,抚顺-锦州-郑州成品油管道:锦州->固安
S7,交通主导,low,低档,2060,N022,N116,9.4836,538.756329479957,1.7602763032323339,189.33685987698024,1,2147.0,S098,苏南成品油管道:南京(南京->苏州(苏州
S7,交通主导,low,低档,2060,N053,N046,3.6236,639.9646516167563,0.5662187733096855,68.2755770992949,1,1541.0,S116,鲁皖一期管道:徐州->宿州
S7,交通主导,low,低档,2060,N067,N053,3.6236,633.6292689510332,0.5718801478345269,67.88353726217804,1,1539.0,S115,鲁皖一期管道:枣庄->徐州
S7,交通主导,low,低档,2060,N140,N036,26.4127,1242.5970991866527,2.125604511493593,414.53635969453006,1,3273.0,S029,抚顺-锦州-郑州成品油管道:锦州->固安
S7,交通主导,mid,中档,2025,N018,N033,181.632,436.9476525974279,41.56836612356003,482.78375552822115,1,3614.0,S012,兰郑长成品油管道:兰州->咸阳
S7,交通主导,mid,中档,2025,N018,N057,45.4467,637.2002561058623,7.132247604189544,597.290904615042,1,4186.0,S034,兰成渝成品油管道:兰州->成都
S7,交通主导,mid,中档,2025,N033,N133,184.8234,1138.2823286391263,16.23704377638592,452.4888286733156,1,3462.0,S013,兰郑长成品油管道:咸阳->郑州
S7,交通主导,mid,中档,2025,N034,N068,151.6349,991.4819700022991,15.293762729709382,539.1852382576222,1,3896.0,S002,西部成品油管道:哈密->柳园
S7,交通主导,mid,中档,2025,N052,N077,151.6349,991.5947786368739,15.29202283703526,220.44441556684987,1,2302.0,S005,西部成品油管道:张掖->武威
S7,交通主导,mid,中档,2025,N068,N136,151.6349,991.541850008519,15.29283912713288,1.0,1,1205.0,S003,西部成品油管道:柳园->酒泉
S7,交通主导,mid,中档,2025,N077,N018,151.6349,997.3030978452247,15.204495035423301,233.1471451641557,1,2366.0,S006,西部成品油管道:武威->兰州
S7,交通主导,mid,中档,2025,N078,N144,46.0662,367.5755948888899,12.53244248000872,294.48902906980624,1,2672.0,S015,兰郑长成品油管道:武汉->长沙
S7,交通主导,mid,中档,2025,N084,N055,6.425,182.36150170582619,3.523221699700848,106.86955196721219,1,1734.0,S017,大港-济南-枣庄成品油管道:沧州->德州
S7,交通主导,mid,中档,2025,N133,N078,93.7739,638.2823286391264,14.69160210027029,465.89075796209175,1,3529.0,S014,兰郑长成品油管道:郑州->武汉
S7,交通主导,mid,中档,2025,N136,N052,151.6349,991.541850008519,15.29283912713288,190.68247460045217,1,2153.0,S004,西部成品油管道:酒泉->张掖
S7,交通主导,mid,中档,2030,N018,N033,112.298,496.7898411927255,22.6047295432587,482.78375552822115,1,3614.0,S012,兰郑长成品油管道:兰州->咸阳
S7,交通主导,mid,中档,2030,N018,N057,41.0931,651.116647298594,6.311173300589136,597.290904615042,1,4186.0,S034,兰成渝成品油管道:兰州->成都
S7,交通主导,mid,中档,2030,N033,N133,144.2922,1178.1742083164372,12.24710225206743,452.4888286733156,1,3462.0,S013,兰郑长成品油管道:咸阳->郑州
S7,交通主导,mid,中档,2030,N034,N068,10.5583,993.443090799389,1.0627986744066138,539.1852382576222,1,3896.0,S002,西部成品油管道:哈密->柳园
S7,交通主导,mid,中档,2030,N052,N077,10.5583,993.5497082407396,1.0626846258850389,220.44441556684987,1,2302.0,S005,西部成品油管道:张掖->武威
S7,交通主导,mid,中档,2030,N055,N089,2.5177,214.17833010793208,1.1755157483631709,104.77585623653098,1,1724.0,S018,大港-济南-枣庄成品油管道:德州->济南
S7,交通主导,mid,中档,2030,N065,N067,0.4699,417.28772187724223,0.11260815388626155,94.47876262249402,1,1672.0,S114,鲁皖一期管道:曲阜->枣庄
S7,交通主导,mid,中档,2030,N067,N053,0.4699,494.64530972647526,0.09499736291037335,67.88353726217804,1,1539.0,S115,鲁皖一期管道:枣庄->徐州
S7,交通主导,mid,中档,2030,N068,N136,10.5583,993.4995697821863,1.0627382558720975,1.0,1,1205.0,S003,西部成品油管道:柳园->酒泉
S7,交通主导,mid,中档,2030,N077,N018,10.5583,997.8508598146202,1.0581040138564906,233.1471451641557,1,2366.0,S006,西部成品油管道:武威->兰州
S7,交通主导,mid,中档,2030,N078,N144,33.5884,380.57836281469605,8.825619972608433,294.48902906980624,1,2672.0,S015,兰郑长成品油管道:武汉->长沙
S7,交通主导,mid,中档,2030,N084,N055,89.8905,184.55885049482794,48.705602445502386,106.86955196721219,1,1734.0,S017,大港-济南-枣庄成品油管道:沧州->德州
S7,交通主导,mid,中档,2030,N086,N065,0.4699,417.28772187724223,0.11260815388626155,98.00774338545631,1,1690.0,S113,鲁皖一期管道:泰安->曲阜
S7,交通主导,mid,中档,2030,N089,N086,0.4699,395.5889364524727,0.1187849195717978,50.398245413639174,1,1452.0,S112,鲁皖一期管道:济南->泰安
S7,交通主导,mid,中档,2030,N133,N078,70.1651,678.1742083164372,10.346176415966093,465.89075796209175,1,3529.0,S014,兰郑长成品油管道:郑州->武汉
S7,交通主导,mid,中档,2030,N136,N052,10.5583,993.4995697821863,1.0627382558720975,190.68247460045217,1,2153.0,S004,西部成品油管道:酒泉->张掖
S7,交通主导,mid,中档,2035,N018,N033,14.3693,539.4297794503814,2.6637943523697767,482.78375552822115,1,3614.0,S012,兰郑长成品油管道:兰州->咸阳
S7,交通主导,mid,中档,2035,N018,N057,35.5195,667.3856553305831,5.322185113853812,597.290904615042,1,4186.0,S034,兰成渝成品油管道:兰州->成都
S7,交通主导,mid,中档,2035,N033,N133,82.4254,1212.9433799680733,6.795486200037596,452.4888286733156,1,3462.0,S013,兰郑长成品油管道:咸阳->郑州
S7,交通主导,mid,中档,2035,N053,N046,39.2938,590.7167893391488,6.651884745642503,68.2755770992949,1,1541.0,S116,鲁皖一期管道:徐州->宿州
S7,交通主导,mid,中档,2035,N055,N089,140.5135,217.16003490666327,64.70504577897749,104.77585623653098,1,2064.894291295854,S018,大港-济南-枣庄成品油管道:德州->济南
S7,交通主导,mid,中档,2035,N065,N067,139.3507,441.2936038329033,31.577774703656345,94.47876262249402,1,1672.0,S114,鲁皖一期管道:曲阜->枣庄
S7,交通主导,mid,中档,2035,N067,N007,0.8047,600.490534575954,0.13400710813339492,99.71124775590306,1,1699.0,S118,鲁皖一期管道:枣庄->临沂
S7,交通主导,mid,中档,2035,N067,N053,138.546,510.7553069775432,27.125709338168768,67.88353726217804,1,1539.0,S115,鲁皖一期管道:枣庄->徐州
S7,交通主导,mid,中档,2035,N078,N144,16.8423,416.6257040236907,4.042549424421085,294.48902906980624,1,2672.0,S015,兰郑长成品油管道:武汉->长沙
S7,交通主导,mid,中档,2035,N084,N055,190.1268,190.1268471093715,99.99997522213604,106.86955196721219,1,3684.003892139351,S017,大港-济南-枣庄成品油管道:沧州->德州
S7,交通主导,mid,中档,2035,N086,N065,139.3507,441.2936038329033,31.577774703656345,98.00774338545631,1,1690.0,S113,鲁皖一期管道:泰安->曲阜
S7,交通主导,mid,中档,2035,N089,N086,139.3507,420.5323573809044,33.136736699140776,50.398245413639174,1,1452.0,S112,鲁皖一期管道:济南->泰安
S7,交通主导,mid,中档,2035,N132,N133,8.4043,800.0,1.0505375,224.7582135830768,1,2324.0,S032,抚顺-锦州-郑州成品油管道:邯郸->郑州
S7,交通主导,mid,中档,2035,N133,N078,39.5732,712.9433799680733,5.550679214073375,465.89075796209175,1,3529.0,S014,兰郑长成品油管道:郑州->武汉
S7,交通主导,mid,中档,2035,N140,N036,25.1394,880.5126987403823,2.8550865917053976,414.53635969453006,1,3273.0,S029,抚顺-锦州-郑州成品油管道:锦州->固安
S7,交通主导,mid,中档,2040,N018,N057,29.6824,672.2677915772992,4.415264329465803,597.290904615042,1,4186.0,S034,兰成渝成品油管道:兰州->成都
S7,交通主导,mid,中档,2040,N053,N046,46.812,594.0855871798838,7.879672729011307,68.2755770992949,1,1541.0,S116,鲁皖一期管道:徐州->宿州
S7,交通主导,mid,中档,2040,N055,N089,134.0641,220.92758661033338,60.68237201923494,104.77585623653098,1,1988.0561492599436,S018,大港-济南-枣庄成品油管道:德州->济南
S7,交通主导,mid,中档,2040,N065,N067,133.8144,455.2629951521817,29.39276888851236,94.47876262249402,1,1672.0,S114,鲁皖一期管道:曲阜->枣庄
S7,交通主导,mid,中档,2040,N067,N007,0.6997,604.3680408754009,0.11577382533108715,99.71124775590306,1,1699.0,S118,鲁皖一期管道:枣庄->临沂
S7,交通主导,mid,中档,2040,N067,N053,133.1147,520.0134834621572,25.59831701165632,67.88353726217804,1,1539.0,S115,鲁皖一期管道:枣庄->徐州
S7,交通主导,mid,中档,2040,N084,N055,144.7185,195.24676984937275,74.1208164988574,106.86955196721219,1,2222.1383513510714,S017,大港-济南-枣庄成品油管道:沧州->德州
S7,交通主导,mid,中档,2040,N086,N065,133.8144,455.2629951521817,29.39276888851236,98.00774338545631,1,1690.0,S113,鲁皖一期管道:泰安->曲阜
S7,交通主导,mid,中档,2040,N089,N086,133.8144,435.66941949894976,30.714664378761285,50.398245413639174,1,1452.0,S112,鲁皖一期管道:济南->泰安
S7,交通主导,mid,中档,2040,N127,N109,0.5799,600.0,0.09664999999999999,510.4977785150275,1,3752.0,S051,西南成品油管网（北线）:贵阳->简阳
S7,交通主导,mid,中档,2040,N132,N133,35.1205,800.0,4.3900625,224.7582135830768,1,2324.0,S032,抚顺-锦州-郑州成品油管道:邯郸->郑州
S7,交通主导,mid,中档,2040,N133,N078,11.8039,720.9459283356648,1.637279515157235,465.89075796209175,1,3529.0,S014,兰郑长成品油管道:郑州->武汉
S7,交通主导,mid,中档,2040,N140,N036,62.2168,944.2994237852738,6.588672875664871,414.53635969453006,1,3273.0,S029,抚顺-锦州-郑州成品油管道:锦州->固安
S7,交通主导,mid,中档,2045,N006,N024,0.6123,577.1160102666713,0.10609651943585328,270.92089606559665,1,2555.0,S053,西南成品油管网（南线）:东海岛->南宁
S7,交通主导,mid,中档,2045,N018,N057,19.4396,675.4208298851844,2.878146355555034,597.290904615042,1,4186.0,S034,兰成渝成品油管道:兰州->成都
S7,交通主导,mid,中档,2045,N053,N046,43.0376,599.3703686137759,7.180468413801868,68.2755770992949,1,1541.0,S116,鲁皖一期管道:徐州->宿州
S7,交通主导,mid,中档,2045,N055,N089,98.9285,225.11672712290286,43.945423898238275,104.77585623653098,1,1724.0,S018,大港-济南-枣庄成品油管道:德州->济南
S7,交通主导,mid,中档,2045,N065,N067,98.9285,473.7331914983547,20.882746190340264,94.47876262249402,1,1672.0,S114,鲁皖一期管道:曲阜->枣庄
S7,交通主导,mid,中档,2045,N067,N007,0.6159,608.9254696146957,0.1011453832584335,99.71124775590306,1,1699.0,S118,鲁皖一期管道:枣庄->临沂
S7,交通主导,mid,中档,2045,N067,N053,118.9993,533.0043471983331,22.326140607577425,67.88353726217804,1,1539.0,S115,鲁皖一期管道:枣庄->徐州
S7,交通主导,mid,中档,2045,N084,N055,98.9285,202.56554806584865,48.8377717457862,106.86955196721219,1,1734.0,S017,大港-济南-枣庄成品油管道:沧州->德州
S7,交通主导,mid,中档,2045,N086,N065,98.9285,473.7331914983547,20.882746190340264,98.00774338545631,1,1690.0,S113,鲁皖一期管道:泰安->曲阜
S7,交通主导,mid,中档,2045,N089,N086,98.9285,455.4314468786014,21.72192998046754,50.398245413639174,1,1452.0,S112,鲁皖一期管道:济南->泰安
S7,交通主导,mid,中档,2045,N127,N109,6.8565,600.0,1.14275,510.4977785150275,1,3752.0,S051,西南成品油管网（北线）:贵阳->简阳
S7,交通主导,mid,中档,2045,N132,N133,4.7856,800.0,0.5982,224.7582135830768,1,2324.0,S032,抚顺-锦州-郑州成品油管道:邯郸->郑州
S7,交通主导,mid,中档,2045,N133,N078,4.0715,772.4166197136509,0.5271119103456604,465.89075796209175,1,3529.0,S014,兰郑长成品油管道:郑州->武汉
S7,交通主导,mid,中档,2045,N140,N036,65.1662,1018.6653925666984,6.397213498713531,414.53635969453006,1,3273.0,S029,抚顺-锦州-郑州成品油管道:锦州->固安
S7,交通主导,mid,中档,2050,N018,N057,16.2352,679.0523626601046,2.3908612785618755,597.290904615042,1,4186.0,S034,兰成渝成品油管道:兰州->成都
S7,交通主导,mid,中档,2050,N053,N046,41.5405,607.2788165492509,6.840432906263086,68.2755770992949,1,1541.0,S116,鲁皖一期管道:徐州->宿州
S7,交通主导,mid,中档,2050,N055,N089,76.6673,236.7892894109654,32.37785804869671,104.77585623653098,1,1724.0,S018,大港-济南-枣庄成品油管道:德州->济南
S7,交通主导,mid,中档,2050,N065,N067,76.6673,503.4193919846887,15.229310038643048,94.47876262249402,1,1672.0,S114,鲁皖一期管道:曲阜->枣庄
S7,交通主导,mid,中档,2050,N067,N007,0.5724,617.2955305548358,0.09272706048681693,99.71124775590306,1,1699.0,S118,鲁皖一期管道:枣庄->临沂
S7,交通主导,mid,中档,2050,N067,N053,112.1395,551.7510752633809,20.324292063494337,67.88353726217804,1,1539.0,S115,鲁皖一期管道:枣庄->徐州
S7,交通主导,mid,中档,2050,N084,N055,76.6673,217.86652215350006,35.19003252183154,106.86955196721219,1,1734.0,S017,大港-济南-枣庄成品油管道:沧州->德州
S7,交通主导,mid,中档,2050,N086,N065,76.6673,503.4193919846887,15.229310038643048,98.00774338545631,1,1690.0,S113,鲁皖一期管道:泰安->曲阜
S7,交通主导,mid,中档,2050,N089,N086,76.6673,488.6906307927394,15.68830977496593,50.398245413639174,1,1452.0,S112,鲁皖一期管道:济南->泰安
S7,交通主导,mid,中档,2050,N127,N109,8.2949,600.0,1.3824833333333333,510.4977785150275,1,3752.0,S051,西南成品油管网（北线）:贵阳->简阳
S7,交通主导,mid,中档,2050,N133,N078,1.3055,824.2433525391467,0.1583876892641359,465.89075796209175,1,3529.0,S014,兰郑长成品油管道:郑州->武汉
S7,交通主导,mid,中档,2050,N140,N036,65.096,1091.8228977611855,5.962139110059081,414.53635969453006,1,3273.0,S029,抚顺-锦州-郑州成品油管道:锦州->固安
S7,交通主导,mid,中档,2055,N018,N057,15.4498,687.1686941372941,2.248327103928454,597.290904615042,1,4186.0,S034,兰成渝成品油管道:兰州->成都
S7,交通主导,mid,中档,2055,N053,N046,40.5927,618.6191010252712,6.561824543200088,68.2755770992949,1,1541.0,S116,鲁皖一期管道:徐州->宿州
S7,交通主导,mid,中档,2055,N055,N089,61.1681,249.81140209152736,24.485711816143958,104.77585623653098,1,1724.0,S018,大港-济南-枣庄成品油管道:德州->济南
S7,交通主导,mid,中档,2055,N065,N067,61.1681,555.6486045010747,11.008414221596716,94.47876262249402,1,1672.0,S114,鲁皖一期管道:曲阜->枣庄
S7,交通主导,mid,中档,2055,N067,N007,0.5412,630.8494065855263,0.08578909551952282,99.71124775590306,1,1699.0,S118,鲁皖一期管道:枣庄->临沂
S7,交通主导,mid,中档,2055,N067,N053,107.3477,587.5589068210993,18.270117047631683,67.88353726217804,1,1539.0,S115,鲁皖一期管道:枣庄->徐州
S7,交通主导,mid,中档,2055,N084,N055,61.1681,234.66241741988162,26.066423704547404,106.86955196721219,1,1734.0,S017,大港-济南-枣庄成品油管道:沧州->德州
S7,交通主导,mid,中档,2055,N086,N065,61.1681,555.6486045010747,11.008414221596716,98.00774338545631,1,1690.0,S113,鲁皖一期管道:泰安->曲阜
S7,交通主导,mid,中档,2055,N089,N086,61.1681,544.9010977779958,11.225541708290185,50.398245413639174,1,1452.0,S112,鲁皖一期管道:济南->泰安
S7,交通主导,mid,中档,2055,N127,N109,7.8936,600.0,1.3156,510.4977785150275,1,3752.0,S051,西南成品油管网（北线）:贵阳->简阳
S7,交通主导,mid,中档,2055,N140,N036,65.0456,1161.8540670875645,5.598431149193348,414.53635969453006,1,3273.0,S029,抚顺-锦州-郑州成品油管道:锦州->固安
S7,交通主导,mid,中档,2060,N018,N057,15.0417,695.8883450140861,2.1615105509053363,597.290904615042,1,4186.0,S034,兰成渝成品油管道:兰州->成都
S7,交通主导,mid,中档,2060,N053,N046,40.1856,639.9646516167563,6.279346819934236,68.2755770992949,1,1541.0,S116,鲁皖一期管道:徐州->宿州
S7,交通主导,mid,中档,2060,N055,N089,52.3239,276.37402868051674,18.932278206388727,104.77585623653098,1,1724.0,S018,大港-济南-枣庄成品油管道:德州->济南
S7,交通主导,mid,中档,2060,N065,N067,52.3239,626.2609051227721,8.354968284303558,94.47876262249402,1,1672.0,S114,鲁皖一期管道:曲阜->枣庄
S7,交通主导,mid,中档,2060,N067,N007,0.5222,649.5345123877524,0.08039603593661893,99.71124775590306,1,1699.0,S118,鲁皖一期管道:枣庄->临沂
S7,交通主导,mid,中档,2060,N067,N053,104.5912,633.6292689510332,16.506686973780376,67.88353726217804,1,1539.0,S115,鲁皖一期管道:枣庄->徐州
S7,交通主导,mid,中档,2060,N084,N055,52.3239,270.05372385270437,19.375366965329857,106.86955196721219,1,1734.0,S017,大港-济南-枣庄成品油管道:沧州->德州
S7,交通主导,mid,中档,2060,N086,N065,52.3239,626.2609051227721,8.354968284303558,98.00774338545631,1,1690.0,S113,鲁皖一期管道:泰安->曲阜
S7,交通主导,mid,中档,2060,N089,N086,52.3239,623.6266925275847,8.390259850477067,50.398245413639174,1,1452.0,S112,鲁皖一期管道:济南->泰安
S7,交通主导,mid,中档,2060,N127,N109,7.6851,600.0,1.28085,510.4977785150275,1,3752.0,S051,西南成品油管网（北线）:贵阳->简阳
S7,交通主导,mid,中档,2060,N140,N036,65.0144,1242.5970991866527,5.23213840130123,414.53635969453006,1,3273.0,S029,抚顺-锦州-郑州成品油管道:锦州->固安
S7,交通主导,high,高档,2025,N018,N033,134.4086,436.9476525974279,30.760801482971782,482.78375552822115,1,3614.0,S012,兰郑长成品油管道:兰州->咸阳
S7,交通主导,high,高档,2025,N018,N057,122.357,637.2002561058623,19.202283556469887,597.290904615042,1,4186.0,S034,兰成渝成品油管道:兰州->成都
S7,交通主导,high,高档,2025,N033,N133,119.9291,1138.2823286391263,10.53597134758134,452.4888286733156,1,3462.0,S013,兰郑长成品油管道:咸阳->郑州
S7,交通主导,high,高档,2025,N034,N068,202.6665,991.4819700022991,20.440765049870755,539.1852382576222,1,3896.0,S002,西部成品油管道:哈密->柳园
S7,交通主导,high,高档,2025,N052,N077,202.6665,991.5947786368739,20.438439609232482,220.44441556684987,1,2302.0,S005,西部成品油管道:张掖->武威
S7,交通主导,high,高档,2025,N068,N136,202.6665,991.541850008519,20.439530615703084,1.0,1,1205.0,S003,西部成品油管道:柳园->酒泉
S7,交通主导,high,高档,2025,N077,N018,202.6665,997.3030978452247,20.321454975712168,233.1471451641557,1,2366.0,S006,西部成品油管道:武威->兰州
S7,交通主导,high,高档,2025,N136,N052,202.6665,991.541850008519,20.439530615703084,190.68247460045217,1,2153.0,S004,西部成品油管道:酒泉->张掖
S7,交通主导,high,高档,2030,N018,N033,266.8304,496.7898411927255,53.71092117330261,482.78375552822115,1,3717.636054962253,S012,兰郑长成品油管道:兰州->咸阳
S7,交通主导,high,高档,2030,N018,N057,118.0034,651.116647298594,18.123234982484654,597.290904615042,1,4186.0,S034,兰成渝成品油管道:兰州->成都
S7,交通主导,high,高档,2030,N033,N133,281.1537,1178.1742083164372,23.863508300844334,452.4888286733156,1,3462.0,S013,兰郑长成品油管道:咸阳->郑州
S7,交通主导,high,高档,2030,N034,N068,263.3456,993.443090799389,26.508372994782718,539.1852382576222,1,3896.0,S002,西部成品油管道:哈密->柳园
S7,交通主导,high,高档,2030,N052,N077,263.3456,993.5497082407396,26.505528391357615,220.44441556684987,1,2302.0,S005,西部成品油管道:张掖->武威
S7,交通主导,high,高档,2030,N068,N136,263.3456,993.4995697821863,26.506866032940064,1.0,1,1205.0,S003,西部成品油管道:柳园->酒泉
S7,交通主导,high,高档,2030,N077,N018,263.3456,997.8508598146202,26.391278557291027,233.1471451641557,1,2366.0,S006,西部成品油管道:武威->兰州
S7,交通主导,high,高档,2030,N078,N144,69.0055,380.57836281469605,18.131745454378034,294.48902906980624,1,2672.0,S015,兰郑长成品油管道:武汉->长沙
S7,交通主导,high,高档,2030,N084,N055,20.8433,184.55885049482794,11.293579226418139,106.86955196721219,1,1734.0,S017,大港-济南-枣庄成品油管道:沧州->德州
S7,交通主导,high,高档,2030,N133,N078,144.5228,678.1742083164372,21.310571565199574,465.89075796209175,1,3529.0,S014,兰郑长成品油管道:郑州->武汉
S7,交通主导,high,高档,2030,N136,N052,263.3456,993.4995697821863,26.506866032940064,190.68247460045217,1,2153.0,S004,西部成品油管道:酒泉->张掖
S7,交通主导,high,高档,2035,N018,N033,179.5595,539.4297794503814,33.28690903623286,482.78375552822115,1,3614.0,S012,兰郑长成品油管道:兰州->咸阳
S7,交通主导,high,高档,2035,N018,N057,112.4299,667.3856553305831,16.84631653407488,597.290904615042,1,4186.0,S034,兰成渝成品油管道:兰州->成都
S7,交通主导,high,高档,2035,N033,N133,229.9446,1212.9433799680733,18.957570798238955,452.4888286733156,1,3462.0,S013,兰郑长成品油管道:咸阳->郑州
S7,交通主导,high,高档,2035,N034,N068,85.0062,994.4230251384394,8.548293618620285,539.1852382576222,1,3896.0,S002,西部成品油管道:哈密->柳园
S7,交通主导,high,高档,2035,N052,N077,85.0062,994.5268041103661,8.547401603322355,220.44441556684987,1,2302.0,S005,西部成品油管道:张掖->武威
S7,交通主导,high,高档,2035,N068,N136,85.0062,994.4779080953326,8.54782185788396,1.0,1,1205.0,S003,西部成品油管道:柳园->酒泉
S7,交通主导,high,高档,2035,N077,N018,85.0062,998.1179063314556,8.516649131407435,233.1471451641557,1,2366.0,S006,西部成品油管道:武威->兰州
S7,交通主导,high,高档,2035,N078,N144,53.1922,416.6257040236907,12.767383165820062,294.48902906980624,1,2672.0,S015,兰郑长成品油管道:武汉->长沙
S7,交通主导,high,高档,2035,N084,N055,129.484,190.1268471093715,68.10400633505148,106.86955196721219,1,2132.7434740971858,S017,大港-济南-枣庄成品油管道:沧州->德州
S7,交通主导,high,高档,2035,N133,N078,114.8636,712.9433799680733,16.111181228044195,465.89075796209175,1,3529.0,S014,兰郑长成品油管道:郑州->武汉
S7,交通主导,high,高档,2035,N136,N052,85.0062,994.4779080953326,8.54782185788396,190.68247460045217,1,2153.0,S004,西部成品油管道:酒泉->张掖
S7,交通主导,high,高档,2040,N018,N033,47.6694,546.8891524390867,8.716464714540024,482.78375552822115,1,3614.0,S012,兰郑长成品油管道:兰州->咸阳
S7,交通主导,high,高档,2040,N018,N057,107.1726,672.2677915772992,15.941950714096794,597.290904615042,1,4186.0,S034,兰成渝成品油管道:兰州->成都
S7,交通主导,high,高档,2040,N033,N133,127.7842,1220.9459283356648,10.465999929594696,452.4888286733156,1,3462.0,S013,兰郑长成品油管道:咸阳->郑州
S7,交通主导,high,高档,2040,N055,N089,80.5088,220.92758661033338,36.441261698114424,104.77585623653098,1,1724.0,S018,大港-济南-枣庄成品油管道:德州->济南
S7,交通主导,high,高档,2040,N065,N067,75.5506,455.2629951521817,16.59493541194701,94.47876262249402,1,1672.0,S114,鲁皖一期管道:曲阜->枣庄
S7,交通主导,high,高档,2040,N067,N053,75.5506,520.0134834621572,14.528584816108529,67.88353726217804,1,1539.0,S115,鲁皖一期管道:枣庄->徐州
S7,交通主导,high,高档,2040,N078,N144,34.4291,399.82552581588743,8.611031006523078,294.48902906980624,1,2672.0,S015,兰郑长成品油管道:武汉->长沙
S7,交通主导,high,高档,2040,N084,N055,195.2467,195.24676984937275,99.99996422508151,106.86955196721219,1,3683.997106225099,S017,大港-济南-枣庄成品油管道:沧州->德州
S7,交通主导,high,高档,2040,N086,N065,75.5506,455.2629951521817,16.59493541194701,98.00774338545631,1,1690.0,S113,鲁皖一期管道:泰安->曲阜
S7,交通主导,high,高档,2040,N089,N086,75.5506,435.66941949894976,17.341267626010673,50.398245413639174,1,1452.0,S112,鲁皖一期管道:济南->泰安
S7,交通主导,high,高档,2040,N132,N133,46.1441,800.0,5.7680125,224.7582135830768,1,2324.0,S032,抚顺-锦州-郑州成品油管道:邯郸->郑州
S7,交通主导,high,高档,2040,N133,N078,85.1736,720.9459283356648,11.814145368242384,465.89075796209175,1,3529.0,S014,兰郑长成品油管道:郑州->武汉
S7,交通主导,high,高档,2045,N018,N057,103.2064,675.4208298851844,15.280310501756983,597.290904615042,1,4186.0,S034,兰成渝成品油管道:兰州->成都
S7,交通主导,high,高档,2045,N033,N133,4.3157,1272.416619713651,0.33917350128381846,452.4888286733156,1,3462.0,S013,兰郑长成品油管道:咸阳->郑州
S7,交通主导,high,高档,2045,N055,N089,116.6658,225.11672712290286,51.8245807368664,104.77585623653098,1,1776.809820872955,S018,大港-济南-枣庄成品油管道:德州->济南
S7,交通主导,high,高档,2045,N065,N067,112.9538,473.7331914983547,23.84333671929177,94.47876262249402,1,1672.0,S114,鲁皖一期管道:曲阜->枣庄
S7,交通主导,high,高档,2045,N067,N053,112.9538,533.0043471983331,21.19190970837794,67.88353726217804,1,1539.0,S115,鲁皖一期管道:枣庄->徐州
S7,交通主导,high,高档,2045,N078,N144,19.353,416.6531646570812,4.644870516206959,294.48902906980624,1,2672.0,S015,兰郑长成品油管道:武汉->长沙
S7,交通主导,high,高档,2045,N084,N055,202.5655,202.56554806584865,99.99997627145923,106.86955196721219,1,3684.0008639180905,S017,大港-济南-枣庄成品油管道:沧州->德州
S7,交通主导,high,高档,2045,N086,N065,112.9538,473.7331914983547,23.84333671929177,98.00774338545631,1,1690.0,S113,鲁皖一期管道:泰安->曲阜
S7,交通主导,high,高档,2045,N089,N086,112.9538,455.4314468786014,24.80149334749576,50.398245413639174,1,1452.0,S112,鲁皖一期管道:济南->泰安
S7,交通主导,high,高档,2045,N132,N133,125.5068,800.0,15.688350000000002,224.7582135830768,1,2324.0,S032,抚顺-锦州-郑州成品油管道:邯郸->郑州
S7,交通主导,high,高档,2045,N133,N078,62.3651,772.4166197136509,8.074023578508694,465.89075796209175,1,3529.0,S014,兰郑长成品油管道:郑州->武汉
S7,交通主导,high,高档,2045,N140,N036,22.1584,1018.6653925666984,2.1752383227791996,414.53635969453006,1,3273.0,S029,抚顺-锦州-郑州成品油管道:锦州->固安
S7,交通主导,high,高档,2050,N018,N057,101.4403,679.0523626601046,14.938509248774281,597.290904615042,1,4186.0,S034,兰成渝成品油管道:兰州->成都
S7,交通主导,high,高档,2050,N055,N089,145.8208,236.7892894109654,61.582515139406134,104.77585623653098,1,2006.122303539687,S018,大港-济南-枣庄成品油管道:德州->济南
S7,交通主导,high,高档,2050,N065,N067,142.7075,503.4193919846887,28.34763663699717,94.47876262249402,1,1672.0,S114,鲁皖一期管道:曲阜->枣庄
S7,交通主导,high,高档,2050,N067,N053,142.7075,551.7510752633809,25.864471570241694,67.88353726217804,1,1539.0,S115,鲁皖一期管道:枣庄->徐州
S7,交通主导,high,高档,2050,N078,N144,11.4189,431.2253864532579,2.6480120045617346,294.48902906980624,1,2672.0,S015,兰郑长成品油管道:武汉->长沙
S7,交通主导,high,高档,2050,N084,N055,217.8665,217.86652215350006,99.99998983161808,106.86955196721219,1,3683.9991967558117,S017,大港-济南-枣庄成品油管道:沧州->德州
S7,交通主导,high,高档,2050,N086,N065,142.7075,503.4193919846887,28.34763663699717,98.00774338545631,1,1690.0,S113,鲁皖一期管道:泰安->曲阜
S7,交通主导,high,高档,2050,N089,N086,142.7075,488.6906307927394,29.202012686124995,50.398245413639174,1,1452.0,S112,鲁皖一期管道:济南->泰安
S7,交通主导,high,高档,2050,N132,N133,107.7351,800.0,13.466887499999999,224.7582135830768,1,2324.0,S032,抚顺-锦州-郑州成品油管道:邯郸->郑州
S7,交通主导,high,高档,2050,N133,N078,51.665,824.2433525391467,6.268173087576853,465.89075796209175,1,3529.0,S014,兰郑长成品油管道:郑州->武汉
S7,交通主导,high,高档,2050,N140,N036,37.9356,1091.8228977611855,3.4745195468777994,414.53635969453006,1,3273.0,S029,抚顺-锦州-郑州成品油管道:锦州->固安
S7,交通主导,high,高档,2055,N018,N057,100.2537,687.1686941372941,14.589386981003768,597.290904615042,1,4186.0,S034,兰成渝成品油管道:兰州->成都
S7,交通主导,high,高档,2055,N053,N046,26.6055,618.6191010252712,4.300788636481681,68.2755770992949,1,1541.0,S116,鲁皖一期管道:徐州->宿州
S7,交通主导,high,高档,2055,N055,N089,172.2475,249.81140209152736,68.95101606967121,104.77585623653098,1,2136.2712956646687,S018,大港-济南-枣庄成品油管道:德州->济南
S7,交通主导,high,高档,2055,N065,N067,169.5504,555.6486045010747,30.51396127454362,94.47876262249402,1,1672.0,S114,鲁皖一期管道:曲阜->枣庄
S7,交通主导,high,高档,2055,N067,N007,2.1916,630.8494065855263,0.3474046225805363,99.71124775590306,1,1699.0,S118,鲁皖一期管道:枣庄->临沂
S7,交通主导,high,高档,2055,N067,N053,167.3588,587.5589068210993,28.483748277337856,67.88353726217804,1,1539.0,S115,鲁皖一期管道:枣庄->徐州
S7,交通主导,high,高档,2055,N078,N144,5.7,462.4711199539185,1.232509394439151,294.48902906980624,1,2672.0,S015,兰郑长成品油管道:武汉->长沙
S7,交通主导,high,高档,2055,N084,N055,234.6624,234.66241741988162,99.99999257662057,106.86955196721219,1,3683.999446012655,S017,大港-济南-枣庄成品油管道:沧州->德州
S7,交通主导,high,高档,2055,N086,N065,169.5504,555.6486045010747,30.51396127454362,98.00774338545631,1,1690.0,S113,鲁皖一期管道:泰安->曲阜
S7,交通主导,high,高档,2055,N089,N086,169.5504,544.9010977779958,31.115811785183524,50.398245413639174,1,1452.0,S112,鲁皖一期管道:济南->泰安
S7,交通主导,high,高档,2055,N132,N133,92.1166,800.0,11.514575,224.7582135830768,1,2324.0,S032,抚顺-锦州-郑州成品油管道:邯郸->郑州
S7,交通主导,high,高档,2055,N133,N078,44.3025,909.0684057891873,4.8733956342416045,465.89075796209175,1,3529.0,S014,兰郑长成品油管道:郑州->武汉
S7,交通主导,high,高档,2055,N140,N036,49.3264,1161.8540670875645,4.245490152102076,414.53635969453006,1,3273.0,S029,抚顺-锦州-郑州成品油管道:锦州->固安
S7,交通主导,high,高档,2060,N018,N057,99.6371,695.8883450140861,14.317972231304314,597.290904615042,1,4186.0,S034,兰成渝成品油管道:兰州->成都
S7,交通主导,high,高档,2060,N053,N046,70.0762,639.9646516167563,10.950011039354283,68.2755770992949,1,1541.0,S116,鲁皖一期管道:徐州->宿州
S7,交通主导,high,高档,2060,N055,N089,213.1132,276.37402868051674,77.11042930388908,104.77585623653098,1,2251.3690226602575,S018,大港-济南-枣庄成品油管道:德州->济南
S7,交通主导,high,高档,2060,N065,N067,210.6526,626.2609051227721,33.6365559907821,94.47876262249402,1,1672.0,S114,鲁皖一期管道:曲阜->枣庄
S7,交通主导,high,高档,2060,N067,N007,2.1553,649.5345123877524,0.33182224483760014,99.71124775590306,1,1699.0,S118,鲁皖一期管道:枣庄->临沂
S7,交通主导,high,高档,2060,N067,N053,208.4973,633.6292689510332,32.90525078571026,67.88353726217804,1,1539.0,S115,鲁皖一期管道:枣庄->徐州
S7,交通主导,high,高档,2060,N078,N144,2.1613,500.0,0.43226000000000003,294.48902906980624,1,2672.0,S015,兰郑长成品油管道:武汉->长沙
S7,交通主导,high,高档,2060,N084,N055,270.0537,270.05372385270437,99.99999116742254,106.86955196721219,1,3684.0016107907427,S017,大港-济南-枣庄成品油管道:沧州->德州
S7,交通主导,high,高档,2060,N086,N065,210.6526,626.2609051227721,33.6365559907821,98.00774338545631,1,1690.0,S113,鲁皖一期管道:泰安->曲阜
S7,交通主导,high,高档,2060,N089,N086,210.6526,623.6266925275847,33.778637528521486,50.398245413639174,1,1452.0,S112,鲁皖一期管道:济南->泰安
S7,交通主导,high,高档,2060,N132,N133,82.8642,800.0,10.358025,224.7582135830768,1,2324.0,S032,抚顺-锦州-郑州成品油管道:邯郸->郑州
S7,交通主导,high,高档,2060,N133,N078,40.2246,995.2883117109299,4.041502299052697,465.89075796209175,1,3529.0,S014,兰郑长成品油管道:郑州->武汉
S7,交通主导,high,高档,2060,N140,N036,56.4005,1242.5970991866527,4.538920945245824,414.53635969453006,1,3273.0,S029,抚顺-锦州-郑州成品油管道:锦州->固安
S8,均等型,low,低档,2025,N018,N033,21.5372,436.9476525974279,4.929011489585189,482.78375552822115,1,3614.0,S012,兰郑长成品油管道:兰州->咸阳
S8,均等型,low,低档,2025,N018,N057,7.6488,637.2002561058623,1.200376165374493,597.290904615042,1,4186.0,S034,兰成渝成品油管道:兰州->成都
S8,均等型,low,低档,2025,N033,N133,42.6284,1138.2823286391263,3.7449759982626096,452.4888286733156,1,3462.0,S013,兰郑长成品油管道:咸阳->郑州
S8,均等型,low,低档,2025,N053,N046,24.3655,590.8118673089803,4.124070850333384,68.2755770992949,1,1541.0,S116,鲁皖一期管道:徐州->宿州
S8,均等型,low,低档,2025,N055,N089,65.2752,211.93997054134474,30.798909631473347,104.77585623653098,1,1724.0,S018,大港-济南-枣庄成品油管道:德州->济南
S8,均等型,low,低档,2025,N065,N067,65.1553,410.2824767677972,15.88059536768254,94.47876262249402,1,1672.0,S114,鲁皖一期管道:曲阜->枣庄
S8,均等型,low,低档,2025,N067,N007,0.1364,590.0511746128182,0.023116639008388284,99.71124775590306,1,1699.0,S118,鲁皖一期管道:枣庄->临沂
S8,均等型,low,低档,2025,N067,N053,65.0189,491.37406438060924,13.232057756641705,67.88353726217804,1,1539.0,S115,鲁皖一期管道:枣庄->徐州
S8,均等型,low,低档,2025,N078,N144,9.412,367.5755948888899,2.5605617268592176,294.48902906980624,1,2672.0,S015,兰郑长成品油管道:武汉->长沙
S8,均等型,low,低档,2025,N084,N055,75.1915,182.36150170582619,41.23211275222666,106.86955196721219,1,1734.0,S017,大港-济南-枣庄成品油管道:沧州->德州
S8,均等型,low,低档,2025,N086,N065,65.1553,410.2824767677972,15.88059536768254,98.00774338545631,1,1690.0,S113,鲁皖一期管道:泰安->曲阜
S8,均等型,low,低档,2025,N089,N086,65.1553,387.8579383308359,16.79875376030687,50.398245413639174,1,1452.0,S112,鲁皖一期管道:济南->泰安
S8,均等型,low,低档,2025,N132,N133,3.3558,800.0,0.419475,224.7582135830768,1,2324.0,S032,抚顺-锦州-郑州成品油管道:邯郸->郑州
S8,均等型,low,低档,2025,N133,N078,21.6311,638.2823286391264,3.3889548604799056,465.89075796209175,1,3529.0,S014,兰郑长成品油管道:郑州->武汉
S8,均等型,low,低档,2025,N140,N036,17.8773,793.0093561149909,2.25436180067057,414.53635969453006,1,3273.0,S029,抚顺-锦州-郑州成品油管道:锦州->固安
S8,均等型,low,低档,2030,N006,N024,1.905,428.6009848107069,0.4444693473677737,270.92089606559665,1,2555.0,S053,西南成品油管网（南线）:东海岛->南宁
S8,均等型,low,低档,2030,N018,N057,1.394,651.116647298594,0.21409374276998464,597.290904615042,1,4186.0,S034,兰成渝成品油管道:兰州->成都
S8,均等型,low,低档,2030,N053,N046,19.5062,590.040307309705,3.305909741817254,68.2755770992949,1,1541.0,S116,鲁皖一期管道:徐州->宿州
S8,均等型,low,低档,2030,N055,N089,31.346,214.17833010793208,14.635467549029649,104.77585623653098,1,1724.0,S018,大港-济南-枣庄成品油管道:德州->济南
S8,均等型,low,低档,2030,N065,N067,31.346,417.28772187724223,7.511843353306563,94.47876262249402,1,1672.0,S114,鲁皖一期管道:曲阜->枣庄
S8,均等型,low,低档,2030,N067,N007,0.1081,593.264279905094,0.018221221749149138,99.71124775590306,1,1699.0,S118,鲁皖一期管道:枣庄->临沂
S8,均等型,low,低档,2030,N067,N053,51.7275,494.64530972647526,10.457493275050728,67.88353726217804,1,1539.0,S115,鲁皖一期管道:枣庄->徐州
S8,均等型,low,低档,2030,N084,N055,31.346,184.55885049482794,16.98428437105943,106.86955196721219,1,1734.0,S017,大港-济南-枣庄成品油管道:沧州->德州
S8,均等型,low,低档,2030,N086,N065,31.346,417.28772187724223,7.511843353306563,98.00774338545631,1,1690.0,S113,鲁皖一期管道:泰安->曲阜
S8,均等型,low,低档,2030,N089,N086,31.346,395.5889364524727,7.923881866136568,50.398245413639174,1,1452.0,S112,鲁皖一期管道:济南->泰安
S8,均等型,low,低档,2030,N127,N109,1.9011,600.0,0.31684999999999997,510.4977785150275,1,3752.0,S051,西南成品油管网（北线）:贵阳->简阳
S8,均等型,low,低档,2030,N132,N133,7.8384,800.0,0.9797999999999999,224.7582135830768,1,2324.0,S032,抚顺-锦州-郑州成品油管道:邯郸->郑州
S8,均等型,low,低档,2030,N133,N078,1.088,678.1742083164372,0.16043075461406187,465.89075796209175,1,3529.0,S014,兰郑长成品油管道:郑州->武汉
S8,均等型,low,低档,2030,N140,N036,23.6474,799.0875062711441,2.959300428853912,414.53635969453006,1,3273.0,S029,抚顺-锦州-郑州成品油管道:锦州->固安
S8,均等型,low,低档,2035,N053,N046,13.3949,590.7167893391488,2.267567172923127,68.2755770992949,1,1541.0,S116,鲁皖一期管道:徐州->宿州
S8,均等型,low,低档,2035,N067,N007,0.0703,600.490534575954,0.011707095441503248,99.71124775590306,1,1699.0,S118,鲁皖一期管道:枣庄->临沂
S8,均等型,low,低档,2035,N067,N053,34.3666,510.7553069775432,6.728584026540721,67.88353726217804,1,1539.0,S115,鲁皖一期管道:枣庄->徐州
S8,均等型,low,低档,2035,N140,N036,23.5061,880.5126987403823,2.669592390163896,414.53635969453006,1,3273.0,S029,抚顺-锦州-郑州成品油管道:锦州->固安
S8,均等型,low,低档,2040,N053,N046,8.2083,594.0855871798838,1.3816696073986052,68.2755770992949,1,1541.0,S116,鲁皖一期管道:徐州->宿州
S8,均等型,low,低档,2040,N067,N007,0.0267,604.3680408754009,0.0044178378395598504,99.71124775590306,1,1699.0,S118,鲁皖一期管道:枣庄->临沂
S8,均等型,low,低档,2040,N067,N053,16.1692,520.0134834621572,3.1093809130387053,67.88353726217804,1,1539.0,S115,鲁皖一期管道:枣庄->徐州
S8,均等型,low,低档,2040,N140,N036,23.3395,944.2994237852738,2.4716206970075647,414.53635969453006,1,3273.0,S029,抚顺-锦州-郑州成品油管道:锦州->固安
S8,均等型,low,低档,2045,N022,N116,2.4372,291.929865112174,0.8348580571102261,189.33685987698024,1,2147.0,S098,苏南成品油管道:南京(南京->苏州(苏州
S8,均等型,low,低档,2045,N053,N046,4.4339,599.3703686137759,0.7397596264651398,68.2755770992949,1,1541.0,S116,鲁皖一期管道:徐州->宿州
S8,均等型,low,低档,2045,N067,N053,4.4339,533.0043471983331,0.8318693878025967,67.88353726217804,1,1539.0,S115,鲁皖一期管道:枣庄->徐州
S8,均等型,low,低档,2045,N140,N036,23.2058,1018.6653925666984,2.278059132010865,414.53635969453006,1,3273.0,S029,抚顺-锦州-郑州成品油管道:锦州->固安
S8,均等型,low,低档,2050,N022,N116,7.8433,354.5080112328965,2.212446475531773,189.33685987698024,1,2147.0,S098,苏南成品油管道:南京(南京->苏州(苏州
S8,均等型,low,低档,2050,N053,N046,2.9368,607.2788165492509,0.48359994124079947,68.2755770992949,1,1541.0,S116,鲁皖一期管道:徐州->宿州
S8,均等型,low,低档,2050,N067,N053,2.9368,551.7510752633809,0.5322690125430394,67.88353726217804,1,1539.0,S115,鲁皖一期管道:枣庄->徐州
S8,均等型,low,低档,2050,N140,N036,23.1357,1091.8228977611855,2.1189975084274586,414.53635969453006,1,3273.0,S029,抚顺-锦州-郑州成品油管道:锦州->固安
S8,均等型,low,低档,2055,N022,N116,11.7185,444.76645648485993,2.634753549675324,189.33685987698024,1,2147.0,S098,苏南成品油管道:南京(南京->苏州(苏州
S8,均等型,low,低档,2055,N053,N046,1.989,618.6191010252712,0.32152256480660263,68.2755770992949,1,1541.0,S116,鲁皖一期管道:徐州->宿州
S8,均等型,low,低档,2055,N067,N053,1.989,587.5589068210993,0.33851924920365706,67.88353726217804,1,1539.0,S115,鲁皖一期管道:枣庄->徐州
S8,均等型,low,低档,2055,N140,N036,23.0852,1161.8540670875645,1.9869276748213298,414.53635969453006,1,3273.0,S029,抚顺-锦州-郑州成品油管道:锦州->固安
S8,均等型,low,低档,2060,N022,N116,14.087,538.756329479957,2.6147256615245147,189.33685987698024,1,2147.0,S098,苏南成品油管道:南京(南京->苏州(苏州
S8,均等型,low,低档,2060,N053,N046,1.5819,639.9646516167563,0.24718552751368572,68.2755770992949,1,1541.0,S116,鲁皖一期管道:徐州->宿州
S8,均等型,low,低档,2060,N067,N053,1.5819,633.6292689510332,0.24965702777884924,67.88353726217804,1,1539.0,S115,鲁皖一期管道:枣庄->徐州
S8,均等型,low,低档,2060,N140,N036,23.0541,1242.5970991866527,1.8553157749273808,414.53635969453006,1,3273.0,S029,抚顺-锦州-郑州成品油管道:锦州->固安
S8,均等型,mid,中档,2025,N018,N033,171.5808,436.9476525974279,39.268044805834485,482.78375552822115,1,3614.0,S012,兰郑长成品油管道:兰州->咸阳
S8,均等型,mid,中档,2025,N018,N057,45.4916,637.2002561058623,7.139294054590301,597.290904615042,1,4186.0,S034,兰成渝成品油管道:兰州->成都
S8,均等型,mid,中档,2025,N033,N133,173.4189,1138.2823286391263,15.235139440961982,452.4888286733156,1,3462.0,S013,兰郑长成品油管道:咸阳->郑州
S8,均等型,mid,中档,2025,N034,N068,141.6332,991.4819700022991,14.28500005901989,539.1852382576222,1,3896.0,S002,西部成品油管道:哈密->柳园
S8,均等型,mid,中档,2025,N052,N077,141.6332,991.5947786368739,14.283374928083061,220.44441556684987,1,2302.0,S005,西部成品油管道:张掖->武威
S8,均等型,mid,中档,2025,N068,N136,141.6332,991.541850008519,14.284137376428754,1.0,1,1205.0,S003,西部成品油管道:柳园->酒泉
S8,均等型,mid,中档,2025,N077,N018,141.6332,997.3030978452247,14.201620380605757,233.1471451641557,1,2366.0,S006,西部成品油管道:武威->兰州
S8,均等型,mid,中档,2025,N078,N144,43.9173,367.5755948888899,11.947828041542104,294.48902906980624,1,2672.0,S015,兰郑长成品油管道:武汉->长沙
S8,均等型,mid,中档,2025,N084,N055,19.7416,182.36150170582619,10.82553050689716,106.86955196721219,1,1734.0,S017,大港-济南-枣庄成品油管道:沧州->德州
S8,均等型,mid,中档,2025,N133,N078,90.5172,638.2823286391264,14.181373341948941,465.89075796209175,1,3529.0,S014,兰郑长成品油管道:郑州->武汉
S8,均等型,mid,中档,2025,N136,N052,141.6332,991.541850008519,14.284137376428754,190.68247460045217,1,2153.0,S004,西部成品油管道:酒泉->张掖
S8,均等型,mid,中档,2030,N018,N033,102.3551,496.7898411927255,20.603299728162554,482.78375552822115,1,3614.0,S012,兰郑长成品油管道:兰州->咸阳
S8,均等型,mid,中档,2030,N018,N057,41.138,651.116647298594,6.318069146392846,597.290904615042,1,4186.0,S034,兰成渝成品油管道:兰州->成都
S8,均等型,mid,中档,2030,N033,N133,132.9961,1178.1742083164372,11.288322139562537,452.4888286733156,1,3462.0,S013,兰郑长成品油管道:咸阳->郑州
S8,均等型,mid,中档,2030,N034,N068,0.6648,993.443090799389,0.06691878036667995,539.1852382576222,1,3896.0,S002,西部成品油管道:哈密->柳园
S8,均等型,mid,中档,2030,N052,N077,0.6648,993.5497082407396,0.06691159933780759,220.44441556684987,1,2302.0,S005,西部成品油管道:张掖->武威
S8,均等型,mid,中档,2030,N055,N089,35.5449,214.17833010793208,16.595936658058573,104.77585623653098,1,1724.0,S018,大港-济南-枣庄成品油管道:德州->济南
S8,均等型,mid,中档,2030,N065,N067,33.7215,417.28772187724223,8.081114835657733,94.47876262249402,1,1672.0,S114,鲁皖一期管道:曲阜->枣庄
S8,均等型,mid,中档,2030,N067,N053,33.7215,494.64530972647526,6.817309158080772,67.88353726217804,1,1539.0,S115,鲁皖一期管道:枣庄->徐州
S8,均等型,mid,中档,2030,N068,N136,0.6648,993.4995697821863,0.06691497613287843,1.0,1,1205.0,S003,西部成品油管道:柳园->酒泉
S8,均等型,mid,中档,2030,N077,N018,0.6648,997.8508598146202,0.06662318255891526,233.1471451641557,1,2366.0,S006,西部成品油管道:武威->兰州
S8,均等型,mid,中档,2030,N078,N144,31.4665,380.57836281469605,8.268073825132582,294.48902906980624,1,2672.0,S015,兰郑长成品油管道:武汉->长沙
S8,均等型,mid,中档,2030,N084,N055,103.207,184.55885049482794,55.92091613232727,106.86955196721219,1,1892.8206226321859,S017,大港-济南-枣庄成品油管道:沧州->德州
S8,均等型,mid,中档,2030,N086,N065,33.7215,417.28772187724223,8.081114835657733,98.00774338545631,1,1690.0,S113,鲁皖一期管道:泰安->曲阜
S8,均等型,mid,中档,2030,N089,N086,33.7215,395.5889364524727,8.52437894305252,50.398245413639174,1,1452.0,S112,鲁皖一期管道:济南->泰安
S8,均等型,mid,中档,2030,N133,N078,66.9354,678.1742083164372,9.869941849626908,465.89075796209175,1,3529.0,S014,兰郑长成品油管道:郑州->武汉
S8,均等型,mid,中档,2030,N136,N052,0.6648,993.4995697821863,0.06691497613287843,190.68247460045217,1,2153.0,S004,西部成品油管道:酒泉->张掖
S8,均等型,mid,中档,2030,N140,N036,0.1679,799.0875062711441,0.02101146603874303,414.53635969453006,1,3273.0,S029,抚顺-锦州-郑州成品油管道:锦州->固安
S8,均等型,mid,中档,2035,N018,N057,35.5644,667.3856553305831,5.328912858096046,597.290904615042,1,4186.0,S034,兰成渝成品油管道:兰州->成都
S8,均等型,mid,中档,2035,N033,N133,42.5559,1212.9433799680733,3.5084819871080994,452.4888286733156,1,3462.0,S013,兰郑长成品油管道:咸阳->郑州
S8,均等型,mid,中档,2035,N053,N046,50.6166,590.7167893391488,8.568674687006304,68.2755770992949,1,1541.0,S116,鲁皖一期管道:徐州->宿州
S8,均等型,mid,中档,2035,N055,N089,144.5096,217.16003490666327,66.54520941761274,104.77585623653098,1,2096.946849205866,S018,大港-济南-枣庄成品油管道:德州->济南
S8,均等型,mid,中档,2035,N065,N067,143.6954,441.2936038329033,32.56231197368783,94.47876262249402,1,1672.0,S114,鲁皖一期管道:曲阜->枣庄
S8,均等型,mid,中档,2035,N067,N007,0.7904,600.490534575954,0.13162572172068515,99.71124775590306,1,1699.0,S118,鲁皖一期管道:枣庄->临沂
S8,均等型,mid,中档,2035,N067,N053,142.905,510.7553069775432,27.97915127806655,67.88353726217804,1,1539.0,S115,鲁皖一期管道:枣庄->徐州
S8,均等型,mid,中档,2035,N078,N144,14.7565,416.6257040236907,3.5419082062111316,294.48902906980624,1,2672.0,S015,兰郑长成品油管道:武汉->长沙
S8,均等型,mid,中档,2035,N084,N055,174.724,190.1268471093715,91.89864695935816,106.86955196721219,1,2871.0504338270644,S017,大港-济南-枣庄成品油管道:沧州->德州
S8,均等型,mid,中档,2035,N086,N065,143.6954,441.2936038329033,32.56231197368783,98.00774338545631,1,1690.0,S113,鲁皖一期管道:泰安->曲阜
S8,均等型,mid,中档,2035,N089,N086,143.6954,420.5323573809044,34.16987955336941,50.398245413639174,1,1452.0,S112,鲁皖一期管道:济南->泰安
S8,均等型,mid,中档,2035,N132,N133,37.1236,800.0,4.64045,224.7582135830768,1,2324.0,S032,抚顺-锦州-郑州成品油管道:邯郸->郑州
S8,均等型,mid,中档,2035,N133,N078,36.3795,712.9433799680733,5.102719377467133,465.89075796209175,1,3529.0,S014,兰郑长成品油管道:郑州->武汉
S8,均等型,mid,中档,2035,N140,N036,31.1692,880.5126987403823,3.539892161077189,414.53635969453006,1,3273.0,S029,抚顺-锦州-郑州成品油管道:锦州->固安
S8,均等型,mid,中档,2040,N006,N024,0.6886,515.5996589594037,0.13355323030852076,270.92089606559665,1,2555.0,S053,西南成品油管网（南线）:东海岛->南宁
S8,均等型,mid,中档,2040,N018,N057,29.2208,672.2677915772992,4.346601215483058,597.290904615042,1,4186.0,S034,兰成渝成品油管道:兰州->成都
S8,均等型,mid,中档,2040,N053,N046,45.43,594.0855871798838,7.647046314598473,68.2755770992949,1,1541.0,S116,鲁皖一期管道:徐州->宿州
S8,均等型,mid,中档,2040,N055,N089,116.4616,220.92758661033338,52.714829228371606,104.77585623653098,1,1801.2503554819787,S018,大港-济南-枣庄成品油管道:德州->济南
S8,均等型,mid,中档,2040,N065,N067,116.4616,455.2629951521817,25.58116983812184,94.47876262249402,1,1672.0,S114,鲁皖一期管道:曲阜->枣庄
S8,均等型,mid,中档,2040,N067,N007,0.6796,604.3680408754009,0.11244803729456457,99.71124775590306,1,1699.0,S118,鲁皖一期管道:枣庄->临沂
S8,均等型,mid,中档,2040,N067,N053,124.7747,520.0134834621572,23.994512444037465,67.88353726217804,1,1539.0,S115,鲁皖一期管道:枣庄->徐州
S8,均等型,mid,中档,2040,N084,N055,116.4616,195.24676984937275,59.648413179816885,106.86955196721219,1,1976.6319061390193,S017,大港-济南-枣庄成品油管道:沧州->德州
S8,均等型,mid,中档,2040,N086,N065,116.4616,455.2629951521817,25.58116983812184,98.00774338545631,1,1690.0,S113,鲁皖一期管道:泰安->曲阜
S8,均等型,mid,中档,2040,N089,N086,116.4616,435.66941949894976,26.731644404589833,50.398245413639174,1,1452.0,S112,鲁皖一期管道:济南->泰安
S8,均等型,mid,中档,2040,N127,N109,1.0863,600.0,0.18105000000000002,510.4977785150275,1,3752.0,S051,西南成品油管网（北线）:贵阳->简阳
S8,均等型,mid,中档,2040,N132,N133,26.1907,800.0,3.2738375,224.7582135830768,1,2324.0,S032,抚顺-锦州-郑州成品油管道:邯郸->郑州
S8,均等型,mid,中档,2040,N133,N078,10.6961,720.9459283356648,1.483620279913698,465.89075796209175,1,3529.0,S014,兰郑长成品油管道:郑州->武汉
S8,均等型,mid,中档,2040,N140,N036,59.1831,944.2994237852738,6.267408250950894,414.53635969453006,1,3273.0,S029,抚顺-锦州-郑州成品油管道:锦州->固安
S8,均等型,mid,中档,2045,N018,N057,18.978,675.4208298851844,2.809803778664347,597.290904615042,1,4186.0,S034,兰成渝成品油管道:兰州->成都
S8,均等型,mid,中档,2045,N053,N046,41.6557,599.3703686137759,6.949909802238194,68.2755770992949,1,1541.0,S116,鲁皖一期管道:徐州->宿州
S8,均等型,mid,中档,2045,N055,N089,70.2939,225.11672712290286,31.225533925616695,104.77585623653098,1,1724.0,S018,大港-济南-枣庄成品油管道:德州->济南
S8,均等型,mid,中档,2045,N065,N067,70.2939,473.7331914983547,14.838288990828316,94.47876262249402,1,1672.0,S114,鲁皖一期管道:曲阜->枣庄
S8,均等型,mid,中档,2045,N067,N007,0.591,608.9254696146957,0.09705621286854067,99.71124775590306,1,1699.0,S118,鲁皖一期管道:枣庄->临沂
S8,均等型,mid,中档,2045,N067,N053,110.6641,533.0043471983331,20.762325970077207,67.88353726217804,1,1539.0,S115,鲁皖一期管道:枣庄->徐州
S8,均等型,mid,中档,2045,N084,N055,70.2939,202.56554806584865,34.70180426592054,106.86955196721219,1,1734.0,S017,大港-济南-枣庄成品油管道:沧州->德州
S8,均等型,mid,中档,2045,N086,N065,70.2939,473.7331914983547,14.838288990828316,98.00774338545631,1,1690.0,S113,鲁皖一期管道:泰安->曲阜
S8,均等型,mid,中档,2045,N089,N086,70.2939,455.4314468786014,15.434573190273651,50.398245413639174,1,1452.0,S112,鲁皖一期管道:济南->泰安
S8,均等型,mid,中档,2045,N127,N109,7.3629,600.0,1.22715,510.4977785150275,1,3752.0,S051,西南成品油管网（北线）:贵阳->简阳
S8,均等型,mid,中档,2045,N133,N078,2.9637,772.4166197136509,0.3836918994698351,465.89075796209175,1,3529.0,S014,兰郑长成品油管道:郑州->武汉
S8,均等型,mid,中档,2045,N140,N036,59.0494,1018.6653925666984,5.796741543483197,414.53635969453006,1,3273.0,S029,抚顺-锦州-郑州成品油管道:锦州->固安
S8,均等型,mid,中档,2050,N018,N057,16.2506,679.0523626601046,2.3931291449072147,597.290904615042,1,4186.0,S034,兰成渝成品油管道:兰州->成都
S8,均等型,mid,中档,2050,N053,N046,40.1585,607.2788165492509,6.612860337891122,68.2755770992949,1,1541.0,S116,鲁皖一期管道:徐州->宿州
S8,均等型,mid,中档,2050,N055,N089,48.0327,236.7892894109654,20.2849968930122,104.77585623653098,1,1724.0,S018,大港-济南-枣庄成品油管道:德州->济南
S8,均等型,mid,中档,2050,N065,N067,48.0327,503.4193919846887,9.541289184477998,94.47876262249402,1,1672.0,S114,鲁皖一期管道:曲阜->枣庄
S8,均等型,mid,中档,2050,N067,N007,0.5451,617.2955305548358,0.08830454345102011,99.71124775590306,1,1699.0,S118,鲁皖一期管道:枣庄->临沂
S8,均等型,mid,中档,2050,N067,N053,103.8067,551.7510752633809,18.81404579962937,67.88353726217804,1,1539.0,S115,鲁皖一期管道:枣庄->徐州
S8,均等型,mid,中档,2050,N084,N055,48.0327,217.86652215350006,22.046847549233874,106.86955196721219,1,1734.0,S017,大港-济南-枣庄成品油管道:沧州->德州
S8,均等型,mid,中档,2050,N086,N065,48.0327,503.4193919846887,9.541289184477998,98.00774338545631,1,1690.0,S113,鲁皖一期管道:泰安->曲阜
S8,均等型,mid,中档,2050,N089,N086,48.0327,488.6906307927394,9.828856330247786,50.398245413639174,1,1452.0,S112,鲁皖一期管道:济南->泰安
S8,均等型,mid,中档,2050,N127,N109,8.3243,600.0,1.3873833333333332,510.4977785150275,1,3752.0,S051,西南成品油管网（北线）:贵阳->简阳
S8,均等型,mid,中档,2050,N133,N078,0.1978,824.2433525391467,0.023997767090345526,465.89075796209175,1,3529.0,S014,兰郑长成品油管道:郑州->武汉
S8,均等型,mid,中档,2050,N140,N036,58.9793,1091.8228977611855,5.401910888747503,414.53635969453006,1,3273.0,S029,抚顺-锦州-郑州成品油管道:锦州->固安
S8,均等型,mid,中档,2055,N018,N057,15.4659,687.1686941372941,2.2506700511752307,597.290904615042,1,4186.0,S034,兰成渝成品油管道:兰州->成都
S8,均等型,mid,中档,2055,N053,N046,39.2108,618.6191010252712,6.338439911573018,68.2755770992949,1,1541.0,S116,鲁皖一期管道:徐州->宿州
S8,均等型,mid,中档,2055,N055,N089,32.5337,249.81140209152736,13.023304672090234,104.77585623653098,1,1724.0,S018,大港-济南-枣庄成品油管道:德州->济南
S8,均等型,mid,中档,2055,N065,N067,32.5337,555.6486045010747,5.855085342869259,94.47876262249402,1,1672.0,S114,鲁皖一期管道:曲阜->枣庄
S8,均等型,mid,中档,2055,N067,N007,0.5122,630.8494065855263,0.0811921188564294,99.71124775590306,1,1699.0,S118,鲁皖一期管道:枣庄->临沂
S8,均等型,mid,中档,2055,N067,N053,99.0167,587.5589068210993,16.852216662958142,67.88353726217804,1,1539.0,S115,鲁皖一期管道:枣庄->徐州
S8,均等型,mid,中档,2055,N084,N055,32.5337,234.66241741988162,13.86404365799549,106.86955196721219,1,1734.0,S017,大港-济南-枣庄成品油管道:沧州->德州
S8,均等型,mid,中档,2055,N086,N065,32.5337,555.6486045010747,5.855085342869259,98.00774338545631,1,1690.0,S113,鲁皖一期管道:泰安->曲阜
S8,均等型,mid,中档,2055,N089,N086,32.5337,544.9010977779958,5.970569729564927,50.398245413639174,1,1452.0,S112,鲁皖一期管道:济南->泰安
S8,均等型,mid,中档,2055,N127,N109,7.9224,600.0,1.3203999999999998,510.4977785150275,1,3752.0,S051,西南成品油管网（北线）:贵阳->简阳
S8,均等型,mid,中档,2055,N140,N036,58.9289,1161.8540670875645,5.071970884236595,414.53635969453006,1,3273.0,S029,抚顺-锦州-郑州成品油管道:锦州->固安
S8,均等型,mid,中档,2060,N018,N057,15.0582,695.8883450140861,2.163881620936645,597.290904615042,1,4186.0,S034,兰成渝成品油管道:兰州->成都
S8,均等型,mid,中档,2060,N053,N046,38.8037,639.9646516167563,6.063413018511161,68.2755770992949,1,1541.0,S116,鲁皖一期管道:徐州->宿州
S8,均等型,mid,中档,2060,N055,N089,23.6893,276.37402868051674,8.57146386478463,104.77585623653098,1,1724.0,S018,大港-济南-枣庄成品油管道:德州->济南
S8,均等型,mid,中档,2060,N065,N067,23.6893,626.2609051227721,3.7826566860909114,94.47876262249402,1,1672.0,S114,鲁皖一期管道:曲阜->枣庄
S8,均等型,mid,中档,2060,N067,N007,0.4921,649.5345123877524,0.07576194807432052,99.71124775590306,1,1699.0,S118,鲁皖一期管道:枣庄->临沂
S8,均等型,mid,中档,2060,N067,N053,96.2612,633.6292689510332,15.192038107608166,67.88353726217804,1,1539.0,S115,鲁皖一期管道:枣庄->徐州
S8,均等型,mid,中档,2060,N084,N055,23.6893,270.05372385270437,8.772069372730025,106.86955196721219,1,1734.0,S017,大港-济南-枣庄成品油管道:沧州->德州
S8,均等型,mid,中档,2060,N086,N065,23.6893,626.2609051227721,3.7826566860909114,98.00774338545631,1,1690.0,S113,鲁皖一期管道:泰安->曲阜
S8,均等型,mid,中档,2060,N089,N086,23.6893,623.6266925275847,3.7986347094904303,50.398245413639174,1,1452.0,S112,鲁皖一期管道:济南->泰安
S8,均等型,mid,中档,2060,N127,N109,7.7135,600.0,1.2855833333333333,510.4977785150275,1,3752.0,S051,西南成品油管网（北线）:贵阳->简阳
S8,均等型,mid,中档,2060,N140,N036,58.8977,1242.5970991866527,4.739887131440412,414.53635969453006,1,3273.0,S029,抚顺-锦州-郑州成品油管道:锦州->固安
S8,均等型,high,高档,2025,N018,N033,133.9393,436.9476525974279,30.653397312881786,482.78375552822115,1,3614.0,S012,兰郑长成品油管道:兰州->咸阳
S8,均等型,high,高档,2025,N018,N057,122.8145,637.2002561058623,19.274082021021037,597.290904615042,1,4186.0,S034,兰成渝成品油管道:兰州->成都
S8,均等型,high,高档,2025,N033,N133,116.5244,1138.2823286391263,10.236862777208426,452.4888286733156,1,3462.0,S013,兰郑长成品油管道:咸阳->郑州
S8,均等型,high,高档,2025,N034,N068,202.6665,991.4819700022991,20.440765049870755,539.1852382576222,1,3896.0,S002,西部成品油管道:哈密->柳园
S8,均等型,high,高档,2025,N052,N077,202.6665,991.5947786368739,20.438439609232482,220.44441556684987,1,2302.0,S005,西部成品油管道:张掖->武威
S8,均等型,high,高档,2025,N068,N136,202.6665,991.541850008519,20.439530615703084,1.0,1,1205.0,S003,西部成品油管道:柳园->酒泉
S8,均等型,high,高档,2025,N077,N018,202.6665,997.3030978452247,20.321454975712168,233.1471451641557,1,2366.0,S006,西部成品油管道:武威->兰州
S8,均等型,high,高档,2025,N136,N052,202.6665,991.541850008519,20.439530615703084,190.68247460045217,1,2153.0,S004,西部成品油管道:酒泉->张掖
S8,均等型,high,高档,2030,N018,N033,256.5178,496.7898411927255,51.63507357238532,482.78375552822115,1,3661.4990429514055,S012,兰郑长成品油管道:兰州->咸阳
S8,均等型,high,高档,2030,N018,N057,118.4609,651.116647298594,18.193498890172794,597.290904615042,1,4186.0,S034,兰成渝成品油管道:兰州->成都
S8,均等型,high,高档,2030,N033,N133,267.9057,1178.1742083164372,22.739056593576795,452.4888286733156,1,3462.0,S013,兰郑长成品油管道:咸阳->郑州
S8,均等型,high,高档,2030,N034,N068,253.5023,993.443090799389,25.517546233676608,539.1852382576222,1,3896.0,S002,西部成品油管道:哈密->柳园
S8,均等型,high,高档,2030,N052,N077,253.5023,993.5497082407396,25.514807955494433,220.44441556684987,1,2302.0,S005,西部成品油管道:张掖->武威
S8,均等型,high,高档,2030,N068,N136,253.5023,993.4995697821863,25.516095598871523,1.0,1,1205.0,S003,西部成品油管道:柳园->酒泉
S8,均等型,high,高档,2030,N077,N018,253.5023,997.8508598146202,25.40482853791351,233.1471451641557,1,2366.0,S006,西部成品油管道:武威->兰州
S8,均等型,high,高档,2030,N078,N144,66.9288,380.57836281469605,17.586075967379074,294.48902906980624,1,2672.0,S015,兰郑长成品油管道:武汉->长沙
S8,均等型,high,高档,2030,N084,N055,42.3224,184.55885049482794,22.931655613658066,106.86955196721219,1,1734.0,S017,大港-济南-枣庄成品油管道:沧州->德州
S8,均等型,high,高档,2030,N133,N078,141.9024,678.1742083164372,20.924181170539015,465.89075796209175,1,3529.0,S014,兰郑长成品油管道:郑州->武汉
S8,均等型,high,高档,2030,N136,N052,253.5023,993.4995697821863,25.516095598871523,190.68247460045217,1,2153.0,S004,西部成品油管道:酒泉->张掖
S8,均等型,high,高档,2035,N018,N033,169.4529,539.4297794503814,31.413338020131842,482.78375552822115,1,3614.0,S012,兰郑长成品油管道:兰州->咸阳
S8,均等型,high,高档,2035,N018,N057,112.8874,667.3856553305831,16.91486760291279,597.290904615042,1,4186.0,S034,兰成渝成品油管道:兰州->成都
S8,均等型,high,高档,2035,N033,N133,216.9026,1212.9433799680733,17.882335118207187,452.4888286733156,1,3462.0,S013,兰郑长成品油管道:咸阳->郑州
S8,均等型,high,高档,2035,N034,N068,75.3689,994.4230251384394,7.579158777976551,539.1852382576222,1,3896.0,S002,西部成品油管道:哈密->柳园
S8,均等型,high,高档,2035,N052,N077,75.3689,994.5268041103661,7.578367891996608,220.44441556684987,1,2302.0,S005,西部成品油管道:张掖->武威
S8,均等型,high,高档,2035,N055,N089,30.3242,217.16003490666327,13.963987440430065,104.77585623653098,1,1724.0,S018,大港-济南-枣庄成品油管道:德州->济南
S8,均等型,high,高档,2035,N065,N067,24.3361,441.2936038329033,5.5147184977589,94.47876262249402,1,1672.0,S114,鲁皖一期管道:曲阜->枣庄
S8,均等型,high,高档,2035,N067,N053,24.3361,510.7553069775432,4.764727780120746,67.88353726217804,1,1539.0,S115,鲁皖一期管道:枣庄->徐州
S8,均等型,high,高档,2035,N068,N136,75.3689,994.4779080953326,7.578740501571302,1.0,1,1205.0,S003,西部成品油管道:柳园->酒泉
S8,均等型,high,高档,2035,N077,N018,75.3689,998.1179063314556,7.55110188104084,233.1471451641557,1,2366.0,S006,西部成品油管道:武威->兰州
S8,均等型,high,高档,2035,N078,N144,51.1557,416.6257040236907,12.278575110932456,294.48902906980624,1,2672.0,S015,兰郑长成品油管道:武汉->长沙
S8,均等型,high,高档,2035,N084,N055,150.963,190.1268471093715,79.40120098512847,106.86955196721219,1,2289.430138510761,S017,大港-济南-枣庄成品油管道:沧州->德州
S8,均等型,high,高档,2035,N086,N065,24.3361,441.2936038329033,5.5147184977589,98.00774338545631,1,1690.0,S113,鲁皖一期管道:泰安->曲阜
S8,均等型,high,高档,2035,N089,N086,24.3361,420.5323573809044,5.78697443201907,50.398245413639174,1,1452.0,S112,鲁皖一期管道:济南->泰安
S8,均等型,high,高档,2035,N133,N078,112.2834,712.9433799680733,15.749273105674707,465.89075796209175,1,3529.0,S014,兰郑长成品油管道:郑州->武汉
S8,均等型,high,高档,2035,N136,N052,75.3689,994.4779080953326,7.578740501571302,190.68247460045217,1,2153.0,S004,西部成品油管道:酒泉->张掖
S8,均等型,high,高档,2040,N018,N033,16.3339,546.8891524390867,2.986692993845639,482.78375552822115,1,3614.0,S012,兰郑长成品油管道:兰州->咸阳
S8,均等型,high,高档,2040,N018,N057,107.63,672.2677915772992,16.009989077042434,597.290904615042,1,4186.0,S034,兰成渝成品油管道:兰州->成都
S8,均等型,high,高档,2040,N033,N133,93.5133,1220.9459283356648,7.659086109363816,452.4888286733156,1,3462.0,S013,兰郑长成品油管道:咸阳->郑州
S8,均等型,high,高档,2040,N055,N089,111.2871,220.92758661033338,50.37265907235271,104.77585623653098,1,1735.0969735036676,S018,大港-济南-枣庄成品油管道:德州->济南
S8,均等型,high,高档,2040,N065,N067,107.1197,455.2629951521817,23.529191069920557,94.47876262249402,1,1672.0,S114,鲁皖一期管道:曲阜->枣庄
S8,均等型,high,高档,2040,N067,N053,107.1197,520.0134834621572,20.599408170498982,67.88353726217804,1,1539.0,S115,鲁皖一期管道:枣庄->徐州
S8,均等型,high,高档,2040,N078,N144,32.4403,399.82552581588743,8.113614040474792,294.48902906980624,1,2672.0,S015,兰郑长成品油管道:武汉->长沙
S8,均等型,high,高档,2040,N084,N055,195.2467,195.24676984937275,99.99996422508151,106.86955196721219,1,3683.997106225099,S017,大港-济南-枣庄成品油管道:沧州->德州
S8,均等型,high,高档,2040,N086,N065,107.1197,455.2629951521817,23.529191069920557,98.00774338545631,1,1690.0,S113,鲁皖一期管道:泰安->曲阜
S8,均等型,high,高档,2040,N089,N086,107.1197,435.66941949894976,24.587380983314166,50.398245413639174,1,1452.0,S112,鲁皖一期管道:济南->泰安
S8,均等型,high,高档,2040,N132,N133,67.6231,800.0,8.4528875,224.7582135830768,1,2324.0,S032,抚顺-锦州-郑州成品油管道:邯郸->郑州
S8,均等型,high,高档,2040,N133,N078,82.6411,720.9459283356648,11.462870757974954,465.89075796209175,1,3529.0,S014,兰郑长成品油管道:郑州->武汉
S8,均等型,high,高档,2040,N140,N036,2.2954,944.2994237852738,0.24307967813839898,414.53635969453006,1,3273.0,S029,抚顺-锦州-郑州成品油管道:锦州->固安
S8,均等型,high,高档,2045,N018,N057,103.6639,675.4208298851844,15.348046049693483,597.290904615042,1,4186.0,S034,兰成渝成品油管道:兰州->成都
S8,均等型,high,高档,2045,N053,N046,1.4006,599.3703686137759,0.23367855225130807,68.2755770992949,1,1541.0,S116,鲁皖一期管道:徐州->宿州
S8,均等型,high,高档,2045,N055,N089,147.0304,225.11672712290286,65.31296091548474,104.77585623653098,1,2075.682373169086,S018,大港-济南-枣庄成品油管道:德州->济南
S8,均等型,high,高档,2045,N065,N067,144.2739,473.7331914983547,30.454674189849555,94.47876262249402,1,1672.0,S114,鲁皖一期管道:曲阜->枣庄
S8,均等型,high,高档,2045,N067,N007,2.2939,608.9254696146957,0.37671276937249654,99.71124775590306,1,1699.0,S118,鲁皖一期管道:枣庄->临沂
S8,均等型,high,高档,2045,N067,N053,141.98,533.0043471983331,26.63768142723396,67.88353726217804,1,1539.0,S115,鲁皖一期管道:枣庄->徐州
S8,均等型,high,高档,2045,N078,N144,17.4025,416.6531646570812,4.176735346369638,294.48902906980624,1,2672.0,S015,兰郑长成品油管道:武汉->长沙
S8,均等型,high,高档,2045,N084,N055,202.5655,202.56554806584865,99.99997627145923,106.86955196721219,1,3684.0008639180905,S017,大港-济南-枣庄成品油管道:沧州->德州
S8,均等型,high,高档,2045,N086,N065,144.2739,473.7331914983547,30.454674189849555,98.00774338545631,1,1690.0,S113,鲁皖一期管道:泰安->曲阜
S8,均等型,high,高档,2045,N089,N086,144.2739,455.4314468786014,31.678510781109342,50.398245413639174,1,1452.0,S112,鲁皖一期管道:济南->泰安
S8,均等型,high,高档,2045,N132,N133,117.2327,800.0,14.6540875,224.7582135830768,1,2324.0,S032,抚顺-锦州-郑州成品油管道:邯郸->郑州
S8,均等型,high,高档,2045,N133,N078,59.8708,772.4166197136509,7.751101992367178,465.89075796209175,1,3529.0,S014,兰郑长成品油管道:郑州->武汉
S8,均等型,high,高档,2045,N140,N036,32.143,1018.6653925666984,3.1554031612883517,414.53635969453006,1,3273.0,S029,抚顺-锦州-郑州成品油管道:锦州->固安
S8,均等型,high,高档,2050,N018,N057,101.8978,679.0523626601046,15.005882550916668,597.290904615042,1,4186.0,S034,兰成渝成品油管道:兰州->成都
S8,均等型,high,高档,2050,N053,N046,36.4408,607.2788165492509,6.000670368689637,68.2755770992949,1,1541.0,S116,鲁皖一期管道:徐州->宿州
S8,均等型,high,高档,2050,N055,N089,175.9867,236.7892894109654,74.32206939671245,104.77585623653098,1,2214.878856186291,S018,大港-济南-枣庄成品油管道:德州->济南
S8,均等型,high,高档,2050,N065,N067,173.908,503.4193919846887,34.54535180188079,94.47876262249402,1,1672.0,S114,鲁皖一期管道:曲阜->枣庄
S8,均等型,high,高档,2050,N067,N007,2.2071,617.2955305548358,0.3575434926632663,99.71124775590306,1,1699.0,S118,鲁皖一期管道:枣庄->临沂
S8,均等型,high,高档,2050,N067,N053,171.7009,551.7510752633809,31.119268760470973,67.88353726217804,1,1539.0,S115,鲁皖一期管道:枣庄->徐州
S8,均等型,high,高档,2050,N078,N144,9.4886,431.2253864532579,2.200380658950028,294.48902906980624,1,2672.0,S015,兰郑长成品油管道:武汉->长沙
S8,均等型,high,高档,2050,N084,N055,217.8665,217.86652215350006,99.99998983161808,106.86955196721219,1,3683.9991967558117,S017,大港-济南-枣庄成品油管道:沧州->德州
S8,均等型,high,高档,2050,N086,N065,173.908,503.4193919846887,34.54535180188079,98.00774338545631,1,1690.0,S113,鲁皖一期管道:泰安->曲阜
S8,均等型,high,高档,2050,N089,N086,173.908,488.6906307927394,35.58652223757423,50.398245413639174,1,1452.0,S112,鲁皖一期管道:济南->泰安
S8,均等型,high,高档,2050,N132,N133,95.2533,800.0,11.9066625,224.7582135830768,1,2324.0,S032,抚顺-锦州-郑州成品油管道:邯郸->郑州
S8,均等型,high,高档,2050,N133,N078,49.1911,824.2433525391467,5.968031146197653,465.89075796209175,1,3529.0,S014,兰郑长成品油管道:郑州->武汉
S8,均等型,high,高档,2050,N140,N036,47.9203,1091.8228977611855,4.389017678440521,414.53635969453006,1,3273.0,S029,抚顺-锦州-郑州成品油管道:锦州->固安
S8,均等型,high,高档,2055,N018,N057,100.7112,687.1686941372941,14.65596451922739,597.290904615042,1,4186.0,S034,兰成渝成品油管道:兰州->成都
S8,均等型,high,高档,2055,N053,N046,67.0754,618.6191010252712,10.842762515549921,68.2755770992949,1,1541.0,S116,鲁皖一期管道:徐州->宿州
S8,均等型,high,高档,2055,N055,N089,202.2751,249.81140209152736,80.97112393848592,104.77585623653098,1,2339.721361650544,S018,大港-济南-枣庄成品油管道:德州->济南
S8,均等型,high,高档,2055,N065,N067,200.6675,555.6486045010747,36.11410131771722,94.47876262249402,1,1672.0,S114,鲁皖一期管道:曲阜->枣庄
S8,均等型,high,高档,2055,N067,N007,2.1449,630.8494065855263,0.34000190498858923,99.71124775590306,1,1699.0,S118,鲁皖一期管道:枣庄->临沂
S8,均等型,high,高档,2055,N067,N053,198.5226,587.5589068210993,33.787693062824495,67.88353726217804,1,1539.0,S115,鲁皖一期管道:枣庄->徐州
S8,均等型,high,高档,2055,N078,N144,3.7843,462.4711199539185,0.8182781230484348,294.48902906980624,1,2672.0,S015,兰郑长成品油管道:武汉->长沙
S8,均等型,high,高档,2055,N084,N055,234.6624,234.66241741988162,99.99999257662057,106.86955196721219,1,3683.999446012655,S017,大港-济南-枣庄成品油管道:沧州->德州
S8,均等型,high,高档,2055,N086,N065,200.6675,555.6486045010747,36.11410131771722,98.00774338545631,1,1690.0,S113,鲁皖一期管道:泰安->曲阜
S8,均等型,high,高档,2055,N089,N086,200.6675,544.9010977779958,36.82640773129001,50.398245413639174,1,1452.0,S112,鲁皖一期管道:济南->泰安
S8,均等型,high,高档,2055,N132,N133,79.7129,800.0,9.9641125,224.7582135830768,1,2324.0,S032,抚顺-锦州-郑州成品油管道:邯郸->郑州
S8,均等型,high,高档,2055,N133,N078,41.8432,909.0684057891873,4.602865937649078,465.89075796209175,1,3529.0,S014,兰郑长成品油管道:郑州->武汉
S8,均等型,high,高档,2055,N140,N036,59.3111,1161.8540670875645,5.104866581796796,414.53635969453006,1,3273.0,S029,抚顺-锦州-郑州成品油管道:锦州->固安
S8,均等型,high,高档,2060,N018,N057,100.0946,695.8883450140861,14.383715536717876,597.290904615042,1,4186.0,S034,兰成渝成品油管道:兰州->成都
S8,均等型,high,高档,2060,N053,N046,76.0254,639.9646516167563,11.879624883645592,68.2755770992949,1,1541.0,S116,鲁皖一期管道:徐州->宿州
S8,均等型,high,高档,2060,N055,N089,208.5887,276.37402868051674,75.47333625950962,104.77585623653098,1,2230.2716724347965,S018,大港-济南-枣庄成品油管道:德州->济南
S8,均等型,high,高档,2060,N065,N067,207.249,626.2609051227721,33.09307643263648,94.47876262249402,1,1672.0,S114,鲁皖一期管道:曲阜->枣庄
S8,均等型,high,高档,2060,N067,N007,2.1069,649.5345123877524,0.3243707547201502,99.71124775590306,1,1699.0,S118,鲁皖一期管道:枣庄->临沂
S8,均等型,high,高档,2060,N067,N053,205.1421,633.6292689510332,32.37572979221915,67.88353726217804,1,1539.0,S115,鲁皖一期管道:枣庄->徐州
S8,均等型,high,高档,2060,N078,N144,0.2545,500.0,0.0509,294.48902906980624,1,2672.0,S015,兰郑长成品油管道:武汉->长沙
S8,均等型,high,高档,2060,N084,N055,235.58,270.05372385270437,87.23449417364547,106.86955196721219,1,2664.5104423125904,S017,大港-济南-枣庄成品油管道:沧州->德州
S8,均等型,high,高档,2060,N086,N065,207.249,626.2609051227721,33.09307643263648,98.00774338545631,1,1690.0,S113,鲁皖一期管道:泰安->曲阜
S8,均等型,high,高档,2060,N089,N086,207.249,623.6266925275847,33.232862301004346,50.398245413639174,1,1452.0,S112,鲁皖一期管道:济南->泰安
S8,均等型,high,高档,2060,N132,N133,70.5093,800.0,8.8136625,224.7582135830768,1,2324.0,S032,抚顺-锦州-郑州成品油管道:邯郸->郑州
S8,均等型,high,高档,2060,N133,N078,37.7743,995.2883117109299,3.7953123286522743,465.89075796209175,1,3529.0,S014,兰郑长成品油管道:郑州->武汉
S8,均等型,high,高档,2060,N140,N036,66.3851,1242.5970991866527,5.342447688269403,414.53635969453006,1,3273.0,S029,抚顺-锦州-郑州成品油管道:锦州->固安
