scenario,tier,year,demand_node_id,province_key,pipeline_node_id,refinery_city,demand_methanol_10kt,local_direct_methanol_10kt,pipeline_served_methanol_10kt,served_methanol_10kt,unserved_methanol_10kt,demand_met_pct
S1,high,2025,R::RC01,上海,N116,上海市,0.0,0.0,0.0,0.0,0.0,0.0
S1,high,2025,R::RC02,北京,N036,北京市,0.0,0.0,0.0,0.0,0.0,0.0
S1,high,2025,R::RC03,四川,N057,成都市,0.0,0.0,0.0,0.0,0.0,0.0
S1,high,2025,R::RC04,天津,N028,天津市,0.0,0.0,0.0,0.0,0.0,0.0
S1,high,2025,R::RC05,宁夏,N139,银川市,0.0,0.0,0.0,0.0,0.0,0.0
S1,high,2025,R::RC06,山东,N091,东营市,0.0,0.0,0.0,0.0,0.0,0.0
S1,high,2025,R::RC07,山东,N089,济南市,0.0,0.0,0.0,0.0,0.0,0.0
S1,high,2025,R::RC08,广东,N026,广州市,0.0,0.0,0.0,0.0,0.0,0.0
S1,high,2025,R::RC09,广东,N056,惠州市,0.0,0.0,0.0,0.0,0.0,0.0
S1,high,2025,R::RC10,广东,N117,茂名市,0.0,0.0,0.0,0.0,0.0,0.0
S1,high,2025,R::RC11,新疆,N102,乌鲁木齐市,0.0,0.0,0.0,0.0,0.0,0.0
S1,high,2025,R::RC12,江苏,N007,连云港市,0.0,0.0,0.0,0.0,0.0,0.0
S1,high,2025,R::RC13,江西,N010,九江市,0.0,0.0,0.0,0.0,0.0,0.0
S1,high,2025,R::RC14,河北,N084,沧州市,0.0,0.0,0.0,0.0,0.0,0.0
S1,high,2025,R::RC15,河南,N088,洛阳市,0.0,0.0,0.0,0.0,0.0,0.0
S1,high,2025,R::RC16,浙江,N043,宁波市,0.0,0.0,0.0,0.0,0.0,0.0
S1,high,2025,R::RC17,浙江,N043,舟山市,0.0,0.0,0.0,0.0,0.0,0.0
S1,high,2025,R::RC18,湖北,N078,武汉市,0.0,0.0,0.0,0.0,0.0,0.0
S1,high,2025,R::RC19,湖南,N002,岳阳市,0.0,0.0,0.0,0.0,0.0,0.0
S1,high,2025,R::RC20,甘肃,N018,兰州市,0.0,0.0,0.0,0.0,0.0,0.0
S1,high,2025,R::RC21,甘肃,N033,庆阳市,0.0,0.0,0.0,0.0,0.0,0.0
S1,high,2025,R::RC22,辽宁,N129,大连市,0.0,0.0,0.0,0.0,0.0,0.0
S1,high,2025,R::RC23,辽宁,N129,盘锦市,0.0,0.0,0.0,0.0,0.0,0.0
S1,high,2025,R::RC24,青海,N072,海西蒙古族藏族自治州,0.0,0.0,0.0,0.0,0.0,0.0
S1,high,2030,R::RC01,上海,N116,上海市,0.0,0.0,0.0,0.0,0.0,0.0
S1,high,2030,R::RC02,北京,N036,北京市,0.0,0.0,0.0,0.0,0.0,0.0
S1,high,2030,R::RC03,四川,N057,成都市,0.0,0.0,0.0,0.0,0.0,0.0
S1,high,2030,R::RC04,天津,N028,天津市,0.0,0.0,0.0,0.0,0.0,0.0
S1,high,2030,R::RC05,宁夏,N139,银川市,0.0,0.0,0.0,0.0,0.0,0.0
S1,high,2030,R::RC06,山东,N091,东营市,0.0,0.0,0.0,0.0,0.0,0.0
S1,high,2030,R::RC07,山东,N089,济南市,0.0,0.0,0.0,0.0,0.0,0.0
S1,high,2030,R::RC08,广东,N026,广州市,0.0,0.0,0.0,0.0,0.0,0.0
S1,high,2030,R::RC09,广东,N056,惠州市,0.0,0.0,0.0,0.0,0.0,0.0
S1,high,2030,R::RC10,广东,N117,茂名市,0.0,0.0,0.0,0.0,0.0,0.0
S1,high,2030,R::RC11,新疆,N102,乌鲁木齐市,0.0,0.0,0.0,0.0,0.0,0.0
S1,high,2030,R::RC12,江苏,N007,连云港市,0.0,0.0,0.0,0.0,0.0,0.0
S1,high,2030,R::RC13,江西,N010,九江市,0.0,0.0,0.0,0.0,0.0,0.0
S1,high,2030,R::RC14,河北,N084,沧州市,0.0,0.0,0.0,0.0,0.0,0.0
S1,high,2030,R::RC15,河南,N088,洛阳市,0.0,0.0,0.0,0.0,0.0,0.0
S1,high,2030,R::RC16,浙江,N043,宁波市,0.0,0.0,0.0,0.0,0.0,0.0
S1,high,2030,R::RC17,浙江,N043,舟山市,0.0,0.0,0.0,0.0,0.0,0.0
S1,high,2030,R::RC18,湖北,N078,武汉市,0.0,0.0,0.0,0.0,0.0,0.0
S1,high,2030,R::RC19,湖南,N002,岳阳市,0.0,0.0,0.0,0.0,0.0,0.0
S1,high,2030,R::RC20,甘肃,N018,兰州市,0.0,0.0,0.0,0.0,0.0,0.0
S1,high,2030,R::RC21,甘肃,N033,庆阳市,0.0,0.0,0.0,0.0,0.0,0.0
S1,high,2030,R::RC22,辽宁,N129,大连市,0.0,0.0,0.0,0.0,0.0,0.0
S1,high,2030,R::RC23,辽宁,N129,盘锦市,0.0,0.0,0.0,0.0,0.0,0.0
S1,high,2030,R::RC24,青海,N072,海西蒙古族藏族自治州,0.0,0.0,0.0,0.0,0.0,0.0
S1,high,2035,R::RC01,上海,N116,上海市,0.0,0.0,0.0,0.0,0.0,0.0
S1,high,2035,R::RC02,北京,N036,北京市,0.0,0.0,0.0,0.0,0.0,0.0
S1,high,2035,R::RC03,四川,N057,成都市,0.0,0.0,0.0,0.0,0.0,0.0
S1,high,2035,R::RC04,天津,N028,天津市,0.0,0.0,0.0,0.0,0.0,0.0
S1,high,2035,R::RC05,宁夏,N139,银川市,0.0,0.0,0.0,0.0,0.0,0.0
S1,high,2035,R::RC06,山东,N091,东营市,0.0,0.0,0.0,0.0,0.0,0.0
S1,high,2035,R::RC07,山东,N089,济南市,0.0,0.0,0.0,0.0,0.0,0.0
S1,high,2035,R::RC08,广东,N026,广州市,0.0,0.0,0.0,0.0,0.0,0.0
S1,high,2035,R::RC09,广东,N056,惠州市,0.0,0.0,0.0,0.0,0.0,0.0
S1,high,2035,R::RC10,广东,N117,茂名市,0.0,0.0,0.0,0.0,0.0,0.0
S1,high,2035,R::RC11,新疆,N102,乌鲁木齐市,0.0,0.0,0.0,0.0,0.0,0.0
S1,high,2035,R::RC12,江苏,N007,连云港市,0.0,0.0,0.0,0.0,0.0,0.0
S1,high,2035,R::RC13,江西,N010,九江市,0.0,0.0,0.0,0.0,0.0,0.0
S1,high,2035,R::RC14,河北,N084,沧州市,0.0,0.0,0.0,0.0,0.0,0.0
S1,high,2035,R::RC15,河南,N088,洛阳市,0.0,0.0,0.0,0.0,0.0,0.0
S1,high,2035,R::RC16,浙江,N043,宁波市,0.0,0.0,0.0,0.0,0.0,0.0
S1,high,2035,R::RC17,浙江,N043,舟山市,0.0,0.0,0.0,0.0,0.0,0.0
S1,high,2035,R::RC18,湖北,N078,武汉市,0.0,0.0,0.0,0.0,0.0,0.0
S1,high,2035,R::RC19,湖南,N002,岳阳市,0.0,0.0,0.0,0.0,0.0,0.0
S1,high,2035,R::RC20,甘肃,N018,兰州市,0.0,0.0,0.0,0.0,0.0,0.0
S1,high,2035,R::RC21,甘肃,N033,庆阳市,0.0,0.0,0.0,0.0,0.0,0.0
S1,high,2035,R::RC22,辽宁,N129,大连市,0.0,0.0,0.0,0.0,0.0,0.0
S1,high,2035,R::RC23,辽宁,N129,盘锦市,0.0,0.0,0.0,0.0,0.0,0.0
S1,high,2035,R::RC24,青海,N072,海西蒙古族藏族自治州,0.0,0.0,0.0,0.0,0.0,0.0
S1,high,2040,R::RC01,上海,N116,上海市,0.0,0.0,0.0,0.0,0.0,0.0
S1,high,2040,R::RC02,北京,N036,北京市,0.0,0.0,0.0,0.0,0.0,0.0
S1,high,2040,R::RC03,四川,N057,成都市,0.0,0.0,0.0,0.0,0.0,0.0
S1,high,2040,R::RC04,天津,N028,天津市,0.0,0.0,0.0,0.0,0.0,0.0
S1,high,2040,R::RC05,宁夏,N139,银川市,0.0,0.0,0.0,0.0,0.0,0.0
S1,high,2040,R::RC06,山东,N091,东营市,0.0,0.0,0.0,0.0,0.0,0.0
S1,high,2040,R::RC07,山东,N089,济南市,0.0,0.0,0.0,0.0,0.0,0.0
S1,high,2040,R::RC08,广东,N026,广州市,0.0,0.0,0.0,0.0,0.0,0.0
S1,high,2040,R::RC09,广东,N056,惠州市,0.0,0.0,0.0,0.0,0.0,0.0
S1,high,2040,R::RC10,广东,N117,茂名市,0.0,0.0,0.0,0.0,0.0,0.0
S1,high,2040,R::RC11,新疆,N102,乌鲁木齐市,0.0,0.0,0.0,0.0,0.0,0.0
S1,high,2040,R::RC12,江苏,N007,连云港市,0.0,0.0,0.0,0.0,0.0,0.0
S1,high,2040,R::RC13,江西,N010,九江市,0.0,0.0,0.0,0.0,0.0,0.0
S1,high,2040,R::RC14,河北,N084,沧州市,0.0,0.0,0.0,0.0,0.0,0.0
S1,high,2040,R::RC15,河南,N088,洛阳市,0.0,0.0,0.0,0.0,0.0,0.0
S1,high,2040,R::RC16,浙江,N043,宁波市,0.0,0.0,0.0,0.0,0.0,0.0
S1,high,2040,R::RC17,浙江,N043,舟山市,0.0,0.0,0.0,0.0,0.0,0.0
S1,high,2040,R::RC18,湖北,N078,武汉市,0.0,0.0,0.0,0.0,0.0,0.0
S1,high,2040,R::RC19,湖南,N002,岳阳市,0.0,0.0,0.0,0.0,0.0,0.0
S1,high,2040,R::RC20,甘肃,N018,兰州市,0.0,0.0,0.0,0.0,0.0,0.0
S1,high,2040,R::RC21,甘肃,N033,庆阳市,0.0,0.0,0.0,0.0,0.0,0.0
S1,high,2040,R::RC22,辽宁,N129,大连市,0.0,0.0,0.0,0.0,0.0,0.0
S1,high,2040,R::RC23,辽宁,N129,盘锦市,0.0,0.0,0.0,0.0,0.0,0.0
S1,high,2040,R::RC24,青海,N072,海西蒙古族藏族自治州,0.0,0.0,0.0,0.0,0.0,0.0
S1,high,2045,R::RC01,上海,N116,上海市,0.0,0.0,0.0,0.0,0.0,0.0
S1,high,2045,R::RC02,北京,N036,北京市,0.0,0.0,0.0,0.0,0.0,0.0
S1,high,2045,R::RC03,四川,N057,成都市,0.0,0.0,0.0,0.0,0.0,0.0
S1,high,2045,R::RC04,天津,N028,天津市,0.0,0.0,0.0,0.0,0.0,0.0
S1,high,2045,R::RC05,宁夏,N139,银川市,0.0,0.0,0.0,0.0,0.0,0.0
S1,high,2045,R::RC06,山东,N091,东营市,0.0,0.0,0.0,0.0,0.0,0.0
S1,high,2045,R::RC07,山东,N089,济南市,0.0,0.0,0.0,0.0,0.0,0.0
S1,high,2045,R::RC08,广东,N026,广州市,0.0,0.0,0.0,0.0,0.0,0.0
S1,high,2045,R::RC09,广东,N056,惠州市,0.0,0.0,0.0,0.0,0.0,0.0
S1,high,2045,R::RC10,广东,N117,茂名市,0.0,0.0,0.0,0.0,0.0,0.0
S1,high,2045,R::RC11,新疆,N102,乌鲁木齐市,0.0,0.0,0.0,0.0,0.0,0.0
S1,high,2045,R::RC12,江苏,N007,连云港市,0.0,0.0,0.0,0.0,0.0,0.0
S1,high,2045,R::RC13,江西,N010,九江市,0.0,0.0,0.0,0.0,0.0,0.0
S1,high,2045,R::RC14,河北,N084,沧州市,0.0,0.0,0.0,0.0,0.0,0.0
S1,high,2045,R::RC15,河南,N088,洛阳市,0.0,0.0,0.0,0.0,0.0,0.0
S1,high,2045,R::RC16,浙江,N043,宁波市,0.0,0.0,0.0,0.0,0.0,0.0
S1,high,2045,R::RC17,浙江,N043,舟山市,0.0,0.0,0.0,0.0,0.0,0.0
S1,high,2045,R::RC18,湖北,N078,武汉市,0.0,0.0,0.0,0.0,0.0,0.0
S1,high,2045,R::RC19,湖南,N002,岳阳市,0.0,0.0,0.0,0.0,0.0,0.0
S1,high,2045,R::RC20,甘肃,N018,兰州市,0.0,0.0,0.0,0.0,0.0,0.0
S1,high,2045,R::RC21,甘肃,N033,庆阳市,0.0,0.0,0.0,0.0,0.0,0.0
S1,high,2045,R::RC22,辽宁,N129,大连市,0.0,0.0,0.0,0.0,0.0,0.0
S1,high,2045,R::RC23,辽宁,N129,盘锦市,0.0,0.0,0.0,0.0,0.0,0.0
S1,high,2045,R::RC24,青海,N072,海西蒙古族藏族自治州,0.0,0.0,0.0,0.0,0.0,0.0
S1,high,2050,R::RC01,上海,N116,上海市,0.0,0.0,0.0,0.0,0.0,0.0
S1,high,2050,R::RC02,北京,N036,北京市,0.0,0.0,0.0,0.0,0.0,0.0
S1,high,2050,R::RC03,四川,N057,成都市,0.0,0.0,0.0,0.0,0.0,0.0
S1,high,2050,R::RC04,天津,N028,天津市,0.0,0.0,0.0,0.0,0.0,0.0
S1,high,2050,R::RC05,宁夏,N139,银川市,0.0,0.0,0.0,0.0,0.0,0.0
S1,high,2050,R::RC06,山东,N091,东营市,0.0,0.0,0.0,0.0,0.0,0.0
S1,high,2050,R::RC07,山东,N089,济南市,0.0,0.0,0.0,0.0,0.0,0.0
S1,high,2050,R::RC08,广东,N026,广州市,0.0,0.0,0.0,0.0,0.0,0.0
S1,high,2050,R::RC09,广东,N056,惠州市,0.0,0.0,0.0,0.0,0.0,0.0
S1,high,2050,R::RC10,广东,N117,茂名市,0.0,0.0,0.0,0.0,0.0,0.0
S1,high,2050,R::RC11,新疆,N102,乌鲁木齐市,0.0,0.0,0.0,0.0,0.0,0.0
S1,high,2050,R::RC12,江苏,N007,连云港市,0.0,0.0,0.0,0.0,0.0,0.0
S1,high,2050,R::RC13,江西,N010,九江市,0.0,0.0,0.0,0.0,0.0,0.0
S1,high,2050,R::RC14,河北,N084,沧州市,0.0,0.0,0.0,0.0,0.0,0.0
S1,high,2050,R::RC15,河南,N088,洛阳市,0.0,0.0,0.0,0.0,0.0,0.0
S1,high,2050,R::RC16,浙江,N043,宁波市,0.0,0.0,0.0,0.0,0.0,0.0
S1,high,2050,R::RC17,浙江,N043,舟山市,0.0,0.0,0.0,0.0,0.0,0.0
S1,high,2050,R::RC18,湖北,N078,武汉市,0.0,0.0,0.0,0.0,0.0,0.0
S1,high,2050,R::RC19,湖南,N002,岳阳市,0.0,0.0,0.0,0.0,0.0,0.0
S1,high,2050,R::RC20,甘肃,N018,兰州市,0.0,0.0,0.0,0.0,0.0,0.0
S1,high,2050,R::RC21,甘肃,N033,庆阳市,0.0,0.0,0.0,0.0,0.0,0.0
S1,high,2050,R::RC22,辽宁,N129,大连市,0.0,0.0,0.0,0.0,0.0,0.0
S1,high,2050,R::RC23,辽宁,N129,盘锦市,0.0,0.0,0.0,0.0,0.0,0.0
S1,high,2050,R::RC24,青海,N072,海西蒙古族藏族自治州,0.0,0.0,0.0,0.0,0.0,0.0
S1,high,2055,R::RC01,上海,N116,上海市,0.0,0.0,0.0,0.0,0.0,0.0
S1,high,2055,R::RC02,北京,N036,北京市,0.0,0.0,0.0,0.0,0.0,0.0
S1,high,2055,R::RC03,四川,N057,成都市,0.0,0.0,0.0,0.0,0.0,0.0
S1,high,2055,R::RC04,天津,N028,天津市,0.0,0.0,0.0,0.0,0.0,0.0
S1,high,2055,R::RC05,宁夏,N139,银川市,0.0,0.0,0.0,0.0,0.0,0.0
S1,high,2055,R::RC06,山东,N091,东营市,0.0,0.0,0.0,0.0,0.0,0.0
S1,high,2055,R::RC07,山东,N089,济南市,0.0,0.0,0.0,0.0,0.0,0.0
S1,high,2055,R::RC08,广东,N026,广州市,0.0,0.0,0.0,0.0,0.0,0.0
S1,high,2055,R::RC09,广东,N056,惠州市,0.0,0.0,0.0,0.0,0.0,0.0
S1,high,2055,R::RC10,广东,N117,茂名市,0.0,0.0,0.0,0.0,0.0,0.0
S1,high,2055,R::RC11,新疆,N102,乌鲁木齐市,0.0,0.0,0.0,0.0,0.0,0.0
S1,high,2055,R::RC12,江苏,N007,连云港市,0.0,0.0,0.0,0.0,0.0,0.0
S1,high,2055,R::RC13,江西,N010,九江市,0.0,0.0,0.0,0.0,0.0,0.0
S1,high,2055,R::RC14,河北,N084,沧州市,0.0,0.0,0.0,0.0,0.0,0.0
S1,high,2055,R::RC15,河南,N088,洛阳市,0.0,0.0,0.0,0.0,0.0,0.0
S1,high,2055,R::RC16,浙江,N043,宁波市,0.0,0.0,0.0,0.0,0.0,0.0
S1,high,2055,R::RC17,浙江,N043,舟山市,0.0,0.0,0.0,0.0,0.0,0.0
S1,high,2055,R::RC18,湖北,N078,武汉市,0.0,0.0,0.0,0.0,0.0,0.0
S1,high,2055,R::RC19,湖南,N002,岳阳市,0.0,0.0,0.0,0.0,0.0,0.0
S1,high,2055,R::RC20,甘肃,N018,兰州市,0.0,0.0,0.0,0.0,0.0,0.0
S1,high,2055,R::RC21,甘肃,N033,庆阳市,0.0,0.0,0.0,0.0,0.0,0.0
S1,high,2055,R::RC22,辽宁,N129,大连市,0.0,0.0,0.0,0.0,0.0,0.0
S1,high,2055,R::RC23,辽宁,N129,盘锦市,0.0,0.0,0.0,0.0,0.0,0.0
S1,high,2055,R::RC24,青海,N072,海西蒙古族藏族自治州,0.0,0.0,0.0,0.0,0.0,0.0
S1,high,2060,R::RC01,上海,N116,上海市,0.0,0.0,0.0,0.0,0.0,0.0
S1,high,2060,R::RC02,北京,N036,北京市,0.0,0.0,0.0,0.0,0.0,0.0
S1,high,2060,R::RC03,四川,N057,成都市,0.0,0.0,0.0,0.0,0.0,0.0
S1,high,2060,R::RC04,天津,N028,天津市,0.0,0.0,0.0,0.0,0.0,0.0
S1,high,2060,R::RC05,宁夏,N139,银川市,0.0,0.0,0.0,0.0,0.0,0.0
S1,high,2060,R::RC06,山东,N091,东营市,0.0,0.0,0.0,0.0,0.0,0.0
S1,high,2060,R::RC07,山东,N089,济南市,0.0,0.0,0.0,0.0,0.0,0.0
S1,high,2060,R::RC08,广东,N026,广州市,0.0,0.0,0.0,0.0,0.0,0.0
S1,high,2060,R::RC09,广东,N056,惠州市,0.0,0.0,0.0,0.0,0.0,0.0
S1,high,2060,R::RC10,广东,N117,茂名市,0.0,0.0,0.0,0.0,0.0,0.0
S1,high,2060,R::RC11,新疆,N102,乌鲁木齐市,0.0,0.0,0.0,0.0,0.0,0.0
S1,high,2060,R::RC12,江苏,N007,连云港市,0.0,0.0,0.0,0.0,0.0,0.0
S1,high,2060,R::RC13,江西,N010,九江市,0.0,0.0,0.0,0.0,0.0,0.0
S1,high,2060,R::RC14,河北,N084,沧州市,0.0,0.0,0.0,0.0,0.0,0.0
S1,high,2060,R::RC15,河南,N088,洛阳市,0.0,0.0,0.0,0.0,0.0,0.0
S1,high,2060,R::RC16,浙江,N043,宁波市,0.0,0.0,0.0,0.0,0.0,0.0
S1,high,2060,R::RC17,浙江,N043,舟山市,0.0,0.0,0.0,0.0,0.0,0.0
S1,high,2060,R::RC18,湖北,N078,武汉市,0.0,0.0,0.0,0.0,0.0,0.0
S1,high,2060,R::RC19,湖南,N002,岳阳市,0.0,0.0,0.0,0.0,0.0,0.0
S1,high,2060,R::RC20,甘肃,N018,兰州市,0.0,0.0,0.0,0.0,0.0,0.0
S1,high,2060,R::RC21,甘肃,N033,庆阳市,0.0,0.0,0.0,0.0,0.0,0.0
S1,high,2060,R::RC22,辽宁,N129,大连市,0.0,0.0,0.0,0.0,0.0,0.0
S1,high,2060,R::RC23,辽宁,N129,盘锦市,0.0,0.0,0.0,0.0,0.0,0.0
S1,high,2060,R::RC24,青海,N072,海西蒙古族藏族自治州,0.0,0.0,0.0,0.0,0.0,0.0
S1,low,2025,R::RC01,上海,N116,上海市,0.0,0.0,0.0,0.0,0.0,0.0
S1,low,2025,R::RC02,北京,N036,北京市,0.0,0.0,0.0,0.0,0.0,0.0
S1,low,2025,R::RC03,四川,N057,成都市,0.0,0.0,0.0,0.0,0.0,0.0
S1,low,2025,R::RC04,天津,N028,天津市,0.0,0.0,0.0,0.0,0.0,0.0
S1,low,2025,R::RC05,宁夏,N139,银川市,0.0,0.0,0.0,0.0,0.0,0.0
S1,low,2025,R::RC06,山东,N091,东营市,0.0,0.0,0.0,0.0,0.0,0.0
S1,low,2025,R::RC07,山东,N089,济南市,0.0,0.0,0.0,0.0,0.0,0.0
S1,low,2025,R::RC08,广东,N026,广州市,0.0,0.0,0.0,0.0,0.0,0.0
S1,low,2025,R::RC09,广东,N056,惠州市,0.0,0.0,0.0,0.0,0.0,0.0
S1,low,2025,R::RC10,广东,N117,茂名市,0.0,0.0,0.0,0.0,0.0,0.0
S1,low,2025,R::RC11,新疆,N102,乌鲁木齐市,0.0,0.0,0.0,0.0,0.0,0.0
S1,low,2025,R::RC12,江苏,N007,连云港市,0.0,0.0,0.0,0.0,0.0,0.0
S1,low,2025,R::RC13,江西,N010,九江市,0.0,0.0,0.0,0.0,0.0,0.0
S1,low,2025,R::RC14,河北,N084,沧州市,0.0,0.0,0.0,0.0,0.0,0.0
S1,low,2025,R::RC15,河南,N088,洛阳市,0.0,0.0,0.0,0.0,0.0,0.0
S1,low,2025,R::RC16,浙江,N043,宁波市,0.0,0.0,0.0,0.0,0.0,0.0
S1,low,2025,R::RC17,浙江,N043,舟山市,0.0,0.0,0.0,0.0,0.0,0.0
S1,low,2025,R::RC18,湖北,N078,武汉市,0.0,0.0,0.0,0.0,0.0,0.0
S1,low,2025,R::RC19,湖南,N002,岳阳市,0.0,0.0,0.0,0.0,0.0,0.0
S1,low,2025,R::RC20,甘肃,N018,兰州市,0.0,0.0,0.0,0.0,0.0,0.0
S1,low,2025,R::RC21,甘肃,N033,庆阳市,0.0,0.0,0.0,0.0,0.0,0.0
S1,low,2025,R::RC22,辽宁,N129,大连市,0.0,0.0,0.0,0.0,0.0,0.0
S1,low,2025,R::RC23,辽宁,N129,盘锦市,0.0,0.0,0.0,0.0,0.0,0.0
S1,low,2025,R::RC24,青海,N072,海西蒙古族藏族自治州,0.0,0.0,0.0,0.0,0.0,0.0
S1,low,2030,R::RC01,上海,N116,上海市,0.0,0.0,0.0,0.0,0.0,0.0
S1,low,2030,R::RC02,北京,N036,北京市,0.0,0.0,0.0,0.0,0.0,0.0
S1,low,2030,R::RC03,四川,N057,成都市,0.0,0.0,0.0,0.0,0.0,0.0
S1,low,2030,R::RC04,天津,N028,天津市,0.0,0.0,0.0,0.0,0.0,0.0
S1,low,2030,R::RC05,宁夏,N139,银川市,0.0,0.0,0.0,0.0,0.0,0.0
S1,low,2030,R::RC06,山东,N091,东营市,0.0,0.0,0.0,0.0,0.0,0.0
S1,low,2030,R::RC07,山东,N089,济南市,0.0,0.0,0.0,0.0,0.0,0.0
S1,low,2030,R::RC08,广东,N026,广州市,0.0,0.0,0.0,0.0,0.0,0.0
S1,low,2030,R::RC09,广东,N056,惠州市,0.0,0.0,0.0,0.0,0.0,0.0
S1,low,2030,R::RC10,广东,N117,茂名市,0.0,0.0,0.0,0.0,0.0,0.0
S1,low,2030,R::RC11,新疆,N102,乌鲁木齐市,0.0,0.0,0.0,0.0,0.0,0.0
S1,low,2030,R::RC12,江苏,N007,连云港市,0.0,0.0,0.0,0.0,0.0,0.0
S1,low,2030,R::RC13,江西,N010,九江市,0.0,0.0,0.0,0.0,0.0,0.0
S1,low,2030,R::RC14,河北,N084,沧州市,0.0,0.0,0.0,0.0,0.0,0.0
S1,low,2030,R::RC15,河南,N088,洛阳市,0.0,0.0,0.0,0.0,0.0,0.0
S1,low,2030,R::RC16,浙江,N043,宁波市,0.0,0.0,0.0,0.0,0.0,0.0
S1,low,2030,R::RC17,浙江,N043,舟山市,0.0,0.0,0.0,0.0,0.0,0.0
S1,low,2030,R::RC18,湖北,N078,武汉市,0.0,0.0,0.0,0.0,0.0,0.0
S1,low,2030,R::RC19,湖南,N002,岳阳市,0.0,0.0,0.0,0.0,0.0,0.0
S1,low,2030,R::RC20,甘肃,N018,兰州市,0.0,0.0,0.0,0.0,0.0,0.0
S1,low,2030,R::RC21,甘肃,N033,庆阳市,0.0,0.0,0.0,0.0,0.0,0.0
S1,low,2030,R::RC22,辽宁,N129,大连市,0.0,0.0,0.0,0.0,0.0,0.0
S1,low,2030,R::RC23,辽宁,N129,盘锦市,0.0,0.0,0.0,0.0,0.0,0.0
S1,low,2030,R::RC24,青海,N072,海西蒙古族藏族自治州,0.0,0.0,0.0,0.0,0.0,0.0
S1,low,2035,R::RC01,上海,N116,上海市,0.0,0.0,0.0,0.0,0.0,0.0
S1,low,2035,R::RC02,北京,N036,北京市,0.0,0.0,0.0,0.0,0.0,0.0
S1,low,2035,R::RC03,四川,N057,成都市,0.0,0.0,0.0,0.0,0.0,0.0
S1,low,2035,R::RC04,天津,N028,天津市,0.0,0.0,0.0,0.0,0.0,0.0
S1,low,2035,R::RC05,宁夏,N139,银川市,0.0,0.0,0.0,0.0,0.0,0.0
S1,low,2035,R::RC06,山东,N091,东营市,0.0,0.0,0.0,0.0,0.0,0.0
S1,low,2035,R::RC07,山东,N089,济南市,0.0,0.0,0.0,0.0,0.0,0.0
S1,low,2035,R::RC08,广东,N026,广州市,0.0,0.0,0.0,0.0,0.0,0.0
S1,low,2035,R::RC09,广东,N056,惠州市,0.0,0.0,0.0,0.0,0.0,0.0
S1,low,2035,R::RC10,广东,N117,茂名市,0.0,0.0,0.0,0.0,0.0,0.0
S1,low,2035,R::RC11,新疆,N102,乌鲁木齐市,0.0,0.0,0.0,0.0,0.0,0.0
S1,low,2035,R::RC12,江苏,N007,连云港市,0.0,0.0,0.0,0.0,0.0,0.0
S1,low,2035,R::RC13,江西,N010,九江市,0.0,0.0,0.0,0.0,0.0,0.0
S1,low,2035,R::RC14,河北,N084,沧州市,0.0,0.0,0.0,0.0,0.0,0.0
S1,low,2035,R::RC15,河南,N088,洛阳市,0.0,0.0,0.0,0.0,0.0,0.0
S1,low,2035,R::RC16,浙江,N043,宁波市,0.0,0.0,0.0,0.0,0.0,0.0
S1,low,2035,R::RC17,浙江,N043,舟山市,0.0,0.0,0.0,0.0,0.0,0.0
S1,low,2035,R::RC18,湖北,N078,武汉市,0.0,0.0,0.0,0.0,0.0,0.0
S1,low,2035,R::RC19,湖南,N002,岳阳市,0.0,0.0,0.0,0.0,0.0,0.0
S1,low,2035,R::RC20,甘肃,N018,兰州市,0.0,0.0,0.0,0.0,0.0,0.0
S1,low,2035,R::RC21,甘肃,N033,庆阳市,0.0,0.0,0.0,0.0,0.0,0.0
S1,low,2035,R::RC22,辽宁,N129,大连市,0.0,0.0,0.0,0.0,0.0,0.0
S1,low,2035,R::RC23,辽宁,N129,盘锦市,0.0,0.0,0.0,0.0,0.0,0.0
S1,low,2035,R::RC24,青海,N072,海西蒙古族藏族自治州,0.0,0.0,0.0,0.0,0.0,0.0
S1,low,2040,R::RC01,上海,N116,上海市,0.0,0.0,0.0,0.0,0.0,0.0
S1,low,2040,R::RC02,北京,N036,北京市,0.0,0.0,0.0,0.0,0.0,0.0
S1,low,2040,R::RC03,四川,N057,成都市,0.0,0.0,0.0,0.0,0.0,0.0
S1,low,2040,R::RC04,天津,N028,天津市,0.0,0.0,0.0,0.0,0.0,0.0
S1,low,2040,R::RC05,宁夏,N139,银川市,0.0,0.0,0.0,0.0,0.0,0.0
S1,low,2040,R::RC06,山东,N091,东营市,0.0,0.0,0.0,0.0,0.0,0.0
S1,low,2040,R::RC07,山东,N089,济南市,0.0,0.0,0.0,0.0,0.0,0.0
S1,low,2040,R::RC08,广东,N026,广州市,0.0,0.0,0.0,0.0,0.0,0.0
S1,low,2040,R::RC09,广东,N056,惠州市,0.0,0.0,0.0,0.0,0.0,0.0
S1,low,2040,R::RC10,广东,N117,茂名市,0.0,0.0,0.0,0.0,0.0,0.0
S1,low,2040,R::RC11,新疆,N102,乌鲁木齐市,0.0,0.0,0.0,0.0,0.0,0.0
S1,low,2040,R::RC12,江苏,N007,连云港市,0.0,0.0,0.0,0.0,0.0,0.0
S1,low,2040,R::RC13,江西,N010,九江市,0.0,0.0,0.0,0.0,0.0,0.0
S1,low,2040,R::RC14,河北,N084,沧州市,0.0,0.0,0.0,0.0,0.0,0.0
S1,low,2040,R::RC15,河南,N088,洛阳市,0.0,0.0,0.0,0.0,0.0,0.0
S1,low,2040,R::RC16,浙江,N043,宁波市,0.0,0.0,0.0,0.0,0.0,0.0
S1,low,2040,R::RC17,浙江,N043,舟山市,0.0,0.0,0.0,0.0,0.0,0.0
S1,low,2040,R::RC18,湖北,N078,武汉市,0.0,0.0,0.0,0.0,0.0,0.0
S1,low,2040,R::RC19,湖南,N002,岳阳市,0.0,0.0,0.0,0.0,0.0,0.0
S1,low,2040,R::RC20,甘肃,N018,兰州市,0.0,0.0,0.0,0.0,0.0,0.0
S1,low,2040,R::RC21,甘肃,N033,庆阳市,0.0,0.0,0.0,0.0,0.0,0.0
S1,low,2040,R::RC22,辽宁,N129,大连市,0.0,0.0,0.0,0.0,0.0,0.0
S1,low,2040,R::RC23,辽宁,N129,盘锦市,0.0,0.0,0.0,0.0,0.0,0.0
S1,low,2040,R::RC24,青海,N072,海西蒙古族藏族自治州,0.0,0.0,0.0,0.0,0.0,0.0
S1,low,2045,R::RC01,上海,N116,上海市,0.0,0.0,0.0,0.0,0.0,0.0
S1,low,2045,R::RC02,北京,N036,北京市,0.0,0.0,0.0,0.0,0.0,0.0
S1,low,2045,R::RC03,四川,N057,成都市,0.0,0.0,0.0,0.0,0.0,0.0
S1,low,2045,R::RC04,天津,N028,天津市,0.0,0.0,0.0,0.0,0.0,0.0
S1,low,2045,R::RC05,宁夏,N139,银川市,0.0,0.0,0.0,0.0,0.0,0.0
S1,low,2045,R::RC06,山东,N091,东营市,0.0,0.0,0.0,0.0,0.0,0.0
S1,low,2045,R::RC07,山东,N089,济南市,0.0,0.0,0.0,0.0,0.0,0.0
S1,low,2045,R::RC08,广东,N026,广州市,0.0,0.0,0.0,0.0,0.0,0.0
S1,low,2045,R::RC09,广东,N056,惠州市,0.0,0.0,0.0,0.0,0.0,0.0
S1,low,2045,R::RC10,广东,N117,茂名市,0.0,0.0,0.0,0.0,0.0,0.0
S1,low,2045,R::RC11,新疆,N102,乌鲁木齐市,0.0,0.0,0.0,0.0,0.0,0.0
S1,low,2045,R::RC12,江苏,N007,连云港市,0.0,0.0,0.0,0.0,0.0,0.0
S1,low,2045,R::RC13,江西,N010,九江市,0.0,0.0,0.0,0.0,0.0,0.0
S1,low,2045,R::RC14,河北,N084,沧州市,0.0,0.0,0.0,0.0,0.0,0.0
S1,low,2045,R::RC15,河南,N088,洛阳市,0.0,0.0,0.0,0.0,0.0,0.0
S1,low,2045,R::RC16,浙江,N043,宁波市,0.0,0.0,0.0,0.0,0.0,0.0
S1,low,2045,R::RC17,浙江,N043,舟山市,0.0,0.0,0.0,0.0,0.0,0.0
S1,low,2045,R::RC18,湖北,N078,武汉市,0.0,0.0,0.0,0.0,0.0,0.0
S1,low,2045,R::RC19,湖南,N002,岳阳市,0.0,0.0,0.0,0.0,0.0,0.0
S1,low,2045,R::RC20,甘肃,N018,兰州市,0.0,0.0,0.0,0.0,0.0,0.0
S1,low,2045,R::RC21,甘肃,N033,庆阳市,0.0,0.0,0.0,0.0,0.0,0.0
S1,low,2045,R::RC22,辽宁,N129,大连市,0.0,0.0,0.0,0.0,0.0,0.0
S1,low,2045,R::RC23,辽宁,N129,盘锦市,0.0,0.0,0.0,0.0,0.0,0.0
S1,low,2045,R::RC24,青海,N072,海西蒙古族藏族自治州,0.0,0.0,0.0,0.0,0.0,0.0
S1,low,2050,R::RC01,上海,N116,上海市,0.0,0.0,0.0,0.0,0.0,0.0
S1,low,2050,R::RC02,北京,N036,北京市,0.0,0.0,0.0,0.0,0.0,0.0
S1,low,2050,R::RC03,四川,N057,成都市,0.0,0.0,0.0,0.0,0.0,0.0
S1,low,2050,R::RC04,天津,N028,天津市,0.0,0.0,0.0,0.0,0.0,0.0
S1,low,2050,R::RC05,宁夏,N139,银川市,0.0,0.0,0.0,0.0,0.0,0.0
S1,low,2050,R::RC06,山东,N091,东营市,0.0,0.0,0.0,0.0,0.0,0.0
S1,low,2050,R::RC07,山东,N089,济南市,0.0,0.0,0.0,0.0,0.0,0.0
S1,low,2050,R::RC08,广东,N026,广州市,0.0,0.0,0.0,0.0,0.0,0.0
S1,low,2050,R::RC09,广东,N056,惠州市,0.0,0.0,0.0,0.0,0.0,0.0
S1,low,2050,R::RC10,广东,N117,茂名市,0.0,0.0,0.0,0.0,0.0,0.0
S1,low,2050,R::RC11,新疆,N102,乌鲁木齐市,0.0,0.0,0.0,0.0,0.0,0.0
S1,low,2050,R::RC12,江苏,N007,连云港市,0.0,0.0,0.0,0.0,0.0,0.0
S1,low,2050,R::RC13,江西,N010,九江市,0.0,0.0,0.0,0.0,0.0,0.0
S1,low,2050,R::RC14,河北,N084,沧州市,0.0,0.0,0.0,0.0,0.0,0.0
S1,low,2050,R::RC15,河南,N088,洛阳市,0.0,0.0,0.0,0.0,0.0,0.0
S1,low,2050,R::RC16,浙江,N043,宁波市,0.0,0.0,0.0,0.0,0.0,0.0
S1,low,2050,R::RC17,浙江,N043,舟山市,0.0,0.0,0.0,0.0,0.0,0.0
S1,low,2050,R::RC18,湖北,N078,武汉市,0.0,0.0,0.0,0.0,0.0,0.0
S1,low,2050,R::RC19,湖南,N002,岳阳市,0.0,0.0,0.0,0.0,0.0,0.0
S1,low,2050,R::RC20,甘肃,N018,兰州市,0.0,0.0,0.0,0.0,0.0,0.0
S1,low,2050,R::RC21,甘肃,N033,庆阳市,0.0,0.0,0.0,0.0,0.0,0.0
S1,low,2050,R::RC22,辽宁,N129,大连市,0.0,0.0,0.0,0.0,0.0,0.0
S1,low,2050,R::RC23,辽宁,N129,盘锦市,0.0,0.0,0.0,0.0,0.0,0.0
S1,low,2050,R::RC24,青海,N072,海西蒙古族藏族自治州,0.0,0.0,0.0,0.0,0.0,0.0
S1,low,2055,R::RC01,上海,N116,上海市,0.0,0.0,0.0,0.0,0.0,0.0
S1,low,2055,R::RC02,北京,N036,北京市,0.0,0.0,0.0,0.0,0.0,0.0
S1,low,2055,R::RC03,四川,N057,成都市,0.0,0.0,0.0,0.0,0.0,0.0
S1,low,2055,R::RC04,天津,N028,天津市,0.0,0.0,0.0,0.0,0.0,0.0
S1,low,2055,R::RC05,宁夏,N139,银川市,0.0,0.0,0.0,0.0,0.0,0.0
S1,low,2055,R::RC06,山东,N091,东营市,0.0,0.0,0.0,0.0,0.0,0.0
S1,low,2055,R::RC07,山东,N089,济南市,0.0,0.0,0.0,0.0,0.0,0.0
S1,low,2055,R::RC08,广东,N026,广州市,0.0,0.0,0.0,0.0,0.0,0.0
S1,low,2055,R::RC09,广东,N056,惠州市,0.0,0.0,0.0,0.0,0.0,0.0
S1,low,2055,R::RC10,广东,N117,茂名市,0.0,0.0,0.0,0.0,0.0,0.0
S1,low,2055,R::RC11,新疆,N102,乌鲁木齐市,0.0,0.0,0.0,0.0,0.0,0.0
S1,low,2055,R::RC12,江苏,N007,连云港市,0.0,0.0,0.0,0.0,0.0,0.0
S1,low,2055,R::RC13,江西,N010,九江市,0.0,0.0,0.0,0.0,0.0,0.0
S1,low,2055,R::RC14,河北,N084,沧州市,0.0,0.0,0.0,0.0,0.0,0.0
S1,low,2055,R::RC15,河南,N088,洛阳市,0.0,0.0,0.0,0.0,0.0,0.0
S1,low,2055,R::RC16,浙江,N043,宁波市,0.0,0.0,0.0,0.0,0.0,0.0
S1,low,2055,R::RC17,浙江,N043,舟山市,0.0,0.0,0.0,0.0,0.0,0.0
S1,low,2055,R::RC18,湖北,N078,武汉市,0.0,0.0,0.0,0.0,0.0,0.0
S1,low,2055,R::RC19,湖南,N002,岳阳市,0.0,0.0,0.0,0.0,0.0,0.0
S1,low,2055,R::RC20,甘肃,N018,兰州市,0.0,0.0,0.0,0.0,0.0,0.0
S1,low,2055,R::RC21,甘肃,N033,庆阳市,0.0,0.0,0.0,0.0,0.0,0.0
S1,low,2055,R::RC22,辽宁,N129,大连市,0.0,0.0,0.0,0.0,0.0,0.0
S1,low,2055,R::RC23,辽宁,N129,盘锦市,0.0,0.0,0.0,0.0,0.0,0.0
S1,low,2055,R::RC24,青海,N072,海西蒙古族藏族自治州,0.0,0.0,0.0,0.0,0.0,0.0
S1,low,2060,R::RC01,上海,N116,上海市,0.0,0.0,0.0,0.0,0.0,0.0
S1,low,2060,R::RC02,北京,N036,北京市,0.0,0.0,0.0,0.0,0.0,0.0
S1,low,2060,R::RC03,四川,N057,成都市,0.0,0.0,0.0,0.0,0.0,0.0
S1,low,2060,R::RC04,天津,N028,天津市,0.0,0.0,0.0,0.0,0.0,0.0
S1,low,2060,R::RC05,宁夏,N139,银川市,0.0,0.0,0.0,0.0,0.0,0.0
S1,low,2060,R::RC06,山东,N091,东营市,0.0,0.0,0.0,0.0,0.0,0.0
S1,low,2060,R::RC07,山东,N089,济南市,0.0,0.0,0.0,0.0,0.0,0.0
S1,low,2060,R::RC08,广东,N026,广州市,0.0,0.0,0.0,0.0,0.0,0.0
S1,low,2060,R::RC09,广东,N056,惠州市,0.0,0.0,0.0,0.0,0.0,0.0
S1,low,2060,R::RC10,广东,N117,茂名市,0.0,0.0,0.0,0.0,0.0,0.0
S1,low,2060,R::RC11,新疆,N102,乌鲁木齐市,0.0,0.0,0.0,0.0,0.0,0.0
S1,low,2060,R::RC12,江苏,N007,连云港市,0.0,0.0,0.0,0.0,0.0,0.0
S1,low,2060,R::RC13,江西,N010,九江市,0.0,0.0,0.0,0.0,0.0,0.0
S1,low,2060,R::RC14,河北,N084,沧州市,0.0,0.0,0.0,0.0,0.0,0.0
S1,low,2060,R::RC15,河南,N088,洛阳市,0.0,0.0,0.0,0.0,0.0,0.0
S1,low,2060,R::RC16,浙江,N043,宁波市,0.0,0.0,0.0,0.0,0.0,0.0
S1,low,2060,R::RC17,浙江,N043,舟山市,0.0,0.0,0.0,0.0,0.0,0.0
S1,low,2060,R::RC18,湖北,N078,武汉市,0.0,0.0,0.0,0.0,0.0,0.0
S1,low,2060,R::RC19,湖南,N002,岳阳市,0.0,0.0,0.0,0.0,0.0,0.0
S1,low,2060,R::RC20,甘肃,N018,兰州市,0.0,0.0,0.0,0.0,0.0,0.0
S1,low,2060,R::RC21,甘肃,N033,庆阳市,0.0,0.0,0.0,0.0,0.0,0.0
S1,low,2060,R::RC22,辽宁,N129,大连市,0.0,0.0,0.0,0.0,0.0,0.0
S1,low,2060,R::RC23,辽宁,N129,盘锦市,0.0,0.0,0.0,0.0,0.0,0.0
S1,low,2060,R::RC24,青海,N072,海西蒙古族藏族自治州,0.0,0.0,0.0,0.0,0.0,0.0
S1,mid,2025,R::RC01,上海,N116,上海市,0.0,0.0,0.0,0.0,0.0,0.0
S1,mid,2025,R::RC02,北京,N036,北京市,0.0,0.0,0.0,0.0,0.0,0.0
S1,mid,2025,R::RC03,四川,N057,成都市,0.0,0.0,0.0,0.0,0.0,0.0
S1,mid,2025,R::RC04,天津,N028,天津市,0.0,0.0,0.0,0.0,0.0,0.0
S1,mid,2025,R::RC05,宁夏,N139,银川市,0.0,0.0,0.0,0.0,0.0,0.0
S1,mid,2025,R::RC06,山东,N091,东营市,0.0,0.0,0.0,0.0,0.0,0.0
S1,mid,2025,R::RC07,山东,N089,济南市,0.0,0.0,0.0,0.0,0.0,0.0
S1,mid,2025,R::RC08,广东,N026,广州市,0.0,0.0,0.0,0.0,0.0,0.0
S1,mid,2025,R::RC09,广东,N056,惠州市,0.0,0.0,0.0,0.0,0.0,0.0
S1,mid,2025,R::RC10,广东,N117,茂名市,0.0,0.0,0.0,0.0,0.0,0.0
S1,mid,2025,R::RC11,新疆,N102,乌鲁木齐市,0.0,0.0,0.0,0.0,0.0,0.0
S1,mid,2025,R::RC12,江苏,N007,连云港市,0.0,0.0,0.0,0.0,0.0,0.0
S1,mid,2025,R::RC13,江西,N010,九江市,0.0,0.0,0.0,0.0,0.0,0.0
S1,mid,2025,R::RC14,河北,N084,沧州市,0.0,0.0,0.0,0.0,0.0,0.0
S1,mid,2025,R::RC15,河南,N088,洛阳市,0.0,0.0,0.0,0.0,0.0,0.0
S1,mid,2025,R::RC16,浙江,N043,宁波市,0.0,0.0,0.0,0.0,0.0,0.0
S1,mid,2025,R::RC17,浙江,N043,舟山市,0.0,0.0,0.0,0.0,0.0,0.0
S1,mid,2025,R::RC18,湖北,N078,武汉市,0.0,0.0,0.0,0.0,0.0,0.0
S1,mid,2025,R::RC19,湖南,N002,岳阳市,0.0,0.0,0.0,0.0,0.0,0.0
S1,mid,2025,R::RC20,甘肃,N018,兰州市,0.0,0.0,0.0,0.0,0.0,0.0
S1,mid,2025,R::RC21,甘肃,N033,庆阳市,0.0,0.0,0.0,0.0,0.0,0.0
S1,mid,2025,R::RC22,辽宁,N129,大连市,0.0,0.0,0.0,0.0,0.0,0.0
S1,mid,2025,R::RC23,辽宁,N129,盘锦市,0.0,0.0,0.0,0.0,0.0,0.0
S1,mid,2025,R::RC24,青海,N072,海西蒙古族藏族自治州,0.0,0.0,0.0,0.0,0.0,0.0
S1,mid,2030,R::RC01,上海,N116,上海市,0.0,0.0,0.0,0.0,0.0,0.0
S1,mid,2030,R::RC02,北京,N036,北京市,0.0,0.0,0.0,0.0,0.0,0.0
S1,mid,2030,R::RC03,四川,N057,成都市,0.0,0.0,0.0,0.0,0.0,0.0
S1,mid,2030,R::RC04,天津,N028,天津市,0.0,0.0,0.0,0.0,0.0,0.0
S1,mid,2030,R::RC05,宁夏,N139,银川市,0.0,0.0,0.0,0.0,0.0,0.0
S1,mid,2030,R::RC06,山东,N091,东营市,0.0,0.0,0.0,0.0,0.0,0.0
S1,mid,2030,R::RC07,山东,N089,济南市,0.0,0.0,0.0,0.0,0.0,0.0
S1,mid,2030,R::RC08,广东,N026,广州市,0.0,0.0,0.0,0.0,0.0,0.0
S1,mid,2030,R::RC09,广东,N056,惠州市,0.0,0.0,0.0,0.0,0.0,0.0
S1,mid,2030,R::RC10,广东,N117,茂名市,0.0,0.0,0.0,0.0,0.0,0.0
S1,mid,2030,R::RC11,新疆,N102,乌鲁木齐市,0.0,0.0,0.0,0.0,0.0,0.0
S1,mid,2030,R::RC12,江苏,N007,连云港市,0.0,0.0,0.0,0.0,0.0,0.0
S1,mid,2030,R::RC13,江西,N010,九江市,0.0,0.0,0.0,0.0,0.0,0.0
S1,mid,2030,R::RC14,河北,N084,沧州市,0.0,0.0,0.0,0.0,0.0,0.0
S1,mid,2030,R::RC15,河南,N088,洛阳市,0.0,0.0,0.0,0.0,0.0,0.0
S1,mid,2030,R::RC16,浙江,N043,宁波市,0.0,0.0,0.0,0.0,0.0,0.0
S1,mid,2030,R::RC17,浙江,N043,舟山市,0.0,0.0,0.0,0.0,0.0,0.0
S1,mid,2030,R::RC18,湖北,N078,武汉市,0.0,0.0,0.0,0.0,0.0,0.0
S1,mid,2030,R::RC19,湖南,N002,岳阳市,0.0,0.0,0.0,0.0,0.0,0.0
S1,mid,2030,R::RC20,甘肃,N018,兰州市,0.0,0.0,0.0,0.0,0.0,0.0
S1,mid,2030,R::RC21,甘肃,N033,庆阳市,0.0,0.0,0.0,0.0,0.0,0.0
S1,mid,2030,R::RC22,辽宁,N129,大连市,0.0,0.0,0.0,0.0,0.0,0.0
S1,mid,2030,R::RC23,辽宁,N129,盘锦市,0.0,0.0,0.0,0.0,0.0,0.0
S1,mid,2030,R::RC24,青海,N072,海西蒙古族藏族自治州,0.0,0.0,0.0,0.0,0.0,0.0
S1,mid,2035,R::RC01,上海,N116,上海市,0.0,0.0,0.0,0.0,0.0,0.0
S1,mid,2035,R::RC02,北京,N036,北京市,0.0,0.0,0.0,0.0,0.0,0.0
S1,mid,2035,R::RC03,四川,N057,成都市,0.0,0.0,0.0,0.0,0.0,0.0
S1,mid,2035,R::RC04,天津,N028,天津市,0.0,0.0,0.0,0.0,0.0,0.0
S1,mid,2035,R::RC05,宁夏,N139,银川市,0.0,0.0,0.0,0.0,0.0,0.0
S1,mid,2035,R::RC06,山东,N091,东营市,0.0,0.0,0.0,0.0,0.0,0.0
S1,mid,2035,R::RC07,山东,N089,济南市,0.0,0.0,0.0,0.0,0.0,0.0
S1,mid,2035,R::RC08,广东,N026,广州市,0.0,0.0,0.0,0.0,0.0,0.0
S1,mid,2035,R::RC09,广东,N056,惠州市,0.0,0.0,0.0,0.0,0.0,0.0
S1,mid,2035,R::RC10,广东,N117,茂名市,0.0,0.0,0.0,0.0,0.0,0.0
S1,mid,2035,R::RC11,新疆,N102,乌鲁木齐市,0.0,0.0,0.0,0.0,0.0,0.0
S1,mid,2035,R::RC12,江苏,N007,连云港市,0.0,0.0,0.0,0.0,0.0,0.0
S1,mid,2035,R::RC13,江西,N010,九江市,0.0,0.0,0.0,0.0,0.0,0.0
S1,mid,2035,R::RC14,河北,N084,沧州市,0.0,0.0,0.0,0.0,0.0,0.0
S1,mid,2035,R::RC15,河南,N088,洛阳市,0.0,0.0,0.0,0.0,0.0,0.0
S1,mid,2035,R::RC16,浙江,N043,宁波市,0.0,0.0,0.0,0.0,0.0,0.0
S1,mid,2035,R::RC17,浙江,N043,舟山市,0.0,0.0,0.0,0.0,0.0,0.0
S1,mid,2035,R::RC18,湖北,N078,武汉市,0.0,0.0,0.0,0.0,0.0,0.0
S1,mid,2035,R::RC19,湖南,N002,岳阳市,0.0,0.0,0.0,0.0,0.0,0.0
S1,mid,2035,R::RC20,甘肃,N018,兰州市,0.0,0.0,0.0,0.0,0.0,0.0
S1,mid,2035,R::RC21,甘肃,N033,庆阳市,0.0,0.0,0.0,0.0,0.0,0.0
S1,mid,2035,R::RC22,辽宁,N129,大连市,0.0,0.0,0.0,0.0,0.0,0.0
S1,mid,2035,R::RC23,辽宁,N129,盘锦市,0.0,0.0,0.0,0.0,0.0,0.0
S1,mid,2035,R::RC24,青海,N072,海西蒙古族藏族自治州,0.0,0.0,0.0,0.0,0.0,0.0
S1,mid,2040,R::RC01,上海,N116,上海市,0.0,0.0,0.0,0.0,0.0,0.0
S1,mid,2040,R::RC02,北京,N036,北京市,0.0,0.0,0.0,0.0,0.0,0.0
S1,mid,2040,R::RC03,四川,N057,成都市,0.0,0.0,0.0,0.0,0.0,0.0
S1,mid,2040,R::RC04,天津,N028,天津市,0.0,0.0,0.0,0.0,0.0,0.0
S1,mid,2040,R::RC05,宁夏,N139,银川市,0.0,0.0,0.0,0.0,0.0,0.0
S1,mid,2040,R::RC06,山东,N091,东营市,0.0,0.0,0.0,0.0,0.0,0.0
S1,mid,2040,R::RC07,山东,N089,济南市,0.0,0.0,0.0,0.0,0.0,0.0
S1,mid,2040,R::RC08,广东,N026,广州市,0.0,0.0,0.0,0.0,0.0,0.0
S1,mid,2040,R::RC09,广东,N056,惠州市,0.0,0.0,0.0,0.0,0.0,0.0
S1,mid,2040,R::RC10,广东,N117,茂名市,0.0,0.0,0.0,0.0,0.0,0.0
S1,mid,2040,R::RC11,新疆,N102,乌鲁木齐市,0.0,0.0,0.0,0.0,0.0,0.0
S1,mid,2040,R::RC12,江苏,N007,连云港市,0.0,0.0,0.0,0.0,0.0,0.0
S1,mid,2040,R::RC13,江西,N010,九江市,0.0,0.0,0.0,0.0,0.0,0.0
S1,mid,2040,R::RC14,河北,N084,沧州市,0.0,0.0,0.0,0.0,0.0,0.0
S1,mid,2040,R::RC15,河南,N088,洛阳市,0.0,0.0,0.0,0.0,0.0,0.0
S1,mid,2040,R::RC16,浙江,N043,宁波市,0.0,0.0,0.0,0.0,0.0,0.0
S1,mid,2040,R::RC17,浙江,N043,舟山市,0.0,0.0,0.0,0.0,0.0,0.0
S1,mid,2040,R::RC18,湖北,N078,武汉市,0.0,0.0,0.0,0.0,0.0,0.0
S1,mid,2040,R::RC19,湖南,N002,岳阳市,0.0,0.0,0.0,0.0,0.0,0.0
S1,mid,2040,R::RC20,甘肃,N018,兰州市,0.0,0.0,0.0,0.0,0.0,0.0
S1,mid,2040,R::RC21,甘肃,N033,庆阳市,0.0,0.0,0.0,0.0,0.0,0.0
S1,mid,2040,R::RC22,辽宁,N129,大连市,0.0,0.0,0.0,0.0,0.0,0.0
S1,mid,2040,R::RC23,辽宁,N129,盘锦市,0.0,0.0,0.0,0.0,0.0,0.0
S1,mid,2040,R::RC24,青海,N072,海西蒙古族藏族自治州,0.0,0.0,0.0,0.0,0.0,0.0
S1,mid,2045,R::RC01,上海,N116,上海市,0.0,0.0,0.0,0.0,0.0,0.0
S1,mid,2045,R::RC02,北京,N036,北京市,0.0,0.0,0.0,0.0,0.0,0.0
S1,mid,2045,R::RC03,四川,N057,成都市,0.0,0.0,0.0,0.0,0.0,0.0
S1,mid,2045,R::RC04,天津,N028,天津市,0.0,0.0,0.0,0.0,0.0,0.0
S1,mid,2045,R::RC05,宁夏,N139,银川市,0.0,0.0,0.0,0.0,0.0,0.0
S1,mid,2045,R::RC06,山东,N091,东营市,0.0,0.0,0.0,0.0,0.0,0.0
S1,mid,2045,R::RC07,山东,N089,济南市,0.0,0.0,0.0,0.0,0.0,0.0
S1,mid,2045,R::RC08,广东,N026,广州市,0.0,0.0,0.0,0.0,0.0,0.0
S1,mid,2045,R::RC09,广东,N056,惠州市,0.0,0.0,0.0,0.0,0.0,0.0
S1,mid,2045,R::RC10,广东,N117,茂名市,0.0,0.0,0.0,0.0,0.0,0.0
S1,mid,2045,R::RC11,新疆,N102,乌鲁木齐市,0.0,0.0,0.0,0.0,0.0,0.0
S1,mid,2045,R::RC12,江苏,N007,连云港市,0.0,0.0,0.0,0.0,0.0,0.0
S1,mid,2045,R::RC13,江西,N010,九江市,0.0,0.0,0.0,0.0,0.0,0.0
S1,mid,2045,R::RC14,河北,N084,沧州市,0.0,0.0,0.0,0.0,0.0,0.0
S1,mid,2045,R::RC15,河南,N088,洛阳市,0.0,0.0,0.0,0.0,0.0,0.0
S1,mid,2045,R::RC16,浙江,N043,宁波市,0.0,0.0,0.0,0.0,0.0,0.0
S1,mid,2045,R::RC17,浙江,N043,舟山市,0.0,0.0,0.0,0.0,0.0,0.0
S1,mid,2045,R::RC18,湖北,N078,武汉市,0.0,0.0,0.0,0.0,0.0,0.0
S1,mid,2045,R::RC19,湖南,N002,岳阳市,0.0,0.0,0.0,0.0,0.0,0.0
S1,mid,2045,R::RC20,甘肃,N018,兰州市,0.0,0.0,0.0,0.0,0.0,0.0
S1,mid,2045,R::RC21,甘肃,N033,庆阳市,0.0,0.0,0.0,0.0,0.0,0.0
S1,mid,2045,R::RC22,辽宁,N129,大连市,0.0,0.0,0.0,0.0,0.0,0.0
S1,mid,2045,R::RC23,辽宁,N129,盘锦市,0.0,0.0,0.0,0.0,0.0,0.0
S1,mid,2045,R::RC24,青海,N072,海西蒙古族藏族自治州,0.0,0.0,0.0,0.0,0.0,0.0
S1,mid,2050,R::RC01,上海,N116,上海市,0.0,0.0,0.0,0.0,0.0,0.0
S1,mid,2050,R::RC02,北京,N036,北京市,0.0,0.0,0.0,0.0,0.0,0.0
S1,mid,2050,R::RC03,四川,N057,成都市,0.0,0.0,0.0,0.0,0.0,0.0
S1,mid,2050,R::RC04,天津,N028,天津市,0.0,0.0,0.0,0.0,0.0,0.0
S1,mid,2050,R::RC05,宁夏,N139,银川市,0.0,0.0,0.0,0.0,0.0,0.0
S1,mid,2050,R::RC06,山东,N091,东营市,0.0,0.0,0.0,0.0,0.0,0.0
S1,mid,2050,R::RC07,山东,N089,济南市,0.0,0.0,0.0,0.0,0.0,0.0
S1,mid,2050,R::RC08,广东,N026,广州市,0.0,0.0,0.0,0.0,0.0,0.0
S1,mid,2050,R::RC09,广东,N056,惠州市,0.0,0.0,0.0,0.0,0.0,0.0
S1,mid,2050,R::RC10,广东,N117,茂名市,0.0,0.0,0.0,0.0,0.0,0.0
S1,mid,2050,R::RC11,新疆,N102,乌鲁木齐市,0.0,0.0,0.0,0.0,0.0,0.0
S1,mid,2050,R::RC12,江苏,N007,连云港市,0.0,0.0,0.0,0.0,0.0,0.0
S1,mid,2050,R::RC13,江西,N010,九江市,0.0,0.0,0.0,0.0,0.0,0.0
S1,mid,2050,R::RC14,河北,N084,沧州市,0.0,0.0,0.0,0.0,0.0,0.0
S1,mid,2050,R::RC15,河南,N088,洛阳市,0.0,0.0,0.0,0.0,0.0,0.0
S1,mid,2050,R::RC16,浙江,N043,宁波市,0.0,0.0,0.0,0.0,0.0,0.0
S1,mid,2050,R::RC17,浙江,N043,舟山市,0.0,0.0,0.0,0.0,0.0,0.0
S1,mid,2050,R::RC18,湖北,N078,武汉市,0.0,0.0,0.0,0.0,0.0,0.0
S1,mid,2050,R::RC19,湖南,N002,岳阳市,0.0,0.0,0.0,0.0,0.0,0.0
S1,mid,2050,R::RC20,甘肃,N018,兰州市,0.0,0.0,0.0,0.0,0.0,0.0
S1,mid,2050,R::RC21,甘肃,N033,庆阳市,0.0,0.0,0.0,0.0,0.0,0.0
S1,mid,2050,R::RC22,辽宁,N129,大连市,0.0,0.0,0.0,0.0,0.0,0.0
S1,mid,2050,R::RC23,辽宁,N129,盘锦市,0.0,0.0,0.0,0.0,0.0,0.0
S1,mid,2050,R::RC24,青海,N072,海西蒙古族藏族自治州,0.0,0.0,0.0,0.0,0.0,0.0
S1,mid,2055,R::RC01,上海,N116,上海市,0.0,0.0,0.0,0.0,0.0,0.0
S1,mid,2055,R::RC02,北京,N036,北京市,0.0,0.0,0.0,0.0,0.0,0.0
S1,mid,2055,R::RC03,四川,N057,成都市,0.0,0.0,0.0,0.0,0.0,0.0
S1,mid,2055,R::RC04,天津,N028,天津市,0.0,0.0,0.0,0.0,0.0,0.0
S1,mid,2055,R::RC05,宁夏,N139,银川市,0.0,0.0,0.0,0.0,0.0,0.0
S1,mid,2055,R::RC06,山东,N091,东营市,0.0,0.0,0.0,0.0,0.0,0.0
S1,mid,2055,R::RC07,山东,N089,济南市,0.0,0.0,0.0,0.0,0.0,0.0
S1,mid,2055,R::RC08,广东,N026,广州市,0.0,0.0,0.0,0.0,0.0,0.0
S1,mid,2055,R::RC09,广东,N056,惠州市,0.0,0.0,0.0,0.0,0.0,0.0
S1,mid,2055,R::RC10,广东,N117,茂名市,0.0,0.0,0.0,0.0,0.0,0.0
S1,mid,2055,R::RC11,新疆,N102,乌鲁木齐市,0.0,0.0,0.0,0.0,0.0,0.0
S1,mid,2055,R::RC12,江苏,N007,连云港市,0.0,0.0,0.0,0.0,0.0,0.0
S1,mid,2055,R::RC13,江西,N010,九江市,0.0,0.0,0.0,0.0,0.0,0.0
S1,mid,2055,R::RC14,河北,N084,沧州市,0.0,0.0,0.0,0.0,0.0,0.0
S1,mid,2055,R::RC15,河南,N088,洛阳市,0.0,0.0,0.0,0.0,0.0,0.0
S1,mid,2055,R::RC16,浙江,N043,宁波市,0.0,0.0,0.0,0.0,0.0,0.0
S1,mid,2055,R::RC17,浙江,N043,舟山市,0.0,0.0,0.0,0.0,0.0,0.0
S1,mid,2055,R::RC18,湖北,N078,武汉市,0.0,0.0,0.0,0.0,0.0,0.0
S1,mid,2055,R::RC19,湖南,N002,岳阳市,0.0,0.0,0.0,0.0,0.0,0.0
S1,mid,2055,R::RC20,甘肃,N018,兰州市,0.0,0.0,0.0,0.0,0.0,0.0
S1,mid,2055,R::RC21,甘肃,N033,庆阳市,0.0,0.0,0.0,0.0,0.0,0.0
S1,mid,2055,R::RC22,辽宁,N129,大连市,0.0,0.0,0.0,0.0,0.0,0.0
S1,mid,2055,R::RC23,辽宁,N129,盘锦市,0.0,0.0,0.0,0.0,0.0,0.0
S1,mid,2055,R::RC24,青海,N072,海西蒙古族藏族自治州,0.0,0.0,0.0,0.0,0.0,0.0
S1,mid,2060,R::RC01,上海,N116,上海市,0.0,0.0,0.0,0.0,0.0,0.0
S1,mid,2060,R::RC02,北京,N036,北京市,0.0,0.0,0.0,0.0,0.0,0.0
S1,mid,2060,R::RC03,四川,N057,成都市,0.0,0.0,0.0,0.0,0.0,0.0
S1,mid,2060,R::RC04,天津,N028,天津市,0.0,0.0,0.0,0.0,0.0,0.0
S1,mid,2060,R::RC05,宁夏,N139,银川市,0.0,0.0,0.0,0.0,0.0,0.0
S1,mid,2060,R::RC06,山东,N091,东营市,0.0,0.0,0.0,0.0,0.0,0.0
S1,mid,2060,R::RC07,山东,N089,济南市,0.0,0.0,0.0,0.0,0.0,0.0
S1,mid,2060,R::RC08,广东,N026,广州市,0.0,0.0,0.0,0.0,0.0,0.0
S1,mid,2060,R::RC09,广东,N056,惠州市,0.0,0.0,0.0,0.0,0.0,0.0
S1,mid,2060,R::RC10,广东,N117,茂名市,0.0,0.0,0.0,0.0,0.0,0.0
S1,mid,2060,R::RC11,新疆,N102,乌鲁木齐市,0.0,0.0,0.0,0.0,0.0,0.0
S1,mid,2060,R::RC12,江苏,N007,连云港市,0.0,0.0,0.0,0.0,0.0,0.0
S1,mid,2060,R::RC13,江西,N010,九江市,0.0,0.0,0.0,0.0,0.0,0.0
S1,mid,2060,R::RC14,河北,N084,沧州市,0.0,0.0,0.0,0.0,0.0,0.0
S1,mid,2060,R::RC15,河南,N088,洛阳市,0.0,0.0,0.0,0.0,0.0,0.0
S1,mid,2060,R::RC16,浙江,N043,宁波市,0.0,0.0,0.0,0.0,0.0,0.0
S1,mid,2060,R::RC17,浙江,N043,舟山市,0.0,0.0,0.0,0.0,0.0,0.0
S1,mid,2060,R::RC18,湖北,N078,武汉市,0.0,0.0,0.0,0.0,0.0,0.0
S1,mid,2060,R::RC19,湖南,N002,岳阳市,0.0,0.0,0.0,0.0,0.0,0.0
S1,mid,2060,R::RC20,甘肃,N018,兰州市,0.0,0.0,0.0,0.0,0.0,0.0
S1,mid,2060,R::RC21,甘肃,N033,庆阳市,0.0,0.0,0.0,0.0,0.0,0.0
S1,mid,2060,R::RC22,辽宁,N129,大连市,0.0,0.0,0.0,0.0,0.0,0.0
S1,mid,2060,R::RC23,辽宁,N129,盘锦市,0.0,0.0,0.0,0.0,0.0,0.0
S1,mid,2060,R::RC24,青海,N072,海西蒙古族藏族自治州,0.0,0.0,0.0,0.0,0.0,0.0
S2,high,2025,R::RC01,上海,N116,上海市,0.0,0.0,0.0,0.0,0.0,0.0
S2,high,2025,R::RC02,北京,N036,北京市,0.0,0.0,0.0,0.0,0.0,0.0
S2,high,2025,R::RC03,四川,N057,成都市,0.0,0.0,0.0,0.0,0.0,0.0
S2,high,2025,R::RC04,天津,N028,天津市,0.0,0.0,0.0,0.0,0.0,0.0
S2,high,2025,R::RC05,宁夏,N139,银川市,0.0,0.0,0.0,0.0,0.0,0.0
S2,high,2025,R::RC06,山东,N091,东营市,0.0,0.0,0.0,0.0,0.0,0.0
S2,high,2025,R::RC07,山东,N089,济南市,0.0,0.0,0.0,0.0,0.0,0.0
S2,high,2025,R::RC08,广东,N026,广州市,0.0,0.0,0.0,0.0,0.0,0.0
S2,high,2025,R::RC09,广东,N056,惠州市,0.0,0.0,0.0,0.0,0.0,0.0
S2,high,2025,R::RC10,广东,N117,茂名市,0.0,0.0,0.0,0.0,0.0,0.0
S2,high,2025,R::RC11,新疆,N102,乌鲁木齐市,0.0,0.0,0.0,0.0,0.0,0.0
S2,high,2025,R::RC12,江苏,N007,连云港市,0.0,0.0,0.0,0.0,0.0,0.0
S2,high,2025,R::RC13,江西,N010,九江市,0.0,0.0,0.0,0.0,0.0,0.0
S2,high,2025,R::RC14,河北,N084,沧州市,0.0,0.0,0.0,0.0,0.0,0.0
S2,high,2025,R::RC15,河南,N088,洛阳市,0.0,0.0,0.0,0.0,0.0,0.0
S2,high,2025,R::RC16,浙江,N043,宁波市,0.0,0.0,0.0,0.0,0.0,0.0
S2,high,2025,R::RC17,浙江,N043,舟山市,0.0,0.0,0.0,0.0,0.0,0.0
S2,high,2025,R::RC18,湖北,N078,武汉市,0.0,0.0,0.0,0.0,0.0,0.0
S2,high,2025,R::RC19,湖南,N002,岳阳市,0.0,0.0,0.0,0.0,0.0,0.0
S2,high,2025,R::RC20,甘肃,N018,兰州市,0.0,0.0,0.0,0.0,0.0,0.0
S2,high,2025,R::RC21,甘肃,N033,庆阳市,0.0,0.0,0.0,0.0,0.0,0.0
S2,high,2025,R::RC22,辽宁,N129,大连市,0.0,0.0,0.0,0.0,0.0,0.0
S2,high,2025,R::RC23,辽宁,N129,盘锦市,0.0,0.0,0.0,0.0,0.0,0.0
S2,high,2025,R::RC24,青海,N072,海西蒙古族藏族自治州,0.0,0.0,0.0,0.0,0.0,0.0
S2,high,2030,R::RC01,上海,N116,上海市,0.0,0.0,0.0,0.0,0.0,0.0
S2,high,2030,R::RC02,北京,N036,北京市,0.0,0.0,0.0,0.0,0.0,0.0
S2,high,2030,R::RC03,四川,N057,成都市,0.0,0.0,0.0,0.0,0.0,0.0
S2,high,2030,R::RC04,天津,N028,天津市,0.0,0.0,0.0,0.0,0.0,0.0
S2,high,2030,R::RC05,宁夏,N139,银川市,0.0,0.0,0.0,0.0,0.0,0.0
S2,high,2030,R::RC06,山东,N091,东营市,0.0,0.0,0.0,0.0,0.0,0.0
S2,high,2030,R::RC07,山东,N089,济南市,0.0,0.0,0.0,0.0,0.0,0.0
S2,high,2030,R::RC08,广东,N026,广州市,0.0,0.0,0.0,0.0,0.0,0.0
S2,high,2030,R::RC09,广东,N056,惠州市,0.0,0.0,0.0,0.0,0.0,0.0
S2,high,2030,R::RC10,广东,N117,茂名市,0.0,0.0,0.0,0.0,0.0,0.0
S2,high,2030,R::RC11,新疆,N102,乌鲁木齐市,0.0,0.0,0.0,0.0,0.0,0.0
S2,high,2030,R::RC12,江苏,N007,连云港市,0.0,0.0,0.0,0.0,0.0,0.0
S2,high,2030,R::RC13,江西,N010,九江市,0.0,0.0,0.0,0.0,0.0,0.0
S2,high,2030,R::RC14,河北,N084,沧州市,0.0,0.0,0.0,0.0,0.0,0.0
S2,high,2030,R::RC15,河南,N088,洛阳市,0.0,0.0,0.0,0.0,0.0,0.0
S2,high,2030,R::RC16,浙江,N043,宁波市,0.0,0.0,0.0,0.0,0.0,0.0
S2,high,2030,R::RC17,浙江,N043,舟山市,0.0,0.0,0.0,0.0,0.0,0.0
S2,high,2030,R::RC18,湖北,N078,武汉市,0.0,0.0,0.0,0.0,0.0,0.0
S2,high,2030,R::RC19,湖南,N002,岳阳市,0.0,0.0,0.0,0.0,0.0,0.0
S2,high,2030,R::RC20,甘肃,N018,兰州市,0.0,0.0,0.0,0.0,0.0,0.0
S2,high,2030,R::RC21,甘肃,N033,庆阳市,0.0,0.0,0.0,0.0,0.0,0.0
S2,high,2030,R::RC22,辽宁,N129,大连市,0.0,0.0,0.0,0.0,0.0,0.0
S2,high,2030,R::RC23,辽宁,N129,盘锦市,0.0,0.0,0.0,0.0,0.0,0.0
S2,high,2030,R::RC24,青海,N072,海西蒙古族藏族自治州,0.0,0.0,0.0,0.0,0.0,0.0
S2,high,2035,R::RC01,上海,N116,上海市,0.0,0.0,0.0,0.0,0.0,0.0
S2,high,2035,R::RC02,北京,N036,北京市,0.0,0.0,0.0,0.0,0.0,0.0
S2,high,2035,R::RC03,四川,N057,成都市,0.0,0.0,0.0,0.0,0.0,0.0
S2,high,2035,R::RC04,天津,N028,天津市,0.0,0.0,0.0,0.0,0.0,0.0
S2,high,2035,R::RC05,宁夏,N139,银川市,0.0,0.0,0.0,0.0,0.0,0.0
S2,high,2035,R::RC06,山东,N091,东营市,0.0,0.0,0.0,0.0,0.0,0.0
S2,high,2035,R::RC07,山东,N089,济南市,0.0,0.0,0.0,0.0,0.0,0.0
S2,high,2035,R::RC08,广东,N026,广州市,0.0,0.0,0.0,0.0,0.0,0.0
S2,high,2035,R::RC09,广东,N056,惠州市,0.0,0.0,0.0,0.0,0.0,0.0
S2,high,2035,R::RC10,广东,N117,茂名市,0.0,0.0,0.0,0.0,0.0,0.0
S2,high,2035,R::RC11,新疆,N102,乌鲁木齐市,0.0,0.0,0.0,0.0,0.0,0.0
S2,high,2035,R::RC12,江苏,N007,连云港市,0.0,0.0,0.0,0.0,0.0,0.0
S2,high,2035,R::RC13,江西,N010,九江市,0.0,0.0,0.0,0.0,0.0,0.0
S2,high,2035,R::RC14,河北,N084,沧州市,0.0,0.0,0.0,0.0,0.0,0.0
S2,high,2035,R::RC15,河南,N088,洛阳市,0.0,0.0,0.0,0.0,0.0,0.0
S2,high,2035,R::RC16,浙江,N043,宁波市,0.0,0.0,0.0,0.0,0.0,0.0
S2,high,2035,R::RC17,浙江,N043,舟山市,0.0,0.0,0.0,0.0,0.0,0.0
S2,high,2035,R::RC18,湖北,N078,武汉市,0.0,0.0,0.0,0.0,0.0,0.0
S2,high,2035,R::RC19,湖南,N002,岳阳市,0.0,0.0,0.0,0.0,0.0,0.0
S2,high,2035,R::RC20,甘肃,N018,兰州市,0.0,0.0,0.0,0.0,0.0,0.0
S2,high,2035,R::RC21,甘肃,N033,庆阳市,0.0,0.0,0.0,0.0,0.0,0.0
S2,high,2035,R::RC22,辽宁,N129,大连市,0.0,0.0,0.0,0.0,0.0,0.0
S2,high,2035,R::RC23,辽宁,N129,盘锦市,0.0,0.0,0.0,0.0,0.0,0.0
S2,high,2035,R::RC24,青海,N072,海西蒙古族藏族自治州,0.0,0.0,0.0,0.0,0.0,0.0
S2,high,2040,R::RC01,上海,N116,上海市,0.0,0.0,0.0,0.0,0.0,0.0
S2,high,2040,R::RC02,北京,N036,北京市,0.0,0.0,0.0,0.0,0.0,0.0
S2,high,2040,R::RC03,四川,N057,成都市,0.0,0.0,0.0,0.0,0.0,0.0
S2,high,2040,R::RC04,天津,N028,天津市,0.0,0.0,0.0,0.0,0.0,0.0
S2,high,2040,R::RC05,宁夏,N139,银川市,0.0,0.0,0.0,0.0,0.0,0.0
S2,high,2040,R::RC06,山东,N091,东营市,0.0,0.0,0.0,0.0,0.0,0.0
S2,high,2040,R::RC07,山东,N089,济南市,0.0,0.0,0.0,0.0,0.0,0.0
S2,high,2040,R::RC08,广东,N026,广州市,0.0,0.0,0.0,0.0,0.0,0.0
S2,high,2040,R::RC09,广东,N056,惠州市,0.0,0.0,0.0,0.0,0.0,0.0
S2,high,2040,R::RC10,广东,N117,茂名市,0.0,0.0,0.0,0.0,0.0,0.0
S2,high,2040,R::RC11,新疆,N102,乌鲁木齐市,0.0,0.0,0.0,0.0,0.0,0.0
S2,high,2040,R::RC12,江苏,N007,连云港市,0.0,0.0,0.0,0.0,0.0,0.0
S2,high,2040,R::RC13,江西,N010,九江市,0.0,0.0,0.0,0.0,0.0,0.0
S2,high,2040,R::RC14,河北,N084,沧州市,0.0,0.0,0.0,0.0,0.0,0.0
S2,high,2040,R::RC15,河南,N088,洛阳市,0.0,0.0,0.0,0.0,0.0,0.0
S2,high,2040,R::RC16,浙江,N043,宁波市,0.0,0.0,0.0,0.0,0.0,0.0
S2,high,2040,R::RC17,浙江,N043,舟山市,0.0,0.0,0.0,0.0,0.0,0.0
S2,high,2040,R::RC18,湖北,N078,武汉市,0.0,0.0,0.0,0.0,0.0,0.0
S2,high,2040,R::RC19,湖南,N002,岳阳市,0.0,0.0,0.0,0.0,0.0,0.0
S2,high,2040,R::RC20,甘肃,N018,兰州市,0.0,0.0,0.0,0.0,0.0,0.0
S2,high,2040,R::RC21,甘肃,N033,庆阳市,0.0,0.0,0.0,0.0,0.0,0.0
S2,high,2040,R::RC22,辽宁,N129,大连市,0.0,0.0,0.0,0.0,0.0,0.0
S2,high,2040,R::RC23,辽宁,N129,盘锦市,0.0,0.0,0.0,0.0,0.0,0.0
S2,high,2040,R::RC24,青海,N072,海西蒙古族藏族自治州,0.0,0.0,0.0,0.0,0.0,0.0
S2,high,2045,R::RC01,上海,N116,上海市,0.0,0.0,0.0,0.0,0.0,0.0
S2,high,2045,R::RC02,北京,N036,北京市,0.0,0.0,0.0,0.0,0.0,0.0
S2,high,2045,R::RC03,四川,N057,成都市,0.0,0.0,0.0,0.0,0.0,0.0
S2,high,2045,R::RC04,天津,N028,天津市,0.0,0.0,0.0,0.0,0.0,0.0
S2,high,2045,R::RC05,宁夏,N139,银川市,0.0,0.0,0.0,0.0,0.0,0.0
S2,high,2045,R::RC06,山东,N091,东营市,0.0,0.0,0.0,0.0,0.0,0.0
S2,high,2045,R::RC07,山东,N089,济南市,0.0,0.0,0.0,0.0,0.0,0.0
S2,high,2045,R::RC08,广东,N026,广州市,0.0,0.0,0.0,0.0,0.0,0.0
S2,high,2045,R::RC09,广东,N056,惠州市,0.0,0.0,0.0,0.0,0.0,0.0
S2,high,2045,R::RC10,广东,N117,茂名市,0.0,0.0,0.0,0.0,0.0,0.0
S2,high,2045,R::RC11,新疆,N102,乌鲁木齐市,0.0,0.0,0.0,0.0,0.0,0.0
S2,high,2045,R::RC12,江苏,N007,连云港市,0.0,0.0,0.0,0.0,0.0,0.0
S2,high,2045,R::RC13,江西,N010,九江市,0.0,0.0,0.0,0.0,0.0,0.0
S2,high,2045,R::RC14,河北,N084,沧州市,0.0,0.0,0.0,0.0,0.0,0.0
S2,high,2045,R::RC15,河南,N088,洛阳市,0.0,0.0,0.0,0.0,0.0,0.0
S2,high,2045,R::RC16,浙江,N043,宁波市,0.0,0.0,0.0,0.0,0.0,0.0
S2,high,2045,R::RC17,浙江,N043,舟山市,0.0,0.0,0.0,0.0,0.0,0.0
S2,high,2045,R::RC18,湖北,N078,武汉市,0.0,0.0,0.0,0.0,0.0,0.0
S2,high,2045,R::RC19,湖南,N002,岳阳市,0.0,0.0,0.0,0.0,0.0,0.0
S2,high,2045,R::RC20,甘肃,N018,兰州市,0.0,0.0,0.0,0.0,0.0,0.0
S2,high,2045,R::RC21,甘肃,N033,庆阳市,0.0,0.0,0.0,0.0,0.0,0.0
S2,high,2045,R::RC22,辽宁,N129,大连市,0.0,0.0,0.0,0.0,0.0,0.0
S2,high,2045,R::RC23,辽宁,N129,盘锦市,0.0,0.0,0.0,0.0,0.0,0.0
S2,high,2045,R::RC24,青海,N072,海西蒙古族藏族自治州,0.0,0.0,0.0,0.0,0.0,0.0
S2,high,2050,R::RC01,上海,N116,上海市,0.0,0.0,0.0,0.0,0.0,0.0
S2,high,2050,R::RC02,北京,N036,北京市,0.0,0.0,0.0,0.0,0.0,0.0
S2,high,2050,R::RC03,四川,N057,成都市,0.0,0.0,0.0,0.0,0.0,0.0
S2,high,2050,R::RC04,天津,N028,天津市,0.0,0.0,0.0,0.0,0.0,0.0
S2,high,2050,R::RC05,宁夏,N139,银川市,0.0,0.0,0.0,0.0,0.0,0.0
S2,high,2050,R::RC06,山东,N091,东营市,0.0,0.0,0.0,0.0,0.0,0.0
S2,high,2050,R::RC07,山东,N089,济南市,0.0,0.0,0.0,0.0,0.0,0.0
S2,high,2050,R::RC08,广东,N026,广州市,0.0,0.0,0.0,0.0,0.0,0.0
S2,high,2050,R::RC09,广东,N056,惠州市,0.0,0.0,0.0,0.0,0.0,0.0
S2,high,2050,R::RC10,广东,N117,茂名市,0.0,0.0,0.0,0.0,0.0,0.0
S2,high,2050,R::RC11,新疆,N102,乌鲁木齐市,0.0,0.0,0.0,0.0,0.0,0.0
S2,high,2050,R::RC12,江苏,N007,连云港市,0.0,0.0,0.0,0.0,0.0,0.0
S2,high,2050,R::RC13,江西,N010,九江市,0.0,0.0,0.0,0.0,0.0,0.0
S2,high,2050,R::RC14,河北,N084,沧州市,0.0,0.0,0.0,0.0,0.0,0.0
S2,high,2050,R::RC15,河南,N088,洛阳市,0.0,0.0,0.0,0.0,0.0,0.0
S2,high,2050,R::RC16,浙江,N043,宁波市,0.0,0.0,0.0,0.0,0.0,0.0
S2,high,2050,R::RC17,浙江,N043,舟山市,0.0,0.0,0.0,0.0,0.0,0.0
S2,high,2050,R::RC18,湖北,N078,武汉市,0.0,0.0,0.0,0.0,0.0,0.0
S2,high,2050,R::RC19,湖南,N002,岳阳市,0.0,0.0,0.0,0.0,0.0,0.0
S2,high,2050,R::RC20,甘肃,N018,兰州市,0.0,0.0,0.0,0.0,0.0,0.0
S2,high,2050,R::RC21,甘肃,N033,庆阳市,0.0,0.0,0.0,0.0,0.0,0.0
S2,high,2050,R::RC22,辽宁,N129,大连市,0.0,0.0,0.0,0.0,0.0,0.0
S2,high,2050,R::RC23,辽宁,N129,盘锦市,0.0,0.0,0.0,0.0,0.0,0.0
S2,high,2050,R::RC24,青海,N072,海西蒙古族藏族自治州,0.0,0.0,0.0,0.0,0.0,0.0
S2,high,2055,R::RC01,上海,N116,上海市,0.0,0.0,0.0,0.0,0.0,0.0
S2,high,2055,R::RC02,北京,N036,北京市,0.0,0.0,0.0,0.0,0.0,0.0
S2,high,2055,R::RC03,四川,N057,成都市,0.0,0.0,0.0,0.0,0.0,0.0
S2,high,2055,R::RC04,天津,N028,天津市,0.0,0.0,0.0,0.0,0.0,0.0
S2,high,2055,R::RC05,宁夏,N139,银川市,0.0,0.0,0.0,0.0,0.0,0.0
S2,high,2055,R::RC06,山东,N091,东营市,0.0,0.0,0.0,0.0,0.0,0.0
S2,high,2055,R::RC07,山东,N089,济南市,0.0,0.0,0.0,0.0,0.0,0.0
S2,high,2055,R::RC08,广东,N026,广州市,0.0,0.0,0.0,0.0,0.0,0.0
S2,high,2055,R::RC09,广东,N056,惠州市,0.0,0.0,0.0,0.0,0.0,0.0
S2,high,2055,R::RC10,广东,N117,茂名市,0.0,0.0,0.0,0.0,0.0,0.0
S2,high,2055,R::RC11,新疆,N102,乌鲁木齐市,0.0,0.0,0.0,0.0,0.0,0.0
S2,high,2055,R::RC12,江苏,N007,连云港市,0.0,0.0,0.0,0.0,0.0,0.0
S2,high,2055,R::RC13,江西,N010,九江市,0.0,0.0,0.0,0.0,0.0,0.0
S2,high,2055,R::RC14,河北,N084,沧州市,0.0,0.0,0.0,0.0,0.0,0.0
S2,high,2055,R::RC15,河南,N088,洛阳市,0.0,0.0,0.0,0.0,0.0,0.0
S2,high,2055,R::RC16,浙江,N043,宁波市,0.0,0.0,0.0,0.0,0.0,0.0
S2,high,2055,R::RC17,浙江,N043,舟山市,0.0,0.0,0.0,0.0,0.0,0.0
S2,high,2055,R::RC18,湖北,N078,武汉市,0.0,0.0,0.0,0.0,0.0,0.0
S2,high,2055,R::RC19,湖南,N002,岳阳市,0.0,0.0,0.0,0.0,0.0,0.0
S2,high,2055,R::RC20,甘肃,N018,兰州市,0.0,0.0,0.0,0.0,0.0,0.0
S2,high,2055,R::RC21,甘肃,N033,庆阳市,0.0,0.0,0.0,0.0,0.0,0.0
S2,high,2055,R::RC22,辽宁,N129,大连市,0.0,0.0,0.0,0.0,0.0,0.0
S2,high,2055,R::RC23,辽宁,N129,盘锦市,0.0,0.0,0.0,0.0,0.0,0.0
S2,high,2055,R::RC24,青海,N072,海西蒙古族藏族自治州,0.0,0.0,0.0,0.0,0.0,0.0
S2,high,2060,R::RC01,上海,N116,上海市,0.0,0.0,0.0,0.0,0.0,0.0
S2,high,2060,R::RC02,北京,N036,北京市,0.0,0.0,0.0,0.0,0.0,0.0
S2,high,2060,R::RC03,四川,N057,成都市,0.0,0.0,0.0,0.0,0.0,0.0
S2,high,2060,R::RC04,天津,N028,天津市,0.0,0.0,0.0,0.0,0.0,0.0
S2,high,2060,R::RC05,宁夏,N139,银川市,0.0,0.0,0.0,0.0,0.0,0.0
S2,high,2060,R::RC06,山东,N091,东营市,0.0,0.0,0.0,0.0,0.0,0.0
S2,high,2060,R::RC07,山东,N089,济南市,0.0,0.0,0.0,0.0,0.0,0.0
S2,high,2060,R::RC08,广东,N026,广州市,0.0,0.0,0.0,0.0,0.0,0.0
S2,high,2060,R::RC09,广东,N056,惠州市,0.0,0.0,0.0,0.0,0.0,0.0
S2,high,2060,R::RC10,广东,N117,茂名市,0.0,0.0,0.0,0.0,0.0,0.0
S2,high,2060,R::RC11,新疆,N102,乌鲁木齐市,0.0,0.0,0.0,0.0,0.0,0.0
S2,high,2060,R::RC12,江苏,N007,连云港市,0.0,0.0,0.0,0.0,0.0,0.0
S2,high,2060,R::RC13,江西,N010,九江市,0.0,0.0,0.0,0.0,0.0,0.0
S2,high,2060,R::RC14,河北,N084,沧州市,0.0,0.0,0.0,0.0,0.0,0.0
S2,high,2060,R::RC15,河南,N088,洛阳市,0.0,0.0,0.0,0.0,0.0,0.0
S2,high,2060,R::RC16,浙江,N043,宁波市,0.0,0.0,0.0,0.0,0.0,0.0
S2,high,2060,R::RC17,浙江,N043,舟山市,0.0,0.0,0.0,0.0,0.0,0.0
S2,high,2060,R::RC18,湖北,N078,武汉市,0.0,0.0,0.0,0.0,0.0,0.0
S2,high,2060,R::RC19,湖南,N002,岳阳市,0.0,0.0,0.0,0.0,0.0,0.0
S2,high,2060,R::RC20,甘肃,N018,兰州市,0.0,0.0,0.0,0.0,0.0,0.0
S2,high,2060,R::RC21,甘肃,N033,庆阳市,0.0,0.0,0.0,0.0,0.0,0.0
S2,high,2060,R::RC22,辽宁,N129,大连市,0.0,0.0,0.0,0.0,0.0,0.0
S2,high,2060,R::RC23,辽宁,N129,盘锦市,0.0,0.0,0.0,0.0,0.0,0.0
S2,high,2060,R::RC24,青海,N072,海西蒙古族藏族自治州,0.0,0.0,0.0,0.0,0.0,0.0
S2,low,2025,R::RC01,上海,N116,上海市,0.0,0.0,0.0,0.0,0.0,0.0
S2,low,2025,R::RC02,北京,N036,北京市,0.0,0.0,0.0,0.0,0.0,0.0
S2,low,2025,R::RC03,四川,N057,成都市,0.0,0.0,0.0,0.0,0.0,0.0
S2,low,2025,R::RC04,天津,N028,天津市,0.0,0.0,0.0,0.0,0.0,0.0
S2,low,2025,R::RC05,宁夏,N139,银川市,0.0,0.0,0.0,0.0,0.0,0.0
S2,low,2025,R::RC06,山东,N091,东营市,0.0,0.0,0.0,0.0,0.0,0.0
S2,low,2025,R::RC07,山东,N089,济南市,0.0,0.0,0.0,0.0,0.0,0.0
S2,low,2025,R::RC08,广东,N026,广州市,0.0,0.0,0.0,0.0,0.0,0.0
S2,low,2025,R::RC09,广东,N056,惠州市,0.0,0.0,0.0,0.0,0.0,0.0
S2,low,2025,R::RC10,广东,N117,茂名市,0.0,0.0,0.0,0.0,0.0,0.0
S2,low,2025,R::RC11,新疆,N102,乌鲁木齐市,0.0,0.0,0.0,0.0,0.0,0.0
S2,low,2025,R::RC12,江苏,N007,连云港市,0.0,0.0,0.0,0.0,0.0,0.0
S2,low,2025,R::RC13,江西,N010,九江市,0.0,0.0,0.0,0.0,0.0,0.0
S2,low,2025,R::RC14,河北,N084,沧州市,0.0,0.0,0.0,0.0,0.0,0.0
S2,low,2025,R::RC15,河南,N088,洛阳市,0.0,0.0,0.0,0.0,0.0,0.0
S2,low,2025,R::RC16,浙江,N043,宁波市,0.0,0.0,0.0,0.0,0.0,0.0
S2,low,2025,R::RC17,浙江,N043,舟山市,0.0,0.0,0.0,0.0,0.0,0.0
S2,low,2025,R::RC18,湖北,N078,武汉市,0.0,0.0,0.0,0.0,0.0,0.0
S2,low,2025,R::RC19,湖南,N002,岳阳市,0.0,0.0,0.0,0.0,0.0,0.0
S2,low,2025,R::RC20,甘肃,N018,兰州市,0.0,0.0,0.0,0.0,0.0,0.0
S2,low,2025,R::RC21,甘肃,N033,庆阳市,0.0,0.0,0.0,0.0,0.0,0.0
S2,low,2025,R::RC22,辽宁,N129,大连市,0.0,0.0,0.0,0.0,0.0,0.0
S2,low,2025,R::RC23,辽宁,N129,盘锦市,0.0,0.0,0.0,0.0,0.0,0.0
S2,low,2025,R::RC24,青海,N072,海西蒙古族藏族自治州,0.0,0.0,0.0,0.0,0.0,0.0
S2,low,2030,R::RC01,上海,N116,上海市,0.0,0.0,0.0,0.0,0.0,0.0
S2,low,2030,R::RC02,北京,N036,北京市,0.0,0.0,0.0,0.0,0.0,0.0
S2,low,2030,R::RC03,四川,N057,成都市,0.0,0.0,0.0,0.0,0.0,0.0
S2,low,2030,R::RC04,天津,N028,天津市,0.0,0.0,0.0,0.0,0.0,0.0
S2,low,2030,R::RC05,宁夏,N139,银川市,0.0,0.0,0.0,0.0,0.0,0.0
S2,low,2030,R::RC06,山东,N091,东营市,0.0,0.0,0.0,0.0,0.0,0.0
S2,low,2030,R::RC07,山东,N089,济南市,0.0,0.0,0.0,0.0,0.0,0.0
S2,low,2030,R::RC08,广东,N026,广州市,0.0,0.0,0.0,0.0,0.0,0.0
S2,low,2030,R::RC09,广东,N056,惠州市,0.0,0.0,0.0,0.0,0.0,0.0
S2,low,2030,R::RC10,广东,N117,茂名市,0.0,0.0,0.0,0.0,0.0,0.0
S2,low,2030,R::RC11,新疆,N102,乌鲁木齐市,0.0,0.0,0.0,0.0,0.0,0.0
S2,low,2030,R::RC12,江苏,N007,连云港市,0.0,0.0,0.0,0.0,0.0,0.0
S2,low,2030,R::RC13,江西,N010,九江市,0.0,0.0,0.0,0.0,0.0,0.0
S2,low,2030,R::RC14,河北,N084,沧州市,0.0,0.0,0.0,0.0,0.0,0.0
S2,low,2030,R::RC15,河南,N088,洛阳市,0.0,0.0,0.0,0.0,0.0,0.0
S2,low,2030,R::RC16,浙江,N043,宁波市,0.0,0.0,0.0,0.0,0.0,0.0
S2,low,2030,R::RC17,浙江,N043,舟山市,0.0,0.0,0.0,0.0,0.0,0.0
S2,low,2030,R::RC18,湖北,N078,武汉市,0.0,0.0,0.0,0.0,0.0,0.0
S2,low,2030,R::RC19,湖南,N002,岳阳市,0.0,0.0,0.0,0.0,0.0,0.0
S2,low,2030,R::RC20,甘肃,N018,兰州市,0.0,0.0,0.0,0.0,0.0,0.0
S2,low,2030,R::RC21,甘肃,N033,庆阳市,0.0,0.0,0.0,0.0,0.0,0.0
S2,low,2030,R::RC22,辽宁,N129,大连市,0.0,0.0,0.0,0.0,0.0,0.0
S2,low,2030,R::RC23,辽宁,N129,盘锦市,0.0,0.0,0.0,0.0,0.0,0.0
S2,low,2030,R::RC24,青海,N072,海西蒙古族藏族自治州,0.0,0.0,0.0,0.0,0.0,0.0
S2,low,2035,R::RC01,上海,N116,上海市,0.0,0.0,0.0,0.0,0.0,0.0
S2,low,2035,R::RC02,北京,N036,北京市,0.0,0.0,0.0,0.0,0.0,0.0
S2,low,2035,R::RC03,四川,N057,成都市,0.0,0.0,0.0,0.0,0.0,0.0
S2,low,2035,R::RC04,天津,N028,天津市,0.0,0.0,0.0,0.0,0.0,0.0
S2,low,2035,R::RC05,宁夏,N139,银川市,0.0,0.0,0.0,0.0,0.0,0.0
S2,low,2035,R::RC06,山东,N091,东营市,0.0,0.0,0.0,0.0,0.0,0.0
S2,low,2035,R::RC07,山东,N089,济南市,0.0,0.0,0.0,0.0,0.0,0.0
S2,low,2035,R::RC08,广东,N026,广州市,0.0,0.0,0.0,0.0,0.0,0.0
S2,low,2035,R::RC09,广东,N056,惠州市,0.0,0.0,0.0,0.0,0.0,0.0
S2,low,2035,R::RC10,广东,N117,茂名市,0.0,0.0,0.0,0.0,0.0,0.0
S2,low,2035,R::RC11,新疆,N102,乌鲁木齐市,0.0,0.0,0.0,0.0,0.0,0.0
S2,low,2035,R::RC12,江苏,N007,连云港市,0.0,0.0,0.0,0.0,0.0,0.0
S2,low,2035,R::RC13,江西,N010,九江市,0.0,0.0,0.0,0.0,0.0,0.0
S2,low,2035,R::RC14,河北,N084,沧州市,0.0,0.0,0.0,0.0,0.0,0.0
S2,low,2035,R::RC15,河南,N088,洛阳市,0.0,0.0,0.0,0.0,0.0,0.0
S2,low,2035,R::RC16,浙江,N043,宁波市,0.0,0.0,0.0,0.0,0.0,0.0
S2,low,2035,R::RC17,浙江,N043,舟山市,0.0,0.0,0.0,0.0,0.0,0.0
S2,low,2035,R::RC18,湖北,N078,武汉市,0.0,0.0,0.0,0.0,0.0,0.0
S2,low,2035,R::RC19,湖南,N002,岳阳市,0.0,0.0,0.0,0.0,0.0,0.0
S2,low,2035,R::RC20,甘肃,N018,兰州市,0.0,0.0,0.0,0.0,0.0,0.0
S2,low,2035,R::RC21,甘肃,N033,庆阳市,0.0,0.0,0.0,0.0,0.0,0.0
S2,low,2035,R::RC22,辽宁,N129,大连市,0.0,0.0,0.0,0.0,0.0,0.0
S2,low,2035,R::RC23,辽宁,N129,盘锦市,0.0,0.0,0.0,0.0,0.0,0.0
S2,low,2035,R::RC24,青海,N072,海西蒙古族藏族自治州,0.0,0.0,0.0,0.0,0.0,0.0
S2,low,2040,R::RC01,上海,N116,上海市,0.0,0.0,0.0,0.0,0.0,0.0
S2,low,2040,R::RC02,北京,N036,北京市,0.0,0.0,0.0,0.0,0.0,0.0
S2,low,2040,R::RC03,四川,N057,成都市,0.0,0.0,0.0,0.0,0.0,0.0
S2,low,2040,R::RC04,天津,N028,天津市,0.0,0.0,0.0,0.0,0.0,0.0
S2,low,2040,R::RC05,宁夏,N139,银川市,0.0,0.0,0.0,0.0,0.0,0.0
S2,low,2040,R::RC06,山东,N091,东营市,0.0,0.0,0.0,0.0,0.0,0.0
S2,low,2040,R::RC07,山东,N089,济南市,0.0,0.0,0.0,0.0,0.0,0.0
S2,low,2040,R::RC08,广东,N026,广州市,0.0,0.0,0.0,0.0,0.0,0.0
S2,low,2040,R::RC09,广东,N056,惠州市,0.0,0.0,0.0,0.0,0.0,0.0
S2,low,2040,R::RC10,广东,N117,茂名市,0.0,0.0,0.0,0.0,0.0,0.0
S2,low,2040,R::RC11,新疆,N102,乌鲁木齐市,0.0,0.0,0.0,0.0,0.0,0.0
S2,low,2040,R::RC12,江苏,N007,连云港市,0.0,0.0,0.0,0.0,0.0,0.0
S2,low,2040,R::RC13,江西,N010,九江市,0.0,0.0,0.0,0.0,0.0,0.0
S2,low,2040,R::RC14,河北,N084,沧州市,0.0,0.0,0.0,0.0,0.0,0.0
S2,low,2040,R::RC15,河南,N088,洛阳市,0.0,0.0,0.0,0.0,0.0,0.0
S2,low,2040,R::RC16,浙江,N043,宁波市,0.0,0.0,0.0,0.0,0.0,0.0
S2,low,2040,R::RC17,浙江,N043,舟山市,0.0,0.0,0.0,0.0,0.0,0.0
S2,low,2040,R::RC18,湖北,N078,武汉市,0.0,0.0,0.0,0.0,0.0,0.0
S2,low,2040,R::RC19,湖南,N002,岳阳市,0.0,0.0,0.0,0.0,0.0,0.0
S2,low,2040,R::RC20,甘肃,N018,兰州市,0.0,0.0,0.0,0.0,0.0,0.0
S2,low,2040,R::RC21,甘肃,N033,庆阳市,0.0,0.0,0.0,0.0,0.0,0.0
S2,low,2040,R::RC22,辽宁,N129,大连市,0.0,0.0,0.0,0.0,0.0,0.0
S2,low,2040,R::RC23,辽宁,N129,盘锦市,0.0,0.0,0.0,0.0,0.0,0.0
S2,low,2040,R::RC24,青海,N072,海西蒙古族藏族自治州,0.0,0.0,0.0,0.0,0.0,0.0
S2,low,2045,R::RC01,上海,N116,上海市,0.0,0.0,0.0,0.0,0.0,0.0
S2,low,2045,R::RC02,北京,N036,北京市,0.0,0.0,0.0,0.0,0.0,0.0
S2,low,2045,R::RC03,四川,N057,成都市,0.0,0.0,0.0,0.0,0.0,0.0
S2,low,2045,R::RC04,天津,N028,天津市,0.0,0.0,0.0,0.0,0.0,0.0
S2,low,2045,R::RC05,宁夏,N139,银川市,0.0,0.0,0.0,0.0,0.0,0.0
S2,low,2045,R::RC06,山东,N091,东营市,0.0,0.0,0.0,0.0,0.0,0.0
S2,low,2045,R::RC07,山东,N089,济南市,0.0,0.0,0.0,0.0,0.0,0.0
S2,low,2045,R::RC08,广东,N026,广州市,0.0,0.0,0.0,0.0,0.0,0.0
S2,low,2045,R::RC09,广东,N056,惠州市,0.0,0.0,0.0,0.0,0.0,0.0
S2,low,2045,R::RC10,广东,N117,茂名市,0.0,0.0,0.0,0.0,0.0,0.0
S2,low,2045,R::RC11,新疆,N102,乌鲁木齐市,0.0,0.0,0.0,0.0,0.0,0.0
S2,low,2045,R::RC12,江苏,N007,连云港市,0.0,0.0,0.0,0.0,0.0,0.0
S2,low,2045,R::RC13,江西,N010,九江市,0.0,0.0,0.0,0.0,0.0,0.0
S2,low,2045,R::RC14,河北,N084,沧州市,0.0,0.0,0.0,0.0,0.0,0.0
S2,low,2045,R::RC15,河南,N088,洛阳市,0.0,0.0,0.0,0.0,0.0,0.0
S2,low,2045,R::RC16,浙江,N043,宁波市,0.0,0.0,0.0,0.0,0.0,0.0
S2,low,2045,R::RC17,浙江,N043,舟山市,0.0,0.0,0.0,0.0,0.0,0.0
S2,low,2045,R::RC18,湖北,N078,武汉市,0.0,0.0,0.0,0.0,0.0,0.0
S2,low,2045,R::RC19,湖南,N002,岳阳市,0.0,0.0,0.0,0.0,0.0,0.0
S2,low,2045,R::RC20,甘肃,N018,兰州市,0.0,0.0,0.0,0.0,0.0,0.0
S2,low,2045,R::RC21,甘肃,N033,庆阳市,0.0,0.0,0.0,0.0,0.0,0.0
S2,low,2045,R::RC22,辽宁,N129,大连市,0.0,0.0,0.0,0.0,0.0,0.0
S2,low,2045,R::RC23,辽宁,N129,盘锦市,0.0,0.0,0.0,0.0,0.0,0.0
S2,low,2045,R::RC24,青海,N072,海西蒙古族藏族自治州,0.0,0.0,0.0,0.0,0.0,0.0
S2,low,2050,R::RC01,上海,N116,上海市,0.0,0.0,0.0,0.0,0.0,0.0
S2,low,2050,R::RC02,北京,N036,北京市,0.0,0.0,0.0,0.0,0.0,0.0
S2,low,2050,R::RC03,四川,N057,成都市,0.0,0.0,0.0,0.0,0.0,0.0
S2,low,2050,R::RC04,天津,N028,天津市,0.0,0.0,0.0,0.0,0.0,0.0
S2,low,2050,R::RC05,宁夏,N139,银川市,0.0,0.0,0.0,0.0,0.0,0.0
S2,low,2050,R::RC06,山东,N091,东营市,0.0,0.0,0.0,0.0,0.0,0.0
S2,low,2050,R::RC07,山东,N089,济南市,0.0,0.0,0.0,0.0,0.0,0.0
S2,low,2050,R::RC08,广东,N026,广州市,0.0,0.0,0.0,0.0,0.0,0.0
S2,low,2050,R::RC09,广东,N056,惠州市,0.0,0.0,0.0,0.0,0.0,0.0
S2,low,2050,R::RC10,广东,N117,茂名市,0.0,0.0,0.0,0.0,0.0,0.0
S2,low,2050,R::RC11,新疆,N102,乌鲁木齐市,0.0,0.0,0.0,0.0,0.0,0.0
S2,low,2050,R::RC12,江苏,N007,连云港市,0.0,0.0,0.0,0.0,0.0,0.0
S2,low,2050,R::RC13,江西,N010,九江市,0.0,0.0,0.0,0.0,0.0,0.0
S2,low,2050,R::RC14,河北,N084,沧州市,0.0,0.0,0.0,0.0,0.0,0.0
S2,low,2050,R::RC15,河南,N088,洛阳市,0.0,0.0,0.0,0.0,0.0,0.0
S2,low,2050,R::RC16,浙江,N043,宁波市,0.0,0.0,0.0,0.0,0.0,0.0
S2,low,2050,R::RC17,浙江,N043,舟山市,0.0,0.0,0.0,0.0,0.0,0.0
S2,low,2050,R::RC18,湖北,N078,武汉市,0.0,0.0,0.0,0.0,0.0,0.0
S2,low,2050,R::RC19,湖南,N002,岳阳市,0.0,0.0,0.0,0.0,0.0,0.0
S2,low,2050,R::RC20,甘肃,N018,兰州市,0.0,0.0,0.0,0.0,0.0,0.0
S2,low,2050,R::RC21,甘肃,N033,庆阳市,0.0,0.0,0.0,0.0,0.0,0.0
S2,low,2050,R::RC22,辽宁,N129,大连市,0.0,0.0,0.0,0.0,0.0,0.0
S2,low,2050,R::RC23,辽宁,N129,盘锦市,0.0,0.0,0.0,0.0,0.0,0.0
S2,low,2050,R::RC24,青海,N072,海西蒙古族藏族自治州,0.0,0.0,0.0,0.0,0.0,0.0
S2,low,2055,R::RC01,上海,N116,上海市,0.0,0.0,0.0,0.0,0.0,0.0
S2,low,2055,R::RC02,北京,N036,北京市,0.0,0.0,0.0,0.0,0.0,0.0
S2,low,2055,R::RC03,四川,N057,成都市,0.0,0.0,0.0,0.0,0.0,0.0
S2,low,2055,R::RC04,天津,N028,天津市,0.0,0.0,0.0,0.0,0.0,0.0
S2,low,2055,R::RC05,宁夏,N139,银川市,0.0,0.0,0.0,0.0,0.0,0.0
S2,low,2055,R::RC06,山东,N091,东营市,0.0,0.0,0.0,0.0,0.0,0.0
S2,low,2055,R::RC07,山东,N089,济南市,0.0,0.0,0.0,0.0,0.0,0.0
S2,low,2055,R::RC08,广东,N026,广州市,0.0,0.0,0.0,0.0,0.0,0.0
S2,low,2055,R::RC09,广东,N056,惠州市,0.0,0.0,0.0,0.0,0.0,0.0
S2,low,2055,R::RC10,广东,N117,茂名市,0.0,0.0,0.0,0.0,0.0,0.0
S2,low,2055,R::RC11,新疆,N102,乌鲁木齐市,0.0,0.0,0.0,0.0,0.0,0.0
S2,low,2055,R::RC12,江苏,N007,连云港市,0.0,0.0,0.0,0.0,0.0,0.0
S2,low,2055,R::RC13,江西,N010,九江市,0.0,0.0,0.0,0.0,0.0,0.0
S2,low,2055,R::RC14,河北,N084,沧州市,0.0,0.0,0.0,0.0,0.0,0.0
S2,low,2055,R::RC15,河南,N088,洛阳市,0.0,0.0,0.0,0.0,0.0,0.0
S2,low,2055,R::RC16,浙江,N043,宁波市,0.0,0.0,0.0,0.0,0.0,0.0
S2,low,2055,R::RC17,浙江,N043,舟山市,0.0,0.0,0.0,0.0,0.0,0.0
S2,low,2055,R::RC18,湖北,N078,武汉市,0.0,0.0,0.0,0.0,0.0,0.0
S2,low,2055,R::RC19,湖南,N002,岳阳市,0.0,0.0,0.0,0.0,0.0,0.0
S2,low,2055,R::RC20,甘肃,N018,兰州市,0.0,0.0,0.0,0.0,0.0,0.0
S2,low,2055,R::RC21,甘肃,N033,庆阳市,0.0,0.0,0.0,0.0,0.0,0.0
S2,low,2055,R::RC22,辽宁,N129,大连市,0.0,0.0,0.0,0.0,0.0,0.0
S2,low,2055,R::RC23,辽宁,N129,盘锦市,0.0,0.0,0.0,0.0,0.0,0.0
S2,low,2055,R::RC24,青海,N072,海西蒙古族藏族自治州,0.0,0.0,0.0,0.0,0.0,0.0
S2,low,2060,R::RC01,上海,N116,上海市,0.0,0.0,0.0,0.0,0.0,0.0
S2,low,2060,R::RC02,北京,N036,北京市,0.0,0.0,0.0,0.0,0.0,0.0
S2,low,2060,R::RC03,四川,N057,成都市,0.0,0.0,0.0,0.0,0.0,0.0
S2,low,2060,R::RC04,天津,N028,天津市,0.0,0.0,0.0,0.0,0.0,0.0
S2,low,2060,R::RC05,宁夏,N139,银川市,0.0,0.0,0.0,0.0,0.0,0.0
S2,low,2060,R::RC06,山东,N091,东营市,0.0,0.0,0.0,0.0,0.0,0.0
S2,low,2060,R::RC07,山东,N089,济南市,0.0,0.0,0.0,0.0,0.0,0.0
S2,low,2060,R::RC08,广东,N026,广州市,0.0,0.0,0.0,0.0,0.0,0.0
S2,low,2060,R::RC09,广东,N056,惠州市,0.0,0.0,0.0,0.0,0.0,0.0
S2,low,2060,R::RC10,广东,N117,茂名市,0.0,0.0,0.0,0.0,0.0,0.0
S2,low,2060,R::RC11,新疆,N102,乌鲁木齐市,0.0,0.0,0.0,0.0,0.0,0.0
S2,low,2060,R::RC12,江苏,N007,连云港市,0.0,0.0,0.0,0.0,0.0,0.0
S2,low,2060,R::RC13,江西,N010,九江市,0.0,0.0,0.0,0.0,0.0,0.0
S2,low,2060,R::RC14,河北,N084,沧州市,0.0,0.0,0.0,0.0,0.0,0.0
S2,low,2060,R::RC15,河南,N088,洛阳市,0.0,0.0,0.0,0.0,0.0,0.0
S2,low,2060,R::RC16,浙江,N043,宁波市,0.0,0.0,0.0,0.0,0.0,0.0
S2,low,2060,R::RC17,浙江,N043,舟山市,0.0,0.0,0.0,0.0,0.0,0.0
S2,low,2060,R::RC18,湖北,N078,武汉市,0.0,0.0,0.0,0.0,0.0,0.0
S2,low,2060,R::RC19,湖南,N002,岳阳市,0.0,0.0,0.0,0.0,0.0,0.0
S2,low,2060,R::RC20,甘肃,N018,兰州市,0.0,0.0,0.0,0.0,0.0,0.0
S2,low,2060,R::RC21,甘肃,N033,庆阳市,0.0,0.0,0.0,0.0,0.0,0.0
S2,low,2060,R::RC22,辽宁,N129,大连市,0.0,0.0,0.0,0.0,0.0,0.0
S2,low,2060,R::RC23,辽宁,N129,盘锦市,0.0,0.0,0.0,0.0,0.0,0.0
S2,low,2060,R::RC24,青海,N072,海西蒙古族藏族自治州,0.0,0.0,0.0,0.0,0.0,0.0
S2,mid,2025,R::RC01,上海,N116,上海市,0.0,0.0,0.0,0.0,0.0,0.0
S2,mid,2025,R::RC02,北京,N036,北京市,0.0,0.0,0.0,0.0,0.0,0.0
S2,mid,2025,R::RC03,四川,N057,成都市,0.0,0.0,0.0,0.0,0.0,0.0
S2,mid,2025,R::RC04,天津,N028,天津市,0.0,0.0,0.0,0.0,0.0,0.0
S2,mid,2025,R::RC05,宁夏,N139,银川市,0.0,0.0,0.0,0.0,0.0,0.0
S2,mid,2025,R::RC06,山东,N091,东营市,0.0,0.0,0.0,0.0,0.0,0.0
S2,mid,2025,R::RC07,山东,N089,济南市,0.0,0.0,0.0,0.0,0.0,0.0
S2,mid,2025,R::RC08,广东,N026,广州市,0.0,0.0,0.0,0.0,0.0,0.0
S2,mid,2025,R::RC09,广东,N056,惠州市,0.0,0.0,0.0,0.0,0.0,0.0
S2,mid,2025,R::RC10,广东,N117,茂名市,0.0,0.0,0.0,0.0,0.0,0.0
S2,mid,2025,R::RC11,新疆,N102,乌鲁木齐市,0.0,0.0,0.0,0.0,0.0,0.0
S2,mid,2025,R::RC12,江苏,N007,连云港市,0.0,0.0,0.0,0.0,0.0,0.0
S2,mid,2025,R::RC13,江西,N010,九江市,0.0,0.0,0.0,0.0,0.0,0.0
S2,mid,2025,R::RC14,河北,N084,沧州市,0.0,0.0,0.0,0.0,0.0,0.0
S2,mid,2025,R::RC15,河南,N088,洛阳市,0.0,0.0,0.0,0.0,0.0,0.0
S2,mid,2025,R::RC16,浙江,N043,宁波市,0.0,0.0,0.0,0.0,0.0,0.0
S2,mid,2025,R::RC17,浙江,N043,舟山市,0.0,0.0,0.0,0.0,0.0,0.0
S2,mid,2025,R::RC18,湖北,N078,武汉市,0.0,0.0,0.0,0.0,0.0,0.0
S2,mid,2025,R::RC19,湖南,N002,岳阳市,0.0,0.0,0.0,0.0,0.0,0.0
S2,mid,2025,R::RC20,甘肃,N018,兰州市,0.0,0.0,0.0,0.0,0.0,0.0
S2,mid,2025,R::RC21,甘肃,N033,庆阳市,0.0,0.0,0.0,0.0,0.0,0.0
S2,mid,2025,R::RC22,辽宁,N129,大连市,0.0,0.0,0.0,0.0,0.0,0.0
S2,mid,2025,R::RC23,辽宁,N129,盘锦市,0.0,0.0,0.0,0.0,0.0,0.0
S2,mid,2025,R::RC24,青海,N072,海西蒙古族藏族自治州,0.0,0.0,0.0,0.0,0.0,0.0
S2,mid,2030,R::RC01,上海,N116,上海市,0.0,0.0,0.0,0.0,0.0,0.0
S2,mid,2030,R::RC02,北京,N036,北京市,0.0,0.0,0.0,0.0,0.0,0.0
S2,mid,2030,R::RC03,四川,N057,成都市,0.0,0.0,0.0,0.0,0.0,0.0
S2,mid,2030,R::RC04,天津,N028,天津市,0.0,0.0,0.0,0.0,0.0,0.0
S2,mid,2030,R::RC05,宁夏,N139,银川市,0.0,0.0,0.0,0.0,0.0,0.0
S2,mid,2030,R::RC06,山东,N091,东营市,0.0,0.0,0.0,0.0,0.0,0.0
S2,mid,2030,R::RC07,山东,N089,济南市,0.0,0.0,0.0,0.0,0.0,0.0
S2,mid,2030,R::RC08,广东,N026,广州市,0.0,0.0,0.0,0.0,0.0,0.0
S2,mid,2030,R::RC09,广东,N056,惠州市,0.0,0.0,0.0,0.0,0.0,0.0
S2,mid,2030,R::RC10,广东,N117,茂名市,0.0,0.0,0.0,0.0,0.0,0.0
S2,mid,2030,R::RC11,新疆,N102,乌鲁木齐市,0.0,0.0,0.0,0.0,0.0,0.0
S2,mid,2030,R::RC12,江苏,N007,连云港市,0.0,0.0,0.0,0.0,0.0,0.0
S2,mid,2030,R::RC13,江西,N010,九江市,0.0,0.0,0.0,0.0,0.0,0.0
S2,mid,2030,R::RC14,河北,N084,沧州市,0.0,0.0,0.0,0.0,0.0,0.0
S2,mid,2030,R::RC15,河南,N088,洛阳市,0.0,0.0,0.0,0.0,0.0,0.0
S2,mid,2030,R::RC16,浙江,N043,宁波市,0.0,0.0,0.0,0.0,0.0,0.0
S2,mid,2030,R::RC17,浙江,N043,舟山市,0.0,0.0,0.0,0.0,0.0,0.0
S2,mid,2030,R::RC18,湖北,N078,武汉市,0.0,0.0,0.0,0.0,0.0,0.0
S2,mid,2030,R::RC19,湖南,N002,岳阳市,0.0,0.0,0.0,0.0,0.0,0.0
S2,mid,2030,R::RC20,甘肃,N018,兰州市,0.0,0.0,0.0,0.0,0.0,0.0
S2,mid,2030,R::RC21,甘肃,N033,庆阳市,0.0,0.0,0.0,0.0,0.0,0.0
S2,mid,2030,R::RC22,辽宁,N129,大连市,0.0,0.0,0.0,0.0,0.0,0.0
S2,mid,2030,R::RC23,辽宁,N129,盘锦市,0.0,0.0,0.0,0.0,0.0,0.0
S2,mid,2030,R::RC24,青海,N072,海西蒙古族藏族自治州,0.0,0.0,0.0,0.0,0.0,0.0
S2,mid,2035,R::RC01,上海,N116,上海市,0.0,0.0,0.0,0.0,0.0,0.0
S2,mid,2035,R::RC02,北京,N036,北京市,0.0,0.0,0.0,0.0,0.0,0.0
S2,mid,2035,R::RC03,四川,N057,成都市,0.0,0.0,0.0,0.0,0.0,0.0
S2,mid,2035,R::RC04,天津,N028,天津市,0.0,0.0,0.0,0.0,0.0,0.0
S2,mid,2035,R::RC05,宁夏,N139,银川市,0.0,0.0,0.0,0.0,0.0,0.0
S2,mid,2035,R::RC06,山东,N091,东营市,0.0,0.0,0.0,0.0,0.0,0.0
S2,mid,2035,R::RC07,山东,N089,济南市,0.0,0.0,0.0,0.0,0.0,0.0
S2,mid,2035,R::RC08,广东,N026,广州市,0.0,0.0,0.0,0.0,0.0,0.0
S2,mid,2035,R::RC09,广东,N056,惠州市,0.0,0.0,0.0,0.0,0.0,0.0
S2,mid,2035,R::RC10,广东,N117,茂名市,0.0,0.0,0.0,0.0,0.0,0.0
S2,mid,2035,R::RC11,新疆,N102,乌鲁木齐市,0.0,0.0,0.0,0.0,0.0,0.0
S2,mid,2035,R::RC12,江苏,N007,连云港市,0.0,0.0,0.0,0.0,0.0,0.0
S2,mid,2035,R::RC13,江西,N010,九江市,0.0,0.0,0.0,0.0,0.0,0.0
S2,mid,2035,R::RC14,河北,N084,沧州市,0.0,0.0,0.0,0.0,0.0,0.0
S2,mid,2035,R::RC15,河南,N088,洛阳市,0.0,0.0,0.0,0.0,0.0,0.0
S2,mid,2035,R::RC16,浙江,N043,宁波市,0.0,0.0,0.0,0.0,0.0,0.0
S2,mid,2035,R::RC17,浙江,N043,舟山市,0.0,0.0,0.0,0.0,0.0,0.0
S2,mid,2035,R::RC18,湖北,N078,武汉市,0.0,0.0,0.0,0.0,0.0,0.0
S2,mid,2035,R::RC19,湖南,N002,岳阳市,0.0,0.0,0.0,0.0,0.0,0.0
S2,mid,2035,R::RC20,甘肃,N018,兰州市,0.0,0.0,0.0,0.0,0.0,0.0
S2,mid,2035,R::RC21,甘肃,N033,庆阳市,0.0,0.0,0.0,0.0,0.0,0.0
S2,mid,2035,R::RC22,辽宁,N129,大连市,0.0,0.0,0.0,0.0,0.0,0.0
S2,mid,2035,R::RC23,辽宁,N129,盘锦市,0.0,0.0,0.0,0.0,0.0,0.0
S2,mid,2035,R::RC24,青海,N072,海西蒙古族藏族自治州,0.0,0.0,0.0,0.0,0.0,0.0
S2,mid,2040,R::RC01,上海,N116,上海市,0.0,0.0,0.0,0.0,0.0,0.0
S2,mid,2040,R::RC02,北京,N036,北京市,0.0,0.0,0.0,0.0,0.0,0.0
S2,mid,2040,R::RC03,四川,N057,成都市,0.0,0.0,0.0,0.0,0.0,0.0
S2,mid,2040,R::RC04,天津,N028,天津市,0.0,0.0,0.0,0.0,0.0,0.0
S2,mid,2040,R::RC05,宁夏,N139,银川市,0.0,0.0,0.0,0.0,0.0,0.0
S2,mid,2040,R::RC06,山东,N091,东营市,0.0,0.0,0.0,0.0,0.0,0.0
S2,mid,2040,R::RC07,山东,N089,济南市,0.0,0.0,0.0,0.0,0.0,0.0
S2,mid,2040,R::RC08,广东,N026,广州市,0.0,0.0,0.0,0.0,0.0,0.0
S2,mid,2040,R::RC09,广东,N056,惠州市,0.0,0.0,0.0,0.0,0.0,0.0
S2,mid,2040,R::RC10,广东,N117,茂名市,0.0,0.0,0.0,0.0,0.0,0.0
S2,mid,2040,R::RC11,新疆,N102,乌鲁木齐市,0.0,0.0,0.0,0.0,0.0,0.0
S2,mid,2040,R::RC12,江苏,N007,连云港市,0.0,0.0,0.0,0.0,0.0,0.0
S2,mid,2040,R::RC13,江西,N010,九江市,0.0,0.0,0.0,0.0,0.0,0.0
S2,mid,2040,R::RC14,河北,N084,沧州市,0.0,0.0,0.0,0.0,0.0,0.0
S2,mid,2040,R::RC15,河南,N088,洛阳市,0.0,0.0,0.0,0.0,0.0,0.0
S2,mid,2040,R::RC16,浙江,N043,宁波市,0.0,0.0,0.0,0.0,0.0,0.0
S2,mid,2040,R::RC17,浙江,N043,舟山市,0.0,0.0,0.0,0.0,0.0,0.0
S2,mid,2040,R::RC18,湖北,N078,武汉市,0.0,0.0,0.0,0.0,0.0,0.0
S2,mid,2040,R::RC19,湖南,N002,岳阳市,0.0,0.0,0.0,0.0,0.0,0.0
S2,mid,2040,R::RC20,甘肃,N018,兰州市,0.0,0.0,0.0,0.0,0.0,0.0
S2,mid,2040,R::RC21,甘肃,N033,庆阳市,0.0,0.0,0.0,0.0,0.0,0.0
S2,mid,2040,R::RC22,辽宁,N129,大连市,0.0,0.0,0.0,0.0,0.0,0.0
S2,mid,2040,R::RC23,辽宁,N129,盘锦市,0.0,0.0,0.0,0.0,0.0,0.0
S2,mid,2040,R::RC24,青海,N072,海西蒙古族藏族自治州,0.0,0.0,0.0,0.0,0.0,0.0
S2,mid,2045,R::RC01,上海,N116,上海市,0.0,0.0,0.0,0.0,0.0,0.0
S2,mid,2045,R::RC02,北京,N036,北京市,0.0,0.0,0.0,0.0,0.0,0.0
S2,mid,2045,R::RC03,四川,N057,成都市,0.0,0.0,0.0,0.0,0.0,0.0
S2,mid,2045,R::RC04,天津,N028,天津市,0.0,0.0,0.0,0.0,0.0,0.0
S2,mid,2045,R::RC05,宁夏,N139,银川市,0.0,0.0,0.0,0.0,0.0,0.0
S2,mid,2045,R::RC06,山东,N091,东营市,0.0,0.0,0.0,0.0,0.0,0.0
S2,mid,2045,R::RC07,山东,N089,济南市,0.0,0.0,0.0,0.0,0.0,0.0
S2,mid,2045,R::RC08,广东,N026,广州市,0.0,0.0,0.0,0.0,0.0,0.0
S2,mid,2045,R::RC09,广东,N056,惠州市,0.0,0.0,0.0,0.0,0.0,0.0
S2,mid,2045,R::RC10,广东,N117,茂名市,0.0,0.0,0.0,0.0,0.0,0.0
S2,mid,2045,R::RC11,新疆,N102,乌鲁木齐市,0.0,0.0,0.0,0.0,0.0,0.0
S2,mid,2045,R::RC12,江苏,N007,连云港市,0.0,0.0,0.0,0.0,0.0,0.0
S2,mid,2045,R::RC13,江西,N010,九江市,0.0,0.0,0.0,0.0,0.0,0.0
S2,mid,2045,R::RC14,河北,N084,沧州市,0.0,0.0,0.0,0.0,0.0,0.0
S2,mid,2045,R::RC15,河南,N088,洛阳市,0.0,0.0,0.0,0.0,0.0,0.0
S2,mid,2045,R::RC16,浙江,N043,宁波市,0.0,0.0,0.0,0.0,0.0,0.0
S2,mid,2045,R::RC17,浙江,N043,舟山市,0.0,0.0,0.0,0.0,0.0,0.0
S2,mid,2045,R::RC18,湖北,N078,武汉市,0.0,0.0,0.0,0.0,0.0,0.0
S2,mid,2045,R::RC19,湖南,N002,岳阳市,0.0,0.0,0.0,0.0,0.0,0.0
S2,mid,2045,R::RC20,甘肃,N018,兰州市,0.0,0.0,0.0,0.0,0.0,0.0
S2,mid,2045,R::RC21,甘肃,N033,庆阳市,0.0,0.0,0.0,0.0,0.0,0.0
S2,mid,2045,R::RC22,辽宁,N129,大连市,0.0,0.0,0.0,0.0,0.0,0.0
S2,mid,2045,R::RC23,辽宁,N129,盘锦市,0.0,0.0,0.0,0.0,0.0,0.0
S2,mid,2045,R::RC24,青海,N072,海西蒙古族藏族自治州,0.0,0.0,0.0,0.0,0.0,0.0
S2,mid,2050,R::RC01,上海,N116,上海市,0.0,0.0,0.0,0.0,0.0,0.0
S2,mid,2050,R::RC02,北京,N036,北京市,0.0,0.0,0.0,0.0,0.0,0.0
S2,mid,2050,R::RC03,四川,N057,成都市,0.0,0.0,0.0,0.0,0.0,0.0
S2,mid,2050,R::RC04,天津,N028,天津市,0.0,0.0,0.0,0.0,0.0,0.0
S2,mid,2050,R::RC05,宁夏,N139,银川市,0.0,0.0,0.0,0.0,0.0,0.0
S2,mid,2050,R::RC06,山东,N091,东营市,0.0,0.0,0.0,0.0,0.0,0.0
S2,mid,2050,R::RC07,山东,N089,济南市,0.0,0.0,0.0,0.0,0.0,0.0
S2,mid,2050,R::RC08,广东,N026,广州市,0.0,0.0,0.0,0.0,0.0,0.0
S2,mid,2050,R::RC09,广东,N056,惠州市,0.0,0.0,0.0,0.0,0.0,0.0
S2,mid,2050,R::RC10,广东,N117,茂名市,0.0,0.0,0.0,0.0,0.0,0.0
S2,mid,2050,R::RC11,新疆,N102,乌鲁木齐市,0.0,0.0,0.0,0.0,0.0,0.0
S2,mid,2050,R::RC12,江苏,N007,连云港市,0.0,0.0,0.0,0.0,0.0,0.0
S2,mid,2050,R::RC13,江西,N010,九江市,0.0,0.0,0.0,0.0,0.0,0.0
S2,mid,2050,R::RC14,河北,N084,沧州市,0.0,0.0,0.0,0.0,0.0,0.0
S2,mid,2050,R::RC15,河南,N088,洛阳市,0.0,0.0,0.0,0.0,0.0,0.0
S2,mid,2050,R::RC16,浙江,N043,宁波市,0.0,0.0,0.0,0.0,0.0,0.0
S2,mid,2050,R::RC17,浙江,N043,舟山市,0.0,0.0,0.0,0.0,0.0,0.0
S2,mid,2050,R::RC18,湖北,N078,武汉市,0.0,0.0,0.0,0.0,0.0,0.0
S2,mid,2050,R::RC19,湖南,N002,岳阳市,0.0,0.0,0.0,0.0,0.0,0.0
S2,mid,2050,R::RC20,甘肃,N018,兰州市,0.0,0.0,0.0,0.0,0.0,0.0
S2,mid,2050,R::RC21,甘肃,N033,庆阳市,0.0,0.0,0.0,0.0,0.0,0.0
S2,mid,2050,R::RC22,辽宁,N129,大连市,0.0,0.0,0.0,0.0,0.0,0.0
S2,mid,2050,R::RC23,辽宁,N129,盘锦市,0.0,0.0,0.0,0.0,0.0,0.0
S2,mid,2050,R::RC24,青海,N072,海西蒙古族藏族自治州,0.0,0.0,0.0,0.0,0.0,0.0
S2,mid,2055,R::RC01,上海,N116,上海市,0.0,0.0,0.0,0.0,0.0,0.0
S2,mid,2055,R::RC02,北京,N036,北京市,0.0,0.0,0.0,0.0,0.0,0.0
S2,mid,2055,R::RC03,四川,N057,成都市,0.0,0.0,0.0,0.0,0.0,0.0
S2,mid,2055,R::RC04,天津,N028,天津市,0.0,0.0,0.0,0.0,0.0,0.0
S2,mid,2055,R::RC05,宁夏,N139,银川市,0.0,0.0,0.0,0.0,0.0,0.0
S2,mid,2055,R::RC06,山东,N091,东营市,0.0,0.0,0.0,0.0,0.0,0.0
S2,mid,2055,R::RC07,山东,N089,济南市,0.0,0.0,0.0,0.0,0.0,0.0
S2,mid,2055,R::RC08,广东,N026,广州市,0.0,0.0,0.0,0.0,0.0,0.0
S2,mid,2055,R::RC09,广东,N056,惠州市,0.0,0.0,0.0,0.0,0.0,0.0
S2,mid,2055,R::RC10,广东,N117,茂名市,0.0,0.0,0.0,0.0,0.0,0.0
S2,mid,2055,R::RC11,新疆,N102,乌鲁木齐市,0.0,0.0,0.0,0.0,0.0,0.0
S2,mid,2055,R::RC12,江苏,N007,连云港市,0.0,0.0,0.0,0.0,0.0,0.0
S2,mid,2055,R::RC13,江西,N010,九江市,0.0,0.0,0.0,0.0,0.0,0.0
S2,mid,2055,R::RC14,河北,N084,沧州市,0.0,0.0,0.0,0.0,0.0,0.0
S2,mid,2055,R::RC15,河南,N088,洛阳市,0.0,0.0,0.0,0.0,0.0,0.0
S2,mid,2055,R::RC16,浙江,N043,宁波市,0.0,0.0,0.0,0.0,0.0,0.0
S2,mid,2055,R::RC17,浙江,N043,舟山市,0.0,0.0,0.0,0.0,0.0,0.0
S2,mid,2055,R::RC18,湖北,N078,武汉市,0.0,0.0,0.0,0.0,0.0,0.0
S2,mid,2055,R::RC19,湖南,N002,岳阳市,0.0,0.0,0.0,0.0,0.0,0.0
S2,mid,2055,R::RC20,甘肃,N018,兰州市,0.0,0.0,0.0,0.0,0.0,0.0
S2,mid,2055,R::RC21,甘肃,N033,庆阳市,0.0,0.0,0.0,0.0,0.0,0.0
S2,mid,2055,R::RC22,辽宁,N129,大连市,0.0,0.0,0.0,0.0,0.0,0.0
S2,mid,2055,R::RC23,辽宁,N129,盘锦市,0.0,0.0,0.0,0.0,0.0,0.0
S2,mid,2055,R::RC24,青海,N072,海西蒙古族藏族自治州,0.0,0.0,0.0,0.0,0.0,0.0
S2,mid,2060,R::RC01,上海,N116,上海市,0.0,0.0,0.0,0.0,0.0,0.0
S2,mid,2060,R::RC02,北京,N036,北京市,0.0,0.0,0.0,0.0,0.0,0.0
S2,mid,2060,R::RC03,四川,N057,成都市,0.0,0.0,0.0,0.0,0.0,0.0
S2,mid,2060,R::RC04,天津,N028,天津市,0.0,0.0,0.0,0.0,0.0,0.0
S2,mid,2060,R::RC05,宁夏,N139,银川市,0.0,0.0,0.0,0.0,0.0,0.0
S2,mid,2060,R::RC06,山东,N091,东营市,0.0,0.0,0.0,0.0,0.0,0.0
S2,mid,2060,R::RC07,山东,N089,济南市,0.0,0.0,0.0,0.0,0.0,0.0
S2,mid,2060,R::RC08,广东,N026,广州市,0.0,0.0,0.0,0.0,0.0,0.0
S2,mid,2060,R::RC09,广东,N056,惠州市,0.0,0.0,0.0,0.0,0.0,0.0
S2,mid,2060,R::RC10,广东,N117,茂名市,0.0,0.0,0.0,0.0,0.0,0.0
S2,mid,2060,R::RC11,新疆,N102,乌鲁木齐市,0.0,0.0,0.0,0.0,0.0,0.0
S2,mid,2060,R::RC12,江苏,N007,连云港市,0.0,0.0,0.0,0.0,0.0,0.0
S2,mid,2060,R::RC13,江西,N010,九江市,0.0,0.0,0.0,0.0,0.0,0.0
S2,mid,2060,R::RC14,河北,N084,沧州市,0.0,0.0,0.0,0.0,0.0,0.0
S2,mid,2060,R::RC15,河南,N088,洛阳市,0.0,0.0,0.0,0.0,0.0,0.0
S2,mid,2060,R::RC16,浙江,N043,宁波市,0.0,0.0,0.0,0.0,0.0,0.0
S2,mid,2060,R::RC17,浙江,N043,舟山市,0.0,0.0,0.0,0.0,0.0,0.0
S2,mid,2060,R::RC18,湖北,N078,武汉市,0.0,0.0,0.0,0.0,0.0,0.0
S2,mid,2060,R::RC19,湖南,N002,岳阳市,0.0,0.0,0.0,0.0,0.0,0.0
S2,mid,2060,R::RC20,甘肃,N018,兰州市,0.0,0.0,0.0,0.0,0.0,0.0
S2,mid,2060,R::RC21,甘肃,N033,庆阳市,0.0,0.0,0.0,0.0,0.0,0.0
S2,mid,2060,R::RC22,辽宁,N129,大连市,0.0,0.0,0.0,0.0,0.0,0.0
S2,mid,2060,R::RC23,辽宁,N129,盘锦市,0.0,0.0,0.0,0.0,0.0,0.0
S2,mid,2060,R::RC24,青海,N072,海西蒙古族藏族自治州,0.0,0.0,0.0,0.0,0.0,0.0
S3,high,2025,R::RC01,上海,N116,上海市,0.0,0.0,0.0,0.0,0.0,0.0
S3,high,2025,R::RC02,北京,N036,北京市,0.0,0.0,0.0,0.0,0.0,0.0
S3,high,2025,R::RC03,四川,N057,成都市,0.0,0.0,0.0,0.0,0.0,0.0
S3,high,2025,R::RC04,天津,N028,天津市,0.0,0.0,0.0,0.0,0.0,0.0
S3,high,2025,R::RC05,宁夏,N139,银川市,0.0,0.0,0.0,0.0,0.0,0.0
S3,high,2025,R::RC06,山东,N091,东营市,0.0,0.0,0.0,0.0,0.0,0.0
S3,high,2025,R::RC07,山东,N089,济南市,0.0,0.0,0.0,0.0,0.0,0.0
S3,high,2025,R::RC08,广东,N026,广州市,0.0,0.0,0.0,0.0,0.0,0.0
S3,high,2025,R::RC09,广东,N056,惠州市,0.0,0.0,0.0,0.0,0.0,0.0
S3,high,2025,R::RC10,广东,N117,茂名市,0.0,0.0,0.0,0.0,0.0,0.0
S3,high,2025,R::RC11,新疆,N102,乌鲁木齐市,0.0,0.0,0.0,0.0,0.0,0.0
S3,high,2025,R::RC12,江苏,N007,连云港市,0.0,0.0,0.0,0.0,0.0,0.0
S3,high,2025,R::RC13,江西,N010,九江市,0.0,0.0,0.0,0.0,0.0,0.0
S3,high,2025,R::RC14,河北,N084,沧州市,0.0,0.0,0.0,0.0,0.0,0.0
S3,high,2025,R::RC15,河南,N088,洛阳市,0.0,0.0,0.0,0.0,0.0,0.0
S3,high,2025,R::RC16,浙江,N043,宁波市,0.0,0.0,0.0,0.0,0.0,0.0
S3,high,2025,R::RC17,浙江,N043,舟山市,0.0,0.0,0.0,0.0,0.0,0.0
S3,high,2025,R::RC18,湖北,N078,武汉市,0.0,0.0,0.0,0.0,0.0,0.0
S3,high,2025,R::RC19,湖南,N002,岳阳市,0.0,0.0,0.0,0.0,0.0,0.0
S3,high,2025,R::RC20,甘肃,N018,兰州市,0.0,0.0,0.0,0.0,0.0,0.0
S3,high,2025,R::RC21,甘肃,N033,庆阳市,0.0,0.0,0.0,0.0,0.0,0.0
S3,high,2025,R::RC22,辽宁,N129,大连市,0.0,0.0,0.0,0.0,0.0,0.0
S3,high,2025,R::RC23,辽宁,N129,盘锦市,0.0,0.0,0.0,0.0,0.0,0.0
S3,high,2025,R::RC24,青海,N072,海西蒙古族藏族自治州,0.0,0.0,0.0,0.0,0.0,0.0
S3,high,2030,R::RC01,上海,N116,上海市,35.117189104934546,0.0,18.3834,18.3834,16.733789104934544,52.348722857823574
S3,high,2030,R::RC02,北京,N036,北京市,31.31515441722609,0.25695265499649,13.2315,13.48845265499649,17.8267017622296,43.0732433098802
S3,high,2030,R::RC03,四川,N057,成都市,67.68016908230751,10.03653837640867,57.6436,67.68013837640866,3.07058988511244e-05,99.99995463087745
S3,high,2030,R::RC04,天津,N028,天津市,8.486580832093644,5.95632962373169,0.0,5.95632962373169,2.530251208361954,70.18526944569572
S3,high,2030,R::RC05,宁夏,N139,银川市,6.6694247333842,6.6694247333842,0.0,6.6694247333842,0.0,100.0
S3,high,2030,R::RC06,山东,N091,东营市,11.028896938143498,11.028896938143498,0.0,11.028896938143498,0.0,100.0
S3,high,2030,R::RC07,山东,N089,济南市,7.294587088031668,7.294587088031667,0.0,7.294587088031667,8.881784197001252e-16,99.99999999999999
S3,high,2030,R::RC08,广东,N026,广州市,25.193609250331253,3.423120620188247,0.0,3.423120620188247,21.770488630143007,13.587257729430883
S3,high,2030,R::RC09,广东,N056,惠州市,29.65101358795728,4.028759635584327,0.0,4.028759635584327,25.62225395237295,13.587257729430883
S3,high,2030,R::RC10,广东,N117,茂名市,30.597066182389987,4.157302239845866,0.0,4.157302239845866,26.43976394254412,13.587257729430883
S3,high,2030,R::RC11,新疆,N102,乌鲁木齐市,18.124023760854325,18.124023760854325,0.0,18.124023760854325,0.0,100.0
S3,high,2030,R::RC12,江苏,N007,连云港市,2.120928817855179,2.120928817855179,0.0,2.120928817855179,0.0,100.0
S3,high,2030,R::RC13,江西,N010,九江市,3.2277052319335136,3.2277052319335136,0.0,3.2277052319335136,0.0,100.00000000000001
S3,high,2030,R::RC14,河北,N084,沧州市,3.563805531550917,3.5638055315509174,0.0,3.563805531550917,0.0,100.0
S3,high,2030,R::RC15,河南,N088,洛阳市,15.53428378613558,15.53428378613558,0.0,15.53428378613558,0.0,100.0
S3,high,2030,R::RC16,浙江,N043,宁波市,23.98044424077771,1.373223377602005,0.0,1.373223377602005,22.607220863175705,5.726430102019953
S3,high,2030,R::RC17,浙江,N043,舟山市,0.2051482804540153,0.011747672885695,0.0,0.011747672885695,0.1934006075683203,5.726430102019929
S3,high,2030,R::RC18,湖北,N078,武汉市,8.783723584725756,8.783723584725756,0.0,8.783723584725756,0.0,100.0
S3,high,2030,R::RC19,湖南,N002,岳阳市,8.33721079223756,8.33721079223756,0.0,8.33721079223756,0.0,100.0
S3,high,2030,R::RC20,甘肃,N018,兰州市,8.529317534305239,8.529317534305239,0.0,8.529317534305239,0.0,100.0
S3,high,2030,R::RC21,甘肃,N033,庆阳市,12.708892005789322,12.708892005789322,0.0,12.708892005789322,0.0,100.0
S3,high,2030,R::RC22,辽宁,N129,大连市,7.745333616692306,7.745333616692306,0.0,7.745333616692306,0.0,100.0
S3,high,2030,R::RC23,辽宁,N129,盘锦市,35.43018352874861,35.43018352874861,0.0,35.43018352874861,0.0,100.0
S3,high,2030,R::RC24,青海,N072,海西蒙古族藏族自治州,3.675308071140305,3.675308071140305,0.0,3.675308071140305,0.0,100.0
S3,high,2035,R::RC01,上海,N116,上海市,67.41626365833004,0.0,27.72,27.72,39.69626365833004,41.11767472087558
S3,high,2035,R::RC02,北京,N036,北京市,60.11730324954684,0.39827209981267,4.5221,4.92037209981267,55.196931149734176,8.184618793341764
S3,high,2035,R::RC03,四川,N057,成都市,129.92908144382372,15.6100940218052,114.3189,129.9289940218052,8.742201850964193e-05,99.99993271558797
S3,high,2035,R::RC04,天津,N028,天津市,16.29212318857721,9.27971214587134,0.0,9.27971214587134,7.012411042705871,56.95827387542443
S3,high,2035,R::RC05,宁夏,N139,银川市,12.803635704773326,12.803635704773326,0.0,12.803635704773326,0.0,100.0
S3,high,2035,R::RC06,山东,N091,东营市,21.172737419862376,21.172737419862376,0.0,21.172737419862376,0.0,99.99999999999999
S3,high,2035,R::RC07,山东,N089,济南市,14.003791844954089,14.003791844954089,0.0,14.003791844954089,0.0,100.0
S3,high,2035,R::RC08,广东,N026,广州市,48.36545996463632,5.306988054454218,0.0,5.306988054454218,43.0584719101821,10.972681864980839
S3,high,2035,R::RC09,广东,N056,惠州市,56.92256700299419,6.245932186619111,0.0,6.245932186619111,50.676634816375085,10.97268186498084
S3,high,2035,R::RC10,广东,N117,茂名市,58.73875254536042,6.445216448260735,0.0,6.445216448260735,52.29353609709968,10.97268186498084
S3,high,2035,R::RC11,新疆,N102,乌鲁木齐市,34.793615193987804,34.793615193987804,0.0,34.793615193987804,0.0,100.0
S3,high,2035,R::RC12,江苏,N007,连云港市,4.071655506305406,4.071655506305406,0.0,4.071655506305406,0.0,100.0
S3,high,2035,R::RC13,江西,N010,九江市,6.1963907839316406,6.1963907839316406,0.0,6.1963907839316406,0.0,100.0
S3,high,2035,R::RC14,河北,N084,沧州市,6.841619715750295,6.841619715750295,0.0,6.841619715750295,0.0,100.0
S3,high,2035,R::RC15,河南,N088,洛阳市,29.82195893697767,29.82195893697767,0.0,29.82195893697767,0.0,100.00000000000001
S3,high,2035,R::RC16,浙江,N043,宁波市,46.03648506004665,2.12536098542802,0.0,2.12536098542802,43.91112407461864,4.616688225992609
S3,high,2035,R::RC17,浙江,N043,舟山市,0.3938336443390779,0.0181820714881998,0.0,0.0181820714881998,0.3756515728508781,4.616688225992605
S3,high,2035,R::RC18,湖北,N078,武汉市,16.862563325336147,16.862563325336147,0.0,16.862563325336147,0.0,100.0
S3,high,2035,R::RC19,湖南,N002,岳阳市,16.00536988495992,16.00536988495992,0.0,16.00536988495992,0.0,100.0
S3,high,2035,R::RC20,甘肃,N018,兰州市,16.374167021173694,16.374167021173694,0.0,16.374167021173694,0.0,100.0
S3,high,2035,R::RC21,甘肃,N033,庆阳市,24.397909858541134,24.397909858541134,0.0,24.397909858541134,0.0,100.0
S3,high,2035,R::RC22,辽宁,N129,大连市,14.869113005154592,14.869113005154592,0.0,14.869113005154592,0.0,100.0
S3,high,2035,R::RC23,辽宁,N129,盘锦市,68.01713505883946,68.01713505883946,0.0,68.01713505883946,0.0,100.0
S3,high,2035,R::RC24,青海,N072,海西蒙古族藏族自治州,7.055676842733595,7.055676842733595,0.0,7.055676842733595,0.0,100.0
S3,high,2040,R::RC01,上海,N116,上海市,98.86811567642944,0.0,38.875,38.875,59.99311567642944,39.32005756762689
S3,high,2040,R::RC02,北京,N036,北京市,88.16395583644564,0.56488211809069,2.9304,3.49528211809069,84.66867371835495,3.9645250544052764
S3,high,2040,R::RC03,四川,N057,成都市,190.5451705099492,20.867413310130008,169.6777,190.54511331013,5.719981916740835e-05,99.99996998096617
S3,high,2040,R::RC04,天津,N028,天津市,23.892921865061872,12.0343063654834,0.0,12.0343063654834,11.858615499578471,50.367662998475375
S3,high,2040,R::RC05,宁夏,N139,银川市,18.77694293996933,18.77694293996933,0.0,18.77694293996933,0.0,100.0
S3,high,2040,R::RC06,山东,N091,东营市,31.05049937241617,31.05049937241617,0.0,31.05049937241617,0.0,100.0
S3,high,2040,R::RC07,山东,N089,济南市,20.53701046163637,20.53701046163637,0.0,20.53701046163637,0.0,99.99999999999999
S3,high,2040,R::RC08,广东,N026,广州市,70.9295002577102,7.498326435206006,0.0,7.498326435206006,63.4311738225042,10.571520182663237
S3,high,2040,R::RC09,广东,N056,惠州市,83.47877253437723,8.824975286711222,0.0,8.824975286711222,74.653797247666,10.571520182663235
S3,high,2040,R::RC10,广东,N117,茂名市,86.14226695766,9.10654713723267,0.0,9.10654713723267,77.03571982042733,10.571520182663235
S3,high,2040,R::RC11,新疆,N102,乌鲁木齐市,51.02595405219124,51.02595405219124,0.0,51.02595405219124,0.0,100.0
S3,high,2040,R::RC12,江苏,N007,连云港市,5.97121355808382,5.97121355808382,0.0,5.97121355808382,0.0,100.0
S3,high,2040,R::RC13,江西,N010,九江市,9.087206076962971,9.087206076962971,0.0,9.087206076962971,0.0,100.0
S3,high,2040,R::RC14,河北,N084,沧州市,10.033455026506225,10.033455026506225,0.0,10.033455026506225,0.0,100.0
S3,high,2040,R::RC15,河南,N088,洛阳市,43.73486049036661,43.73486049036661,0.0,43.73486049036661,0.0,100.0
S3,high,2040,R::RC16,浙江,N043,宁波市,67.51398376689055,3.0883006843252563,0.0,3.0883006843252563,64.42568308256529,4.574312626830631
S3,high,2040,R::RC17,浙江,N043,舟山市,0.5775696870880288,0.0264198431252138,0.0,0.0264198431252138,0.551149843962815,4.574312626830619
S3,high,2040,R::RC18,湖北,N078,武汉市,24.729490644865383,24.729490644865383,0.0,24.729490644865383,0.0,100.0
S3,high,2040,R::RC19,湖南,N002,岳阳市,23.47238893644518,23.472388936445174,0.0,23.472388936445174,3.552713678800501e-15,99.99999999999996
S3,high,2040,R::RC20,甘肃,N018,兰州市,24.01324178033924,24.01324178033924,0.0,24.01324178033924,0.0,100.0
S3,high,2040,R::RC21,甘肃,N033,庆阳市,35.780318327672425,35.780318327672425,0.0,35.780318327672425,0.0,100.0
S3,high,2040,R::RC22,辽宁,N129,大连市,21.80603173219435,21.80603173219435,0.0,21.80603173219435,0.0,99.99999999999999
S3,high,2040,R::RC23,辽宁,N129,盘锦市,99.74931288179968,99.74931288179968,0.0,99.74931288179968,0.0,100.0
S3,high,2040,R::RC24,青海,N072,海西蒙古族藏族自治州,10.347376677507334,10.347376677507334,0.0,10.347376677507334,0.0,100.0
S3,high,2045,R::RC01,上海,N116,上海市,129.19773697091992,0.0,47.4681,47.4681,81.72963697091993,36.74065901841935
S3,high,2045,R::RC02,北京,N036,北京市,115.20987831659934,0.69854986177709,0.0,0.69854986177709,114.51132845482223,0.606328096152883
S3,high,2045,R::RC03,四川,N057,成都市,248.9984223143491,24.83357511112599,224.1648,248.998375111126,4.7203223118685855e-05,99.99998104276217
S3,high,2045,R::RC04,天津,N028,天津市,31.22251712262518,14.02134788485795,0.0,14.02134788485795,17.201169237767232,44.90780749607621
S3,high,2045,R::RC05,宁夏,N139,银川市,24.537117133046397,24.5371171330464,0.0,24.537117133046397,0.0,100.00000000000001
S3,high,2045,R::RC06,山东,N091,东营市,40.57581378269893,40.57581378269893,0.0,40.57581378269893,0.0,100.0
S3,high,2045,R::RC07,山东,N089,济南市,26.83711788818984,26.83711788818984,0.0,26.83711788818984,0.0,100.0
S3,high,2045,R::RC08,广东,N026,广州市,92.68843504376768,9.250707987632374,0.0,9.250707987632374,83.43772705613532,9.980433894761704
S3,high,2045,R::RC09,广东,N056,惠州市,109.08742846732513,10.887398685676844,0.0,10.887398685676844,98.20002978164828,9.980433894761703
S3,high,2045,R::RC10,广东,N117,茂名市,112.56799901899832,11.23477472874713,0.0,11.23477472874713,101.3332242902512,9.980433894761703
S3,high,2045,R::RC11,新疆,N102,乌鲁木齐市,66.67910827693576,66.67910827693576,0.0,66.67910827693576,0.0,100.0
S3,high,2045,R::RC12,江苏,N007,连云港市,7.802993648623012,7.802993648623012,0.0,7.802993648623012,0.0,100.0
S3,high,2045,R::RC13,江西,N010,九江市,11.874874447636556,11.874874447636556,0.0,11.874874447636556,0.0,100.0
S3,high,2045,R::RC14,河北,N084,沧州市,13.11140274652922,13.11140274652922,0.0,13.11140274652922,0.0,100.0
S3,high,2045,R::RC15,河南,N088,洛阳市,57.15133704567359,57.15133704567359,0.0,57.15133704567359,0.0,100.0
S3,high,2045,R::RC16,浙江,N043,宁波市,88.22514576004201,3.8754454299199135,0.0,3.8754454299199135,84.3497003301221,4.392676709722297
S3,high,2045,R::RC17,浙江,N043,舟山市,0.7547498605009375,0.0331537213388862,0.0,0.0331537213388862,0.7215961391620513,4.392676709722296
S3,high,2045,R::RC18,湖北,N078,武汉市,32.31571883312268,32.31571883312268,0.0,32.31571883312268,0.0,100.0
S3,high,2045,R::RC19,湖南,N002,岳阳市,30.67297794786388,30.67297794786388,0.0,30.67297794786388,3.552713678800501e-15,100.0
S3,high,2045,R::RC20,甘肃,N018,兰州市,31.37974739509486,31.379747395094856,0.0,31.379747395094856,3.552713678800501e-15,99.99999999999999
S3,high,2045,R::RC21,甘肃,N033,庆阳市,46.75659209652042,46.75659209652042,0.0,46.75659209652042,0.0,99.99999999999999
S3,high,2045,R::RC22,辽宁,N129,大连市,28.49543488151289,27.686137797296347,0.0,27.686137797296347,0.8092970842165421,97.1599061829318
S3,high,2045,R::RC23,辽宁,N129,盘锦市,130.34925770113725,126.64721649257297,0.0,126.64721649257297,3.7020412085642818,97.1599061829318
S3,high,2045,R::RC24,青海,N072,海西蒙古族藏族自治州,13.521625664383286,13.521625664383286,0.0,13.521625664383286,0.0,100.0
S3,high,2050,R::RC01,上海,N116,上海市,158.1301193534883,0.0,51.1268,51.1268,107.00331935348832,32.33210738664516
S3,high,2050,R::RC02,北京,N036,北京市,141.0098368286845,0.7686410122271601,0.0,0.7686410122271601,140.24119581645735,0.5450974410820689
S3,high,2050,R::RC03,四川,N057,成都市,304.7588228906883,26.59960422212026,278.1592,304.75880422212026,1.866856803189876e-05,99.99999387431417
S3,high,2050,R::RC04,天津,N028,天津市,38.2144492223446,14.78544139779761,0.0,14.78544139779761,23.429007824546986,38.69070913928632
S3,high,2050,R::RC05,宁夏,N139,银川市,30.031928978078614,30.031928978078614,0.0,30.031928978078614,0.0,100.0
S3,high,2050,R::RC06,山东,N091,东营市,49.662311637604624,49.66231163760462,0.0,49.66231163760462,7.105427357601002e-15,99.99999999999999
S3,high,2050,R::RC07,山东,N089,济南市,32.84698907472573,32.84698907472573,0.0,32.84698907472573,0.0,100.0
S3,high,2050,R::RC08,广东,N026,广州市,113.44496923702329,10.162517382682204,0.0,10.162517382682204,103.28245185434106,8.958103167580234
S3,high,2050,R::RC09,广东,N056,惠州市,133.51633308705638,11.960530863508572,0.0,11.960530863508572,121.5558022235478,8.958103167580234
S3,high,2050,R::RC10,广东,N117,茂名市,137.77633832908472,12.3421465280338,0.0,12.3421465280338,125.43419180105091,8.958103167580235
S3,high,2050,R::RC11,新疆,N102,乌鲁木齐市,81.61114580969235,81.61114580969235,0.0,81.61114580969235,0.0,100.0
S3,high,2050,R::RC12,江苏,N007,连云港市,9.550386453355555,9.550386453355555,0.0,9.550386453355555,0.0,100.0
S3,high,2050,R::RC13,江西,N010,九江市,14.534119232561409,14.534119232561409,0.0,14.534119232561409,0.0,100.0
S3,high,2050,R::RC14,河北,N084,沧州市,16.04755415852976,16.04755415852976,0.0,16.04755415852976,0.0,100.0
S3,high,2050,R::RC15,河南,N088,洛阳市,69.94973720226963,69.94973720226963,0.0,69.94973720226963,0.0,100.0
S3,high,2050,R::RC16,浙江,N043,宁波市,107.98217643823342,4.3063953569114695,0.0,4.3063953569114695,103.67578108132196,3.9880612698844407
S3,high,2050,R::RC17,浙江,N043,舟山市,0.9237676163778716,0.0368404185325005,0.0,0.0368404185325005,0.886927197845371,3.9880612698844327
S3,high,2050,R::RC18,湖北,N078,武汉市,39.55246117991717,39.55246117991717,0.0,39.55246117991717,0.0,100.0
S3,high,2050,R::RC19,湖南,N002,岳阳市,37.54184692038647,37.54184692038647,0.0,37.54184692038647,0.0,100.0
S3,high,2050,R::RC20,甘肃,N018,兰州市,38.40688944873345,38.40688944873345,0.0,38.40688944873345,0.0,100.0
S3,high,2050,R::RC21,甘肃,N033,庆阳市,57.22720584842221,57.22720584842221,0.0,57.22720584842221,0.0,100.0
S3,high,2050,R::RC22,辽宁,N129,大连市,34.87666753681145,30.516445766517315,0.0,30.516445766517315,4.360221770294139,87.49816975577717
S3,high,2050,R::RC23,辽宁,N129,盘锦市,159.5395102203598,139.59415148014588,0.0,139.59415148014588,19.94535874021392,87.49816975577717
S3,high,2050,R::RC24,青海,N072,海西蒙古族藏族自治州,16.54964189228318,16.54964189228318,0.0,16.54964189228318,0.0,100.0
S3,high,2055,R::RC01,上海,N116,上海市,185.3902546358218,0.0,53.3556,53.3556,132.0346546358218,28.780153576470916
S3,high,2055,R::RC02,北京,N036,北京市,165.31859751137804,0.8190942626529499,0.0,0.8190942626529499,164.4995032487251,0.4954640766272989
S3,high,2055,R::RC03,四川,N057,成都市,357.296358272632,27.78627884790249,329.51,357.2962788479025,7.94247295061723e-05,99.99997777063
S3,high,2055,R::RC04,天津,N028,天津市,44.80225842529767,15.260563002086233,0.0,15.260563002086233,29.54169542321144,34.062039590105414
S3,high,2055,R::RC05,宁夏,N139,银川市,35.20914916914018,35.20914916914018,0.0,35.20914916914018,0.0,100.0
S3,high,2055,R::RC06,山东,N091,东营市,58.22362392402732,58.22362392402732,0.0,58.22362392402732,0.0,100.0
S3,high,2055,R::RC07,山东,N089,济南市,38.50949897135537,38.50949897135537,0.0,38.50949897135537,0.0,100.0
S3,high,2055,R::RC08,广东,N026,广州市,133.0018077516917,10.816949649858204,0.0,10.816949649858204,122.1848581018335,8.132934305714818
S3,high,2055,R::RC09,广东,N056,惠州市,156.53328467878973,12.730749209503529,0.0,12.730749209503529,143.8025354692862,8.13293430571482
S3,high,2055,R::RC10,广东,N117,茂名市,161.5276744876288,13.136939651627726,0.0,13.136939651627726,148.3907348360011,8.13293430571482
S3,high,2055,R::RC11,新疆,N102,乌鲁木齐市,95.68013459193207,95.68013459193207,0.0,95.68013459193207,0.0,100.0
S3,high,2055,R::RC12,江苏,N007,连云港市,11.196782647714052,11.196782647714052,0.0,11.196782647714052,0.0,99.99999999999999
S3,high,2055,R::RC13,江西,N010,九江市,17.039663768346575,17.039663768346575,0.0,17.039663768346575,0.0,100.0
S3,high,2055,R::RC14,河北,N084,沧州市,18.81400054521836,18.81400054521836,0.0,18.81400054521836,0.0,100.0
S3,high,2055,R::RC15,河南,N088,洛阳市,82.0084095595259,82.0084095595259,0.0,82.0084095595259,0.0,100.0
S3,high,2055,R::RC16,浙江,N043,宁波市,126.59728120019736,4.621507729451301,0.0,4.621507729451301,121.97577347074606,3.6505584366720956
S3,high,2055,R::RC17,浙江,N043,舟山市,1.0830164065189003,0.0395361467987186,0.0,0.0395361467987186,1.0434802597201818,3.650558436672089
S3,high,2055,R::RC18,湖北,N078,武汉市,46.37093097505807,46.37093097505807,0.0,46.37093097505807,0.0,100.0
S3,high,2055,R::RC19,湖南,N002,岳阳市,44.01370585518347,44.01370585518347,0.0,44.01370585518347,0.0,100.00000000000001
S3,high,2055,R::RC20,甘肃,N018,兰州市,45.027873524548006,45.027873524548006,0.0,45.027873524548006,0.0,100.0
S3,high,2055,R::RC21,甘肃,N033,庆阳市,67.09263426671501,67.09263426671501,0.0,67.09263426671501,0.0,100.0
S3,high,2055,R::RC22,辽宁,N129,大连市,40.88907478179135,32.55986515301229,0.0,32.55986515301229,8.329209628779061,79.62974297357246
S3,high,2055,R::RC23,辽宁,N129,盘锦市,187.04261114297535,148.9415505042099,0.0,148.9415505042099,38.10106063876546,79.62974297357249
S3,high,2055,R::RC24,青海,N072,海西蒙古族藏族自治州,19.40264345012878,19.40264345012878,0.0,19.40264345012878,0.0,100.0
S3,high,2060,R::RC01,上海,N116,上海市,210.7031346296073,0.0,54.1953,54.1953,156.5078346296073,25.72116456419565
S3,high,2060,R::RC02,北京,N036,北京市,187.89092650335647,0.8502213257532399,0.0,0.8502213257532399,187.0407051776033,0.4525079212582688
S3,high,2060,R::RC03,四川,N057,成都市,406.0810144938451,28.402795091412475,377.6782,406.0809950914125,1.9402432599235908e-05,99.99999522202913
S3,high,2060,R::RC04,天津,N028,天津市,50.91948499256187,15.45129955341667,0.0,15.45129955341667,35.4681854391452,30.344571544024333
S3,high,2060,R::RC05,宁夏,N139,银川市,40.0165484003052,40.0165484003052,0.0,40.0165484003052,0.0,100.0
S3,high,2060,R::RC06,山东,N091,东营市,66.173381628861,66.173381628861,0.0,66.173381628861,0.0,100.0
S3,high,2060,R::RC07,山东,N089,济南市,43.76752252819001,43.76752252819001,0.0,43.76752252819001,0.0,100.00000000000001
S3,high,2060,R::RC08,广东,N026,广州市,151.16165550198752,11.218090140396452,0.0,11.218090140396452,139.94356536159108,7.421253824683703
S3,high,2060,R::RC09,广东,N056,惠州市,177.90608152774368,13.202861879722589,0.0,13.202861879722589,164.7032196480211,7.421253824683705
S3,high,2060,R::RC10,广东,N117,茂名市,183.58239709433997,13.624115665809729,0.0,13.624115665809729,169.9582814285302,7.421253824683704
S3,high,2060,R::RC11,新疆,N102,乌鲁木齐市,108.74414256512596,108.74414256512596,0.0,108.74414256512596,0.0,100.0
S3,high,2060,R::RC12,江苏,N007,连云港市,12.725572907131072,12.725572907131072,0.0,12.725572907131072,0.0,100.0
S3,high,2060,R::RC13,江西,N010,九江市,19.36623139160108,19.36623139160108,0.0,19.36623139160108,0.0,100.0
S3,high,2060,R::RC14,河北,N084,沧州市,21.3828331893055,21.3828331893055,0.0,21.3828331893055,0.0,100.0
S3,high,2060,R::RC15,河南,N088,洛阳市,93.20570271681348,93.20570271681348,0.0,93.20570271681348,0.0,100.00000000000001
S3,high,2060,R::RC16,浙江,N043,宁波市,143.88266544466626,4.822621238879906,0.0,4.822621238879906,139.06004420578634,3.3517736302533034
S3,high,2060,R::RC17,浙江,N043,舟山市,1.2308896827240925,0.0412566358030546,0.0,0.0412566358030546,1.1896330469210377,3.3517736302532968
S3,high,2060,R::RC18,湖北,N078,武汉市,52.70234150835453,52.70234150835453,0.0,52.70234150835453,0.0,100.0
S3,high,2060,R::RC19,湖南,N002,岳阳市,50.02326475342536,50.02326475342536,0.0,50.02326475342536,0.0,100.0
S3,high,2060,R::RC20,甘肃,N018,兰州市,51.17590520583144,51.17590520583144,0.0,51.17590520583144,0.0,100.0
S3,high,2060,R::RC21,甘肃,N033,庆阳市,76.25335203473593,76.25335203473593,0.0,76.25335203473593,0.0,100.0
S3,high,2060,R::RC22,辽宁,N129,大连市,46.47200170015383,33.82888625174511,0.0,33.82888625174511,12.643115448408722,72.79412337350024
S3,high,2060,R::RC23,辽宁,N129,盘锦市,212.58110117249169,154.74654905624897,0.0,154.74654905624897,57.83455211624269,72.79412337350024
S3,high,2060,R::RC24,青海,N072,海西蒙古族藏族自治州,22.051848426841826,22.051848426841826,0.0,22.051848426841826,0.0,100.0
S3,low,2025,R::RC01,上海,N116,上海市,0.0,0.0,0.0,0.0,0.0,0.0
S3,low,2025,R::RC02,北京,N036,北京市,0.0,0.0,0.0,0.0,0.0,0.0
S3,low,2025,R::RC03,四川,N057,成都市,0.0,0.0,0.0,0.0,0.0,0.0
S3,low,2025,R::RC04,天津,N028,天津市,0.0,0.0,0.0,0.0,0.0,0.0
S3,low,2025,R::RC05,宁夏,N139,银川市,0.0,0.0,0.0,0.0,0.0,0.0
S3,low,2025,R::RC06,山东,N091,东营市,0.0,0.0,0.0,0.0,0.0,0.0
S3,low,2025,R::RC07,山东,N089,济南市,0.0,0.0,0.0,0.0,0.0,0.0
S3,low,2025,R::RC08,广东,N026,广州市,0.0,0.0,0.0,0.0,0.0,0.0
S3,low,2025,R::RC09,广东,N056,惠州市,0.0,0.0,0.0,0.0,0.0,0.0
S3,low,2025,R::RC10,广东,N117,茂名市,0.0,0.0,0.0,0.0,0.0,0.0
S3,low,2025,R::RC11,新疆,N102,乌鲁木齐市,0.0,0.0,0.0,0.0,0.0,0.0
S3,low,2025,R::RC12,江苏,N007,连云港市,0.0,0.0,0.0,0.0,0.0,0.0
S3,low,2025,R::RC13,江西,N010,九江市,0.0,0.0,0.0,0.0,0.0,0.0
S3,low,2025,R::RC14,河北,N084,沧州市,0.0,0.0,0.0,0.0,0.0,0.0
S3,low,2025,R::RC15,河南,N088,洛阳市,0.0,0.0,0.0,0.0,0.0,0.0
S3,low,2025,R::RC16,浙江,N043,宁波市,0.0,0.0,0.0,0.0,0.0,0.0
S3,low,2025,R::RC17,浙江,N043,舟山市,0.0,0.0,0.0,0.0,0.0,0.0
S3,low,2025,R::RC18,湖北,N078,武汉市,0.0,0.0,0.0,0.0,0.0,0.0
S3,low,2025,R::RC19,湖南,N002,岳阳市,0.0,0.0,0.0,0.0,0.0,0.0
S3,low,2025,R::RC20,甘肃,N018,兰州市,0.0,0.0,0.0,0.0,0.0,0.0
S3,low,2025,R::RC21,甘肃,N033,庆阳市,0.0,0.0,0.0,0.0,0.0,0.0
S3,low,2025,R::RC22,辽宁,N129,大连市,0.0,0.0,0.0,0.0,0.0,0.0
S3,low,2025,R::RC23,辽宁,N129,盘锦市,0.0,0.0,0.0,0.0,0.0,0.0
S3,low,2025,R::RC24,青海,N072,海西蒙古族藏族自治州,0.0,0.0,0.0,0.0,0.0,0.0
S3,low,2030,R::RC01,上海,N116,上海市,2.34114594032897,0.0,2.3411,2.3411,4.594032896987344e-05,99.99803769905247
S3,low,2030,R::RC02,北京,N036,北京市,2.087676961148406,0.25695265499649,1.8307,2.08765265499649,2.430615191562069e-05,99.99883573213826
S3,low,2030,R::RC03,四川,N057,成都市,4.512011272153834,4.512011272153834,0.0,4.512011272153834,0.0,100.0
S3,low,2030,R::RC04,天津,N028,天津市,0.5657720554729097,0.5657720554729097,0.0,0.5657720554729097,0.0,100.0
S3,low,2030,R::RC05,宁夏,N139,银川市,0.4446283155589466,0.4446283155589466,0.0,0.4446283155589466,0.0,100.0
S3,low,2030,R::RC06,山东,N091,东营市,0.7352597958762332,0.7352597958762332,0.0,0.7352597958762332,0.0,100.0
S3,low,2030,R::RC07,山东,N089,济南市,0.4863058058687779,0.486305805868778,0.0,0.4863058058687779,0.0,100.0
S3,low,2030,R::RC08,广东,N026,广州市,1.6795739500220837,1.6795739500220837,0.0,1.6795739500220837,0.0,100.0
S3,low,2030,R::RC09,广东,N056,惠州市,1.976734239197152,1.976734239197152,0.0,1.976734239197152,2.220446049250313e-16,100.0
S3,low,2030,R::RC10,广东,N117,茂名市,2.0398044121593326,2.0398044121593326,0.0,2.0398044121593326,0.0,100.0
S3,low,2030,R::RC11,新疆,N102,乌鲁木齐市,1.2082682507236215,1.2082682507236215,0.0,1.2082682507236215,0.0,100.0
S3,low,2030,R::RC12,江苏,N007,连云港市,0.1413952545236785,0.1413952545236785,0.0,0.1413952545236785,0.0,100.0
S3,low,2030,R::RC13,江西,N010,九江市,0.2151803487955675,0.2151803487955675,0.0,0.2151803487955675,0.0,100.00000000000001
S3,low,2030,R::RC14,河北,N084,沧州市,0.2375870354367278,0.2375870354367278,0.0,0.2375870354367278,0.0,100.0
S3,low,2030,R::RC15,河南,N088,洛阳市,1.0356189190757052,1.0356189190757052,0.0,1.0356189190757052,0.0,100.0
S3,low,2030,R::RC16,浙江,N043,宁波市,1.598696282718514,1.3732233776020049,0.0,1.3732233776020049,0.2254729051165092,85.89645153029929
S3,low,2030,R::RC17,浙江,N043,舟山市,0.0136765520302676,0.011747672885695,0.0,0.011747672885695,0.0019288791445726,85.89645153029949
S3,low,2030,R::RC18,湖北,N078,武汉市,0.5855815723150504,0.5855815723150504,0.0,0.5855815723150504,0.0,100.0
S3,low,2030,R::RC19,湖南,N002,岳阳市,0.5558140528158373,0.5558140528158373,0.0,0.5558140528158373,0.0,100.0
S3,low,2030,R::RC20,甘肃,N018,兰州市,0.5686211689536825,0.5686211689536825,0.0,0.5686211689536825,0.0,100.0
S3,low,2030,R::RC21,甘肃,N033,庆阳市,0.8472594670526215,0.8472594670526215,0.0,0.8472594670526215,0.0,100.0
S3,low,2030,R::RC22,辽宁,N129,大连市,0.5163555744461537,0.5163555744461537,0.0,0.5163555744461537,0.0,100.0
S3,low,2030,R::RC23,辽宁,N129,盘锦市,2.362012235249907,2.362012235249907,0.0,2.362012235249907,0.0,100.0
S3,low,2030,R::RC24,青海,N072,海西蒙古族藏族自治州,0.2450205380760202,0.2450205380760202,0.0,0.2450205380760202,0.0,100.0
S3,low,2035,R::RC01,上海,N116,上海市,4.276617121156492,0.0,4.2766,4.2766,1.7121156491661793e-05,99.99959965655081
S3,low,2035,R::RC02,北京,N036,北京市,3.813600374796229,0.39827209981267,3.4153,3.813572099812669,2.8274983559395395e-05,99.99925857507917
S3,low,2035,R::RC03,四川,N057,成都市,8.242179321222812,8.242179321222812,0.0,8.242179321222812,0.0,100.0
S3,low,2035,R::RC04,天津,N028,天津市,1.0335068896932385,1.0335068896932385,0.0,1.0335068896932385,0.0,100.0
S3,low,2035,R::RC05,宁夏,N139,银川市,0.8122112483953775,0.8122112483953775,0.0,0.8122112483953775,0.0,100.0
S3,low,2035,R::RC06,山东,N091,东营市,1.3431134631019557,1.3431134631019557,0.0,1.3431134631019557,0.0,100.0
S3,low,2035,R::RC07,山东,N089,济南市,0.8883443358528866,0.8883443358528866,0.0,0.8883443358528866,0.0,100.0
S3,low,2035,R::RC08,广东,N026,广州市,3.0681106150535684,3.0681106150535684,0.0,3.0681106150535684,0.0,100.0
S3,low,2035,R::RC09,广东,N056,惠州市,3.610939132713316,3.610939132713316,0.0,3.610939132713316,4.440892098500626e-16,100.0
S3,low,2035,R::RC10,广东,N117,茂名市,3.726150652370421,3.726150652370421,0.0,3.726150652370421,0.0,100.0
S3,low,2035,R::RC11,新疆,N102,乌鲁木齐市,2.207167267525558,2.207167267525558,0.0,2.207167267525558,0.0,100.0
S3,low,2035,R::RC12,江苏,N007,连云港市,0.258289479493651,0.258289479493651,0.0,0.258289479493651,0.0,100.0
S3,low,2035,R::RC13,江西,N010,九江市,0.3930741556702101,0.3930741556702101,0.0,0.3930741556702101,0.0,100.0
S3,low,2035,R::RC14,河北,N084,沧州市,0.4340048888070385,0.4340048888070385,0.0,0.4340048888070385,0.0,100.0
S3,low,2035,R::RC15,河南,N088,洛阳市,1.8917853534967584,1.891785353496758,0.0,1.891785353496758,2.220446049250313e-16,99.99999999999999
S3,low,2035,R::RC16,浙江,N043,宁波市,2.920369796870725,2.12536098542802,0.0,2.12536098542802,0.7950088114427047,72.77711842196891
S3,low,2035,R::RC17,浙江,N043,舟山市,0.0249832253357138,0.0181820714881998,0.0,0.0181820714881998,0.006801153847514,72.77711842196902
S3,low,2035,R::RC18,湖北,N078,武汉市,1.0696933219141331,1.0696933219141331,0.0,1.0696933219141331,0.0,100.0
S3,low,2035,R::RC19,湖南,N002,岳阳市,1.015316411294539,1.015316411294539,0.0,1.015316411294539,0.0,100.0
S3,low,2035,R::RC20,甘肃,N018,兰州市,1.038711421064862,1.038711421064862,0.0,1.038711421064862,0.0,100.0
S3,low,2035,R::RC21,甘肃,N033,庆阳市,1.547705455026019,1.547705455026019,0.0,1.547705455026019,0.0,100.0
S3,low,2035,R::RC22,辽宁,N129,大连市,0.943236836389072,0.943236836389072,0.0,0.943236836389072,0.0,100.0
S3,low,2035,R::RC23,辽宁,N129,盘锦市,4.314733990582172,4.314733990582172,0.0,4.314733990582172,0.0,100.0
S3,low,2035,R::RC24,青海,N072,海西蒙古族藏族自治州,0.4475838136018307,0.4475838136018307,0.0,0.4475838136018307,0.0,100.00000000000001
S3,low,2040,R::RC01,上海,N116,上海市,6.120672127171166,0.0,6.1206,6.1206,7.212717116633627e-05,99.99882158087105
S3,low,2040,R::RC02,北京,N036,北京市,5.458004973770636,0.56488211809069,4.8931,5.45798211809069,2.2855679945976703e-05,99.99958124479444
S3,low,2040,R::RC03,四川,N057,成都市,11.796164072998158,11.796164072998158,0.0,11.796164072998158,0.0,100.0
S3,low,2040,R::RC04,天津,N028,天津市,1.479149672223672,1.4791496722236723,0.0,1.479149672223672,0.0,100.0
S3,low,2040,R::RC05,宁夏,N139,银川市,1.1624325041480776,1.1624325041480776,0.0,1.1624325041480776,0.0,100.0
S3,low,2040,R::RC06,山东,N091,东营市,1.9222569859172716,1.9222569859172716,0.0,1.9222569859172716,0.0,100.0
S3,low,2040,R::RC07,山东,N089,济南市,1.2713937819887855,1.2713937819887855,0.0,1.2713937819887855,0.0,100.0
S3,low,2040,R::RC08,广东,N026,广州市,4.391063916322285,4.391063916322285,0.0,4.391063916322285,0.0,100.0
S3,low,2040,R::RC09,广东,N056,惠州市,5.167957260698923,5.167957260698922,0.0,5.167957260698922,8.881784197001252e-16,99.99999999999999
S3,low,2040,R::RC10,广东,N117,茂名市,5.332847386963858,5.332847386963858,0.0,5.332847386963858,0.0,100.0
S3,low,2040,R::RC11,新疆,N102,乌鲁木齐市,3.158886285965904,3.158886285965904,0.0,3.158886285965904,0.0,100.0
S3,low,2040,R::RC12,江苏,N007,连云港市,0.3696625564298415,0.3696625564298415,0.0,0.3696625564298415,0.0,100.0
S3,low,2040,R::RC13,江西,N010,九江市,0.5625656822585493,0.5625656822585493,0.0,0.5625656822585493,0.0,100.0
S3,low,2040,R::RC14,河北,N084,沧州市,0.6211455341269625,0.6211455341269625,0.0,0.6211455341269625,0.0,100.0
S3,low,2040,R::RC15,河南,N088,洛阳市,2.707513334887235,2.707513334887235,0.0,2.707513334887235,0.0,100.0
S3,low,2040,R::RC16,浙江,N043,宁波市,4.179618027602497,3.0883006843252563,0.0,3.0883006843252563,1.0913173432772405,73.8895435881915
S3,low,2040,R::RC17,浙江,N043,舟山市,0.0357558618475972,0.0264198431252138,0.0,0.0264198431252138,0.0093360187223833,73.8895435881913
S3,low,2040,R::RC18,湖北,N078,武汉市,1.5309395053561514,1.5309395053561514,0.0,1.5309395053561514,0.0,100.0
S3,low,2040,R::RC19,湖南,N002,岳阳市,1.453115554377574,1.4531155543775738,0.0,1.4531155543775738,2.220446049250313e-16,100.0
S3,low,2040,R::RC20,甘肃,N018,兰州市,1.486598370388326,1.486598370388326,0.0,1.486598370388326,0.0,100.00000000000001
S3,low,2040,R::RC21,甘肃,N033,庆阳市,2.215067978095456,2.215067978095456,0.0,2.215067978095456,0.0,100.0
S3,low,2040,R::RC22,辽宁,N129,大连市,1.3499556425679016,1.3499556425679011,0.0,1.3499556425679011,2.220446049250313e-16,99.99999999999997
S3,low,2040,R::RC23,辽宁,N129,盘锦市,6.175224791966581,6.175224791966581,0.0,6.175224791966581,0.0,100.0
S3,low,2040,R::RC24,青海,N072,海西蒙古族藏族自治州,0.6405796204980059,0.6405796204980059,0.0,0.6405796204980059,0.0,100.00000000000001
S3,low,2045,R::RC01,上海,N116,上海市,7.829460923300171,0.0,7.8294,7.8294,6.092330017093417e-05,99.9992218710743
S3,low,2045,R::RC02,北京,N036,北京市,6.981788237212027,0.69854986177709,6.2832,6.9817498617770894,3.83754349373433e-05,99.99945034948591
S3,low,2045,R::RC03,四川,N057,成都市,15.08945484016018,15.08945484016018,0.0,15.08945484016018,0.0,100.0
S3,low,2045,R::RC04,天津,N028,天津市,1.892103402660117,1.892103402660117,0.0,1.892103402660117,0.0,100.0
S3,low,2045,R::RC05,宁夏,N139,银川市,1.486964123890706,1.486964123890706,0.0,1.486964123890706,2.220446049250313e-16,100.0
S3,low,2045,R::RC06,山东,N091,东营市,2.4589188316375177,2.4589188316375177,0.0,2.4589188316375177,0.0,100.0
S3,low,2045,R::RC07,山东,N089,济南市,1.626345559341156,1.626345559341156,0.0,1.626345559341156,0.0,100.0
S3,low,2045,R::RC08,广东,N026,广州市,5.6169751671452826,5.6169751671452826,0.0,5.6169751671452826,0.0,99.99999999999999
S3,low,2045,R::RC09,广东,N056,惠州市,6.610764077086476,6.610764077086476,0.0,6.610764077086476,0.0,100.0
S3,low,2045,R::RC10,广东,N117,茂名市,6.821688755521426,6.821688755521426,0.0,6.821688755521426,0.0,100.0
S3,low,2045,R::RC11,新疆,N102,乌鲁木齐市,4.040794249919999,4.040794249919999,0.0,4.040794249919999,0.0,100.0
S3,low,2045,R::RC12,江苏,N007,连云港市,0.4728661297713308,0.4728661297713308,0.0,0.4728661297713308,0.0,100.0
S3,low,2045,R::RC13,江西,N010,九江市,0.7196245664720339,0.7196245664720339,0.0,0.7196245664720339,0.0,99.99999999999999
S3,low,2045,R::RC14,河北,N084,沧州市,0.7945589285105426,0.7945589285105424,0.0,0.7945589285105424,1.1102230246251563e-16,99.99999999999999
S3,low,2045,R::RC15,河南,N088,洛阳市,3.4634055565088957,3.4634055565088957,0.0,3.4634055565088957,0.0,99.99999999999999
S3,low,2045,R::RC16,浙江,N043,宁波市,5.3464971397772025,3.875445429919914,0.0,3.875445429919914,1.4710517098572886,72.48569163325898
S3,low,2045,R::RC17,浙江,N043,舟山市,0.0457382975755095,0.0331537213388862,0.0,0.0331537213388862,0.0125845762366233,72.48569163325902
S3,low,2045,R::RC18,湖北,N078,武汉市,1.95835208684219,1.95835208684219,0.0,1.95835208684219,0.0,100.0
S3,low,2045,R::RC19,湖南,N002,岳阳市,1.8588009966312504,1.8588009966312504,0.0,1.8588009966312504,0.0,100.0
S3,low,2045,R::RC20,甘肃,N018,兰州市,1.9016316521722445,1.9016316521722445,0.0,1.9016316521722445,0.0,100.0
S3,low,2045,R::RC21,甘肃,N033,庆阳市,2.83347773195741,2.83347773195741,0.0,2.83347773195741,0.0,100.0
S3,low,2045,R::RC22,辽宁,N129,大连市,1.7268405711120656,1.7268405711120658,0.0,1.7268405711120656,0.0,100.0
S3,low,2045,R::RC23,辽宁,N129,盘锦市,7.899243775314334,7.899243775314334,0.0,7.899243775314334,0.0,100.0
S3,low,2045,R::RC24,青海,N072,海西蒙古族藏族自治州,0.8194186851942337,0.8194186851942337,0.0,0.8194186851942337,0.0,100.0
S3,low,2050,R::RC01,上海,N116,上海市,9.359133474470667,0.0,9.3591,9.3591,3.3474470669148104e-05,99.9996423336545
S3,low,2050,R::RC02,北京,N036,北京市,8.345847644260791,0.7686410122271601,7.5772,8.34584101222716,6.6320336316039175e-06,99.9999205349305
S3,low,2050,R::RC03,四川,N057,成都市,18.03754093538916,18.03754093538916,0.0,18.03754093538916,0.0,100.0
S3,low,2050,R::RC04,天津,N028,天津市,2.261771080598474,2.261771080598474,0.0,2.261771080598474,0.0,100.0
S3,low,2050,R::RC05,宁夏,N139,银川市,1.7774781486969191,1.7774781486969191,0.0,1.7774781486969191,0.0,100.0
S3,low,2050,R::RC06,山东,N091,东营市,2.9393274675780257,2.9393274675780257,0.0,2.9393274675780257,0.0,100.00000000000001
S3,low,2050,R::RC07,山东,N089,济南市,1.9440910829746765,1.9440910829746765,0.0,1.9440910829746765,0.0,100.0
S3,low,2050,R::RC08,广东,N026,广州市,6.714385680839606,6.714385680839606,0.0,6.714385680839606,0.0,100.0
S3,low,2050,R::RC09,广东,N056,惠州市,7.902335035808466,7.902335035808466,0.0,7.902335035808466,0.0,100.0
S3,low,2050,R::RC10,广东,N117,茂名市,8.154468897624897,8.154468897624897,0.0,8.154468897624897,0.0,100.0
S3,low,2050,R::RC11,新疆,N102,乌鲁木齐市,4.830260103263172,4.830260103263172,0.0,4.830260103263172,0.0,100.0
S3,low,2050,R::RC12,江苏,N007,连云港市,0.5652518439571989,0.5652518439571989,0.0,0.5652518439571989,0.0,100.0
S3,low,2050,R::RC13,江西,N010,九江市,0.8602204462221112,0.8602204462221112,0.0,0.8602204462221112,0.0,100.0
S3,low,2050,R::RC14,河北,N084,沧州市,0.9497950290718205,0.9497950290718205,0.0,0.9497950290718205,0.0,100.00000000000001
S3,low,2050,R::RC15,河南,N088,洛阳市,4.140064711623491,4.140064711623491,0.0,4.140064711623491,0.0,100.0
S3,low,2050,R::RC16,浙江,N043,宁波市,6.391063298258204,4.3063953569114695,0.0,4.3063953569114695,2.0846679413467344,67.38151628204211
S3,low,2050,R::RC17,浙江,N043,舟山市,0.0546743685290426,0.0368404185325005,0.0,0.0368404185325005,0.017833949996542,67.38151628204203
S3,low,2050,R::RC18,湖北,N078,武汉市,2.3409630305733304,2.3409630305733304,0.0,2.3409630305733304,0.0,100.0
S3,low,2050,R::RC19,湖南,N002,岳阳市,2.221962252621873,2.221962252621873,0.0,2.221962252621873,0.0,100.0
S3,low,2050,R::RC20,甘肃,N018,兰州市,2.2731609016647853,2.2731609016647853,0.0,2.2731609016647853,0.0,100.0
S3,low,2050,R::RC21,甘肃,N033,庆阳市,3.387065412308353,3.387065412308353,0.0,3.387065412308353,0.0,100.0
S3,low,2050,R::RC22,辽宁,N129,大连市,2.0642202001509835,2.0642202001509835,0.0,2.0642202001509835,0.0,100.0
S3,low,2050,R::RC23,辽宁,N129,盘锦市,9.442550076536614,9.442550076536614,0.0,9.442550076536614,0.0,100.0
S3,low,2050,R::RC24,青海,N072,海西蒙古族藏族自治州,0.9795117341202004,0.9795117341202004,0.0,0.9795117341202004,0.0,100.0
S3,low,2055,R::RC01,上海,N116,上海市,10.66583974560984,0.0,10.6658,10.6658,3.974560983976971e-05,99.99962735601896
S3,low,2055,R::RC02,北京,N036,北京市,9.511080674057329,0.8190942626529499,8.6919,9.51099426265295,8.641140437859463e-05,99.99909146597174
S3,low,2055,R::RC03,四川,N057,成都市,20.555911671365397,20.555911671365397,0.0,20.555911671365397,0.0,100.0
S3,low,2055,R::RC04,天津,N028,天津市,2.5775557056346505,2.5775557056346505,0.0,2.5775557056346505,0.0,99.99999999999999
S3,low,2055,R::RC05,宁夏,N139,银川市,2.0256466196403764,2.0256466196403764,0.0,2.0256466196403764,0.0,100.0
S3,low,2055,R::RC06,山东,N091,东营市,3.349711361054131,3.349711361054131,0.0,3.349711361054131,0.0,100.0
S3,low,2055,R::RC07,山东,N089,济南市,2.215521767954028,2.215521767954028,0.0,2.215521767954028,0.0,100.0
S3,low,2055,R::RC08,广东,N026,广州市,7.651836770722303,7.651836770722303,0.0,7.651836770722303,0.0,100.0
S3,low,2055,R::RC09,广东,N056,惠州市,9.005645590797396,9.005645590797396,0.0,9.005645590797396,0.0,100.0
S3,low,2055,R::RC10,广东,N117,茂名市,9.292981952856053,9.292981952856053,0.0,9.292981952856053,0.0,100.0
S3,low,2055,R::RC11,新疆,N102,乌鲁木齐市,5.504652789870765,5.504652789870765,0.0,5.504652789870765,0.0,100.0
S3,low,2055,R::RC12,江苏,N007,连云港市,0.6441713434265263,0.6441713434265263,0.0,0.6441713434265263,0.0,100.0
S3,low,2055,R::RC13,江西,N010,九江市,0.98032295942023,0.98032295942023,0.0,0.98032295942023,0.0,100.0
S3,low,2055,R::RC14,河北,N084,沧州市,1.082403792924839,1.082403792924839,0.0,1.082403792924839,0.0,100.0
S3,low,2055,R::RC15,河南,N088,洛阳市,4.718093493492784,4.718093493492784,0.0,4.718093493492784,0.0,100.0
S3,low,2055,R::RC16,浙江,N043,宁波市,7.283372667908871,4.6215077294513005,0.0,4.6215077294513005,2.6618649384575708,63.452852684773866
S3,low,2055,R::RC17,浙江,N043,舟山市,0.0623079107177883,0.0395361467987186,0.0,0.0395361467987186,0.0227717639190696,63.45285268477381
S3,low,2055,R::RC18,湖北,N078,武汉市,2.667804300750657,2.667804300750657,0.0,2.667804300750657,0.0,100.00000000000001
S3,low,2055,R::RC19,湖南,N002,岳阳市,2.53218883691575,2.53218883691575,0.0,2.53218883691575,0.0,100.0
S3,low,2055,R::RC20,甘肃,N018,兰州市,2.5905357541141187,2.5905357541141187,0.0,2.5905357541141187,0.0,100.0
S3,low,2055,R::RC21,甘肃,N033,庆阳市,3.859961714844762,3.859961714844762,0.0,3.859961714844762,0.0,100.0
S3,low,2055,R::RC22,辽宁,N129,大连市,2.352423107814078,2.352423107814078,0.0,2.352423107814078,0.0,100.0
S3,low,2055,R::RC23,辽宁,N129,盘锦市,10.76090283154462,10.76090283154462,0.0,10.76090283154462,0.0,100.0
S3,low,2055,R::RC24,青海,N072,海西蒙古族藏族自治州,1.1162694937055944,1.1162694937055944,0.0,1.1162694937055944,0.0,100.0
S3,low,2060,R::RC01,上海,N116,上海市,11.705729701644849,0.0,11.7057,11.7057,2.970164484850102e-05,99.99974626404669
S3,low,2060,R::RC02,北京,N036,北京市,10.438384805742029,0.8502213257532398,9.5881,10.43832132575324,6.347998878908356e-05,99.99939186004377
S3,low,2060,R::RC03,四川,N057,成都市,22.56005636076917,22.56005636076917,0.0,22.56005636076917,0.0,100.0
S3,low,2060,R::RC04,天津,N028,天津市,2.8288602773645484,2.828860277364548,0.0,2.828860277364548,4.440892098500626e-16,100.0
S3,low,2060,R::RC05,宁夏,N139,银川市,2.223141577794733,2.223141577794733,0.0,2.223141577794733,0.0,100.0
S3,low,2060,R::RC06,山东,N091,东营市,3.6762989793811673,3.6762989793811673,0.0,3.6762989793811673,0.0,100.0
S3,low,2060,R::RC07,山东,N089,济南市,2.4315290293438894,2.4315290293438894,0.0,2.4315290293438894,0.0,100.0
S3,low,2060,R::RC08,广东,N026,广州市,8.397869750110418,8.397869750110418,0.0,8.397869750110418,0.0,100.0
S3,low,2060,R::RC09,广东,N056,惠州市,9.88367119598576,9.88367119598576,0.0,9.88367119598576,0.0,100.0
S3,low,2060,R::RC10,广东,N117,茂名市,10.199022060796665,10.199022060796665,0.0,10.199022060796665,0.0,100.0
S3,low,2060,R::RC11,新疆,N102,乌鲁木齐市,6.041341253618108,6.041341253618108,0.0,6.041341253618108,0.0,100.0
S3,low,2060,R::RC12,江苏,N007,连云港市,0.7069762726183929,0.7069762726183929,0.0,0.7069762726183929,0.0,100.0
S3,low,2060,R::RC13,江西,N010,九江市,1.0759017439778378,1.0759017439778378,0.0,1.0759017439778378,0.0,100.0
S3,low,2060,R::RC14,河北,N084,沧州市,1.1879351771836388,1.1879351771836388,0.0,1.1879351771836388,0.0,100.0
S3,low,2060,R::RC15,河南,N088,洛阳市,5.178094595378527,5.178094595378527,0.0,5.178094595378527,0.0,100.00000000000001
S3,low,2060,R::RC16,浙江,N043,宁波市,7.99348141359257,4.822621238879906,0.0,4.822621238879906,3.170860174712664,60.331925344559465
S3,low,2060,R::RC17,浙江,N043,舟山市,0.0683827601513384,0.0412566358030546,0.0,0.0412566358030546,0.0271261243482837,60.3319253445594
S3,low,2060,R::RC18,湖北,N078,武汉市,2.927907861575252,2.927907861575252,0.0,2.927907861575252,0.0,100.0
S3,low,2060,R::RC19,湖南,N002,岳阳市,2.7790702640791864,2.7790702640791864,0.0,2.7790702640791864,0.0,100.0
S3,low,2060,R::RC20,甘肃,N018,兰州市,2.843105844768413,2.843105844768413,0.0,2.843105844768413,0.0,100.0
S3,low,2060,R::RC21,甘肃,N033,庆阳市,4.236297335263108,4.236297335263108,0.0,4.236297335263108,0.0,100.0
S3,low,2060,R::RC22,辽宁,N129,大连市,2.5817778722307683,2.5817778722307683,0.0,2.5817778722307683,0.0,100.00000000000001
S3,low,2060,R::RC23,辽宁,N129,盘锦市,11.810061176249537,11.810061176249537,0.0,11.810061176249537,0.0,100.0
S3,low,2060,R::RC24,青海,N072,海西蒙古族藏族自治州,1.2251026903801014,1.2251026903801014,0.0,1.2251026903801014,0.0,100.0
S3,mid,2025,R::RC01,上海,N116,上海市,0.0,0.0,0.0,0.0,0.0,0.0
S3,mid,2025,R::RC02,北京,N036,北京市,0.0,0.0,0.0,0.0,0.0,0.0
S3,mid,2025,R::RC03,四川,N057,成都市,0.0,0.0,0.0,0.0,0.0,0.0
S3,mid,2025,R::RC04,天津,N028,天津市,0.0,0.0,0.0,0.0,0.0,0.0
S3,mid,2025,R::RC05,宁夏,N139,银川市,0.0,0.0,0.0,0.0,0.0,0.0
S3,mid,2025,R::RC06,山东,N091,东营市,0.0,0.0,0.0,0.0,0.0,0.0
S3,mid,2025,R::RC07,山东,N089,济南市,0.0,0.0,0.0,0.0,0.0,0.0
S3,mid,2025,R::RC08,广东,N026,广州市,0.0,0.0,0.0,0.0,0.0,0.0
S3,mid,2025,R::RC09,广东,N056,惠州市,0.0,0.0,0.0,0.0,0.0,0.0
S3,mid,2025,R::RC10,广东,N117,茂名市,0.0,0.0,0.0,0.0,0.0,0.0
S3,mid,2025,R::RC11,新疆,N102,乌鲁木齐市,0.0,0.0,0.0,0.0,0.0,0.0
S3,mid,2025,R::RC12,江苏,N007,连云港市,0.0,0.0,0.0,0.0,0.0,0.0
S3,mid,2025,R::RC13,江西,N010,九江市,0.0,0.0,0.0,0.0,0.0,0.0
S3,mid,2025,R::RC14,河北,N084,沧州市,0.0,0.0,0.0,0.0,0.0,0.0
S3,mid,2025,R::RC15,河南,N088,洛阳市,0.0,0.0,0.0,0.0,0.0,0.0
S3,mid,2025,R::RC16,浙江,N043,宁波市,0.0,0.0,0.0,0.0,0.0,0.0
S3,mid,2025,R::RC17,浙江,N043,舟山市,0.0,0.0,0.0,0.0,0.0,0.0
S3,mid,2025,R::RC18,湖北,N078,武汉市,0.0,0.0,0.0,0.0,0.0,0.0
S3,mid,2025,R::RC19,湖南,N002,岳阳市,0.0,0.0,0.0,0.0,0.0,0.0
S3,mid,2025,R::RC20,甘肃,N018,兰州市,0.0,0.0,0.0,0.0,0.0,0.0
S3,mid,2025,R::RC21,甘肃,N033,庆阳市,0.0,0.0,0.0,0.0,0.0,0.0
S3,mid,2025,R::RC22,辽宁,N129,大连市,0.0,0.0,0.0,0.0,0.0,0.0
S3,mid,2025,R::RC23,辽宁,N129,盘锦市,0.0,0.0,0.0,0.0,0.0,0.0
S3,mid,2025,R::RC24,青海,N072,海西蒙古族藏族自治州,0.0,0.0,0.0,0.0,0.0,0.0
S3,mid,2030,R::RC01,上海,N116,上海市,14.04687564197382,0.0,14.0468,14.0468,7.56419738205949e-05,99.9994615032143
S3,mid,2030,R::RC02,北京,N036,北京市,12.526061766890436,0.25695265499649,12.2691,12.52605265499649,9.11189394514622e-06,99.99992725651434
S3,mid,2030,R::RC03,四川,N057,成都市,27.072067632923005,10.03653837640867,17.0355,27.07203837640867,2.9256514334718983e-05,99.99989193099422
S3,mid,2030,R::RC04,天津,N028,天津市,3.3946323328374577,3.3946323328374577,0.0,3.3946323328374577,0.0,100.0
S3,mid,2030,R::RC05,宁夏,N139,银川市,2.66776989335368,2.66776989335368,0.0,2.66776989335368,0.0,99.99999999999999
S3,mid,2030,R::RC06,山东,N091,东营市,4.4115587752574,4.4115587752574,0.0,4.4115587752574,0.0,100.0
S3,mid,2030,R::RC07,山东,N089,济南市,2.9178348352126675,2.9178348352126675,0.0,2.9178348352126675,0.0,100.0
S3,mid,2030,R::RC08,广东,N026,广州市,10.077443700132502,3.423120620188248,0.0,3.423120620188248,6.654323079944255,33.968144323577214
S3,mid,2030,R::RC09,广东,N056,惠州市,11.860405435182912,4.028759635584327,0.0,4.028759635584327,7.831645799598585,33.96814432357721
S3,mid,2030,R::RC10,广东,N117,茂名市,12.238826472955996,4.157302239845867,0.0,4.157302239845867,8.081524233110128,33.968144323577214
S3,mid,2030,R::RC11,新疆,N102,乌鲁木齐市,7.24960950434173,7.249609504341729,0.0,7.249609504341729,8.881784197001252e-16,99.99999999999999
S3,mid,2030,R::RC12,江苏,N007,连云港市,0.8483715271420715,0.8483715271420716,0.0,0.8483715271420715,0.0,100.0
S3,mid,2030,R::RC13,江西,N010,九江市,1.2910820927734052,1.2910820927734052,0.0,1.2910820927734052,0.0,100.00000000000001
S3,mid,2030,R::RC14,河北,N084,沧州市,1.4255222126203666,1.4255222126203666,0.0,1.4255222126203666,0.0,100.0
S3,mid,2030,R::RC15,河南,N088,洛阳市,6.213713514454232,6.213713514454233,0.0,6.213713514454232,0.0,100.0
S3,mid,2030,R::RC16,浙江,N043,宁波市,9.592177696311085,1.3732233776020049,0.0,1.3732233776020049,8.218954318709079,14.316075255049881
S3,mid,2030,R::RC17,浙江,N043,舟山市,0.0820593121816061,0.011747672885695,0.0,0.011747672885695,0.0703116392959111,14.316075255049828
S3,mid,2030,R::RC18,湖北,N078,武汉市,3.513489433890302,3.513489433890302,0.0,3.513489433890302,0.0,100.0
S3,mid,2030,R::RC19,湖南,N002,岳阳市,3.334884316895024,3.334884316895024,0.0,3.334884316895024,0.0,100.0
S3,mid,2030,R::RC20,甘肃,N018,兰州市,3.4117270137220954,3.4117270137220954,0.0,3.4117270137220954,0.0,100.0
S3,mid,2030,R::RC21,甘肃,N033,庆阳市,5.083556802315729,5.083556802315729,0.0,5.083556802315729,0.0,100.0
S3,mid,2030,R::RC22,辽宁,N129,大连市,3.0981334466769224,3.0981334466769224,0.0,3.0981334466769224,0.0,100.00000000000001
S3,mid,2030,R::RC23,辽宁,N129,盘锦市,14.172073411499444,14.172073411499444,0.0,14.172073411499444,0.0,100.0
S3,mid,2030,R::RC24,青海,N072,海西蒙古族藏族自治州,1.470123228456122,1.470123228456122,0.0,1.470123228456122,0.0,100.0
S3,mid,2035,R::RC01,上海,N116,上海市,25.659702726938946,0.0,25.6597,25.6597,2.726938944874746e-06,99.99998937267912
S3,mid,2035,R::RC02,北京,N036,北京市,22.88160224877737,0.39827209981267,22.4833,22.88157209981267,3.0148964697218616e-05,99.99986823927638
S3,mid,2035,R::RC03,四川,N057,成都市,49.453075927336855,15.6100940218052,33.8429,49.4529940218052,8.19055316583217e-05,99.9998343772756
S3,mid,2035,R::RC04,天津,N028,天津市,6.201041338159429,6.201041338159429,0.0,6.201041338159429,0.0,100.00000000000001
S3,mid,2035,R::RC05,宁夏,N139,银川市,4.873267490372264,4.873267490372264,0.0,4.873267490372264,0.0,100.0
S3,mid,2035,R::RC06,山东,N091,东营市,8.05868077861173,8.05868077861173,0.0,8.05868077861173,0.0,100.0
S3,mid,2035,R::RC07,山东,N089,济南市,5.330066015117319,5.330066015117319,0.0,5.330066015117319,0.0,100.0
S3,mid,2035,R::RC08,广东,N026,广州市,18.408663690321404,5.306988054454216,0.0,5.306988054454216,13.101675635867188,28.828752286046893
S3,mid,2035,R::RC09,广东,N056,惠州市,21.665634796279893,6.245932186619111,0.0,6.245932186619111,15.41970260966078,28.828752286046896
S3,mid,2035,R::RC10,广东,N117,茂名市,22.356903914222524,6.445216448260734,0.0,6.445216448260734,15.91168746596179,28.828752286046896
S3,mid,2035,R::RC11,新疆,N102,乌鲁木齐市,13.243003605153344,13.243003605153344,0.0,13.243003605153344,0.0,100.0
S3,mid,2035,R::RC12,江苏,N007,连云港市,1.5497368769619055,1.5497368769619055,0.0,1.5497368769619055,0.0,100.0
S3,mid,2035,R::RC13,江西,N010,九江市,2.35844493402126,2.35844493402126,0.0,2.35844493402126,0.0,100.0
S3,mid,2035,R::RC14,河北,N084,沧州市,2.6040293328422304,2.6040293328422304,0.0,2.6040293328422304,0.0,100.0
S3,mid,2035,R::RC15,河南,N088,洛阳市,11.350712120980546,11.350712120980544,0.0,11.350712120980544,1.7763568394002505e-15,99.99999999999999
S3,mid,2035,R::RC16,浙江,N043,宁波市,17.522218781224346,2.12536098542802,0.0,2.12536098542802,15.396857795796326,12.12951973699482
S3,mid,2035,R::RC17,浙江,N043,舟山市,0.1498993520142831,0.0181820714881998,0.0,0.0181820714881998,0.1317172805260833,12.129519736994814
S3,mid,2035,R::RC18,湖北,N078,武汉市,6.418159931484797,6.418159931484797,0.0,6.418159931484797,0.0,100.0
S3,mid,2035,R::RC19,湖南,N002,岳阳市,6.091898467767232,6.091898467767232,0.0,6.091898467767232,0.0,100.0
S3,mid,2035,R::RC20,甘肃,N018,兰州市,6.232268526389171,6.232268526389171,0.0,6.232268526389171,0.0,100.0
S3,mid,2035,R::RC21,甘肃,N033,庆阳市,9.286232730156112,9.286232730156112,0.0,9.286232730156112,0.0,100.0
S3,mid,2035,R::RC22,辽宁,N129,大连市,5.65942101833443,5.65942101833443,0.0,5.65942101833443,0.0,100.0
S3,mid,2035,R::RC23,辽宁,N129,盘锦市,25.888403943493028,25.888403943493028,0.0,25.888403943493028,0.0,100.0
S3,mid,2035,R::RC24,青海,N072,海西蒙古族藏族自治州,2.685502881610984,2.685502881610984,0.0,2.685502881610984,0.0,100.0
S3,mid,2040,R::RC01,上海,N116,上海市,36.72403276302699,0.0,36.724,36.724,3.276302699362077e-05,99.9999107858682
S3,mid,2040,R::RC02,北京,N036,北京市,32.74802984262381,0.56488211809069,32.1831,32.74798211809069,4.7724533118298496e-05,99.99985426746785
S3,mid,2040,R::RC03,四川,N057,成都市,70.77698443798894,20.867413310130008,49.9095,70.77691331013001,7.11278589307085e-05,99.9998995042534
S3,mid,2040,R::RC04,天津,N028,天津市,8.874898033342031,8.874898033342031,0.0,8.874898033342031,0.0,100.0
S3,mid,2040,R::RC05,宁夏,N139,银川市,6.974595024888465,6.974595024888465,0.0,6.974595024888465,0.0,100.0
S3,mid,2040,R::RC06,山东,N091,东营市,11.533541915503626,11.533541915503626,0.0,11.533541915503626,0.0,100.0
S3,mid,2040,R::RC07,山东,N089,济南市,7.628362691932713,7.628362691932713,0.0,7.628362691932713,0.0,100.0
S3,mid,2040,R::RC08,广东,N026,广州市,26.3463834979337,7.498326435206006,0.0,7.498326435206006,18.84805706272769,28.46055298555146
S3,mid,2040,R::RC09,广东,N056,惠州市,31.007743564193536,8.824975286711224,0.0,8.824975286711224,22.18276827748231,28.46055298555146
S3,mid,2040,R::RC10,广东,N117,茂名市,31.997084321783145,9.10654713723267,0.0,9.10654713723267,22.890537184550475,28.46055298555146
S3,mid,2040,R::RC11,新疆,N102,乌鲁木齐市,18.953317715795414,18.953317715795414,0.0,18.953317715795414,0.0,100.0
S3,mid,2040,R::RC12,江苏,N007,连云港市,2.217975338579049,2.217975338579049,0.0,2.217975338579049,0.0,100.0
S3,mid,2040,R::RC13,江西,N010,九江市,3.375394093551295,3.375394093551295,0.0,3.375394093551295,0.0,100.0
S3,mid,2040,R::RC14,河北,N084,沧州市,3.7268732047617754,3.7268732047617754,0.0,3.7268732047617754,0.0,100.0
S3,mid,2040,R::RC15,河南,N088,洛阳市,16.24508000932341,16.24508000932341,0.0,16.24508000932341,0.0,100.0
S3,mid,2040,R::RC16,浙江,N043,宁波市,25.07770816561498,3.0883006843252563,0.0,3.0883006843252563,21.989407481289724,12.31492393136525
S3,mid,2040,R::RC17,浙江,N043,舟山市,0.2145351710855831,0.0264198431252138,0.0,0.0264198431252138,0.1881153279603692,12.314923931365223
S3,mid,2040,R::RC18,湖北,N078,武汉市,9.185637032136908,9.185637032136908,0.0,9.185637032136908,0.0,100.0
S3,mid,2040,R::RC19,湖南,N002,岳阳市,8.718693326265443,8.718693326265443,0.0,8.718693326265443,0.0,100.0
S3,mid,2040,R::RC20,甘肃,N018,兰州市,8.919590222329953,8.919590222329953,0.0,8.919590222329953,0.0,100.0
S3,mid,2040,R::RC21,甘肃,N033,庆阳市,13.290407868572736,13.290407868572736,0.0,13.290407868572736,0.0,100.0
S3,mid,2040,R::RC22,辽宁,N129,大连市,8.09973385540741,8.09973385540741,0.0,8.09973385540741,0.0,100.0
S3,mid,2040,R::RC23,辽宁,N129,盘锦市,37.05134875179949,37.05134875179949,0.0,37.05134875179949,0.0,100.0
S3,mid,2040,R::RC24,青海,N072,海西蒙古族藏族自治州,3.8434777229880353,3.8434777229880353,0.0,3.8434777229880353,0.0,100.0
S3,mid,2045,R::RC01,上海,N116,上海市,46.976765539801015,0.0,46.9767,46.9767,6.553980101386969e-05,99.99986048464542
S3,mid,2045,R::RC02,北京,N036,北京市,41.89072942327216,0.69854986177709,41.1921,41.89064986177709,7.956149506327392e-05,99.99981007374146
S3,mid,2045,R::RC03,四川,N057,成都市,90.53672904096108,24.83357511112599,65.7031,90.536675111126,5.392983507590543e-05,99.99994043319695
S3,mid,2045,R::RC04,天津,N028,天津市,11.3526204159607,11.3526204159607,0.0,11.3526204159607,0.0,100.0
S3,mid,2045,R::RC05,宁夏,N139,银川市,8.921784743344237,8.921784743344237,0.0,8.921784743344237,0.0,100.0
S3,mid,2045,R::RC06,山东,N091,东营市,14.753512989825104,14.753512989825104,0.0,14.753512989825104,1.7763568394002505e-15,100.0
S3,mid,2045,R::RC07,山东,N089,济南市,9.758073356046935,9.758073356046935,0.0,9.758073356046935,0.0,100.0
S3,mid,2045,R::RC08,广东,N026,广州市,33.70185100287169,9.250707987632374,0.0,9.250707987632374,24.45114301523932,27.448664427494304
S3,mid,2045,R::RC09,广东,N056,惠州市,39.66458446251885,10.887398685676846,0.0,10.887398685676846,28.777185776842007,27.448664427494307
S3,mid,2045,R::RC10,广东,N117,茂名市,40.93013253312855,11.23477472874713,0.0,11.23477472874713,29.69535780438142,27.448664427494304
S3,mid,2045,R::RC11,新疆,N102,乌鲁木齐市,24.244765499519985,24.244765499519985,0.0,24.244765499519985,0.0,100.0
S3,mid,2045,R::RC12,江苏,N007,连云港市,2.837196778627985,2.837196778627985,0.0,2.837196778627985,0.0,100.00000000000001
S3,mid,2045,R::RC13,江西,N010,九江市,4.317747398832203,4.317747398832203,0.0,4.317747398832203,0.0,100.0
S3,mid,2045,R::RC14,河北,N084,沧州市,4.767353571063255,4.767353571063255,0.0,4.767353571063255,0.0,100.0
S3,mid,2045,R::RC15,河南,N088,洛阳市,20.780433339053367,20.780433339053367,0.0,20.780433339053367,0.0,100.0
S3,mid,2045,R::RC16,浙江,N043,宁波市,32.07898283866321,3.8754454299199135,0.0,3.8754454299199135,28.20353740874329,12.080948605543163
S3,mid,2045,R::RC17,浙江,N043,舟山市,0.2744297854530571,0.0331537213388862,0.0,0.0331537213388862,0.2412760641141709,12.080948605543167
S3,mid,2045,R::RC18,湖北,N078,武汉市,11.75011252105314,11.75011252105314,0.0,11.75011252105314,0.0,100.0
S3,mid,2045,R::RC19,湖南,N002,岳阳市,11.152805979787502,11.152805979787502,0.0,11.152805979787502,0.0,100.0
S3,mid,2045,R::RC20,甘肃,N018,兰州市,11.409789913033466,11.409789913033466,0.0,11.409789913033466,0.0,100.00000000000001
S3,mid,2045,R::RC21,甘肃,N033,庆阳市,17.00086639174446,17.00086639174446,0.0,17.00086639174446,0.0,100.0
S3,mid,2045,R::RC22,辽宁,N129,大连市,10.361043426672392,10.361043426672392,0.0,10.361043426672392,0.0,100.0
S3,mid,2045,R::RC23,辽宁,N129,盘锦市,47.395462651886,47.395462651886,0.0,47.395462651886,0.0,100.0
S3,mid,2045,R::RC24,青海,N072,海西蒙古族藏族自治州,4.916512111165401,4.916512111165401,0.0,4.916512111165401,0.0,100.0
S3,mid,2050,R::RC01,上海,N116,上海市,56.15480084682402,0.0,56.1548,56.1548,8.468240153547413e-07,99.99999849198288
S3,mid,2050,R::RC02,北京,N036,北京市,50.075085865564745,0.7686410122271602,49.3064,50.07504101222715,4.485333759163268e-05,99.9999104278369
S3,mid,2050,R::RC03,四川,N057,成都市,108.22524561233494,26.59960422212026,81.6256,108.22520422212028,4.139021467608472e-05,99.9999617554902
S3,mid,2050,R::RC04,天津,N028,天津市,13.570626483590845,13.570626483590845,0.0,13.570626483590845,0.0,100.0
S3,mid,2050,R::RC05,宁夏,N139,银川市,10.664868892181516,10.664868892181516,0.0,10.664868892181516,0.0,100.0
S3,mid,2050,R::RC06,山东,N091,东营市,17.635964805468152,17.635964805468152,0.0,17.635964805468152,0.0,100.0
S3,mid,2050,R::RC07,山东,N089,济南市,11.664546497848058,11.664546497848058,0.0,11.664546497848058,0.0,100.0
S3,mid,2050,R::RC08,广东,N026,广州市,40.28631408503763,10.162517382682202,0.0,10.162517382682202,30.123796702355428,25.225731401564406
S3,mid,2050,R::RC09,广东,N056,惠州市,47.4140102148508,11.960530863508572,0.0,11.960530863508572,35.453479351342224,25.225731401564406
S3,mid,2050,R::RC10,广东,N117,茂名市,48.92681338574938,12.342146528033798,0.0,12.342146528033798,36.584666857715575,25.225731401564406
S3,mid,2050,R::RC11,新疆,N102,乌鲁木齐市,28.98156061957903,28.98156061957903,0.0,28.98156061957903,0.0,100.0
S3,mid,2050,R::RC12,江苏,N007,连云港市,3.3915110637431933,3.391511063743193,0.0,3.391511063743193,4.440892098500626e-16,99.99999999999999
S3,mid,2050,R::RC13,江西,N010,九江市,5.161322677332668,5.161322677332668,0.0,5.161322677332668,0.0,100.0
S3,mid,2050,R::RC14,河北,N084,沧州市,5.698770174430922,5.698770174430922,0.0,5.698770174430922,0.0,100.0
S3,mid,2050,R::RC15,河南,N088,洛阳市,24.84038826974095,24.84038826974095,0.0,24.84038826974095,0.0,100.0
S3,mid,2050,R::RC16,浙江,N043,宁波市,38.34637978954922,4.30639535691147,0.0,4.30639535691147,34.039984432637745,11.23025271367369
S3,mid,2050,R::RC17,浙江,N043,舟山市,0.3280462111742558,0.0368404185325005,0.0,0.0368404185325005,0.2912057926417552,11.230252713673664
S3,mid,2050,R::RC18,湖北,N078,武汉市,14.045778183439982,14.045778183439982,0.0,14.045778183439982,0.0,100.0
S3,mid,2050,R::RC19,湖南,N002,岳阳市,13.33177351573124,13.33177351573124,0.0,13.33177351573124,0.0,99.99999999999999
S3,mid,2050,R::RC20,甘肃,N018,兰州市,13.63896540998871,13.63896540998871,0.0,13.63896540998871,0.0,99.99999999999999
S3,mid,2050,R::RC21,甘肃,N033,庆阳市,20.322392473850115,20.322392473850115,0.0,20.322392473850115,0.0,100.0
S3,mid,2050,R::RC22,辽宁,N129,大连市,12.3853212009059,12.3853212009059,0.0,12.3853212009059,0.0,100.0
S3,mid,2050,R::RC23,辽宁,N129,盘锦市,56.65530045921968,56.65530045921968,0.0,56.65530045921968,0.0,100.0
S3,mid,2050,R::RC24,青海,N072,海西蒙古族藏族自治州,5.877070404721203,5.877070404721203,0.0,5.877070404721203,0.0,100.0
S3,mid,2055,R::RC01,上海,N116,上海市,63.995038473659015,0.0,60.6873,60.6873,3.3077384736590147,94.83125793412796
S3,mid,2055,R::RC02,北京,N036,北京市,57.06648404434395,0.8190942626529499,56.2473,57.06639426265296,8.978169099549405e-05,99.999842671767
S3,mid,2055,R::RC03,四川,N057,成都市,123.33547002819232,27.78627884790249,95.5491,123.33537884790248,9.118028982868508e-05,99.99992607131605
S3,mid,2055,R::RC04,天津,N028,天津市,15.465334233807896,15.260563002086233,0.0,15.260563002086233,0.204771231721665,98.67593400423235
S3,mid,2055,R::RC05,宁夏,N139,银川市,12.153879717842251,12.153879717842251,0.0,12.153879717842251,0.0,100.0
S3,mid,2055,R::RC06,山东,N091,东营市,20.09826816632478,20.09826816632478,0.0,20.09826816632478,0.0,100.0
S3,mid,2055,R::RC07,山东,N089,济南市,13.293130607724162,13.293130607724162,0.0,13.293130607724162,0.0,100.0
S3,mid,2055,R::RC08,广东,N026,广州市,45.9110206243338,10.816949649858206,0.0,10.816949649858206,35.0940709744756,23.56068216903241
S3,mid,2055,R::RC09,广东,N056,惠州市,54.03387354478436,12.730749209503529,0.0,12.730749209503529,41.30312433528083,23.560682169032408
S3,mid,2055,R::RC10,广东,N117,茂名市,55.75789171713628,13.136939651627726,0.0,13.136939651627726,42.62095206550856,23.560682169032408
S3,mid,2055,R::RC11,新疆,N102,乌鲁木齐市,33.02791673922458,33.02791673922458,0.0,33.02791673922458,0.0,100.0
S3,mid,2055,R::RC12,江苏,N007,连云港市,3.865028060559156,3.865028060559157,0.0,3.865028060559156,0.0,100.0
S3,mid,2055,R::RC13,江西,N010,九江市,5.881937756521378,5.881937756521378,0.0,5.881937756521378,0.0,100.0
S3,mid,2055,R::RC14,河北,N084,沧州市,6.494422757549029,6.494422757549028,0.0,6.494422757549028,8.881784197001252e-16,99.99999999999999
S3,mid,2055,R::RC15,河南,N088,洛阳市,28.308560960956694,28.308560960956694,0.0,28.308560960956694,0.0,100.0
S3,mid,2055,R::RC16,浙江,N043,宁波市,43.70023600745321,4.621507729451301,0.0,4.621507729451301,39.07872827800191,10.575475447462317
S3,mid,2055,R::RC17,浙江,N043,舟山市,0.3738474643067299,0.0395361467987186,0.0,0.0395361467987186,0.3343113175080112,10.5754754474623
S3,mid,2055,R::RC18,湖北,N078,武汉市,16.006825804503936,16.006825804503936,0.0,16.006825804503936,0.0,100.0
S3,mid,2055,R::RC19,湖南,N002,岳阳市,15.193133021494496,15.193133021494496,0.0,15.193133021494496,0.0,100.0
S3,mid,2055,R::RC20,甘肃,N018,兰州市,15.543214524684709,15.543214524684709,0.0,15.543214524684709,0.0,100.0
S3,mid,2055,R::RC21,甘肃,N033,庆阳市,23.15977028906856,23.15977028906856,0.0,23.15977028906856,0.0,100.0
S3,mid,2055,R::RC22,辽宁,N129,大连市,14.114538646884462,14.11453864688446,0.0,14.11453864688446,1.7763568394002505e-15,99.99999999999999
S3,mid,2055,R::RC23,辽宁,N129,盘锦市,64.56541698926769,64.56541698926769,0.0,64.56541698926769,0.0,100.0
S3,mid,2055,R::RC24,青海,N072,海西蒙古族藏族自治州,6.697616962233563,6.697616962233564,0.0,6.697616962233563,0.0,100.0
S3,mid,2060,R::RC01,上海,N116,上海市,70.23437820986909,0.0,62.67900000000001,62.67900000000001,7.555378209869083,89.24262106045465
S3,mid,2060,R::RC02,北京,N036,北京市,62.63030883445218,0.8502213257532399,61.78,62.63022132575324,8.750869893958679e-05,99.99986027739513
S3,mid,2060,R::RC03,四川,N057,成都市,135.36033816461503,28.40279509141248,106.9575,135.36029509141247,4.307320256202729e-05,99.9999681788601
S3,mid,2060,R::RC04,天津,N028,天津市,16.973161664187288,15.451299553416671,0.0,15.451299553416671,1.5218621107706165,91.03371463207301
S3,mid,2060,R::RC05,宁夏,N139,银川市,13.3388494667684,13.3388494667684,0.0,13.3388494667684,0.0,100.0
S3,mid,2060,R::RC06,山东,N091,东营市,22.057793876287,22.057793876287,0.0,22.057793876287,0.0,100.0
S3,mid,2060,R::RC07,山东,N089,济南市,14.589174176063336,14.589174176063334,0.0,14.589174176063334,1.7763568394002505e-15,99.99999999999999
S3,mid,2060,R::RC08,广东,N026,广州市,50.387218500662506,11.218090140396454,0.0,11.218090140396454,39.16912836026605,22.263761474051112
S3,mid,2060,R::RC09,广东,N056,惠州市,59.30202717591455,13.202861879722583,0.0,13.202861879722583,46.09916529619197,22.263761474051112
S3,mid,2060,R::RC10,广东,N117,茂名市,61.194132364779975,13.624115665809729,0.0,13.624115665809729,47.57001669897025,22.263761474051115
S3,mid,2060,R::RC11,新疆,N102,乌鲁木齐市,36.24804752170865,36.24804752170865,0.0,36.24804752170865,0.0,100.0
S3,mid,2060,R::RC12,江苏,N007,连云港市,4.241857635710358,4.241857635710358,0.0,4.241857635710358,0.0,100.0
S3,mid,2060,R::RC13,江西,N010,九江市,6.455410463867027,6.455410463867027,0.0,6.455410463867027,0.0,100.00000000000001
S3,mid,2060,R::RC14,河北,N084,沧州市,7.127611063101834,7.127611063101835,0.0,7.127611063101834,0.0,100.0
S3,mid,2060,R::RC15,河南,N088,洛阳市,31.06856757227116,31.06856757227116,0.0,31.06856757227116,0.0,100.0
S3,mid,2060,R::RC16,浙江,N043,宁波市,47.96088848155542,4.822621238879906,0.0,4.822621238879906,43.13826724267552,10.05532089075991
S3,mid,2060,R::RC17,浙江,N043,舟山市,0.4102965609080307,0.0412566358030546,0.0,0.0412566358030546,0.3690399251049761,10.055320890759894
S3,mid,2060,R::RC18,湖北,N078,武汉市,17.567447169451512,17.567447169451512,0.0,17.567447169451512,0.0,100.0
S3,mid,2060,R::RC19,湖南,N002,岳阳市,16.67442158447512,16.67442158447512,0.0,16.67442158447512,0.0,100.0
S3,mid,2060,R::RC20,甘肃,N018,兰州市,17.058635068610478,17.058635068610478,0.0,17.058635068610478,0.0,100.0
S3,mid,2060,R::RC21,甘肃,N033,庆阳市,25.417784011578643,25.417784011578643,0.0,25.417784011578643,0.0,100.0
S3,mid,2060,R::RC22,辽宁,N129,大连市,15.490667233384611,15.490667233384611,0.0,15.490667233384611,0.0,100.0
S3,mid,2060,R::RC23,辽宁,N129,盘锦市,70.86036705749721,70.86036705749721,0.0,70.86036705749721,0.0,100.0
S3,mid,2060,R::RC24,青海,N072,海西蒙古族藏族自治州,7.350616142280609,7.350616142280609,0.0,7.350616142280609,0.0,100.0
S4,high,2025,R::RC01,上海,N116,上海市,0.0,0.0,0.0,0.0,0.0,0.0
S4,high,2025,R::RC02,北京,N036,北京市,0.0,0.0,0.0,0.0,0.0,0.0
S4,high,2025,R::RC03,四川,N057,成都市,0.0,0.0,0.0,0.0,0.0,0.0
S4,high,2025,R::RC04,天津,N028,天津市,0.0,0.0,0.0,0.0,0.0,0.0
S4,high,2025,R::RC05,宁夏,N139,银川市,0.0,0.0,0.0,0.0,0.0,0.0
S4,high,2025,R::RC06,山东,N091,东营市,0.0,0.0,0.0,0.0,0.0,0.0
S4,high,2025,R::RC07,山东,N089,济南市,0.0,0.0,0.0,0.0,0.0,0.0
S4,high,2025,R::RC08,广东,N026,广州市,0.0,0.0,0.0,0.0,0.0,0.0
S4,high,2025,R::RC09,广东,N056,惠州市,0.0,0.0,0.0,0.0,0.0,0.0
S4,high,2025,R::RC10,广东,N117,茂名市,0.0,0.0,0.0,0.0,0.0,0.0
S4,high,2025,R::RC11,新疆,N102,乌鲁木齐市,0.0,0.0,0.0,0.0,0.0,0.0
S4,high,2025,R::RC12,江苏,N007,连云港市,0.0,0.0,0.0,0.0,0.0,0.0
S4,high,2025,R::RC13,江西,N010,九江市,0.0,0.0,0.0,0.0,0.0,0.0
S4,high,2025,R::RC14,河北,N084,沧州市,0.0,0.0,0.0,0.0,0.0,0.0
S4,high,2025,R::RC15,河南,N088,洛阳市,0.0,0.0,0.0,0.0,0.0,0.0
S4,high,2025,R::RC16,浙江,N043,宁波市,0.0,0.0,0.0,0.0,0.0,0.0
S4,high,2025,R::RC17,浙江,N043,舟山市,0.0,0.0,0.0,0.0,0.0,0.0
S4,high,2025,R::RC18,湖北,N078,武汉市,0.0,0.0,0.0,0.0,0.0,0.0
S4,high,2025,R::RC19,湖南,N002,岳阳市,0.0,0.0,0.0,0.0,0.0,0.0
S4,high,2025,R::RC20,甘肃,N018,兰州市,0.0,0.0,0.0,0.0,0.0,0.0
S4,high,2025,R::RC21,甘肃,N033,庆阳市,0.0,0.0,0.0,0.0,0.0,0.0
S4,high,2025,R::RC22,辽宁,N129,大连市,0.0,0.0,0.0,0.0,0.0,0.0
S4,high,2025,R::RC23,辽宁,N129,盘锦市,0.0,0.0,0.0,0.0,0.0,0.0
S4,high,2025,R::RC24,青海,N072,海西蒙古族藏族自治州,0.0,0.0,0.0,0.0,0.0,0.0
S4,high,2030,R::RC01,上海,N116,上海市,0.0,0.0,0.0,0.0,0.0,0.0
S4,high,2030,R::RC02,北京,N036,北京市,0.0,0.0,0.0,0.0,0.0,0.0
S4,high,2030,R::RC03,四川,N057,成都市,0.0,0.0,0.0,0.0,0.0,0.0
S4,high,2030,R::RC04,天津,N028,天津市,0.0,0.0,0.0,0.0,0.0,0.0
S4,high,2030,R::RC05,宁夏,N139,银川市,0.0,0.0,0.0,0.0,0.0,0.0
S4,high,2030,R::RC06,山东,N091,东营市,0.0,0.0,0.0,0.0,0.0,0.0
S4,high,2030,R::RC07,山东,N089,济南市,0.0,0.0,0.0,0.0,0.0,0.0
S4,high,2030,R::RC08,广东,N026,广州市,0.0,0.0,0.0,0.0,0.0,0.0
S4,high,2030,R::RC09,广东,N056,惠州市,0.0,0.0,0.0,0.0,0.0,0.0
S4,high,2030,R::RC10,广东,N117,茂名市,0.0,0.0,0.0,0.0,0.0,0.0
S4,high,2030,R::RC11,新疆,N102,乌鲁木齐市,0.0,0.0,0.0,0.0,0.0,0.0
S4,high,2030,R::RC12,江苏,N007,连云港市,0.0,0.0,0.0,0.0,0.0,0.0
S4,high,2030,R::RC13,江西,N010,九江市,0.0,0.0,0.0,0.0,0.0,0.0
S4,high,2030,R::RC14,河北,N084,沧州市,0.0,0.0,0.0,0.0,0.0,0.0
S4,high,2030,R::RC15,河南,N088,洛阳市,0.0,0.0,0.0,0.0,0.0,0.0
S4,high,2030,R::RC16,浙江,N043,宁波市,0.0,0.0,0.0,0.0,0.0,0.0
S4,high,2030,R::RC17,浙江,N043,舟山市,0.0,0.0,0.0,0.0,0.0,0.0
S4,high,2030,R::RC18,湖北,N078,武汉市,0.0,0.0,0.0,0.0,0.0,0.0
S4,high,2030,R::RC19,湖南,N002,岳阳市,0.0,0.0,0.0,0.0,0.0,0.0
S4,high,2030,R::RC20,甘肃,N018,兰州市,0.0,0.0,0.0,0.0,0.0,0.0
S4,high,2030,R::RC21,甘肃,N033,庆阳市,0.0,0.0,0.0,0.0,0.0,0.0
S4,high,2030,R::RC22,辽宁,N129,大连市,0.0,0.0,0.0,0.0,0.0,0.0
S4,high,2030,R::RC23,辽宁,N129,盘锦市,0.0,0.0,0.0,0.0,0.0,0.0
S4,high,2030,R::RC24,青海,N072,海西蒙古族藏族自治州,0.0,0.0,0.0,0.0,0.0,0.0
S4,high,2035,R::RC01,上海,N116,上海市,0.0,0.0,0.0,0.0,0.0,0.0
S4,high,2035,R::RC02,北京,N036,北京市,0.0,0.0,0.0,0.0,0.0,0.0
S4,high,2035,R::RC03,四川,N057,成都市,0.0,0.0,0.0,0.0,0.0,0.0
S4,high,2035,R::RC04,天津,N028,天津市,0.0,0.0,0.0,0.0,0.0,0.0
S4,high,2035,R::RC05,宁夏,N139,银川市,0.0,0.0,0.0,0.0,0.0,0.0
S4,high,2035,R::RC06,山东,N091,东营市,0.0,0.0,0.0,0.0,0.0,0.0
S4,high,2035,R::RC07,山东,N089,济南市,0.0,0.0,0.0,0.0,0.0,0.0
S4,high,2035,R::RC08,广东,N026,广州市,0.0,0.0,0.0,0.0,0.0,0.0
S4,high,2035,R::RC09,广东,N056,惠州市,0.0,0.0,0.0,0.0,0.0,0.0
S4,high,2035,R::RC10,广东,N117,茂名市,0.0,0.0,0.0,0.0,0.0,0.0
S4,high,2035,R::RC11,新疆,N102,乌鲁木齐市,0.0,0.0,0.0,0.0,0.0,0.0
S4,high,2035,R::RC12,江苏,N007,连云港市,0.0,0.0,0.0,0.0,0.0,0.0
S4,high,2035,R::RC13,江西,N010,九江市,0.0,0.0,0.0,0.0,0.0,0.0
S4,high,2035,R::RC14,河北,N084,沧州市,0.0,0.0,0.0,0.0,0.0,0.0
S4,high,2035,R::RC15,河南,N088,洛阳市,0.0,0.0,0.0,0.0,0.0,0.0
S4,high,2035,R::RC16,浙江,N043,宁波市,0.0,0.0,0.0,0.0,0.0,0.0
S4,high,2035,R::RC17,浙江,N043,舟山市,0.0,0.0,0.0,0.0,0.0,0.0
S4,high,2035,R::RC18,湖北,N078,武汉市,0.0,0.0,0.0,0.0,0.0,0.0
S4,high,2035,R::RC19,湖南,N002,岳阳市,0.0,0.0,0.0,0.0,0.0,0.0
S4,high,2035,R::RC20,甘肃,N018,兰州市,0.0,0.0,0.0,0.0,0.0,0.0
S4,high,2035,R::RC21,甘肃,N033,庆阳市,0.0,0.0,0.0,0.0,0.0,0.0
S4,high,2035,R::RC22,辽宁,N129,大连市,0.0,0.0,0.0,0.0,0.0,0.0
S4,high,2035,R::RC23,辽宁,N129,盘锦市,0.0,0.0,0.0,0.0,0.0,0.0
S4,high,2035,R::RC24,青海,N072,海西蒙古族藏族自治州,0.0,0.0,0.0,0.0,0.0,0.0
S4,high,2040,R::RC01,上海,N116,上海市,0.0,0.0,0.0,0.0,0.0,0.0
S4,high,2040,R::RC02,北京,N036,北京市,0.0,0.0,0.0,0.0,0.0,0.0
S4,high,2040,R::RC03,四川,N057,成都市,0.0,0.0,0.0,0.0,0.0,0.0
S4,high,2040,R::RC04,天津,N028,天津市,0.0,0.0,0.0,0.0,0.0,0.0
S4,high,2040,R::RC05,宁夏,N139,银川市,0.0,0.0,0.0,0.0,0.0,0.0
S4,high,2040,R::RC06,山东,N091,东营市,0.0,0.0,0.0,0.0,0.0,0.0
S4,high,2040,R::RC07,山东,N089,济南市,0.0,0.0,0.0,0.0,0.0,0.0
S4,high,2040,R::RC08,广东,N026,广州市,0.0,0.0,0.0,0.0,0.0,0.0
S4,high,2040,R::RC09,广东,N056,惠州市,0.0,0.0,0.0,0.0,0.0,0.0
S4,high,2040,R::RC10,广东,N117,茂名市,0.0,0.0,0.0,0.0,0.0,0.0
S4,high,2040,R::RC11,新疆,N102,乌鲁木齐市,0.0,0.0,0.0,0.0,0.0,0.0
S4,high,2040,R::RC12,江苏,N007,连云港市,0.0,0.0,0.0,0.0,0.0,0.0
S4,high,2040,R::RC13,江西,N010,九江市,0.0,0.0,0.0,0.0,0.0,0.0
S4,high,2040,R::RC14,河北,N084,沧州市,0.0,0.0,0.0,0.0,0.0,0.0
S4,high,2040,R::RC15,河南,N088,洛阳市,0.0,0.0,0.0,0.0,0.0,0.0
S4,high,2040,R::RC16,浙江,N043,宁波市,0.0,0.0,0.0,0.0,0.0,0.0
S4,high,2040,R::RC17,浙江,N043,舟山市,0.0,0.0,0.0,0.0,0.0,0.0
S4,high,2040,R::RC18,湖北,N078,武汉市,0.0,0.0,0.0,0.0,0.0,0.0
S4,high,2040,R::RC19,湖南,N002,岳阳市,0.0,0.0,0.0,0.0,0.0,0.0
S4,high,2040,R::RC20,甘肃,N018,兰州市,0.0,0.0,0.0,0.0,0.0,0.0
S4,high,2040,R::RC21,甘肃,N033,庆阳市,0.0,0.0,0.0,0.0,0.0,0.0
S4,high,2040,R::RC22,辽宁,N129,大连市,0.0,0.0,0.0,0.0,0.0,0.0
S4,high,2040,R::RC23,辽宁,N129,盘锦市,0.0,0.0,0.0,0.0,0.0,0.0
S4,high,2040,R::RC24,青海,N072,海西蒙古族藏族自治州,0.0,0.0,0.0,0.0,0.0,0.0
S4,high,2045,R::RC01,上海,N116,上海市,0.0,0.0,0.0,0.0,0.0,0.0
S4,high,2045,R::RC02,北京,N036,北京市,0.0,0.0,0.0,0.0,0.0,0.0
S4,high,2045,R::RC03,四川,N057,成都市,0.0,0.0,0.0,0.0,0.0,0.0
S4,high,2045,R::RC04,天津,N028,天津市,0.0,0.0,0.0,0.0,0.0,0.0
S4,high,2045,R::RC05,宁夏,N139,银川市,0.0,0.0,0.0,0.0,0.0,0.0
S4,high,2045,R::RC06,山东,N091,东营市,0.0,0.0,0.0,0.0,0.0,0.0
S4,high,2045,R::RC07,山东,N089,济南市,0.0,0.0,0.0,0.0,0.0,0.0
S4,high,2045,R::RC08,广东,N026,广州市,0.0,0.0,0.0,0.0,0.0,0.0
S4,high,2045,R::RC09,广东,N056,惠州市,0.0,0.0,0.0,0.0,0.0,0.0
S4,high,2045,R::RC10,广东,N117,茂名市,0.0,0.0,0.0,0.0,0.0,0.0
S4,high,2045,R::RC11,新疆,N102,乌鲁木齐市,0.0,0.0,0.0,0.0,0.0,0.0
S4,high,2045,R::RC12,江苏,N007,连云港市,0.0,0.0,0.0,0.0,0.0,0.0
S4,high,2045,R::RC13,江西,N010,九江市,0.0,0.0,0.0,0.0,0.0,0.0
S4,high,2045,R::RC14,河北,N084,沧州市,0.0,0.0,0.0,0.0,0.0,0.0
S4,high,2045,R::RC15,河南,N088,洛阳市,0.0,0.0,0.0,0.0,0.0,0.0
S4,high,2045,R::RC16,浙江,N043,宁波市,0.0,0.0,0.0,0.0,0.0,0.0
S4,high,2045,R::RC17,浙江,N043,舟山市,0.0,0.0,0.0,0.0,0.0,0.0
S4,high,2045,R::RC18,湖北,N078,武汉市,0.0,0.0,0.0,0.0,0.0,0.0
S4,high,2045,R::RC19,湖南,N002,岳阳市,0.0,0.0,0.0,0.0,0.0,0.0
S4,high,2045,R::RC20,甘肃,N018,兰州市,0.0,0.0,0.0,0.0,0.0,0.0
S4,high,2045,R::RC21,甘肃,N033,庆阳市,0.0,0.0,0.0,0.0,0.0,0.0
S4,high,2045,R::RC22,辽宁,N129,大连市,0.0,0.0,0.0,0.0,0.0,0.0
S4,high,2045,R::RC23,辽宁,N129,盘锦市,0.0,0.0,0.0,0.0,0.0,0.0
S4,high,2045,R::RC24,青海,N072,海西蒙古族藏族自治州,0.0,0.0,0.0,0.0,0.0,0.0
S4,high,2050,R::RC01,上海,N116,上海市,0.0,0.0,0.0,0.0,0.0,0.0
S4,high,2050,R::RC02,北京,N036,北京市,0.0,0.0,0.0,0.0,0.0,0.0
S4,high,2050,R::RC03,四川,N057,成都市,0.0,0.0,0.0,0.0,0.0,0.0
S4,high,2050,R::RC04,天津,N028,天津市,0.0,0.0,0.0,0.0,0.0,0.0
S4,high,2050,R::RC05,宁夏,N139,银川市,0.0,0.0,0.0,0.0,0.0,0.0
S4,high,2050,R::RC06,山东,N091,东营市,0.0,0.0,0.0,0.0,0.0,0.0
S4,high,2050,R::RC07,山东,N089,济南市,0.0,0.0,0.0,0.0,0.0,0.0
S4,high,2050,R::RC08,广东,N026,广州市,0.0,0.0,0.0,0.0,0.0,0.0
S4,high,2050,R::RC09,广东,N056,惠州市,0.0,0.0,0.0,0.0,0.0,0.0
S4,high,2050,R::RC10,广东,N117,茂名市,0.0,0.0,0.0,0.0,0.0,0.0
S4,high,2050,R::RC11,新疆,N102,乌鲁木齐市,0.0,0.0,0.0,0.0,0.0,0.0
S4,high,2050,R::RC12,江苏,N007,连云港市,0.0,0.0,0.0,0.0,0.0,0.0
S4,high,2050,R::RC13,江西,N010,九江市,0.0,0.0,0.0,0.0,0.0,0.0
S4,high,2050,R::RC14,河北,N084,沧州市,0.0,0.0,0.0,0.0,0.0,0.0
S4,high,2050,R::RC15,河南,N088,洛阳市,0.0,0.0,0.0,0.0,0.0,0.0
S4,high,2050,R::RC16,浙江,N043,宁波市,0.0,0.0,0.0,0.0,0.0,0.0
S4,high,2050,R::RC17,浙江,N043,舟山市,0.0,0.0,0.0,0.0,0.0,0.0
S4,high,2050,R::RC18,湖北,N078,武汉市,0.0,0.0,0.0,0.0,0.0,0.0
S4,high,2050,R::RC19,湖南,N002,岳阳市,0.0,0.0,0.0,0.0,0.0,0.0
S4,high,2050,R::RC20,甘肃,N018,兰州市,0.0,0.0,0.0,0.0,0.0,0.0
S4,high,2050,R::RC21,甘肃,N033,庆阳市,0.0,0.0,0.0,0.0,0.0,0.0
S4,high,2050,R::RC22,辽宁,N129,大连市,0.0,0.0,0.0,0.0,0.0,0.0
S4,high,2050,R::RC23,辽宁,N129,盘锦市,0.0,0.0,0.0,0.0,0.0,0.0
S4,high,2050,R::RC24,青海,N072,海西蒙古族藏族自治州,0.0,0.0,0.0,0.0,0.0,0.0
S4,high,2055,R::RC01,上海,N116,上海市,0.0,0.0,0.0,0.0,0.0,0.0
S4,high,2055,R::RC02,北京,N036,北京市,0.0,0.0,0.0,0.0,0.0,0.0
S4,high,2055,R::RC03,四川,N057,成都市,0.0,0.0,0.0,0.0,0.0,0.0
S4,high,2055,R::RC04,天津,N028,天津市,0.0,0.0,0.0,0.0,0.0,0.0
S4,high,2055,R::RC05,宁夏,N139,银川市,0.0,0.0,0.0,0.0,0.0,0.0
S4,high,2055,R::RC06,山东,N091,东营市,0.0,0.0,0.0,0.0,0.0,0.0
S4,high,2055,R::RC07,山东,N089,济南市,0.0,0.0,0.0,0.0,0.0,0.0
S4,high,2055,R::RC08,广东,N026,广州市,0.0,0.0,0.0,0.0,0.0,0.0
S4,high,2055,R::RC09,广东,N056,惠州市,0.0,0.0,0.0,0.0,0.0,0.0
S4,high,2055,R::RC10,广东,N117,茂名市,0.0,0.0,0.0,0.0,0.0,0.0
S4,high,2055,R::RC11,新疆,N102,乌鲁木齐市,0.0,0.0,0.0,0.0,0.0,0.0
S4,high,2055,R::RC12,江苏,N007,连云港市,0.0,0.0,0.0,0.0,0.0,0.0
S4,high,2055,R::RC13,江西,N010,九江市,0.0,0.0,0.0,0.0,0.0,0.0
S4,high,2055,R::RC14,河北,N084,沧州市,0.0,0.0,0.0,0.0,0.0,0.0
S4,high,2055,R::RC15,河南,N088,洛阳市,0.0,0.0,0.0,0.0,0.0,0.0
S4,high,2055,R::RC16,浙江,N043,宁波市,0.0,0.0,0.0,0.0,0.0,0.0
S4,high,2055,R::RC17,浙江,N043,舟山市,0.0,0.0,0.0,0.0,0.0,0.0
S4,high,2055,R::RC18,湖北,N078,武汉市,0.0,0.0,0.0,0.0,0.0,0.0
S4,high,2055,R::RC19,湖南,N002,岳阳市,0.0,0.0,0.0,0.0,0.0,0.0
S4,high,2055,R::RC20,甘肃,N018,兰州市,0.0,0.0,0.0,0.0,0.0,0.0
S4,high,2055,R::RC21,甘肃,N033,庆阳市,0.0,0.0,0.0,0.0,0.0,0.0
S4,high,2055,R::RC22,辽宁,N129,大连市,0.0,0.0,0.0,0.0,0.0,0.0
S4,high,2055,R::RC23,辽宁,N129,盘锦市,0.0,0.0,0.0,0.0,0.0,0.0
S4,high,2055,R::RC24,青海,N072,海西蒙古族藏族自治州,0.0,0.0,0.0,0.0,0.0,0.0
S4,high,2060,R::RC01,上海,N116,上海市,0.0,0.0,0.0,0.0,0.0,0.0
S4,high,2060,R::RC02,北京,N036,北京市,0.0,0.0,0.0,0.0,0.0,0.0
S4,high,2060,R::RC03,四川,N057,成都市,0.0,0.0,0.0,0.0,0.0,0.0
S4,high,2060,R::RC04,天津,N028,天津市,0.0,0.0,0.0,0.0,0.0,0.0
S4,high,2060,R::RC05,宁夏,N139,银川市,0.0,0.0,0.0,0.0,0.0,0.0
S4,high,2060,R::RC06,山东,N091,东营市,0.0,0.0,0.0,0.0,0.0,0.0
S4,high,2060,R::RC07,山东,N089,济南市,0.0,0.0,0.0,0.0,0.0,0.0
S4,high,2060,R::RC08,广东,N026,广州市,0.0,0.0,0.0,0.0,0.0,0.0
S4,high,2060,R::RC09,广东,N056,惠州市,0.0,0.0,0.0,0.0,0.0,0.0
S4,high,2060,R::RC10,广东,N117,茂名市,0.0,0.0,0.0,0.0,0.0,0.0
S4,high,2060,R::RC11,新疆,N102,乌鲁木齐市,0.0,0.0,0.0,0.0,0.0,0.0
S4,high,2060,R::RC12,江苏,N007,连云港市,0.0,0.0,0.0,0.0,0.0,0.0
S4,high,2060,R::RC13,江西,N010,九江市,0.0,0.0,0.0,0.0,0.0,0.0
S4,high,2060,R::RC14,河北,N084,沧州市,0.0,0.0,0.0,0.0,0.0,0.0
S4,high,2060,R::RC15,河南,N088,洛阳市,0.0,0.0,0.0,0.0,0.0,0.0
S4,high,2060,R::RC16,浙江,N043,宁波市,0.0,0.0,0.0,0.0,0.0,0.0
S4,high,2060,R::RC17,浙江,N043,舟山市,0.0,0.0,0.0,0.0,0.0,0.0
S4,high,2060,R::RC18,湖北,N078,武汉市,0.0,0.0,0.0,0.0,0.0,0.0
S4,high,2060,R::RC19,湖南,N002,岳阳市,0.0,0.0,0.0,0.0,0.0,0.0
S4,high,2060,R::RC20,甘肃,N018,兰州市,0.0,0.0,0.0,0.0,0.0,0.0
S4,high,2060,R::RC21,甘肃,N033,庆阳市,0.0,0.0,0.0,0.0,0.0,0.0
S4,high,2060,R::RC22,辽宁,N129,大连市,0.0,0.0,0.0,0.0,0.0,0.0
S4,high,2060,R::RC23,辽宁,N129,盘锦市,0.0,0.0,0.0,0.0,0.0,0.0
S4,high,2060,R::RC24,青海,N072,海西蒙古族藏族自治州,0.0,0.0,0.0,0.0,0.0,0.0
S4,low,2025,R::RC01,上海,N116,上海市,0.0,0.0,0.0,0.0,0.0,0.0
S4,low,2025,R::RC02,北京,N036,北京市,0.0,0.0,0.0,0.0,0.0,0.0
S4,low,2025,R::RC03,四川,N057,成都市,0.0,0.0,0.0,0.0,0.0,0.0
S4,low,2025,R::RC04,天津,N028,天津市,0.0,0.0,0.0,0.0,0.0,0.0
S4,low,2025,R::RC05,宁夏,N139,银川市,0.0,0.0,0.0,0.0,0.0,0.0
S4,low,2025,R::RC06,山东,N091,东营市,0.0,0.0,0.0,0.0,0.0,0.0
S4,low,2025,R::RC07,山东,N089,济南市,0.0,0.0,0.0,0.0,0.0,0.0
S4,low,2025,R::RC08,广东,N026,广州市,0.0,0.0,0.0,0.0,0.0,0.0
S4,low,2025,R::RC09,广东,N056,惠州市,0.0,0.0,0.0,0.0,0.0,0.0
S4,low,2025,R::RC10,广东,N117,茂名市,0.0,0.0,0.0,0.0,0.0,0.0
S4,low,2025,R::RC11,新疆,N102,乌鲁木齐市,0.0,0.0,0.0,0.0,0.0,0.0
S4,low,2025,R::RC12,江苏,N007,连云港市,0.0,0.0,0.0,0.0,0.0,0.0
S4,low,2025,R::RC13,江西,N010,九江市,0.0,0.0,0.0,0.0,0.0,0.0
S4,low,2025,R::RC14,河北,N084,沧州市,0.0,0.0,0.0,0.0,0.0,0.0
S4,low,2025,R::RC15,河南,N088,洛阳市,0.0,0.0,0.0,0.0,0.0,0.0
S4,low,2025,R::RC16,浙江,N043,宁波市,0.0,0.0,0.0,0.0,0.0,0.0
S4,low,2025,R::RC17,浙江,N043,舟山市,0.0,0.0,0.0,0.0,0.0,0.0
S4,low,2025,R::RC18,湖北,N078,武汉市,0.0,0.0,0.0,0.0,0.0,0.0
S4,low,2025,R::RC19,湖南,N002,岳阳市,0.0,0.0,0.0,0.0,0.0,0.0
S4,low,2025,R::RC20,甘肃,N018,兰州市,0.0,0.0,0.0,0.0,0.0,0.0
S4,low,2025,R::RC21,甘肃,N033,庆阳市,0.0,0.0,0.0,0.0,0.0,0.0
S4,low,2025,R::RC22,辽宁,N129,大连市,0.0,0.0,0.0,0.0,0.0,0.0
S4,low,2025,R::RC23,辽宁,N129,盘锦市,0.0,0.0,0.0,0.0,0.0,0.0
S4,low,2025,R::RC24,青海,N072,海西蒙古族藏族自治州,0.0,0.0,0.0,0.0,0.0,0.0
S4,low,2030,R::RC01,上海,N116,上海市,0.0,0.0,0.0,0.0,0.0,0.0
S4,low,2030,R::RC02,北京,N036,北京市,0.0,0.0,0.0,0.0,0.0,0.0
S4,low,2030,R::RC03,四川,N057,成都市,0.0,0.0,0.0,0.0,0.0,0.0
S4,low,2030,R::RC04,天津,N028,天津市,0.0,0.0,0.0,0.0,0.0,0.0
S4,low,2030,R::RC05,宁夏,N139,银川市,0.0,0.0,0.0,0.0,0.0,0.0
S4,low,2030,R::RC06,山东,N091,东营市,0.0,0.0,0.0,0.0,0.0,0.0
S4,low,2030,R::RC07,山东,N089,济南市,0.0,0.0,0.0,0.0,0.0,0.0
S4,low,2030,R::RC08,广东,N026,广州市,0.0,0.0,0.0,0.0,0.0,0.0
S4,low,2030,R::RC09,广东,N056,惠州市,0.0,0.0,0.0,0.0,0.0,0.0
S4,low,2030,R::RC10,广东,N117,茂名市,0.0,0.0,0.0,0.0,0.0,0.0
S4,low,2030,R::RC11,新疆,N102,乌鲁木齐市,0.0,0.0,0.0,0.0,0.0,0.0
S4,low,2030,R::RC12,江苏,N007,连云港市,0.0,0.0,0.0,0.0,0.0,0.0
S4,low,2030,R::RC13,江西,N010,九江市,0.0,0.0,0.0,0.0,0.0,0.0
S4,low,2030,R::RC14,河北,N084,沧州市,0.0,0.0,0.0,0.0,0.0,0.0
S4,low,2030,R::RC15,河南,N088,洛阳市,0.0,0.0,0.0,0.0,0.0,0.0
S4,low,2030,R::RC16,浙江,N043,宁波市,0.0,0.0,0.0,0.0,0.0,0.0
S4,low,2030,R::RC17,浙江,N043,舟山市,0.0,0.0,0.0,0.0,0.0,0.0
S4,low,2030,R::RC18,湖北,N078,武汉市,0.0,0.0,0.0,0.0,0.0,0.0
S4,low,2030,R::RC19,湖南,N002,岳阳市,0.0,0.0,0.0,0.0,0.0,0.0
S4,low,2030,R::RC20,甘肃,N018,兰州市,0.0,0.0,0.0,0.0,0.0,0.0
S4,low,2030,R::RC21,甘肃,N033,庆阳市,0.0,0.0,0.0,0.0,0.0,0.0
S4,low,2030,R::RC22,辽宁,N129,大连市,0.0,0.0,0.0,0.0,0.0,0.0
S4,low,2030,R::RC23,辽宁,N129,盘锦市,0.0,0.0,0.0,0.0,0.0,0.0
S4,low,2030,R::RC24,青海,N072,海西蒙古族藏族自治州,0.0,0.0,0.0,0.0,0.0,0.0
S4,low,2035,R::RC01,上海,N116,上海市,0.0,0.0,0.0,0.0,0.0,0.0
S4,low,2035,R::RC02,北京,N036,北京市,0.0,0.0,0.0,0.0,0.0,0.0
S4,low,2035,R::RC03,四川,N057,成都市,0.0,0.0,0.0,0.0,0.0,0.0
S4,low,2035,R::RC04,天津,N028,天津市,0.0,0.0,0.0,0.0,0.0,0.0
S4,low,2035,R::RC05,宁夏,N139,银川市,0.0,0.0,0.0,0.0,0.0,0.0
S4,low,2035,R::RC06,山东,N091,东营市,0.0,0.0,0.0,0.0,0.0,0.0
S4,low,2035,R::RC07,山东,N089,济南市,0.0,0.0,0.0,0.0,0.0,0.0
S4,low,2035,R::RC08,广东,N026,广州市,0.0,0.0,0.0,0.0,0.0,0.0
S4,low,2035,R::RC09,广东,N056,惠州市,0.0,0.0,0.0,0.0,0.0,0.0
S4,low,2035,R::RC10,广东,N117,茂名市,0.0,0.0,0.0,0.0,0.0,0.0
S4,low,2035,R::RC11,新疆,N102,乌鲁木齐市,0.0,0.0,0.0,0.0,0.0,0.0
S4,low,2035,R::RC12,江苏,N007,连云港市,0.0,0.0,0.0,0.0,0.0,0.0
S4,low,2035,R::RC13,江西,N010,九江市,0.0,0.0,0.0,0.0,0.0,0.0
S4,low,2035,R::RC14,河北,N084,沧州市,0.0,0.0,0.0,0.0,0.0,0.0
S4,low,2035,R::RC15,河南,N088,洛阳市,0.0,0.0,0.0,0.0,0.0,0.0
S4,low,2035,R::RC16,浙江,N043,宁波市,0.0,0.0,0.0,0.0,0.0,0.0
S4,low,2035,R::RC17,浙江,N043,舟山市,0.0,0.0,0.0,0.0,0.0,0.0
S4,low,2035,R::RC18,湖北,N078,武汉市,0.0,0.0,0.0,0.0,0.0,0.0
S4,low,2035,R::RC19,湖南,N002,岳阳市,0.0,0.0,0.0,0.0,0.0,0.0
S4,low,2035,R::RC20,甘肃,N018,兰州市,0.0,0.0,0.0,0.0,0.0,0.0
S4,low,2035,R::RC21,甘肃,N033,庆阳市,0.0,0.0,0.0,0.0,0.0,0.0
S4,low,2035,R::RC22,辽宁,N129,大连市,0.0,0.0,0.0,0.0,0.0,0.0
S4,low,2035,R::RC23,辽宁,N129,盘锦市,0.0,0.0,0.0,0.0,0.0,0.0
S4,low,2035,R::RC24,青海,N072,海西蒙古族藏族自治州,0.0,0.0,0.0,0.0,0.0,0.0
S4,low,2040,R::RC01,上海,N116,上海市,0.0,0.0,0.0,0.0,0.0,0.0
S4,low,2040,R::RC02,北京,N036,北京市,0.0,0.0,0.0,0.0,0.0,0.0
S4,low,2040,R::RC03,四川,N057,成都市,0.0,0.0,0.0,0.0,0.0,0.0
S4,low,2040,R::RC04,天津,N028,天津市,0.0,0.0,0.0,0.0,0.0,0.0
S4,low,2040,R::RC05,宁夏,N139,银川市,0.0,0.0,0.0,0.0,0.0,0.0
S4,low,2040,R::RC06,山东,N091,东营市,0.0,0.0,0.0,0.0,0.0,0.0
S4,low,2040,R::RC07,山东,N089,济南市,0.0,0.0,0.0,0.0,0.0,0.0
S4,low,2040,R::RC08,广东,N026,广州市,0.0,0.0,0.0,0.0,0.0,0.0
S4,low,2040,R::RC09,广东,N056,惠州市,0.0,0.0,0.0,0.0,0.0,0.0
S4,low,2040,R::RC10,广东,N117,茂名市,0.0,0.0,0.0,0.0,0.0,0.0
S4,low,2040,R::RC11,新疆,N102,乌鲁木齐市,0.0,0.0,0.0,0.0,0.0,0.0
S4,low,2040,R::RC12,江苏,N007,连云港市,0.0,0.0,0.0,0.0,0.0,0.0
S4,low,2040,R::RC13,江西,N010,九江市,0.0,0.0,0.0,0.0,0.0,0.0
S4,low,2040,R::RC14,河北,N084,沧州市,0.0,0.0,0.0,0.0,0.0,0.0
S4,low,2040,R::RC15,河南,N088,洛阳市,0.0,0.0,0.0,0.0,0.0,0.0
S4,low,2040,R::RC16,浙江,N043,宁波市,0.0,0.0,0.0,0.0,0.0,0.0
S4,low,2040,R::RC17,浙江,N043,舟山市,0.0,0.0,0.0,0.0,0.0,0.0
S4,low,2040,R::RC18,湖北,N078,武汉市,0.0,0.0,0.0,0.0,0.0,0.0
S4,low,2040,R::RC19,湖南,N002,岳阳市,0.0,0.0,0.0,0.0,0.0,0.0
S4,low,2040,R::RC20,甘肃,N018,兰州市,0.0,0.0,0.0,0.0,0.0,0.0
S4,low,2040,R::RC21,甘肃,N033,庆阳市,0.0,0.0,0.0,0.0,0.0,0.0
S4,low,2040,R::RC22,辽宁,N129,大连市,0.0,0.0,0.0,0.0,0.0,0.0
S4,low,2040,R::RC23,辽宁,N129,盘锦市,0.0,0.0,0.0,0.0,0.0,0.0
S4,low,2040,R::RC24,青海,N072,海西蒙古族藏族自治州,0.0,0.0,0.0,0.0,0.0,0.0
S4,low,2045,R::RC01,上海,N116,上海市,0.0,0.0,0.0,0.0,0.0,0.0
S4,low,2045,R::RC02,北京,N036,北京市,0.0,0.0,0.0,0.0,0.0,0.0
S4,low,2045,R::RC03,四川,N057,成都市,0.0,0.0,0.0,0.0,0.0,0.0
S4,low,2045,R::RC04,天津,N028,天津市,0.0,0.0,0.0,0.0,0.0,0.0
S4,low,2045,R::RC05,宁夏,N139,银川市,0.0,0.0,0.0,0.0,0.0,0.0
S4,low,2045,R::RC06,山东,N091,东营市,0.0,0.0,0.0,0.0,0.0,0.0
S4,low,2045,R::RC07,山东,N089,济南市,0.0,0.0,0.0,0.0,0.0,0.0
S4,low,2045,R::RC08,广东,N026,广州市,0.0,0.0,0.0,0.0,0.0,0.0
S4,low,2045,R::RC09,广东,N056,惠州市,0.0,0.0,0.0,0.0,0.0,0.0
S4,low,2045,R::RC10,广东,N117,茂名市,0.0,0.0,0.0,0.0,0.0,0.0
S4,low,2045,R::RC11,新疆,N102,乌鲁木齐市,0.0,0.0,0.0,0.0,0.0,0.0
S4,low,2045,R::RC12,江苏,N007,连云港市,0.0,0.0,0.0,0.0,0.0,0.0
S4,low,2045,R::RC13,江西,N010,九江市,0.0,0.0,0.0,0.0,0.0,0.0
S4,low,2045,R::RC14,河北,N084,沧州市,0.0,0.0,0.0,0.0,0.0,0.0
S4,low,2045,R::RC15,河南,N088,洛阳市,0.0,0.0,0.0,0.0,0.0,0.0
S4,low,2045,R::RC16,浙江,N043,宁波市,0.0,0.0,0.0,0.0,0.0,0.0
S4,low,2045,R::RC17,浙江,N043,舟山市,0.0,0.0,0.0,0.0,0.0,0.0
S4,low,2045,R::RC18,湖北,N078,武汉市,0.0,0.0,0.0,0.0,0.0,0.0
S4,low,2045,R::RC19,湖南,N002,岳阳市,0.0,0.0,0.0,0.0,0.0,0.0
S4,low,2045,R::RC20,甘肃,N018,兰州市,0.0,0.0,0.0,0.0,0.0,0.0
S4,low,2045,R::RC21,甘肃,N033,庆阳市,0.0,0.0,0.0,0.0,0.0,0.0
S4,low,2045,R::RC22,辽宁,N129,大连市,0.0,0.0,0.0,0.0,0.0,0.0
S4,low,2045,R::RC23,辽宁,N129,盘锦市,0.0,0.0,0.0,0.0,0.0,0.0
S4,low,2045,R::RC24,青海,N072,海西蒙古族藏族自治州,0.0,0.0,0.0,0.0,0.0,0.0
S4,low,2050,R::RC01,上海,N116,上海市,0.0,0.0,0.0,0.0,0.0,0.0
S4,low,2050,R::RC02,北京,N036,北京市,0.0,0.0,0.0,0.0,0.0,0.0
S4,low,2050,R::RC03,四川,N057,成都市,0.0,0.0,0.0,0.0,0.0,0.0
S4,low,2050,R::RC04,天津,N028,天津市,0.0,0.0,0.0,0.0,0.0,0.0
S4,low,2050,R::RC05,宁夏,N139,银川市,0.0,0.0,0.0,0.0,0.0,0.0
S4,low,2050,R::RC06,山东,N091,东营市,0.0,0.0,0.0,0.0,0.0,0.0
S4,low,2050,R::RC07,山东,N089,济南市,0.0,0.0,0.0,0.0,0.0,0.0
S4,low,2050,R::RC08,广东,N026,广州市,0.0,0.0,0.0,0.0,0.0,0.0
S4,low,2050,R::RC09,广东,N056,惠州市,0.0,0.0,0.0,0.0,0.0,0.0
S4,low,2050,R::RC10,广东,N117,茂名市,0.0,0.0,0.0,0.0,0.0,0.0
S4,low,2050,R::RC11,新疆,N102,乌鲁木齐市,0.0,0.0,0.0,0.0,0.0,0.0
S4,low,2050,R::RC12,江苏,N007,连云港市,0.0,0.0,0.0,0.0,0.0,0.0
S4,low,2050,R::RC13,江西,N010,九江市,0.0,0.0,0.0,0.0,0.0,0.0
S4,low,2050,R::RC14,河北,N084,沧州市,0.0,0.0,0.0,0.0,0.0,0.0
S4,low,2050,R::RC15,河南,N088,洛阳市,0.0,0.0,0.0,0.0,0.0,0.0
S4,low,2050,R::RC16,浙江,N043,宁波市,0.0,0.0,0.0,0.0,0.0,0.0
S4,low,2050,R::RC17,浙江,N043,舟山市,0.0,0.0,0.0,0.0,0.0,0.0
S4,low,2050,R::RC18,湖北,N078,武汉市,0.0,0.0,0.0,0.0,0.0,0.0
S4,low,2050,R::RC19,湖南,N002,岳阳市,0.0,0.0,0.0,0.0,0.0,0.0
S4,low,2050,R::RC20,甘肃,N018,兰州市,0.0,0.0,0.0,0.0,0.0,0.0
S4,low,2050,R::RC21,甘肃,N033,庆阳市,0.0,0.0,0.0,0.0,0.0,0.0
S4,low,2050,R::RC22,辽宁,N129,大连市,0.0,0.0,0.0,0.0,0.0,0.0
S4,low,2050,R::RC23,辽宁,N129,盘锦市,0.0,0.0,0.0,0.0,0.0,0.0
S4,low,2050,R::RC24,青海,N072,海西蒙古族藏族自治州,0.0,0.0,0.0,0.0,0.0,0.0
S4,low,2055,R::RC01,上海,N116,上海市,0.0,0.0,0.0,0.0,0.0,0.0
S4,low,2055,R::RC02,北京,N036,北京市,0.0,0.0,0.0,0.0,0.0,0.0
S4,low,2055,R::RC03,四川,N057,成都市,0.0,0.0,0.0,0.0,0.0,0.0
S4,low,2055,R::RC04,天津,N028,天津市,0.0,0.0,0.0,0.0,0.0,0.0
S4,low,2055,R::RC05,宁夏,N139,银川市,0.0,0.0,0.0,0.0,0.0,0.0
S4,low,2055,R::RC06,山东,N091,东营市,0.0,0.0,0.0,0.0,0.0,0.0
S4,low,2055,R::RC07,山东,N089,济南市,0.0,0.0,0.0,0.0,0.0,0.0
S4,low,2055,R::RC08,广东,N026,广州市,0.0,0.0,0.0,0.0,0.0,0.0
S4,low,2055,R::RC09,广东,N056,惠州市,0.0,0.0,0.0,0.0,0.0,0.0
S4,low,2055,R::RC10,广东,N117,茂名市,0.0,0.0,0.0,0.0,0.0,0.0
S4,low,2055,R::RC11,新疆,N102,乌鲁木齐市,0.0,0.0,0.0,0.0,0.0,0.0
S4,low,2055,R::RC12,江苏,N007,连云港市,0.0,0.0,0.0,0.0,0.0,0.0
S4,low,2055,R::RC13,江西,N010,九江市,0.0,0.0,0.0,0.0,0.0,0.0
S4,low,2055,R::RC14,河北,N084,沧州市,0.0,0.0,0.0,0.0,0.0,0.0
S4,low,2055,R::RC15,河南,N088,洛阳市,0.0,0.0,0.0,0.0,0.0,0.0
S4,low,2055,R::RC16,浙江,N043,宁波市,0.0,0.0,0.0,0.0,0.0,0.0
S4,low,2055,R::RC17,浙江,N043,舟山市,0.0,0.0,0.0,0.0,0.0,0.0
S4,low,2055,R::RC18,湖北,N078,武汉市,0.0,0.0,0.0,0.0,0.0,0.0
S4,low,2055,R::RC19,湖南,N002,岳阳市,0.0,0.0,0.0,0.0,0.0,0.0
S4,low,2055,R::RC20,甘肃,N018,兰州市,0.0,0.0,0.0,0.0,0.0,0.0
S4,low,2055,R::RC21,甘肃,N033,庆阳市,0.0,0.0,0.0,0.0,0.0,0.0
S4,low,2055,R::RC22,辽宁,N129,大连市,0.0,0.0,0.0,0.0,0.0,0.0
S4,low,2055,R::RC23,辽宁,N129,盘锦市,0.0,0.0,0.0,0.0,0.0,0.0
S4,low,2055,R::RC24,青海,N072,海西蒙古族藏族自治州,0.0,0.0,0.0,0.0,0.0,0.0
S4,low,2060,R::RC01,上海,N116,上海市,0.0,0.0,0.0,0.0,0.0,0.0
S4,low,2060,R::RC02,北京,N036,北京市,0.0,0.0,0.0,0.0,0.0,0.0
S4,low,2060,R::RC03,四川,N057,成都市,0.0,0.0,0.0,0.0,0.0,0.0
S4,low,2060,R::RC04,天津,N028,天津市,0.0,0.0,0.0,0.0,0.0,0.0
S4,low,2060,R::RC05,宁夏,N139,银川市,0.0,0.0,0.0,0.0,0.0,0.0
S4,low,2060,R::RC06,山东,N091,东营市,0.0,0.0,0.0,0.0,0.0,0.0
S4,low,2060,R::RC07,山东,N089,济南市,0.0,0.0,0.0,0.0,0.0,0.0
S4,low,2060,R::RC08,广东,N026,广州市,0.0,0.0,0.0,0.0,0.0,0.0
S4,low,2060,R::RC09,广东,N056,惠州市,0.0,0.0,0.0,0.0,0.0,0.0
S4,low,2060,R::RC10,广东,N117,茂名市,0.0,0.0,0.0,0.0,0.0,0.0
S4,low,2060,R::RC11,新疆,N102,乌鲁木齐市,0.0,0.0,0.0,0.0,0.0,0.0
S4,low,2060,R::RC12,江苏,N007,连云港市,0.0,0.0,0.0,0.0,0.0,0.0
S4,low,2060,R::RC13,江西,N010,九江市,0.0,0.0,0.0,0.0,0.0,0.0
S4,low,2060,R::RC14,河北,N084,沧州市,0.0,0.0,0.0,0.0,0.0,0.0
S4,low,2060,R::RC15,河南,N088,洛阳市,0.0,0.0,0.0,0.0,0.0,0.0
S4,low,2060,R::RC16,浙江,N043,宁波市,0.0,0.0,0.0,0.0,0.0,0.0
S4,low,2060,R::RC17,浙江,N043,舟山市,0.0,0.0,0.0,0.0,0.0,0.0
S4,low,2060,R::RC18,湖北,N078,武汉市,0.0,0.0,0.0,0.0,0.0,0.0
S4,low,2060,R::RC19,湖南,N002,岳阳市,0.0,0.0,0.0,0.0,0.0,0.0
S4,low,2060,R::RC20,甘肃,N018,兰州市,0.0,0.0,0.0,0.0,0.0,0.0
S4,low,2060,R::RC21,甘肃,N033,庆阳市,0.0,0.0,0.0,0.0,0.0,0.0
S4,low,2060,R::RC22,辽宁,N129,大连市,0.0,0.0,0.0,0.0,0.0,0.0
S4,low,2060,R::RC23,辽宁,N129,盘锦市,0.0,0.0,0.0,0.0,0.0,0.0
S4,low,2060,R::RC24,青海,N072,海西蒙古族藏族自治州,0.0,0.0,0.0,0.0,0.0,0.0
S4,mid,2025,R::RC01,上海,N116,上海市,0.0,0.0,0.0,0.0,0.0,0.0
S4,mid,2025,R::RC02,北京,N036,北京市,0.0,0.0,0.0,0.0,0.0,0.0
S4,mid,2025,R::RC03,四川,N057,成都市,0.0,0.0,0.0,0.0,0.0,0.0
S4,mid,2025,R::RC04,天津,N028,天津市,0.0,0.0,0.0,0.0,0.0,0.0
S4,mid,2025,R::RC05,宁夏,N139,银川市,0.0,0.0,0.0,0.0,0.0,0.0
S4,mid,2025,R::RC06,山东,N091,东营市,0.0,0.0,0.0,0.0,0.0,0.0
S4,mid,2025,R::RC07,山东,N089,济南市,0.0,0.0,0.0,0.0,0.0,0.0
S4,mid,2025,R::RC08,广东,N026,广州市,0.0,0.0,0.0,0.0,0.0,0.0
S4,mid,2025,R::RC09,广东,N056,惠州市,0.0,0.0,0.0,0.0,0.0,0.0
S4,mid,2025,R::RC10,广东,N117,茂名市,0.0,0.0,0.0,0.0,0.0,0.0
S4,mid,2025,R::RC11,新疆,N102,乌鲁木齐市,0.0,0.0,0.0,0.0,0.0,0.0
S4,mid,2025,R::RC12,江苏,N007,连云港市,0.0,0.0,0.0,0.0,0.0,0.0
S4,mid,2025,R::RC13,江西,N010,九江市,0.0,0.0,0.0,0.0,0.0,0.0
S4,mid,2025,R::RC14,河北,N084,沧州市,0.0,0.0,0.0,0.0,0.0,0.0
S4,mid,2025,R::RC15,河南,N088,洛阳市,0.0,0.0,0.0,0.0,0.0,0.0
S4,mid,2025,R::RC16,浙江,N043,宁波市,0.0,0.0,0.0,0.0,0.0,0.0
S4,mid,2025,R::RC17,浙江,N043,舟山市,0.0,0.0,0.0,0.0,0.0,0.0
S4,mid,2025,R::RC18,湖北,N078,武汉市,0.0,0.0,0.0,0.0,0.0,0.0
S4,mid,2025,R::RC19,湖南,N002,岳阳市,0.0,0.0,0.0,0.0,0.0,0.0
S4,mid,2025,R::RC20,甘肃,N018,兰州市,0.0,0.0,0.0,0.0,0.0,0.0
S4,mid,2025,R::RC21,甘肃,N033,庆阳市,0.0,0.0,0.0,0.0,0.0,0.0
S4,mid,2025,R::RC22,辽宁,N129,大连市,0.0,0.0,0.0,0.0,0.0,0.0
S4,mid,2025,R::RC23,辽宁,N129,盘锦市,0.0,0.0,0.0,0.0,0.0,0.0
S4,mid,2025,R::RC24,青海,N072,海西蒙古族藏族自治州,0.0,0.0,0.0,0.0,0.0,0.0
S4,mid,2030,R::RC01,上海,N116,上海市,0.0,0.0,0.0,0.0,0.0,0.0
S4,mid,2030,R::RC02,北京,N036,北京市,0.0,0.0,0.0,0.0,0.0,0.0
S4,mid,2030,R::RC03,四川,N057,成都市,0.0,0.0,0.0,0.0,0.0,0.0
S4,mid,2030,R::RC04,天津,N028,天津市,0.0,0.0,0.0,0.0,0.0,0.0
S4,mid,2030,R::RC05,宁夏,N139,银川市,0.0,0.0,0.0,0.0,0.0,0.0
S4,mid,2030,R::RC06,山东,N091,东营市,0.0,0.0,0.0,0.0,0.0,0.0
S4,mid,2030,R::RC07,山东,N089,济南市,0.0,0.0,0.0,0.0,0.0,0.0
S4,mid,2030,R::RC08,广东,N026,广州市,0.0,0.0,0.0,0.0,0.0,0.0
S4,mid,2030,R::RC09,广东,N056,惠州市,0.0,0.0,0.0,0.0,0.0,0.0
S4,mid,2030,R::RC10,广东,N117,茂名市,0.0,0.0,0.0,0.0,0.0,0.0
S4,mid,2030,R::RC11,新疆,N102,乌鲁木齐市,0.0,0.0,0.0,0.0,0.0,0.0
S4,mid,2030,R::RC12,江苏,N007,连云港市,0.0,0.0,0.0,0.0,0.0,0.0
S4,mid,2030,R::RC13,江西,N010,九江市,0.0,0.0,0.0,0.0,0.0,0.0
S4,mid,2030,R::RC14,河北,N084,沧州市,0.0,0.0,0.0,0.0,0.0,0.0
S4,mid,2030,R::RC15,河南,N088,洛阳市,0.0,0.0,0.0,0.0,0.0,0.0
S4,mid,2030,R::RC16,浙江,N043,宁波市,0.0,0.0,0.0,0.0,0.0,0.0
S4,mid,2030,R::RC17,浙江,N043,舟山市,0.0,0.0,0.0,0.0,0.0,0.0
S4,mid,2030,R::RC18,湖北,N078,武汉市,0.0,0.0,0.0,0.0,0.0,0.0
S4,mid,2030,R::RC19,湖南,N002,岳阳市,0.0,0.0,0.0,0.0,0.0,0.0
S4,mid,2030,R::RC20,甘肃,N018,兰州市,0.0,0.0,0.0,0.0,0.0,0.0
S4,mid,2030,R::RC21,甘肃,N033,庆阳市,0.0,0.0,0.0,0.0,0.0,0.0
S4,mid,2030,R::RC22,辽宁,N129,大连市,0.0,0.0,0.0,0.0,0.0,0.0
S4,mid,2030,R::RC23,辽宁,N129,盘锦市,0.0,0.0,0.0,0.0,0.0,0.0
S4,mid,2030,R::RC24,青海,N072,海西蒙古族藏族自治州,0.0,0.0,0.0,0.0,0.0,0.0
S4,mid,2035,R::RC01,上海,N116,上海市,0.0,0.0,0.0,0.0,0.0,0.0
S4,mid,2035,R::RC02,北京,N036,北京市,0.0,0.0,0.0,0.0,0.0,0.0
S4,mid,2035,R::RC03,四川,N057,成都市,0.0,0.0,0.0,0.0,0.0,0.0
S4,mid,2035,R::RC04,天津,N028,天津市,0.0,0.0,0.0,0.0,0.0,0.0
S4,mid,2035,R::RC05,宁夏,N139,银川市,0.0,0.0,0.0,0.0,0.0,0.0
S4,mid,2035,R::RC06,山东,N091,东营市,0.0,0.0,0.0,0.0,0.0,0.0
S4,mid,2035,R::RC07,山东,N089,济南市,0.0,0.0,0.0,0.0,0.0,0.0
S4,mid,2035,R::RC08,广东,N026,广州市,0.0,0.0,0.0,0.0,0.0,0.0
S4,mid,2035,R::RC09,广东,N056,惠州市,0.0,0.0,0.0,0.0,0.0,0.0
S4,mid,2035,R::RC10,广东,N117,茂名市,0.0,0.0,0.0,0.0,0.0,0.0
S4,mid,2035,R::RC11,新疆,N102,乌鲁木齐市,0.0,0.0,0.0,0.0,0.0,0.0
S4,mid,2035,R::RC12,江苏,N007,连云港市,0.0,0.0,0.0,0.0,0.0,0.0
S4,mid,2035,R::RC13,江西,N010,九江市,0.0,0.0,0.0,0.0,0.0,0.0
S4,mid,2035,R::RC14,河北,N084,沧州市,0.0,0.0,0.0,0.0,0.0,0.0
S4,mid,2035,R::RC15,河南,N088,洛阳市,0.0,0.0,0.0,0.0,0.0,0.0
S4,mid,2035,R::RC16,浙江,N043,宁波市,0.0,0.0,0.0,0.0,0.0,0.0
S4,mid,2035,R::RC17,浙江,N043,舟山市,0.0,0.0,0.0,0.0,0.0,0.0
S4,mid,2035,R::RC18,湖北,N078,武汉市,0.0,0.0,0.0,0.0,0.0,0.0
S4,mid,2035,R::RC19,湖南,N002,岳阳市,0.0,0.0,0.0,0.0,0.0,0.0
S4,mid,2035,R::RC20,甘肃,N018,兰州市,0.0,0.0,0.0,0.0,0.0,0.0
S4,mid,2035,R::RC21,甘肃,N033,庆阳市,0.0,0.0,0.0,0.0,0.0,0.0
S4,mid,2035,R::RC22,辽宁,N129,大连市,0.0,0.0,0.0,0.0,0.0,0.0
S4,mid,2035,R::RC23,辽宁,N129,盘锦市,0.0,0.0,0.0,0.0,0.0,0.0
S4,mid,2035,R::RC24,青海,N072,海西蒙古族藏族自治州,0.0,0.0,0.0,0.0,0.0,0.0
S4,mid,2040,R::RC01,上海,N116,上海市,0.0,0.0,0.0,0.0,0.0,0.0
S4,mid,2040,R::RC02,北京,N036,北京市,0.0,0.0,0.0,0.0,0.0,0.0
S4,mid,2040,R::RC03,四川,N057,成都市,0.0,0.0,0.0,0.0,0.0,0.0
S4,mid,2040,R::RC04,天津,N028,天津市,0.0,0.0,0.0,0.0,0.0,0.0
S4,mid,2040,R::RC05,宁夏,N139,银川市,0.0,0.0,0.0,0.0,0.0,0.0
S4,mid,2040,R::RC06,山东,N091,东营市,0.0,0.0,0.0,0.0,0.0,0.0
S4,mid,2040,R::RC07,山东,N089,济南市,0.0,0.0,0.0,0.0,0.0,0.0
S4,mid,2040,R::RC08,广东,N026,广州市,0.0,0.0,0.0,0.0,0.0,0.0
S4,mid,2040,R::RC09,广东,N056,惠州市,0.0,0.0,0.0,0.0,0.0,0.0
S4,mid,2040,R::RC10,广东,N117,茂名市,0.0,0.0,0.0,0.0,0.0,0.0
S4,mid,2040,R::RC11,新疆,N102,乌鲁木齐市,0.0,0.0,0.0,0.0,0.0,0.0
S4,mid,2040,R::RC12,江苏,N007,连云港市,0.0,0.0,0.0,0.0,0.0,0.0
S4,mid,2040,R::RC13,江西,N010,九江市,0.0,0.0,0.0,0.0,0.0,0.0
S4,mid,2040,R::RC14,河北,N084,沧州市,0.0,0.0,0.0,0.0,0.0,0.0
S4,mid,2040,R::RC15,河南,N088,洛阳市,0.0,0.0,0.0,0.0,0.0,0.0
S4,mid,2040,R::RC16,浙江,N043,宁波市,0.0,0.0,0.0,0.0,0.0,0.0
S4,mid,2040,R::RC17,浙江,N043,舟山市,0.0,0.0,0.0,0.0,0.0,0.0
S4,mid,2040,R::RC18,湖北,N078,武汉市,0.0,0.0,0.0,0.0,0.0,0.0
S4,mid,2040,R::RC19,湖南,N002,岳阳市,0.0,0.0,0.0,0.0,0.0,0.0
S4,mid,2040,R::RC20,甘肃,N018,兰州市,0.0,0.0,0.0,0.0,0.0,0.0
S4,mid,2040,R::RC21,甘肃,N033,庆阳市,0.0,0.0,0.0,0.0,0.0,0.0
S4,mid,2040,R::RC22,辽宁,N129,大连市,0.0,0.0,0.0,0.0,0.0,0.0
S4,mid,2040,R::RC23,辽宁,N129,盘锦市,0.0,0.0,0.0,0.0,0.0,0.0
S4,mid,2040,R::RC24,青海,N072,海西蒙古族藏族自治州,0.0,0.0,0.0,0.0,0.0,0.0
S4,mid,2045,R::RC01,上海,N116,上海市,0.0,0.0,0.0,0.0,0.0,0.0
S4,mid,2045,R::RC02,北京,N036,北京市,0.0,0.0,0.0,0.0,0.0,0.0
S4,mid,2045,R::RC03,四川,N057,成都市,0.0,0.0,0.0,0.0,0.0,0.0
S4,mid,2045,R::RC04,天津,N028,天津市,0.0,0.0,0.0,0.0,0.0,0.0
S4,mid,2045,R::RC05,宁夏,N139,银川市,0.0,0.0,0.0,0.0,0.0,0.0
S4,mid,2045,R::RC06,山东,N091,东营市,0.0,0.0,0.0,0.0,0.0,0.0
S4,mid,2045,R::RC07,山东,N089,济南市,0.0,0.0,0.0,0.0,0.0,0.0
S4,mid,2045,R::RC08,广东,N026,广州市,0.0,0.0,0.0,0.0,0.0,0.0
S4,mid,2045,R::RC09,广东,N056,惠州市,0.0,0.0,0.0,0.0,0.0,0.0
S4,mid,2045,R::RC10,广东,N117,茂名市,0.0,0.0,0.0,0.0,0.0,0.0
S4,mid,2045,R::RC11,新疆,N102,乌鲁木齐市,0.0,0.0,0.0,0.0,0.0,0.0
S4,mid,2045,R::RC12,江苏,N007,连云港市,0.0,0.0,0.0,0.0,0.0,0.0
S4,mid,2045,R::RC13,江西,N010,九江市,0.0,0.0,0.0,0.0,0.0,0.0
S4,mid,2045,R::RC14,河北,N084,沧州市,0.0,0.0,0.0,0.0,0.0,0.0
S4,mid,2045,R::RC15,河南,N088,洛阳市,0.0,0.0,0.0,0.0,0.0,0.0
S4,mid,2045,R::RC16,浙江,N043,宁波市,0.0,0.0,0.0,0.0,0.0,0.0
S4,mid,2045,R::RC17,浙江,N043,舟山市,0.0,0.0,0.0,0.0,0.0,0.0
S4,mid,2045,R::RC18,湖北,N078,武汉市,0.0,0.0,0.0,0.0,0.0,0.0
S4,mid,2045,R::RC19,湖南,N002,岳阳市,0.0,0.0,0.0,0.0,0.0,0.0
S4,mid,2045,R::RC20,甘肃,N018,兰州市,0.0,0.0,0.0,0.0,0.0,0.0
S4,mid,2045,R::RC21,甘肃,N033,庆阳市,0.0,0.0,0.0,0.0,0.0,0.0
S4,mid,2045,R::RC22,辽宁,N129,大连市,0.0,0.0,0.0,0.0,0.0,0.0
S4,mid,2045,R::RC23,辽宁,N129,盘锦市,0.0,0.0,0.0,0.0,0.0,0.0
S4,mid,2045,R::RC24,青海,N072,海西蒙古族藏族自治州,0.0,0.0,0.0,0.0,0.0,0.0
S4,mid,2050,R::RC01,上海,N116,上海市,0.0,0.0,0.0,0.0,0.0,0.0
S4,mid,2050,R::RC02,北京,N036,北京市,0.0,0.0,0.0,0.0,0.0,0.0
S4,mid,2050,R::RC03,四川,N057,成都市,0.0,0.0,0.0,0.0,0.0,0.0
S4,mid,2050,R::RC04,天津,N028,天津市,0.0,0.0,0.0,0.0,0.0,0.0
S4,mid,2050,R::RC05,宁夏,N139,银川市,0.0,0.0,0.0,0.0,0.0,0.0
S4,mid,2050,R::RC06,山东,N091,东营市,0.0,0.0,0.0,0.0,0.0,0.0
S4,mid,2050,R::RC07,山东,N089,济南市,0.0,0.0,0.0,0.0,0.0,0.0
S4,mid,2050,R::RC08,广东,N026,广州市,0.0,0.0,0.0,0.0,0.0,0.0
S4,mid,2050,R::RC09,广东,N056,惠州市,0.0,0.0,0.0,0.0,0.0,0.0
S4,mid,2050,R::RC10,广东,N117,茂名市,0.0,0.0,0.0,0.0,0.0,0.0
S4,mid,2050,R::RC11,新疆,N102,乌鲁木齐市,0.0,0.0,0.0,0.0,0.0,0.0
S4,mid,2050,R::RC12,江苏,N007,连云港市,0.0,0.0,0.0,0.0,0.0,0.0
S4,mid,2050,R::RC13,江西,N010,九江市,0.0,0.0,0.0,0.0,0.0,0.0
S4,mid,2050,R::RC14,河北,N084,沧州市,0.0,0.0,0.0,0.0,0.0,0.0
S4,mid,2050,R::RC15,河南,N088,洛阳市,0.0,0.0,0.0,0.0,0.0,0.0
S4,mid,2050,R::RC16,浙江,N043,宁波市,0.0,0.0,0.0,0.0,0.0,0.0
S4,mid,2050,R::RC17,浙江,N043,舟山市,0.0,0.0,0.0,0.0,0.0,0.0
S4,mid,2050,R::RC18,湖北,N078,武汉市,0.0,0.0,0.0,0.0,0.0,0.0
S4,mid,2050,R::RC19,湖南,N002,岳阳市,0.0,0.0,0.0,0.0,0.0,0.0
S4,mid,2050,R::RC20,甘肃,N018,兰州市,0.0,0.0,0.0,0.0,0.0,0.0
S4,mid,2050,R::RC21,甘肃,N033,庆阳市,0.0,0.0,0.0,0.0,0.0,0.0
S4,mid,2050,R::RC22,辽宁,N129,大连市,0.0,0.0,0.0,0.0,0.0,0.0
S4,mid,2050,R::RC23,辽宁,N129,盘锦市,0.0,0.0,0.0,0.0,0.0,0.0
S4,mid,2050,R::RC24,青海,N072,海西蒙古族藏族自治州,0.0,0.0,0.0,0.0,0.0,0.0
S4,mid,2055,R::RC01,上海,N116,上海市,0.0,0.0,0.0,0.0,0.0,0.0
S4,mid,2055,R::RC02,北京,N036,北京市,0.0,0.0,0.0,0.0,0.0,0.0
S4,mid,2055,R::RC03,四川,N057,成都市,0.0,0.0,0.0,0.0,0.0,0.0
S4,mid,2055,R::RC04,天津,N028,天津市,0.0,0.0,0.0,0.0,0.0,0.0
S4,mid,2055,R::RC05,宁夏,N139,银川市,0.0,0.0,0.0,0.0,0.0,0.0
S4,mid,2055,R::RC06,山东,N091,东营市,0.0,0.0,0.0,0.0,0.0,0.0
S4,mid,2055,R::RC07,山东,N089,济南市,0.0,0.0,0.0,0.0,0.0,0.0
S4,mid,2055,R::RC08,广东,N026,广州市,0.0,0.0,0.0,0.0,0.0,0.0
S4,mid,2055,R::RC09,广东,N056,惠州市,0.0,0.0,0.0,0.0,0.0,0.0
S4,mid,2055,R::RC10,广东,N117,茂名市,0.0,0.0,0.0,0.0,0.0,0.0
S4,mid,2055,R::RC11,新疆,N102,乌鲁木齐市,0.0,0.0,0.0,0.0,0.0,0.0
S4,mid,2055,R::RC12,江苏,N007,连云港市,0.0,0.0,0.0,0.0,0.0,0.0
S4,mid,2055,R::RC13,江西,N010,九江市,0.0,0.0,0.0,0.0,0.0,0.0
S4,mid,2055,R::RC14,河北,N084,沧州市,0.0,0.0,0.0,0.0,0.0,0.0
S4,mid,2055,R::RC15,河南,N088,洛阳市,0.0,0.0,0.0,0.0,0.0,0.0
S4,mid,2055,R::RC16,浙江,N043,宁波市,0.0,0.0,0.0,0.0,0.0,0.0
S4,mid,2055,R::RC17,浙江,N043,舟山市,0.0,0.0,0.0,0.0,0.0,0.0
S4,mid,2055,R::RC18,湖北,N078,武汉市,0.0,0.0,0.0,0.0,0.0,0.0
S4,mid,2055,R::RC19,湖南,N002,岳阳市,0.0,0.0,0.0,0.0,0.0,0.0
S4,mid,2055,R::RC20,甘肃,N018,兰州市,0.0,0.0,0.0,0.0,0.0,0.0
S4,mid,2055,R::RC21,甘肃,N033,庆阳市,0.0,0.0,0.0,0.0,0.0,0.0
S4,mid,2055,R::RC22,辽宁,N129,大连市,0.0,0.0,0.0,0.0,0.0,0.0
S4,mid,2055,R::RC23,辽宁,N129,盘锦市,0.0,0.0,0.0,0.0,0.0,0.0
S4,mid,2055,R::RC24,青海,N072,海西蒙古族藏族自治州,0.0,0.0,0.0,0.0,0.0,0.0
S4,mid,2060,R::RC01,上海,N116,上海市,0.0,0.0,0.0,0.0,0.0,0.0
S4,mid,2060,R::RC02,北京,N036,北京市,0.0,0.0,0.0,0.0,0.0,0.0
S4,mid,2060,R::RC03,四川,N057,成都市,0.0,0.0,0.0,0.0,0.0,0.0
S4,mid,2060,R::RC04,天津,N028,天津市,0.0,0.0,0.0,0.0,0.0,0.0
S4,mid,2060,R::RC05,宁夏,N139,银川市,0.0,0.0,0.0,0.0,0.0,0.0
S4,mid,2060,R::RC06,山东,N091,东营市,0.0,0.0,0.0,0.0,0.0,0.0
S4,mid,2060,R::RC07,山东,N089,济南市,0.0,0.0,0.0,0.0,0.0,0.0
S4,mid,2060,R::RC08,广东,N026,广州市,0.0,0.0,0.0,0.0,0.0,0.0
S4,mid,2060,R::RC09,广东,N056,惠州市,0.0,0.0,0.0,0.0,0.0,0.0
S4,mid,2060,R::RC10,广东,N117,茂名市,0.0,0.0,0.0,0.0,0.0,0.0
S4,mid,2060,R::RC11,新疆,N102,乌鲁木齐市,0.0,0.0,0.0,0.0,0.0,0.0
S4,mid,2060,R::RC12,江苏,N007,连云港市,0.0,0.0,0.0,0.0,0.0,0.0
S4,mid,2060,R::RC13,江西,N010,九江市,0.0,0.0,0.0,0.0,0.0,0.0
S4,mid,2060,R::RC14,河北,N084,沧州市,0.0,0.0,0.0,0.0,0.0,0.0
S4,mid,2060,R::RC15,河南,N088,洛阳市,0.0,0.0,0.0,0.0,0.0,0.0
S4,mid,2060,R::RC16,浙江,N043,宁波市,0.0,0.0,0.0,0.0,0.0,0.0
S4,mid,2060,R::RC17,浙江,N043,舟山市,0.0,0.0,0.0,0.0,0.0,0.0
S4,mid,2060,R::RC18,湖北,N078,武汉市,0.0,0.0,0.0,0.0,0.0,0.0
S4,mid,2060,R::RC19,湖南,N002,岳阳市,0.0,0.0,0.0,0.0,0.0,0.0
S4,mid,2060,R::RC20,甘肃,N018,兰州市,0.0,0.0,0.0,0.0,0.0,0.0
S4,mid,2060,R::RC21,甘肃,N033,庆阳市,0.0,0.0,0.0,0.0,0.0,0.0
S4,mid,2060,R::RC22,辽宁,N129,大连市,0.0,0.0,0.0,0.0,0.0,0.0
S4,mid,2060,R::RC23,辽宁,N129,盘锦市,0.0,0.0,0.0,0.0,0.0,0.0
S4,mid,2060,R::RC24,青海,N072,海西蒙古族藏族自治州,0.0,0.0,0.0,0.0,0.0,0.0
S5,high,2025,R::RC01,上海,N116,上海市,0.0,0.0,0.0,0.0,0.0,0.0
S5,high,2025,R::RC02,北京,N036,北京市,0.0,0.0,0.0,0.0,0.0,0.0
S5,high,2025,R::RC03,四川,N057,成都市,0.0,0.0,0.0,0.0,0.0,0.0
S5,high,2025,R::RC04,天津,N028,天津市,0.0,0.0,0.0,0.0,0.0,0.0
S5,high,2025,R::RC05,宁夏,N139,银川市,0.0,0.0,0.0,0.0,0.0,0.0
S5,high,2025,R::RC06,山东,N091,东营市,0.0,0.0,0.0,0.0,0.0,0.0
S5,high,2025,R::RC07,山东,N089,济南市,0.0,0.0,0.0,0.0,0.0,0.0
S5,high,2025,R::RC08,广东,N026,广州市,0.0,0.0,0.0,0.0,0.0,0.0
S5,high,2025,R::RC09,广东,N056,惠州市,0.0,0.0,0.0,0.0,0.0,0.0
S5,high,2025,R::RC10,广东,N117,茂名市,0.0,0.0,0.0,0.0,0.0,0.0
S5,high,2025,R::RC11,新疆,N102,乌鲁木齐市,0.0,0.0,0.0,0.0,0.0,0.0
S5,high,2025,R::RC12,江苏,N007,连云港市,0.0,0.0,0.0,0.0,0.0,0.0
S5,high,2025,R::RC13,江西,N010,九江市,0.0,0.0,0.0,0.0,0.0,0.0
S5,high,2025,R::RC14,河北,N084,沧州市,0.0,0.0,0.0,0.0,0.0,0.0
S5,high,2025,R::RC15,河南,N088,洛阳市,0.0,0.0,0.0,0.0,0.0,0.0
S5,high,2025,R::RC16,浙江,N043,宁波市,0.0,0.0,0.0,0.0,0.0,0.0
S5,high,2025,R::RC17,浙江,N043,舟山市,0.0,0.0,0.0,0.0,0.0,0.0
S5,high,2025,R::RC18,湖北,N078,武汉市,0.0,0.0,0.0,0.0,0.0,0.0
S5,high,2025,R::RC19,湖南,N002,岳阳市,0.0,0.0,0.0,0.0,0.0,0.0
S5,high,2025,R::RC20,甘肃,N018,兰州市,0.0,0.0,0.0,0.0,0.0,0.0
S5,high,2025,R::RC21,甘肃,N033,庆阳市,0.0,0.0,0.0,0.0,0.0,0.0
S5,high,2025,R::RC22,辽宁,N129,大连市,0.0,0.0,0.0,0.0,0.0,0.0
S5,high,2025,R::RC23,辽宁,N129,盘锦市,0.0,0.0,0.0,0.0,0.0,0.0
S5,high,2025,R::RC24,青海,N072,海西蒙古族藏族自治州,0.0,0.0,0.0,0.0,0.0,0.0
S5,high,2030,R::RC01,上海,N116,上海市,35.117189104934546,0.0,0.0,0.0,35.117189104934546,0.0
S5,high,2030,R::RC02,北京,N036,北京市,31.31515441722609,0.1470728720967546,0.0,0.1470728720967546,31.168081545129336,0.46965398968574645
S5,high,2030,R::RC03,四川,N057,成都市,67.68016908230751,8.697129453882297,58.98299999999999,67.68012945388229,3.9628425227533626e-05,99.99994144750853
S5,high,2030,R::RC04,天津,N028,天津市,8.486580832093644,1.3332346385155498,0.0,1.3332346385155498,7.153346193578094,15.709915039914138
S5,high,2030,R::RC05,宁夏,N139,银川市,6.6694247333842,6.6694247333842,0.0,6.6694247333842,0.0,100.0
S5,high,2030,R::RC06,山东,N091,东营市,11.028896938143498,6.790618154998296,0.0,6.790618154998296,4.238278783145202,61.57114526578726
S5,high,2030,R::RC07,山东,N089,济南市,7.294587088031668,4.4913608125113385,2.8032,7.294560812511339,2.6275520329299692e-05,99.99963979427469
S5,high,2030,R::RC08,广东,N026,广州市,25.193609250331253,1.3132187330414242,0.0,1.3132187330414242,23.88039051728983,5.21250734657702
S5,high,2030,R::RC09,广东,N056,惠州市,29.65101358795728,1.5455612616068233,0.0,1.5455612616068233,28.10545232635045,5.212507346577019
S5,high,2030,R::RC10,广东,N117,茂名市,30.597066182389987,1.5948743225941109,0.0,1.5948743225941109,29.002191859795875,5.21250734657702
S5,high,2030,R::RC11,新疆,N102,乌鲁木齐市,18.124023760854325,18.124023760854325,0.0,18.124023760854325,0.0,100.0
S5,high,2030,R::RC12,江苏,N007,连云港市,2.120928817855179,0.539073616275869,1.5818,2.120873616275869,5.5201579309827054e-05,99.99739729222193
S5,high,2030,R::RC13,江西,N010,九江市,3.2277052319335136,1.327253769197914,0.0,1.327253769197914,1.9004514627355995,41.12066232277476
S5,high,2030,R::RC14,河北,N084,沧州市,3.563805531550917,3.563805531550917,0.0,3.563805531550917,0.0,100.0
S5,high,2030,R::RC15,河南,N088,洛阳市,15.53428378613558,9.096406303691795,0.0,9.096406303691795,6.437877482443785,58.556972622132605
S5,high,2030,R::RC16,浙江,N043,宁波市,23.98044424077771,0.2447541232381702,0.0,0.2447541232381702,23.73569011753954,1.020640488477592
S5,high,2030,R::RC17,浙江,N043,舟山市,0.2051482804540153,0.0020938264117292,0.0,0.0020938264117292,0.2030544540422861,1.0206404884775713
S5,high,2030,R::RC18,湖北,N078,武汉市,8.783723584725756,5.213416295411409,3.5703,8.78371629541141,7.289314346792253e-06,99.999917013391
S5,high,2030,R::RC19,湖南,N002,岳阳市,8.33721079223756,6.097154370250339,0.0,6.097154370250339,2.240056421987221,73.13182456568272
S5,high,2030,R::RC20,甘肃,N018,兰州市,8.529317534305239,8.529317534305239,0.0,8.529317534305239,0.0,100.0
S5,high,2030,R::RC21,甘肃,N033,庆阳市,12.708892005789322,12.708892005789323,0.0,12.708892005789322,0.0,100.0
S5,high,2030,R::RC22,辽宁,N129,大连市,7.745333616692306,6.213674442750942,0.0,6.213674442750942,1.531659173941364,80.22474886504025
S5,high,2030,R::RC23,辽宁,N129,盘锦市,35.43018352874861,28.42377575836143,0.0,28.42377575836143,7.006407770387177,80.22474886504027
S5,high,2030,R::RC24,青海,N072,海西蒙古族藏族自治州,3.675308071140305,3.675308071140305,0.0,3.675308071140305,0.0,100.0
S5,high,2035,R::RC01,上海,N116,上海市,67.41626365833004,0.0,0.0,0.0,67.41626365833004,0.0
S5,high,2035,R::RC02,北京,N036,北京市,60.11730324954684,0.2175596748084589,0.0,0.2175596748084589,59.89974357473839,0.361891939672292
S5,high,2035,R::RC03,四川,N057,成都市,129.92908144382372,13.34602258987836,116.583,129.92902258987837,5.885394534743682e-05,99.9999547030236
S5,high,2035,R::RC04,天津,N028,天津市,16.29212318857721,1.998317630822405,0.0,1.998317630822405,14.293805557754805,12.265544568331476
S5,high,2035,R::RC05,宁夏,N139,银川市,12.803635704773326,12.803635704773326,0.0,12.803635704773326,0.0,100.0
S5,high,2035,R::RC06,山东,N091,东营市,21.172737419862376,10.15297532376902,0.0,10.15297532376902,11.019762096093356,47.95305926877648
S5,high,2035,R::RC07,山东,N089,济南市,14.003791844954089,6.7152466032869205,7.2885,14.00374660328692,4.524166716635136e-05,99.99967693273601
S5,high,2035,R::RC08,广东,N026,广州市,48.36545996463632,1.955585535405356,0.0,1.955585535405356,46.40987442923096,4.043351467835174
S5,high,2035,R::RC09,广东,N056,惠州市,56.92256700299419,2.3015794484450263,0.0,2.3015794484450263,54.62098755454917,4.0433514678351745
S5,high,2035,R::RC10,广东,N117,茂名市,58.73875254536042,2.3750142132309016,0.0,2.3750142132309016,56.36373833212952,4.0433514678351745
S5,high,2035,R::RC11,新疆,N102,乌鲁木齐市,34.793615193987804,34.793615193987804,0.0,34.793615193987804,0.0,100.0
S5,high,2035,R::RC12,江苏,N007,连云港市,4.071655506305406,0.7733718396896321,0.0,0.7733718396896321,3.298283666615774,18.994039119762974
S5,high,2035,R::RC13,江西,N010,九江市,6.1963907839316406,1.882462427372454,0.0,1.882462427372454,4.313928356559186,30.379982364153317
S5,high,2035,R::RC14,河北,N084,沧州市,6.841619715750295,6.841619715750295,0.0,6.841619715750295,0.0,100.0
S5,high,2035,R::RC15,河南,N088,洛阳市,29.82195893697767,12.985549053703291,0.0,12.985549053703291,16.836409883274378,43.54358169812208
S5,high,2035,R::RC16,浙江,N043,宁波市,46.03648506004665,0.3605216526002033,0.0,0.3605216526002033,45.675963407446446,0.7831215874321531
S5,high,2035,R::RC17,浙江,N043,舟山市,0.3938336443390779,0.00308419628739,0.0,0.00308419628739,0.3907494480516879,0.783121587432131
S5,high,2035,R::RC18,湖北,N078,武汉市,16.862563325336147,7.5158191724607795,9.3467,16.86251917246078,4.415287536829737e-05,99.99973816035845
S5,high,2035,R::RC19,湖南,N002,岳阳市,16.00536988495992,8.713225719182297,0.0,8.713225719182297,7.292144165777621,54.43938991606827
S5,high,2035,R::RC20,甘肃,N018,兰州市,16.374167021173694,16.374167021173694,0.0,16.374167021173694,0.0,100.0
S5,high,2035,R::RC21,甘肃,N033,庆阳市,24.397909858541134,24.397909858541134,0.0,24.397909858541134,0.0,100.0
S5,high,2035,R::RC22,辽宁,N129,大连市,14.869113005154592,9.508654023656424,0.0,9.508654023656424,5.360458981498168,63.949033276968926
S5,high,2035,R::RC23,辽宁,N129,盘锦市,68.01713505883946,43.496300332818144,0.0,43.496300332818144,24.520834726021317,63.94903327696893
S5,high,2035,R::RC24,青海,N072,海西蒙古族藏族自治州,7.055676842733595,7.055676842733595,0.0,7.055676842733595,0.0,100.0
S5,high,2040,R::RC01,上海,N116,上海市,98.86811567642944,0.0,0.0,0.0,98.86811567642944,0.0
S5,high,2040,R::RC02,北京,N036,北京市,88.16395583644564,0.2922273619442249,0.0,0.2922273619442249,87.87172847450141,0.33145899497334325
S5,high,2040,R::RC03,四川,N057,成都市,190.5451705099492,17.552328439568203,172.9928,190.5451284395682,4.207038097092664e-05,99.99997792104577
S5,high,2040,R::RC04,天津,N028,天津市,23.892921865061872,2.417714109457602,0.0,2.417714109457602,21.47520775560427,10.118955409103712
S5,high,2040,R::RC05,宁夏,N139,银川市,18.77694293996933,18.77694293996933,0.0,18.77694293996933,0.0,100.0
S5,high,2040,R::RC06,山东,N091,东营市,31.05049937241617,12.902833259173248,0.0,12.902833259173248,18.14766611324292,41.55435023578245
S5,high,2040,R::RC07,山东,N089,济南市,20.53701046163637,8.534021255187662,7.007099999999999,15.541121255187662,4.995889206448709,75.67372711923602
S5,high,2040,R::RC08,广东,N026,广州市,70.9295002577102,2.5997734599147986,0.0,2.5997734599147986,68.3297267977954,3.665292227449745
S5,high,2040,R::RC09,广东,N056,惠州市,83.47877253437723,3.0597409612729805,0.0,3.0597409612729805,80.41903157310425,3.665292227449744
S5,high,2040,R::RC10,广东,N117,茂名市,86.14226695766,3.157365815348121,0.0,3.157365815348121,82.98490114231188,3.665292227449744
S5,high,2040,R::RC11,新疆,N102,乌鲁木齐市,51.02595405219124,51.02595405219124,0.0,51.02595405219124,0.0,100.0
S5,high,2040,R::RC12,江苏,N007,连云港市,5.97121355808382,0.9886316810646344,0.0,0.9886316810646344,4.982581877019185,16.55662909135491
S5,high,2040,R::RC13,江西,N010,九江市,9.087206076962971,2.3720873649377454,0.0,2.3720873649377454,6.715118712025228,26.1035938312353
S5,high,2040,R::RC14,河北,N084,沧州市,10.033455026506225,10.033455026506225,0.0,10.033455026506225,0.0,100.0
S5,high,2040,R::RC15,河南,N088,洛阳市,43.73486049036661,16.974266810704897,0.0,16.974266810704897,26.76059367966172,38.81175478870862
S5,high,2040,R::RC16,浙江,N043,宁波市,67.51398376689055,0.4849779504644078,0.0,0.4849779504644078,67.02900581642614,0.718337036870642
S5,high,2040,R::RC17,浙江,N043,舟山市,0.5775696870880288,0.0041488969760911,0.0,0.0041488969760911,0.5734207901119376,0.7183370368706273
S5,high,2040,R::RC18,湖北,N078,武汉市,24.729490644865383,8.82651025150483,15.9029,24.72941025150483,8.039336055176705e-05,99.999674908951
S5,high,2040,R::RC19,湖南,N002,岳阳市,23.47238893644518,11.299472130799836,0.0,11.299472130799836,12.172916805645343,48.139421008209936
S5,high,2040,R::RC20,甘肃,N018,兰州市,24.01324178033924,24.01324178033924,0.0,24.01324178033924,0.0,100.0
S5,high,2040,R::RC21,甘肃,N033,庆阳市,35.780318327672425,35.780318327672425,0.0,35.780318327672425,0.0,100.0
S5,high,2040,R::RC22,辽宁,N129,大连市,21.80603173219435,13.11502140481411,0.0,13.11502140481411,8.691010327380239,60.14400770338759
S5,high,2040,R::RC23,辽宁,N129,盘锦市,99.74931288179968,59.99323442370577,0.0,59.99323442370577,39.756078458093896,60.14400770338757
S5,high,2040,R::RC24,青海,N072,海西蒙古族藏族自治州,10.347376677507334,10.347376677507334,0.0,10.347376677507334,0.0,100.0
S5,high,2045,R::RC01,上海,N116,上海市,129.19773697091992,0.0,0.0,0.0,129.19773697091992,0.0
S5,high,2045,R::RC02,北京,N036,北京市,115.20987831659934,0.3418012930641877,0.0,0.3418012930641877,114.86807702353516,0.2966770714963434
S5,high,2045,R::RC03,四川,N057,成都市,248.9984223143491,20.552149695390305,228.4462,248.99834969539032,7.261895879651092e-05,99.99997083557473
S5,high,2045,R::RC04,天津,N028,天津市,31.22251712262518,2.625144610342332,0.0,2.625144610342332,28.59737251228285,8.40785706044193
S5,high,2045,R::RC05,宁夏,N139,银川市,24.537117133046397,24.5371171330464,0.0,24.537117133046397,0.0,100.00000000000001
S5,high,2045,R::RC06,山东,N091,东营市,40.57581378269893,14.465248880037995,0.0,14.465248880037995,26.110564902660933,35.64992918566137
S5,high,2045,R::RC07,山东,N089,济南市,26.83711788818984,9.56741352261214,0.0,9.56741352261214,17.2697043655777,35.64992918566138
S5,high,2045,R::RC08,广东,N026,广州市,92.68843504376768,3.0157608146270825,0.0,3.0157608146270825,89.6726742291406,3.2536538276895426
S5,high,2045,R::RC09,广东,N056,惠州市,109.08742846732513,3.549327291855215,0.0,3.549327291855215,105.5381011754699,3.253653827689542
S5,high,2045,R::RC10,广东,N117,茂名市,112.56799901899832,3.662573008835165,0.0,3.662573008835165,108.90542601016315,3.253653827689542
S5,high,2045,R::RC11,新疆,N102,乌鲁木齐市,66.67910827693576,66.67910827693576,0.0,66.67910827693576,0.0,100.0
S5,high,2045,R::RC12,江苏,N007,连云港市,7.802993648623012,1.1098734742004692,0.0,1.1098734742004692,6.693120174422543,14.223688037940766
S5,high,2045,R::RC13,江西,N010,九江市,11.874874447636556,2.641902735657128,0.0,2.641902735657128,9.232971711979427,22.247837207095216
S5,high,2045,R::RC14,河北,N084,沧州市,13.11140274652922,13.11140274652922,0.0,13.11140274652922,0.0,100.0
S5,high,2045,R::RC15,河南,N088,洛阳市,57.15133704567359,19.33983883720068,0.0,19.33983883720068,37.81149820847291,33.83969621173495
S5,high,2045,R::RC16,浙江,N043,宁波市,88.22514576004201,0.5637795400737141,0.0,0.5637795400737141,87.6613662199683,0.6390236425418921
S5,high,2045,R::RC17,浙江,N043,舟山市,0.7547498605009375,0.0048230300506529,0.0,0.0048230300506529,0.7499268304502845,0.6390236425418868
S5,high,2045,R::RC18,湖北,N078,武汉市,32.31571883312268,9.391553351953064,22.9241,32.31565335195306,6.548116962079575e-05,99.99979737053054
S5,high,2045,R::RC19,湖南,N002,岳阳市,30.67297794786388,12.834346241535608,0.0,12.834346241535608,17.83863170632827,41.84251774754532
S5,high,2045,R::RC20,甘肃,N018,兰州市,31.37974739509486,31.37974739509486,0.0,31.37974739509486,0.0,100.0
S5,high,2045,R::RC21,甘肃,N033,庆阳市,46.75659209652042,46.75659209652042,0.0,46.75659209652042,0.0,99.99999999999999
S5,high,2045,R::RC22,辽宁,N129,大连市,28.49543488151289,15.7059726206002,0.0,15.7059726206002,12.789462260912687,55.11750456137041
S5,high,2045,R::RC23,辽宁,N129,盘锦市,130.34925770113725,71.8452580591368,0.0,71.8452580591368,58.50399964200045,55.11750456137041
S5,high,2045,R::RC24,青海,N072,海西蒙古族藏族自治州,13.521625664383286,13.521625664383286,0.0,13.521625664383286,0.0,100.0
S5,high,2050,R::RC01,上海,N116,上海市,158.1301193534883,0.0,0.0,0.0,158.1301193534883,0.0
S5,high,2050,R::RC02,北京,N036,北京市,141.0098368286845,0.3555648523314424,0.0,0.3555648523314424,140.65427197635307,0.25215606253301664
S5,high,2050,R::RC03,四川,N057,成都市,304.7588228906883,21.669081194863583,283.0897,304.7587811948636,4.169582473423361e-05,99.99998631841918
S5,high,2050,R::RC04,天津,N028,天津市,38.2144492223446,2.597610953965284,0.0,2.597610953965284,35.61683826837931,6.797457524120011
S5,high,2050,R::RC05,宁夏,N139,银川市,30.031928978078614,30.031928978078614,0.0,30.031928978078614,0.0,100.0
S5,high,2050,R::RC06,山东,N091,东营市,49.662311637604624,14.645544130355356,0.0,14.645544130355356,35.01676750724927,29.49025860339867
S5,high,2050,R::RC07,山东,N089,济南市,32.84698907472573,9.686662021566727,0.0,9.686662021566727,23.160327053159,29.49025860339868
S5,high,2050,R::RC08,广东,N026,广州市,113.44496923702329,3.128565482777869,0.0,3.128565482777869,110.3164037542454,2.757782477106836
S5,high,2050,R::RC09,广东,N056,惠州市,133.51633308705638,3.6820900379504375,0.0,3.6820900379504375,129.83424304910594,2.757782477106836
S5,high,2050,R::RC10,广东,N117,茂名市,137.77633832908472,3.799571716038928,0.0,3.799571716038928,133.97676661304578,2.757782477106836
S5,high,2050,R::RC11,新疆,N102,乌鲁木齐市,81.61114580969235,81.61114580969235,0.0,81.61114580969235,0.0,100.0
S5,high,2050,R::RC12,江苏,N007,连云港市,9.550386453355555,1.1198652863360414,0.0,1.1198652863360414,8.430521167019515,11.725863574270061
S5,high,2050,R::RC13,江西,N010,九江市,14.534119232561409,2.6475302535209337,0.0,2.6475302535209337,11.886588979040477,18.21596624575336
S5,high,2050,R::RC14,河北,N084,沧州市,16.04755415852976,16.04755415852976,0.0,16.04755415852976,0.0,100.0
S5,high,2050,R::RC15,河南,N088,洛阳市,69.94973720226963,19.65724115930097,0.0,19.65724115930097,50.292496042968665,28.10195140899423
S5,high,2050,R::RC16,浙江,N043,宁波市,107.98217643823342,0.5846237519861359,0.0,0.5846237519861359,107.3975526862473,0.5414076389917413
S5,high,2050,R::RC17,浙江,N043,舟山市,0.9237676163778716,0.0050013484416017,0.0,0.0050013484416017,0.9187662679362698,0.5414076389917389
S5,high,2050,R::RC18,湖北,N078,武汉市,39.55246117991717,9.11851973943858,30.4339,39.55241973943858,4.144047859000466e-05,99.99989522654886
S5,high,2050,R::RC19,湖南,N002,岳阳市,37.54184692038647,13.04590158942667,0.0,13.04590158942667,24.4959453309598,34.75029243258224
S5,high,2050,R::RC20,甘肃,N018,兰州市,38.40688944873345,38.40688944873345,0.0,38.40688944873345,0.0,100.0
S5,high,2050,R::RC21,甘肃,N033,庆阳市,57.22720584842221,57.22720584842221,0.0,57.22720584842221,0.0,100.0
S5,high,2050,R::RC22,辽宁,N129,大连市,34.87666753681145,16.773650657004666,0.0,16.773650657004666,18.103016879806788,48.09418973100138
S5,high,2050,R::RC23,辽宁,N129,盘锦市,159.5395102203598,76.72923474129018,0.0,76.72923474129018,82.81027547906962,48.09418973100138
S5,high,2050,R::RC24,青海,N072,海西蒙古族藏族自治州,16.54964189228318,16.54964189228318,0.0,16.54964189228318,0.0,100.0
S5,high,2055,R::RC01,上海,N116,上海市,185.3902546358218,0.0,0.0,0.0,185.3902546358218,0.0
S5,high,2055,R::RC02,北京,N036,北京市,165.31859751137804,0.3580062882767708,0.0,0.3580062882767708,164.96059122310126,0.21655536259441774
S5,high,2055,R::RC03,四川,N057,成都市,357.296358272632,22.289818238981937,335.0065,357.29631823898194,4.003365006610693e-05,99.99998879539375
S5,high,2055,R::RC04,天津,N028,天津市,44.80225842529767,2.545289011235904,0.0,2.545289011235904,42.25696941406176,5.681162291137319
S5,high,2055,R::RC05,宁夏,N139,银川市,35.20914916914018,35.20914916914018,0.0,35.20914916914018,0.0,100.0
S5,high,2055,R::RC06,山东,N091,东营市,58.22362392402732,14.615039304125782,0.0,14.615039304125782,43.60858461990154,25.10156242283392
S5,high,2055,R::RC07,山东,N089,济南市,38.50949897135537,9.666485923015356,0.0,9.666485923015356,28.843013048340016,25.101562422833922
S5,high,2055,R::RC08,广东,N026,广州市,133.0018077516917,3.166775316866209,0.0,3.166775316866209,129.83503243482548,2.3810017099755774
S5,high,2055,R::RC09,广东,N056,惠州市,156.53328467878973,3.7270601848829217,0.0,3.7270601848829217,152.8062244939068,2.3810017099755774
S5,high,2055,R::RC10,广东,N117,茂名市,161.5276744876288,3.845976691634226,0.0,3.845976691634226,157.68169779599458,2.3810017099755774
S5,high,2055,R::RC11,新疆,N102,乌鲁木齐市,95.68013459193207,95.68013459193207,0.0,95.68013459193207,0.0,100.0
S5,high,2055,R::RC12,江苏,N007,连云港市,11.196782647714052,1.1056546844793125,0.0,1.1056546844793125,10.09112796323474,9.87475348291274
S5,high,2055,R::RC13,江西,N010,九江市,17.039663768346575,2.590684844093528,0.0,2.590684844093528,14.448978924253048,15.203849555447608
S5,high,2055,R::RC14,河北,N084,沧州市,18.81400054521836,18.81400054521836,0.0,18.81400054521836,0.0,100.0
S5,high,2055,R::RC15,河南,N088,洛阳市,82.0084095595259,19.39818994208329,0.0,19.39818994208329,62.61021961744261,23.653903357317386
S5,high,2055,R::RC16,浙江,N043,宁波市,126.59728120019736,0.5918413544981522,0.0,0.5918413544981522,126.0054398456992,0.46749926134845743
S5,high,2055,R::RC17,浙江,N043,舟山市,1.0830164065189003,0.0050630937007584,0.0,0.0050630937007584,1.077953312818142,0.46749926134845143
S5,high,2055,R::RC18,湖北,N078,武汉市,46.37093097505807,8.721291368363048,37.6496,46.37089136836305,3.960669502589553e-05,99.99991458723343
S5,high,2055,R::RC19,湖南,N002,岳阳市,44.01370585518347,12.903462379432352,0.0,12.903462379432352,31.110243475751115,29.316918738649495
S5,high,2055,R::RC20,甘肃,N018,兰州市,45.027873524548006,45.027873524548006,0.0,45.027873524548006,0.0,100.0
S5,high,2055,R::RC21,甘肃,N033,庆阳市,67.09263426671501,67.09263426671501,0.0,67.09263426671501,0.0,100.0
S5,high,2055,R::RC22,辽宁,N129,大连市,40.88907478179135,17.46854160285849,0.0,17.46854160285849,23.42053317893286,42.721782520345876
S5,high,2055,R::RC23,辽宁,N129,盘锦市,187.04261114297535,79.90793755287815,0.0,79.90793755287815,107.13467359009722,42.72178252034588
S5,high,2055,R::RC24,青海,N072,海西蒙古族藏族自治州,19.40264345012878,19.402643450128775,0.0,19.402643450128775,3.552713678800501e-15,99.99999999999996
S5,high,2060,R::RC01,上海,N116,上海市,210.7031346296073,0.0,0.0,0.0,210.7031346296073,0.0
S5,high,2060,R::RC02,北京,N036,北京市,187.89092650335647,0.3507609753742153,0.0,0.3507609753742153,187.5401655279823,0.18668329647517565
S5,high,2060,R::RC03,四川,N057,成都市,406.0810144938451,22.43979963663492,383.6412000000001,406.080999636635,1.4857210089758157e-05,99.99999634131872
S5,high,2060,R::RC04,天津,N028,天津市,50.91948499256187,2.486923405087724,0.0,2.486923405087724,48.43256158747415,4.884030946996036
S5,high,2060,R::RC05,宁夏,N139,银川市,40.0165484003052,40.0165484003052,0.0,40.0165484003052,0.0,100.0
S5,high,2060,R::RC06,山东,N091,东营市,66.173381628861,14.517717534453864,0.0,14.517717534453864,51.65566409440713,21.9389083300559
S5,high,2060,R::RC07,山东,N089,济南市,43.76752252819001,9.602116645796167,0.0,9.602116645796167,34.16540588239384,21.93890833005589
S5,high,2060,R::RC08,广东,N026,广州市,151.16165550198752,3.153171586642298,0.0,3.153171586642298,148.00848391534524,2.085959945444524
S5,high,2060,R::RC09,广东,N056,惠州市,177.90608152774368,3.711049601178612,0.0,3.711049601178612,174.19503192656506,2.085959945444524
S5,high,2060,R::RC10,广东,N117,茂名市,183.58239709433997,3.8294552702748414,0.0,3.8294552702748414,179.7529418240651,2.085959945444523
S5,high,2060,R::RC11,新疆,N102,乌鲁木齐市,108.74414256512596,108.74414256512596,0.0,108.74414256512596,0.0,100.0
S5,high,2060,R::RC12,江苏,N007,连云港市,12.725572907131072,1.074477143355191,0.0,1.074477143355191,11.65109576377588,8.443448096180271
S5,high,2060,R::RC13,江西,N010,九江市,19.36623139160108,2.483345970665121,0.0,2.483345970665121,16.88288542093596,12.823072906905992
S5,high,2060,R::RC14,河北,N084,沧州市,21.3828331893055,20.494532673746505,0.0,20.494532673746505,0.8883005155589956,95.84573050869952
S5,high,2060,R::RC15,河南,N088,洛阳市,93.20570271681348,18.677234123314943,0.0,18.677234123314943,74.52846859349853,20.038724647634396
S5,high,2060,R::RC16,浙江,N043,宁波市,143.88266544466626,0.590831609561982,0.0,0.590831609561982,143.29183383510428,0.4106343232772549
S5,high,2060,R::RC17,浙江,N043,舟山市,1.2308896827240925,0.0050544555189436,0.0,0.0050544555189436,1.2258352272051487,0.4106343232772527
S5,high,2060,R::RC18,湖北,N078,武汉市,52.70234150835453,8.219646566413871,44.4826,52.70224656641387,9.494194065950978e-05,99.999819852519
S5,high,2060,R::RC19,湖南,N002,岳阳市,50.02326475342536,12.4725182150338,0.0,12.4725182150338,37.55074653839156,24.93343502570919
S5,high,2060,R::RC20,甘肃,N018,兰州市,51.17590520583144,51.17590520583144,0.0,51.17590520583144,0.0,100.0
S5,high,2060,R::RC21,甘肃,N033,庆阳市,76.25335203473593,76.25335203473593,0.0,76.25335203473593,0.0,100.0
S5,high,2060,R::RC22,辽宁,N129,大连市,46.47200170015383,17.929981529026513,0.0,17.929981529026513,28.54202017112732,38.582331023126905
S5,high,2060,R::RC23,辽宁,N129,盘锦市,212.58110117249169,82.01874414697903,0.0,82.01874414697903,130.56235702551265,38.58233102312689
S5,high,2060,R::RC24,青海,N072,海西蒙古族藏族自治州,22.051848426841826,22.051848426841826,0.0,22.051848426841826,0.0,100.0
S5,low,2025,R::RC01,上海,N116,上海市,0.0,0.0,0.0,0.0,0.0,0.0
S5,low,2025,R::RC02,北京,N036,北京市,0.0,0.0,0.0,0.0,0.0,0.0
S5,low,2025,R::RC03,四川,N057,成都市,0.0,0.0,0.0,0.0,0.0,0.0
S5,low,2025,R::RC04,天津,N028,天津市,0.0,0.0,0.0,0.0,0.0,0.0
S5,low,2025,R::RC05,宁夏,N139,银川市,0.0,0.0,0.0,0.0,0.0,0.0
S5,low,2025,R::RC06,山东,N091,东营市,0.0,0.0,0.0,0.0,0.0,0.0
S5,low,2025,R::RC07,山东,N089,济南市,0.0,0.0,0.0,0.0,0.0,0.0
S5,low,2025,R::RC08,广东,N026,广州市,0.0,0.0,0.0,0.0,0.0,0.0
S5,low,2025,R::RC09,广东,N056,惠州市,0.0,0.0,0.0,0.0,0.0,0.0
S5,low,2025,R::RC10,广东,N117,茂名市,0.0,0.0,0.0,0.0,0.0,0.0
S5,low,2025,R::RC11,新疆,N102,乌鲁木齐市,0.0,0.0,0.0,0.0,0.0,0.0
S5,low,2025,R::RC12,江苏,N007,连云港市,0.0,0.0,0.0,0.0,0.0,0.0
S5,low,2025,R::RC13,江西,N010,九江市,0.0,0.0,0.0,0.0,0.0,0.0
S5,low,2025,R::RC14,河北,N084,沧州市,0.0,0.0,0.0,0.0,0.0,0.0
S5,low,2025,R::RC15,河南,N088,洛阳市,0.0,0.0,0.0,0.0,0.0,0.0
S5,low,2025,R::RC16,浙江,N043,宁波市,0.0,0.0,0.0,0.0,0.0,0.0
S5,low,2025,R::RC17,浙江,N043,舟山市,0.0,0.0,0.0,0.0,0.0,0.0
S5,low,2025,R::RC18,湖北,N078,武汉市,0.0,0.0,0.0,0.0,0.0,0.0
S5,low,2025,R::RC19,湖南,N002,岳阳市,0.0,0.0,0.0,0.0,0.0,0.0
S5,low,2025,R::RC20,甘肃,N018,兰州市,0.0,0.0,0.0,0.0,0.0,0.0
S5,low,2025,R::RC21,甘肃,N033,庆阳市,0.0,0.0,0.0,0.0,0.0,0.0
S5,low,2025,R::RC22,辽宁,N129,大连市,0.0,0.0,0.0,0.0,0.0,0.0
S5,low,2025,R::RC23,辽宁,N129,盘锦市,0.0,0.0,0.0,0.0,0.0,0.0
S5,low,2025,R::RC24,青海,N072,海西蒙古族藏族自治州,0.0,0.0,0.0,0.0,0.0,0.0
S5,low,2030,R::RC01,上海,N116,上海市,2.34114594032897,0.0,0.0,0.0,2.34114594032897,0.0
S5,low,2030,R::RC02,北京,N036,北京市,2.087676961148406,0.0807056580605653,2.0069,2.087605658060565,7.130308784075723e-05,99.99658457274916
S5,low,2030,R::RC03,四川,N057,成都市,4.512011272153834,4.512011272153834,0.0,4.512011272153834,0.0,100.0
S5,low,2030,R::RC04,天津,N028,天津市,0.5657720554729097,0.5657720554729097,0.0,0.5657720554729097,0.0,100.0
S5,low,2030,R::RC05,宁夏,N139,银川市,0.4446283155589466,0.4446283155589466,0.0,0.4446283155589466,0.0,100.0
S5,low,2030,R::RC06,山东,N091,东营市,0.7352597958762332,0.7352597958762332,0.0,0.7352597958762332,0.0,100.0
S5,low,2030,R::RC07,山东,N089,济南市,0.4863058058687779,0.4863058058687779,0.0,0.4863058058687779,0.0,100.0
S5,low,2030,R::RC08,广东,N026,广州市,1.6795739500220837,0.6478786344590413,0.0,0.6478786344590413,1.0316953155630424,38.57398684056291
S5,low,2030,R::RC09,广东,N056,惠州市,1.976734239197152,0.7625052053008108,0.0,0.7625052053008108,1.214229033896341,38.57398684056291
S5,low,2030,R::RC10,广东,N117,茂名市,2.0398044121593326,0.7868338855195627,0.0,0.7868338855195627,1.25297052663977,38.57398684056292
S5,low,2030,R::RC11,新疆,N102,乌鲁木齐市,1.2082682507236215,1.2082682507236215,0.0,1.2082682507236215,0.0,100.0
S5,low,2030,R::RC12,江苏,N007,连云港市,0.1413952545236785,0.1413952545236785,0.0,0.1413952545236785,2.775557561562892e-17,100.0
S5,low,2030,R::RC13,江西,N010,九江市,0.2151803487955675,0.2151803487955675,0.0,0.2151803487955675,0.0,100.00000000000001
S5,low,2030,R::RC14,河北,N084,沧州市,0.2375870354367278,0.2375870354367278,0.0,0.2375870354367278,0.0,100.0
S5,low,2030,R::RC15,河南,N088,洛阳市,1.0356189190757052,1.0356189190757052,0.0,1.0356189190757052,0.0,100.0
S5,low,2030,R::RC16,浙江,N043,宁波市,1.598696282718514,0.1044484111327129,0.0,0.1044484111327129,1.4942478715858012,6.53334922097291
S5,low,2030,R::RC17,浙江,N043,舟山市,0.0136765520302676,0.0008935369055254,0.0,0.0008935369055254,0.0127830151247422,6.533349220972595
S5,low,2030,R::RC18,湖北,N078,武汉市,0.5855815723150504,0.5855815723150504,0.0,0.5855815723150504,0.0,100.0
S5,low,2030,R::RC19,湖南,N002,岳阳市,0.5558140528158373,0.5558140528158373,0.0,0.5558140528158373,0.0,100.0
S5,low,2030,R::RC20,甘肃,N018,兰州市,0.5686211689536825,0.5686211689536825,0.0,0.5686211689536825,0.0,100.0
S5,low,2030,R::RC21,甘肃,N033,庆阳市,0.8472594670526215,0.8472594670526215,0.0,0.8472594670526215,0.0,100.0
S5,low,2030,R::RC22,辽宁,N129,大连市,0.5163555744461537,0.5163555744461537,0.0,0.5163555744461537,0.0,100.0
S5,low,2030,R::RC23,辽宁,N129,盘锦市,2.362012235249907,2.362012235249907,0.0,2.362012235249907,0.0,100.0
S5,low,2030,R::RC24,青海,N072,海西蒙古族藏族自治州,0.2450205380760202,0.2450205380760202,0.0,0.2450205380760202,0.0,100.0
S5,low,2035,R::RC01,上海,N116,上海市,4.276617121156492,0.0,0.0,0.0,4.276617121156492,0.0
S5,low,2035,R::RC02,北京,N036,北京市,3.813600374796229,0.0987229752070393,3.7148,3.813522975207039,7.739958918984158e-05,99.99797043262053
S5,low,2035,R::RC03,四川,N057,成都市,8.242179321222812,8.242179321222812,0.0,8.242179321222812,0.0,100.0
S5,low,2035,R::RC04,天津,N028,天津市,1.0335068896932385,0.7830517667717513,0.0,0.7830517667717513,0.2504551229214872,75.76647766752419
S5,low,2035,R::RC05,宁夏,N139,银川市,0.8122112483953775,0.8122112483953775,0.0,0.8122112483953775,0.0,100.0
S5,low,2035,R::RC06,山东,N091,东营市,1.3431134631019557,1.3431134631019557,0.0,1.3431134631019557,0.0,100.0
S5,low,2035,R::RC07,山东,N089,济南市,0.8883443358528866,0.8883443358528866,0.0,0.8883443358528866,0.0,100.0
S5,low,2035,R::RC08,广东,N026,广州市,3.0681106150535684,0.8302561207766319,0.0,0.8302561207766319,2.2378544942769363,27.060827491127984
S5,low,2035,R::RC09,广东,N056,惠州市,3.610939132713316,0.9771500095131836,0.0,0.9771500095131836,2.6337891232001325,27.060827491127988
S5,low,2035,R::RC10,广东,N117,茂名市,3.726150652370421,1.0083272000974997,0.0,1.0083272000974997,2.717823452272921,27.060827491127984
S5,low,2035,R::RC11,新疆,N102,乌鲁木齐市,2.207167267525558,2.207167267525558,0.0,2.207167267525558,0.0,100.0
S5,low,2035,R::RC12,江苏,N007,连云港市,0.258289479493651,0.2391821596482718,0.0191,0.2582821596482718,7.319845379161194e-06,99.9971660303805
S5,low,2035,R::RC13,江西,N010,九江市,0.3930741556702101,0.3930741556702101,0.0,0.3930741556702101,0.0,100.0
S5,low,2035,R::RC14,河北,N084,沧州市,0.4340048888070385,0.4340048888070385,0.0,0.4340048888070385,0.0,100.0
S5,low,2035,R::RC15,河南,N088,洛阳市,1.8917853534967584,1.8917853534967584,0.0,1.8917853534967584,0.0,100.0
S5,low,2035,R::RC16,浙江,N043,宁波市,2.920369796870725,0.1320119074899795,0.0,0.1320119074899795,2.788357889380745,4.520383262127788
S5,low,2035,R::RC17,浙江,N043,舟山市,0.0249832253357138,0.0011293375364152,0.0,0.0011293375364152,0.0238538877992985,4.520383262127487
S5,low,2035,R::RC18,湖北,N078,武汉市,1.0696933219141331,1.0696933219141331,0.0,1.0696933219141331,0.0,100.0
S5,low,2035,R::RC19,湖南,N002,岳阳市,1.015316411294539,1.015316411294539,0.0,1.015316411294539,0.0,100.0
S5,low,2035,R::RC20,甘肃,N018,兰州市,1.038711421064862,1.038711421064862,0.0,1.038711421064862,0.0,100.0
S5,low,2035,R::RC21,甘肃,N033,庆阳市,1.547705455026019,1.5477054550260188,0.0,1.5477054550260188,2.220446049250313e-16,99.99999999999997
S5,low,2035,R::RC22,辽宁,N129,大连市,0.943236836389072,0.943236836389072,0.0,0.943236836389072,0.0,100.0
S5,low,2035,R::RC23,辽宁,N129,盘锦市,4.314733990582172,4.314733990582172,0.0,4.314733990582172,0.0,100.0
S5,low,2035,R::RC24,青海,N072,海西蒙古族藏族自治州,0.4475838136018307,0.4475838136018307,0.0,0.4475838136018307,0.0,100.00000000000001
S5,low,2040,R::RC01,上海,N116,上海市,6.120672127171166,0.0,0.0,0.0,6.120672127171166,0.0
S5,low,2040,R::RC02,北京,N036,北京市,5.458004973770636,0.1149681532083554,5.343,5.457968153208356,3.682056228004882e-05,99.99932538423
S5,low,2040,R::RC03,四川,N057,成都市,11.796164072998158,11.796164072998158,0.0,11.796164072998158,0.0,100.0
S5,low,2040,R::RC04,天津,N028,天津市,1.479149672223672,0.8759805667982677,0.0,0.8759805667982677,0.6031691054254044,59.22190182967534
S5,low,2040,R::RC05,宁夏,N139,银川市,1.1624325041480776,1.1624325041480776,0.0,1.1624325041480776,0.0,100.0
S5,low,2040,R::RC06,山东,N091,东营市,1.9222569859172716,1.9222569859172716,0.0,1.9222569859172716,0.0,100.0
S5,low,2040,R::RC07,山东,N089,济南市,1.2713937819887855,1.2713937819887855,0.0,1.2713937819887855,0.0,100.0
S5,low,2040,R::RC08,广东,N026,广州市,4.391063916322285,0.9971549689436152,0.0,0.9971549689436152,3.393908947378669,22.70873273415655
S5,low,2040,R::RC09,广东,N056,惠州市,5.167957260698923,1.1735776021475566,0.0,1.1735776021475566,3.994379658551367,22.708732734156552
S5,low,2040,R::RC10,广东,N117,茂名市,5.332847386963858,1.2110220602260735,0.0,1.2110220602260735,4.121825326737785,22.70873273415654
S5,low,2040,R::RC11,新疆,N102,乌鲁木齐市,3.158886285965904,3.158886285965904,0.0,3.158886285965904,0.0,100.0
S5,low,2040,R::RC12,江苏,N007,连云港市,0.3696625564298415,0.2726690554820923,0.0969,0.3695690554820923,9.350094774918104e-05,99.97470640557911
S5,low,2040,R::RC13,江西,N010,九江市,0.5625656822585493,0.5625656822585493,0.0,0.5625656822585493,0.0,100.0
S5,low,2040,R::RC14,河北,N084,沧州市,0.6211455341269625,0.6211455341269625,0.0,0.6211455341269625,0.0,100.0
S5,low,2040,R::RC15,河南,N088,洛阳市,2.707513334887235,2.707513334887235,0.0,2.707513334887235,0.0,100.0
S5,low,2040,R::RC16,浙江,N043,宁波市,4.179618027602497,0.1617850113779521,0.0,0.1617850113779521,4.017833016224545,3.870808535840172
S5,low,2040,R::RC17,浙江,N043,舟山市,0.0357558618475972,0.00138404095246,0.0,0.00138404095246,0.0343718208951371,3.8708085358401387
S5,low,2040,R::RC18,湖北,N078,武汉市,1.5309395053561514,1.5309395053561514,0.0,1.5309395053561514,0.0,100.0
S5,low,2040,R::RC19,湖南,N002,岳阳市,1.453115554377574,1.453115554377574,0.0,1.453115554377574,0.0,100.0
S5,low,2040,R::RC20,甘肃,N018,兰州市,1.486598370388326,1.486598370388326,0.0,1.486598370388326,0.0,100.00000000000001
S5,low,2040,R::RC21,甘肃,N033,庆阳市,2.215067978095456,2.215067978095456,0.0,2.215067978095456,0.0,100.0
S5,low,2040,R::RC22,辽宁,N129,大连市,1.3499556425679016,1.3499556425679016,0.0,1.3499556425679016,0.0,99.99999999999999
S5,low,2040,R::RC23,辽宁,N129,盘锦市,6.175224791966581,6.175224791966581,0.0,6.175224791966581,0.0,100.0
S5,low,2040,R::RC24,青海,N072,海西蒙古族藏族自治州,0.6405796204980059,0.6405796204980059,0.0,0.6405796204980059,0.0,100.00000000000001
S5,low,2045,R::RC01,上海,N116,上海市,7.829460923300171,0.0,0.0,0.0,7.829460923300171,0.0
S5,low,2045,R::RC02,北京,N036,北京市,6.981788237212027,0.1196365225408968,6.8621,6.9817365225408965,5.171467113029848e-05,99.99925929189811
S5,low,2045,R::RC03,四川,N057,成都市,15.08945484016018,13.084720867125512,2.0047,15.089420867125511,3.397303466989854e-05,99.99977485578486
S5,low,2045,R::RC04,天津,N028,天津市,1.892103402660117,0.8915827904708863,0.0,0.8915827904708863,1.0005206121892305,47.121250837422835
S5,low,2045,R::RC05,宁夏,N139,银川市,1.486964123890706,1.486964123890706,0.0,1.486964123890706,2.220446049250313e-16,100.0
S5,low,2045,R::RC06,山东,N091,东营市,2.4589188316375177,2.4589188316375177,0.0,2.4589188316375177,0.0,100.0
S5,low,2045,R::RC07,山东,N089,济南市,1.626345559341156,1.6263455593411562,0.0,1.626345559341156,0.0,100.0
S5,low,2045,R::RC08,广东,N026,广州市,5.6169751671452826,1.0642412425355758,0.0,1.0642412425355758,4.552733924609707,18.946874623204994
S5,low,2045,R::RC09,广东,N056,惠州市,6.610764077086476,1.252533181321449,0.0,1.252533181321449,5.358230895765026,18.94687462320499
S5,low,2045,R::RC10,广东,N117,茂名市,6.821688755521426,1.2924968156939176,0.0,1.2924968156939176,5.529191939827508,18.946874623204994
S5,low,2045,R::RC11,新疆,N102,乌鲁木齐市,4.040794249919999,4.040794249919999,0.0,4.040794249919999,0.0,100.0
S5,low,2045,R::RC12,江苏,N007,连云港市,0.4728661297713308,0.2814560782182858,0.1914,0.4728560782182858,1.005155304506511e-05,99.99787433431743
S5,low,2045,R::RC13,江西,N010,九江市,0.7196245664720339,0.6380983103860493,0.0,0.6380983103860493,0.0815262560859846,88.67100153547177
S5,low,2045,R::RC14,河北,N084,沧州市,0.7945589285105426,0.7945589285105426,0.0,0.7945589285105426,0.0,100.0
S5,low,2045,R::RC15,河南,N088,洛阳市,3.4634055565088957,3.463405556508896,0.0,3.4634055565088957,0.0,99.99999999999999
S5,low,2045,R::RC16,浙江,N043,宁波市,5.3464971397772025,0.1747448121398684,0.0,0.1747448121398684,5.171752327637334,3.2683981225724605
S5,low,2045,R::RC17,浙江,N043,舟山市,0.0457382975755095,0.0014949096592545,0.0,0.0014949096592545,0.0442433879162549,3.2683981225723344
S5,low,2045,R::RC18,湖北,N078,武汉市,1.95835208684219,1.95835208684219,0.0,1.95835208684219,0.0,100.0
S5,low,2045,R::RC19,湖南,N002,岳阳市,1.8588009966312504,1.8588009966312504,0.0,1.8588009966312504,0.0,100.0
S5,low,2045,R::RC20,甘肃,N018,兰州市,1.9016316521722445,1.9016316521722445,0.0,1.9016316521722445,0.0,100.0
S5,low,2045,R::RC21,甘肃,N033,庆阳市,2.83347773195741,2.83347773195741,0.0,2.83347773195741,0.0,100.0
S5,low,2045,R::RC22,辽宁,N129,大连市,1.7268405711120656,1.7268405711120656,0.0,1.7268405711120656,0.0,100.0
S5,low,2045,R::RC23,辽宁,N129,盘锦市,7.899243775314334,7.899243775314334,0.0,7.899243775314334,0.0,100.0
S5,low,2045,R::RC24,青海,N072,海西蒙古族藏族自治州,0.8194186851942337,0.8194186851942337,0.0,0.8194186851942337,0.0,100.0
S5,low,2050,R::RC01,上海,N116,上海市,9.359133474470667,0.0,0.0,0.0,9.359133474470667,0.0
S5,low,2050,R::RC02,北京,N036,北京市,8.345847644260791,0.1124945031663582,8.2333,8.345794503166358,5.314109443332882e-05,99.99936326306567
S5,low,2050,R::RC03,四川,N057,成都市,18.03754093538916,12.96389911012814,5.0736,18.037499110128135,4.182526102169959e-05,99.99976812104724
S5,low,2050,R::RC04,天津,N028,天津市,2.261771080598474,0.8276321853775519,0.0,0.8276321853775519,1.4341388952209222,36.592217155706
S5,low,2050,R::RC05,宁夏,N139,银川市,1.7774781486969191,1.7774781486969191,0.0,1.7774781486969191,0.0,100.0
S5,low,2050,R::RC06,山东,N091,东营市,2.9393274675780257,2.9393274675780257,0.0,2.9393274675780257,0.0,100.00000000000001
S5,low,2050,R::RC07,山东,N089,济南市,1.9440910829746765,1.9440910829746765,0.0,1.9440910829746765,0.0,100.0
S5,low,2050,R::RC08,广东,N026,广州市,6.714385680839606,1.023122260588599,0.0,1.023122260588599,5.691263420251007,15.237764245628826
S5,low,2050,R::RC09,广东,N056,惠州市,7.902335035808466,1.2041391826562222,0.0,1.2041391826562222,6.698195853152244,15.237764245628822
S5,low,2050,R::RC10,广东,N117,茂名市,8.154468897624897,1.2425587461032097,0.0,1.2425587461032097,6.911910151521687,15.237764245628828
S5,low,2050,R::RC11,新疆,N102,乌鲁木齐市,4.830260103263172,4.830260103263172,0.0,4.830260103263172,0.0,100.0
S5,low,2050,R::RC12,江苏,N007,连云港市,0.5652518439571989,0.2650491802365908,0.3002,0.5652491802365909,2.663720607976039e-06,99.99952875507857
S5,low,2050,R::RC13,江西,N010,九江市,0.8602204462221112,0.5928343584934523,0.0,0.5928343584934523,0.2673860877286589,68.91656215532232
S5,low,2050,R::RC14,河北,N084,沧州市,0.9497950290718205,0.9497950290718205,0.0,0.9497950290718205,0.0,100.00000000000001
S5,low,2050,R::RC15,河南,N088,洛阳市,4.140064711623491,4.140064711623491,0.0,4.140064711623491,0.0,100.0
S5,low,2050,R::RC16,浙江,N043,宁波市,6.391063298258204,0.169405621154318,0.0,0.169405621154318,6.221657677103886,2.650664110938898
S5,low,2050,R::RC17,浙江,N043,舟山市,0.0546743685290426,0.0014492338644818,0.0,0.0014492338644818,0.0532251346645608,2.6506641109388913
S5,low,2050,R::RC18,湖北,N078,武汉市,2.3409630305733304,2.211722780391871,0.1292,2.340922780391871,4.0250181459366985e-05,99.998280614391
S5,low,2050,R::RC19,湖南,N002,岳阳市,2.221962252621873,2.221962252621873,0.0,2.221962252621873,0.0,100.0
S5,low,2050,R::RC20,甘肃,N018,兰州市,2.2731609016647853,2.2731609016647853,0.0,2.2731609016647853,0.0,100.0
S5,low,2050,R::RC21,甘肃,N033,庆阳市,3.387065412308353,3.387065412308353,0.0,3.387065412308353,0.0,100.0
S5,low,2050,R::RC22,辽宁,N129,大连市,2.0642202001509835,2.0642202001509835,0.0,2.0642202001509835,0.0,100.0
S5,low,2050,R::RC23,辽宁,N129,盘锦市,9.442550076536614,9.442550076536614,0.0,9.442550076536614,0.0,100.0
S5,low,2050,R::RC24,青海,N072,海西蒙古族藏族自治州,0.9795117341202004,0.9795117341202008,0.0,0.9795117341202004,0.0,100.0
S5,low,2055,R::RC01,上海,N116,上海市,10.66583974560984,0.0,0.0,0.0,10.66583974560984,0.0
S5,low,2055,R::RC02,北京,N036,北京市,9.511080674057329,0.1033552290396844,9.4077,9.511055229039684,2.544501764489837e-05,99.99973246975274
S5,low,2055,R::RC03,四川,N057,成都市,20.555911671365397,12.59726467152602,7.9586,20.55586467152602,4.699983937328511e-05,99.99977135609392
S5,low,2055,R::RC04,天津,N028,天津市,2.5775557056346505,0.7547913585047121,0.0,0.7547913585047121,1.8227643471299384,29.28322196314535
S5,low,2055,R::RC05,宁夏,N139,银川市,2.0256466196403764,2.0256466196403764,0.0,2.0256466196403764,0.0,100.0
S5,low,2055,R::RC06,山东,N091,东营市,3.349711361054131,3.349711361054131,0.0,3.349711361054131,0.0,100.0
S5,low,2055,R::RC07,山东,N089,济南市,2.215521767954028,2.215521767954028,0.0,2.215521767954028,0.0,100.0
S5,low,2055,R::RC08,广东,N026,广州市,7.651836770722303,0.9593909144877224,0.0,0.9593909144877224,6.692445856234581,12.538047311183819
S5,low,2055,R::RC09,广东,N056,惠州市,9.005645590797396,1.129132104851717,0.0,1.129132104851717,7.876513485945679,12.538047311183817
S5,low,2055,R::RC10,广东,N117,茂名市,9.292981952856053,1.1651584738688654,0.0,1.1651584738688654,8.127823478987185,12.538047311183814
S5,low,2055,R::RC11,新疆,N102,乌鲁木齐市,5.504652789870765,5.504652789870765,0.0,5.504652789870765,0.0,100.0
S5,low,2055,R::RC12,江苏,N007,连云港市,0.6441713434265263,0.2456858345865642,0.3984,0.6440858345865643,8.550883996194525e-05,99.98672576157966
S5,low,2055,R::RC13,江西,N010,九江市,0.98032295942023,0.5450658272029067,0.0,0.5450658272029067,0.4352571322173233,55.600638745139925
S5,low,2055,R::RC14,河北,N084,沧州市,1.082403792924839,1.082403792924839,0.0,1.082403792924839,0.0,100.0
S5,low,2055,R::RC15,河南,N088,洛阳市,4.718093493492784,4.21568304362438,0.0,4.21568304362438,0.5024104498684041,89.35140961998037
S5,low,2055,R::RC16,浙江,N043,宁波市,7.283372667908871,0.1599181621946753,0.0,0.1599181621946753,7.123454505714196,2.1956608495304333
S5,low,2055,R::RC17,浙江,N043,舟山市,0.0623079107177883,0.0013680704017908,0.0,0.0013680704017908,0.0609398403159974,2.195660849530346
S5,low,2055,R::RC18,湖北,N078,武汉市,2.667804300750657,1.980621812408581,0.6871,2.667721812408581,8.248834207602584e-05,99.9969080062562
S5,low,2055,R::RC19,湖南,N002,岳阳市,2.53218883691575,2.53218883691575,0.0,2.53218883691575,0.0,100.0
S5,low,2055,R::RC20,甘肃,N018,兰州市,2.5905357541141187,2.5905357541141187,0.0,2.5905357541141187,0.0,100.0
S5,low,2055,R::RC21,甘肃,N033,庆阳市,3.859961714844762,3.859961714844762,0.0,3.859961714844762,0.0,100.0
S5,low,2055,R::RC22,辽宁,N129,大连市,2.352423107814078,2.352423107814078,0.0,2.352423107814078,0.0,100.0
S5,low,2055,R::RC23,辽宁,N129,盘锦市,10.76090283154462,10.76090283154462,0.0,10.76090283154462,0.0,100.0
S5,low,2055,R::RC24,青海,N072,海西蒙古族藏族自治州,1.1162694937055944,1.1162694937055944,0.0,1.1162694937055944,0.0,100.0
S5,low,2060,R::RC01,上海,N116,上海市,11.705729701644849,0.0,0.0,0.0,11.705729701644849,0.0
S5,low,2060,R::RC02,北京,N036,北京市,10.438384805742029,0.0928168036523757,10.3455,10.438316803652375,6.800208965351828e-05,99.99934853819899
S5,low,2060,R::RC03,四川,N057,成都市,22.56005636076917,12.015802069511809,10.5442,22.56000206951181,5.429125736000629e-05,99.9997593478647
S5,low,2060,R::RC04,天津,N028,天津市,2.8288602773645484,0.6751824818282093,0.0,0.6751824818282093,2.153677795536339,23.86765041846569
S5,low,2060,R::RC05,宁夏,N139,银川市,2.223141577794733,2.223141577794733,0.0,2.223141577794733,0.0,100.0
S5,low,2060,R::RC06,山东,N091,东营市,3.6762989793811673,3.676298979381167,0.0,3.6762989793811673,0.0,100.0
S5,low,2060,R::RC07,山东,N089,济南市,2.4315290293438894,2.4315290293438894,0.0,2.4315290293438894,0.0,100.0
S5,low,2060,R::RC08,广东,N026,广州市,8.397869750110418,0.8784564252047719,0.0,0.8784564252047719,7.5194133249056465,10.460467372612221
S5,low,2060,R::RC09,广东,N056,惠州市,9.88367119598576,1.0338782006723624,0.0,1.0338782006723624,8.849792995313397,10.460467372612218
S5,low,2060,R::RC10,广东,N117,茂名市,10.199022060796665,1.0668653749951575,0.0,1.0668653749951575,9.132156685801505,10.46046737261222
S5,low,2060,R::RC11,新疆,N102,乌鲁木齐市,6.041341253618108,6.041341253618108,0.0,6.041341253618108,0.0,100.0
S5,low,2060,R::RC12,江苏,N007,连云港市,0.7069762726183929,0.2238692442702633,0.4831,0.7069692442702633,7.028348129600737e-06,99.99900585798962
S5,low,2060,R::RC13,江西,N010,九江市,1.0759017439778378,0.4944775897955736,0.0,0.4944775897955736,0.5814241541822642,45.95936316334842
S5,low,2060,R::RC14,河北,N084,沧州市,1.1879351771836388,1.1879351771836388,0.0,1.1879351771836388,0.0,100.0
S5,low,2060,R::RC15,河南,N088,洛阳市,5.178094595378527,3.8020841752860473,0.0,3.8020841752860473,1.3760104200924794,73.42631744656471
S5,low,2060,R::RC16,浙江,N043,宁波市,7.99348141359257,0.1472796486538982,0.0,0.1472796486538982,7.846201764938672,1.8424969175940726
S5,low,2060,R::RC17,浙江,N043,舟山市,0.0683827601513384,0.0012599502479541,0.0,0.0012599502479541,0.0671228099033843,1.842496917593988
S5,low,2060,R::RC18,湖北,N078,武汉市,2.927907861575252,1.761216206258157,1.1666,2.9278162062581568,9.165531709509622e-05,99.99686959694675
S5,low,2060,R::RC19,湖南,N002,岳阳市,2.7790702640791864,2.6018290596516027,0.0,2.6018290596516027,0.1772412044275837,93.62228416033552
S5,low,2060,R::RC20,甘肃,N018,兰州市,2.843105844768413,2.843105844768413,0.0,2.843105844768413,0.0,100.0
S5,low,2060,R::RC21,甘肃,N033,庆阳市,4.236297335263108,4.236297335263108,0.0,4.236297335263108,0.0,100.0
S5,low,2060,R::RC22,辽宁,N129,大连市,2.5817778722307683,2.5817778722307683,0.0,2.5817778722307683,0.0,100.00000000000001
S5,low,2060,R::RC23,辽宁,N129,盘锦市,11.810061176249537,11.810061176249537,0.0,11.810061176249537,0.0,100.0
S5,low,2060,R::RC24,青海,N072,海西蒙古族藏族自治州,1.2251026903801014,1.2251026903801014,0.0,1.2251026903801014,0.0,100.0
S5,mid,2025,R::RC01,上海,N116,上海市,0.0,0.0,0.0,0.0,0.0,0.0
S5,mid,2025,R::RC02,北京,N036,北京市,0.0,0.0,0.0,0.0,0.0,0.0
S5,mid,2025,R::RC03,四川,N057,成都市,0.0,0.0,0.0,0.0,0.0,0.0
S5,mid,2025,R::RC04,天津,N028,天津市,0.0,0.0,0.0,0.0,0.0,0.0
S5,mid,2025,R::RC05,宁夏,N139,银川市,0.0,0.0,0.0,0.0,0.0,0.0
S5,mid,2025,R::RC06,山东,N091,东营市,0.0,0.0,0.0,0.0,0.0,0.0
S5,mid,2025,R::RC07,山东,N089,济南市,0.0,0.0,0.0,0.0,0.0,0.0
S5,mid,2025,R::RC08,广东,N026,广州市,0.0,0.0,0.0,0.0,0.0,0.0
S5,mid,2025,R::RC09,广东,N056,惠州市,0.0,0.0,0.0,0.0,0.0,0.0
S5,mid,2025,R::RC10,广东,N117,茂名市,0.0,0.0,0.0,0.0,0.0,0.0
S5,mid,2025,R::RC11,新疆,N102,乌鲁木齐市,0.0,0.0,0.0,0.0,0.0,0.0
S5,mid,2025,R::RC12,江苏,N007,连云港市,0.0,0.0,0.0,0.0,0.0,0.0
S5,mid,2025,R::RC13,江西,N010,九江市,0.0,0.0,0.0,0.0,0.0,0.0
S5,mid,2025,R::RC14,河北,N084,沧州市,0.0,0.0,0.0,0.0,0.0,0.0
S5,mid,2025,R::RC15,河南,N088,洛阳市,0.0,0.0,0.0,0.0,0.0,0.0
S5,mid,2025,R::RC16,浙江,N043,宁波市,0.0,0.0,0.0,0.0,0.0,0.0
S5,mid,2025,R::RC17,浙江,N043,舟山市,0.0,0.0,0.0,0.0,0.0,0.0
S5,mid,2025,R::RC18,湖北,N078,武汉市,0.0,0.0,0.0,0.0,0.0,0.0
S5,mid,2025,R::RC19,湖南,N002,岳阳市,0.0,0.0,0.0,0.0,0.0,0.0
S5,mid,2025,R::RC20,甘肃,N018,兰州市,0.0,0.0,0.0,0.0,0.0,0.0
S5,mid,2025,R::RC21,甘肃,N033,庆阳市,0.0,0.0,0.0,0.0,0.0,0.0
S5,mid,2025,R::RC22,辽宁,N129,大连市,0.0,0.0,0.0,0.0,0.0,0.0
S5,mid,2025,R::RC23,辽宁,N129,盘锦市,0.0,0.0,0.0,0.0,0.0,0.0
S5,mid,2025,R::RC24,青海,N072,海西蒙古族藏族自治州,0.0,0.0,0.0,0.0,0.0,0.0
S5,mid,2030,R::RC01,上海,N116,上海市,14.04687564197382,0.0,0.0,0.0,14.04687564197382,0.0
S5,mid,2030,R::RC02,北京,N036,北京市,12.526061766890436,0.1228314678477769,11.9282,12.051031467847777,0.4750302990426593,96.20766440495859
S5,mid,2030,R::RC03,四川,N057,成都市,27.072067632923005,8.269285036201257,18.8027,27.07198503620126,8.259672174659727e-05,99.99969490057846
S5,mid,2030,R::RC04,天津,N028,天津市,3.3946323328374577,1.0835884633650443,0.0,1.0835884633650443,2.3110438694724134,31.920642859702852
S5,mid,2030,R::RC05,宁夏,N139,银川市,2.66776989335368,2.66776989335368,0.0,2.66776989335368,0.0,99.99999999999999
S5,mid,2030,R::RC06,山东,N091,东营市,4.4115587752574,4.411558775257401,0.0,4.4115587752574,0.0,100.0
S5,mid,2030,R::RC07,山东,N089,济南市,2.9178348352126675,2.9178348352126675,0.0,2.9178348352126675,0.0,100.0
S5,mid,2030,R::RC08,广东,N026,广州市,10.077443700132502,1.08954415084426,0.0,1.08954415084426,8.987899549288242,10.811711613233168
S5,mid,2030,R::RC09,广东,N056,惠州市,11.860405435182912,1.2823128318122088,0.0,1.2823128318122088,10.578092603370704,10.811711613233168
S5,mid,2030,R::RC10,广东,N117,茂名市,12.238826472955996,1.323226623100039,0.0,1.323226623100039,10.915599849855957,10.81171161323317
S5,mid,2030,R::RC11,新疆,N102,乌鲁木齐市,7.24960950434173,7.249609504341729,0.0,7.249609504341729,8.881784197001252e-16,99.99999999999999
S5,mid,2030,R::RC12,江苏,N007,连云港市,0.8483715271420715,0.3995234695798901,0.4488,0.8483234695798901,4.805756218140278e-05,99.9943353164688
S5,mid,2030,R::RC13,江西,N010,九江市,1.2910820927734052,0.9725663047003844,0.0,0.9725663047003844,0.3185157880730209,75.32954799266024
S5,mid,2030,R::RC14,河北,N084,沧州市,1.4255222126203666,1.4255222126203666,0.0,1.4255222126203666,0.0,100.0
S5,mid,2030,R::RC15,河南,N088,洛阳市,6.213713514454232,6.213713514454232,0.0,6.213713514454232,0.0,100.0
S5,mid,2030,R::RC16,浙江,N043,宁波市,9.592177696311085,0.1941310662006238,0.0,0.1941310662006238,9.39804663011046,2.023847684507365
S5,mid,2030,R::RC17,浙江,N043,舟山市,0.0820593121816061,0.0016607554895101,0.0,0.0016607554895101,0.080398556692096,2.0238476845073587
S5,mid,2030,R::RC18,湖北,N078,武汉市,3.513489433890302,3.513489433890302,0.0,3.513489433890302,0.0,100.0
S5,mid,2030,R::RC19,湖南,N002,岳阳市,3.334884316895024,3.334884316895024,0.0,3.334884316895024,0.0,100.0
S5,mid,2030,R::RC20,甘肃,N018,兰州市,3.4117270137220954,3.4117270137220954,0.0,3.4117270137220954,0.0,100.0
S5,mid,2030,R::RC21,甘肃,N033,庆阳市,5.083556802315729,5.083556802315729,0.0,5.083556802315729,0.0,100.0
S5,mid,2030,R::RC22,辽宁,N129,大连市,3.0981334466769224,3.0981334466769224,0.0,3.0981334466769224,0.0,100.00000000000001
S5,mid,2030,R::RC23,辽宁,N129,盘锦市,14.172073411499444,14.172073411499444,0.0,14.172073411499444,0.0,100.0
S5,mid,2030,R::RC24,青海,N072,海西蒙古族藏族自治州,1.470123228456122,1.470123228456122,0.0,1.470123228456122,0.0,100.0
S5,mid,2035,R::RC01,上海,N116,上海市,25.659702726938946,0.0,0.0,0.0,25.659702726938946,0.0
S5,mid,2035,R::RC02,北京,N036,北京市,22.88160224877737,0.1701606913171734,0.0,0.1701606913171734,22.71144155746019,0.7436572381038814
S5,mid,2035,R::RC03,四川,N057,成都市,49.453075927336855,12.337288820218264,37.1157,49.45298882021826,8.710711859549747e-05,99.99982385904828
S5,mid,2035,R::RC04,天津,N028,天津市,6.201041338159429,1.5111849148651852,0.0,1.5111849148651852,4.689856423294244,24.369857132959055
S5,mid,2035,R::RC05,宁夏,N139,银川市,4.873267490372264,4.873267490372264,0.0,4.873267490372264,0.0,100.0
S5,mid,2035,R::RC06,山东,N091,东营市,8.05868077861173,7.596528112941344,0.0,7.596528112941344,0.462152665670386,94.26515730841491
S5,mid,2035,R::RC07,山东,N089,济南市,5.330066015117319,5.024395113792703,0.3056,5.329995113792703,7.09013246158463e-05,99.9986697852444
S5,mid,2035,R::RC08,广东,N026,广州市,18.408663690321404,1.5129782702707488,0.0,1.5129782702707488,16.895685420050654,8.218838128191873
S5,mid,2035,R::RC09,广东,N056,惠州市,21.665634796279893,1.7806634533514578,0.0,1.7806634533514578,19.884971342928434,8.218838128191875
S5,mid,2035,R::RC10,广东,N117,茂名市,22.356903914222524,1.8374777431853424,0.0,1.8374777431853424,20.519426171037185,8.218838128191875
S5,mid,2035,R::RC11,新疆,N102,乌鲁木齐市,13.243003605153344,13.243003605153344,0.0,13.243003605153344,0.0,100.0
S5,mid,2035,R::RC12,江苏,N007,连云港市,1.5497368769619055,0.5160716419625798,1.0336,1.54967164196258,6.523499932553634e-05,99.99579057578772
S5,mid,2035,R::RC13,江西,N010,九江市,2.35844493402126,1.234184818926763,0.0,1.234184818926763,1.1242601150944969,52.330448810709335
S5,mid,2035,R::RC14,河北,N084,沧州市,2.6040293328422304,2.6040293328422304,0.0,2.6040293328422304,0.0,100.0
S5,mid,2035,R::RC15,河南,N088,洛阳市,11.350712120980546,8.779082025874368,0.0,8.779082025874368,2.571630095106178,77.34388761077993
S5,mid,2035,R::RC16,浙江,N043,宁波市,17.522218781224346,0.2631933665627384,0.0,0.2631933665627384,17.259025414661608,1.5020550185388568
S5,mid,2035,R::RC17,浙江,N043,舟山市,0.1498993520142831,0.0022515707396877,0.0,0.0022515707396877,0.1476477812745954,1.5020550185388126
S5,mid,2035,R::RC18,湖北,N078,武汉市,6.418159931484797,5.14839804590344,1.2697,6.418098045903441,6.18855813563357e-05,99.9990357737729
S5,mid,2035,R::RC19,湖南,N002,岳阳市,6.091898467767232,5.902250228781199,0.0,5.902250228781199,0.1896482389860327,96.88687787576438
S5,mid,2035,R::RC20,甘肃,N018,兰州市,6.232268526389171,6.232268526389171,0.0,6.232268526389171,0.0,100.0
S5,mid,2035,R::RC21,甘肃,N033,庆阳市,9.286232730156112,9.286232730156112,0.0,9.286232730156112,0.0,100.0
S5,mid,2035,R::RC22,辽宁,N129,大连市,5.65942101833443,5.65942101833443,0.0,5.65942101833443,0.0,100.0
S5,mid,2035,R::RC23,辽宁,N129,盘锦市,25.888403943493028,25.888403943493028,0.0,25.888403943493028,0.0,100.0
S5,mid,2035,R::RC24,青海,N072,海西蒙古族藏族自治州,2.685502881610984,2.685502881610984,0.0,2.685502881610984,0.0,100.0
S5,mid,2040,R::RC01,上海,N116,上海市,36.72403276302699,0.0,0.0,0.0,36.72403276302699,0.0
S5,mid,2040,R::RC02,北京,N036,北京市,32.74802984262381,0.2181150346377942,0.0,0.2181150346377942,32.52991480798601,0.6660401730607394
S5,mid,2040,R::RC03,四川,N057,成都市,70.77698443798894,15.852478233621657,54.9245,70.77697823362166,6.204367281270606e-06,99.99999123391972
S5,mid,2040,R::RC04,天津,N028,天津市,8.874898033342031,1.7523260343506173,0.0,1.7523260343506173,7.122571998991414,19.744745548256645
S5,mid,2040,R::RC05,宁夏,N139,银川市,6.974595024888465,6.974595024888465,0.0,6.974595024888465,0.0,100.0
S5,mid,2040,R::RC06,山东,N091,东营市,11.533541915503626,9.272056518345051,0.0,9.272056518345051,2.261485397158575,80.39209972334137
S5,mid,2040,R::RC07,山东,N089,济南市,7.628362691932713,6.1326009425567145,1.4957,7.628300942556715,6.174937599823238e-05,99.99919052910182
S5,mid,2040,R::RC08,广东,N026,广州市,26.3463834979337,1.9223850059312184,0.0,1.9223850059312184,24.42399849200248,7.296580215960144
S5,mid,2040,R::RC09,广东,N056,惠州市,31.007743564193536,2.2625048823206004,0.0,2.2625048823206004,28.745238681872934,7.296580215960144
S5,mid,2040,R::RC10,广东,N117,茂名市,31.997084321783145,2.334692924307314,0.0,2.334692924307314,29.66239139747583,7.296580215960143
S5,mid,2040,R::RC11,新疆,N102,乌鲁木齐市,18.953317715795414,18.953317715795414,0.0,18.953317715795414,0.0,100.0
S5,mid,2040,R::RC12,江苏,N007,连云港市,2.217975338579049,0.621458452720296,1.5965,2.217958452720296,1.6885858752591076e-05,99.99923868140193
S5,mid,2040,R::RC13,江西,N010,九江市,3.375394093551295,1.4560875602417798,0.0,1.4560875602417798,1.9193065333095156,43.13829792567456
S5,mid,2040,R::RC14,河北,N084,沧州市,3.7268732047617754,3.7268732047617754,0.0,3.7268732047617754,0.0,100.0
S5,mid,2040,R::RC15,河南,N088,洛阳市,16.24508000932341,10.79979135572444,0.0,10.79979135572444,5.445288653598968,66.48038267294591
S5,mid,2040,R::RC16,浙江,N043,宁波市,25.07770816561498,0.3371082198853197,0.0,0.3371082198853197,24.74059994572966,1.3442544974964732
S5,mid,2040,R::RC17,浙江,N043,舟山市,0.2145351710855831,0.0028838986860297,0.0,0.0028838986860297,0.2116512723995534,1.3442544974964714
S5,mid,2040,R::RC18,湖北,N078,武汉市,9.185637032136908,5.664610729051368,3.521,9.185610729051367,2.630308553897009e-05,99.99971364984869
S5,mid,2040,R::RC19,湖南,N002,岳阳市,8.718693326265443,7.1775988793107945,0.0,7.1775988793107945,1.5410944469546486,82.32424986996578
S5,mid,2040,R::RC20,甘肃,N018,兰州市,8.919590222329953,8.919590222329953,0.0,8.919590222329953,0.0,100.0
S5,mid,2040,R::RC21,甘肃,N033,庆阳市,13.290407868572736,13.290407868572736,0.0,13.290407868572736,0.0,100.0
S5,mid,2040,R::RC22,辽宁,N129,大连市,8.09973385540741,8.09973385540741,0.0,8.09973385540741,0.0,100.0
S5,mid,2040,R::RC23,辽宁,N129,盘锦市,37.05134875179949,37.05134875179949,0.0,37.05134875179949,0.0,100.0
S5,mid,2040,R::RC24,青海,N072,海西蒙古族藏族自治州,3.8434777229880353,3.8434777229880353,0.0,3.8434777229880353,0.0,100.0
S5,mid,2045,R::RC01,上海,N116,上海市,46.976765539801015,0.0,0.0,0.0,46.976765539801015,0.0
S5,mid,2045,R::RC02,北京,N036,北京市,41.89072942327216,0.2448537602858101,0.0,0.2448537602858101,41.64587566298635,0.5845058409266632
S5,mid,2045,R::RC03,四川,N057,成都市,90.53672904096108,18.17520822525352,72.3615,90.53670822525352,2.081570755763096e-05,99.99997700854915
S5,mid,2045,R::RC04,天津,N028,天津市,11.3526204159607,1.829833574735407,0.0,1.829833574735407,9.522786841225292,16.118160457147283
S5,mid,2045,R::RC05,宁夏,N139,银川市,8.921784743344237,8.921784743344237,0.0,8.921784743344237,0.0,100.0
S5,mid,2045,R::RC06,山东,N091,东营市,14.753512989825104,10.006388303170969,0.0,10.006388303170969,4.7471246866541374,67.82376719410466
S5,mid,2045,R::RC07,山东,N089,济南市,9.758073356046935,6.618292955635228,3.1397,9.757992955635228,8.040041170787049e-05,99.99917606264296
S5,mid,2045,R::RC08,广东,N026,广州市,33.70185100287169,2.1420483632695784,0.0,2.1420483632695784,31.559802639602115,6.355877494939542
S5,mid,2045,R::RC09,广东,N056,惠州市,39.66458446251885,2.521032397314522,0.0,2.521032397314522,37.14355206520433,6.355877494939542
S5,mid,2045,R::RC10,广东,N117,茂名市,40.93013253312855,2.601469082322045,0.0,2.601469082322045,38.3286634508065,6.355877494939541
S5,mid,2045,R::RC11,新疆,N102,乌鲁木齐市,24.244765499519985,24.244765499519985,0.0,24.244765499519985,0.0,100.0
S5,mid,2045,R::RC12,江苏,N007,连云港市,2.837196778627985,0.6666040253822283,0.0,0.6666040253822283,2.1705927532457565,23.495163620782957
S5,mid,2045,R::RC13,江西,N010,九江市,4.317747398832203,1.5455122916711497,0.0,1.5455122916711497,2.772235107161053,35.79441196789687
S5,mid,2045,R::RC14,河北,N084,沧州市,4.767353571063255,4.767353571063255,0.0,4.767353571063255,0.0,100.0
S5,mid,2045,R::RC15,河南,N088,洛阳市,20.780433339053367,11.74469224573278,0.0,11.74469224573278,9.035741093320588,56.51803335429289
S5,mid,2045,R::RC16,浙江,N043,宁波市,32.07898283866321,0.3757637736501172,0.0,0.3757637736501172,31.70321906501309,1.1713705996850616
S5,mid,2045,R::RC17,浙江,N043,舟山市,0.2744297854530571,0.0032145898235759,0.0,0.0032145898235759,0.2712151956294812,1.1713705996850607
S5,mid,2045,R::RC18,湖北,N078,武汉市,11.75011252105314,5.739721352964547,6.0103,11.750021352964549,9.116808859310764e-05,99.99922410880382
S5,mid,2045,R::RC19,湖南,N002,岳阳市,11.152805979787502,7.768646212339252,0.0,7.768646212339252,3.3841597674482493,69.65642750728881
S5,mid,2045,R::RC20,甘肃,N018,兰州市,11.409789913033466,11.409789913033466,0.0,11.409789913033466,0.0,100.00000000000001
S5,mid,2045,R::RC21,甘肃,N033,庆阳市,17.00086639174446,17.00086639174446,0.0,17.00086639174446,0.0,100.0
S5,mid,2045,R::RC22,辽宁,N129,大连市,10.361043426672392,10.361043426672392,0.0,10.361043426672392,0.0,100.0
S5,mid,2045,R::RC23,辽宁,N129,盘锦市,47.395462651886,47.395462651886,0.0,47.395462651886,0.0,100.0
S5,mid,2045,R::RC24,青海,N072,海西蒙古族藏族自治州,4.916512111165401,4.916512111165401,0.0,4.916512111165401,0.0,100.0
S5,mid,2050,R::RC01,上海,N116,上海市,56.15480084682402,0.0,0.0,0.0,56.15480084682402,0.0
S5,mid,2050,R::RC02,北京,N036,北京市,50.075085865564745,0.2449499763633128,0.0,0.2449499763633128,49.83013588920143,0.48916536463047416
S5,mid,2050,R::RC03,四川,N057,成都市,108.22524561233494,18.79500825284951,89.4302,108.22520825284953,3.735948543237555e-05,99.99996547987931
S5,mid,2050,R::RC04,天津,N028,天津市,13.570626483590845,1.7317866593210949,0.0,1.7317866593210949,11.83883982426975,12.76128748672815
S5,mid,2050,R::RC05,宁夏,N139,银川市,10.664868892181516,10.664868892181516,0.0,10.664868892181516,0.0,100.0
S5,mid,2050,R::RC06,山东,N091,东营市,17.635964805468152,9.678131648191806,0.0,9.678131648191806,7.957833157276346,54.877245191547644
S5,mid,2050,R::RC07,山东,N089,济南市,11.664546497848058,6.401181782106162,5.2633,11.66448178210616,6.471574189603757e-05,99.99944519281645
S5,mid,2050,R::RC08,广东,N026,广州市,40.28631408503763,2.131245438179767,0.0,2.131245438179767,38.15506864685786,5.290246791208216
S5,mid,2050,R::RC09,广东,N056,惠州市,47.4140102148508,2.5083181539742805,0.0,2.5083181539742805,44.90569206087652,5.290246791208217
S5,mid,2050,R::RC10,广东,N117,茂名市,48.92681338574938,2.5883491751800385,0.0,2.5883491751800385,46.33846421056934,5.290246791208217
S5,mid,2050,R::RC11,新疆,N102,乌鲁木齐市,28.98156061957903,28.98156061957903,0.0,28.98156061957903,0.0,100.0
S5,mid,2050,R::RC12,江苏,N007,连云港市,3.3915110637431933,0.6459324556389402,0.0,0.6459324556389402,2.745578608104253,19.045565339422122
S5,mid,2050,R::RC13,江西,N010,九江市,5.161322677332668,1.4909629231831427,0.0,1.4909629231831427,3.670359754149525,28.8872255503634
S5,mid,2050,R::RC14,河北,N084,沧州市,5.698770174430922,5.698770174430922,0.0,5.698770174430922,0.0,100.0
S5,mid,2050,R::RC15,河南,N088,洛阳市,24.84038826974095,11.478135299846985,0.0,11.478135299846985,13.362252969893964,46.20755189172688
S5,mid,2050,R::RC16,浙江,N043,宁波市,38.34637978954922,0.372987763572546,0.0,0.372987763572546,37.97339202597667,0.9726805127878034
S5,mid,2050,R::RC17,浙江,N043,舟山市,0.3280462111742558,0.0031908415690307,0.0,0.0031908415690307,0.3248553696052251,0.9726805127877999
S5,mid,2050,R::RC18,湖北,N078,武汉市,14.045778183439982,5.358709830318606,8.687,14.045709830318604,6.835312137631888e-05,99.99951335468576
S5,mid,2050,R::RC19,湖南,N002,岳阳市,13.33177351573124,7.594373960313465,0.0,7.594373960313465,5.737399555417774,56.96446876593162
S5,mid,2050,R::RC20,甘肃,N018,兰州市,13.63896540998871,13.63896540998871,0.0,13.63896540998871,0.0,99.99999999999999
S5,mid,2050,R::RC21,甘肃,N033,庆阳市,20.322392473850115,20.322392473850115,0.0,20.322392473850115,0.0,100.0
S5,mid,2050,R::RC22,辽宁,N129,大连市,12.3853212009059,12.3853212009059,0.0,12.3853212009059,0.0,100.0
S5,mid,2050,R::RC23,辽宁,N129,盘锦市,56.65530045921968,56.65530045921968,0.0,56.65530045921968,0.0,100.0
S5,mid,2050,R::RC24,青海,N072,海西蒙古族藏族自治州,5.877070404721203,5.877070404721203,0.0,5.877070404721203,0.0,100.0
S5,mid,2055,R::RC01,上海,N116,上海市,63.995038473659015,0.0,0.0,0.0,63.995038473659015,0.0
S5,mid,2055,R::RC02,北京,N036,北京市,57.06648404434395,0.2371114874712358,0.0,0.2371114874712358,56.82937255687271,0.41550043154399785
S5,mid,2055,R::RC03,四川,N057,成都市,123.33547002819232,18.98593460231464,104.3495,123.33543460231463,3.5425877669581496e-05,99.99997127681301
S5,mid,2055,R::RC04,天津,N028,天津市,15.465334233807896,1.6033708055346856,0.0,1.6033708055346856,13.86196342827321,10.367514735178803
S5,mid,2055,R::RC05,宁夏,N139,银川市,12.153879717842251,12.153879717842251,0.0,12.153879717842251,0.0,100.0
S5,mid,2055,R::RC06,山东,N091,东营市,20.09826816632478,9.088716914837082,0.0,9.088716914837082,11.009551251487697,45.22139340376345
S5,mid,2055,R::RC07,山东,N089,济南市,13.293130607724162,6.011338887795034,0.0,6.011338887795034,7.281791719929128,45.22139340376345
S5,mid,2055,R::RC08,广东,N026,广州市,45.9110206243338,2.0558329253112397,0.0,2.0558329253112397,43.855187699022565,4.477863696677667
S5,mid,2055,R::RC09,广东,N056,惠州市,54.03387354478436,2.419563207370616,0.0,2.419563207370616,51.61431033741374,4.477863696677665
S5,mid,2055,R::RC10,广东,N117,茂名市,55.75789171713628,2.4967623912344887,0.0,2.4967623912344887,53.26112932590179,4.477863696677666
S5,mid,2055,R::RC11,新疆,N102,乌鲁木齐市,33.02791673922458,33.02791673922458,0.0,33.02791673922458,0.0,100.0
S5,mid,2055,R::RC12,江苏,N007,连云港市,3.865028060559156,0.6122767706936342,0.0,0.6122767706936342,3.2527512898655218,15.841457321918012
S5,mid,2055,R::RC13,江西,N010,九江市,5.881937756521378,1.4131298430912256,0.0,1.4131298430912256,4.468807913430152,24.02490304363508
S5,mid,2055,R::RC14,河北,N084,沧州市,6.494422757549029,6.494422757549029,0.0,6.494422757549029,0.0,100.0
S5,mid,2055,R::RC15,河南,N088,洛阳市,28.308560960956694,10.931956116662002,0.0,10.931956116662002,17.37660484429469,38.61713822804137
S5,mid,2055,R::RC16,浙江,N043,宁波市,43.70023600745321,0.3586031445748553,0.0,0.3586031445748553,43.34163286287836,0.8205977297552681
S5,mid,2055,R::RC17,浙江,N043,舟山市,0.3738474643067299,0.0030677838048486,0.0,0.0030677838048486,0.3707796805018812,0.8205977297552516
S5,mid,2055,R::RC18,湖北,N078,武汉市,16.006825804503936,4.95883322060156,11.0479,16.00673322060156,9.258390237576464e-05,99.99942159736412
S5,mid,2055,R::RC19,湖南,N002,岳阳市,15.193133021494496,7.264255684566254,0.0,7.264255684566254,7.928877336928243,47.812756422846704
S5,mid,2055,R::RC20,甘肃,N018,兰州市,15.543214524684709,15.543214524684709,0.0,15.543214524684709,0.0,100.0
S5,mid,2055,R::RC21,甘肃,N033,庆阳市,23.15977028906856,23.15977028906856,0.0,23.15977028906856,0.0,100.0
S5,mid,2055,R::RC22,辽宁,N129,大连市,14.114538646884462,13.511803676985044,0.0,13.511803676985044,0.6027349698994193,95.72968706254908
S5,mid,2055,R::RC23,辽宁,N129,盘锦市,64.56541698926769,61.80827163445584,0.0,61.80827163445584,2.757145354811847,95.72968706254906
S5,mid,2055,R::RC24,青海,N072,海西蒙古族藏族自治州,6.697616962233563,6.697616962233563,0.0,6.697616962233563,0.0,100.0
S5,mid,2060,R::RC01,上海,N116,上海市,70.23437820986909,0.0,0.0,0.0,70.23437820986909,0.0
S5,mid,2060,R::RC02,北京,N036,北京市,62.63030883445218,0.2228091258968998,0.0,0.2228091258968998,62.40749970855528,0.35575287754981527
S5,mid,2060,R::RC03,四川,N057,成都市,135.36033816461503,18.78183158796408,116.5785,135.36033158796408,6.576650946499285e-06,99.99999514137521
S5,mid,2060,R::RC04,天津,N028,天津市,16.973161664187288,1.4517469489113533,0.0,1.4517469489113533,15.521414715275936,8.553191076795567
S5,mid,2060,R::RC05,宁夏,N139,银川市,13.3388494667684,13.3388494667684,0.0,13.3388494667684,0.0,100.0
S5,mid,2060,R::RC06,山东,N091,东营市,22.057793876287,8.302670289305587,0.0,8.302670289305587,13.75512358698141,37.64052894805262
S5,mid,2060,R::RC07,山东,N089,济南市,14.589174176063336,5.491442329022938,0.0,5.491442329022938,9.097731847040398,37.64052894805262
S5,mid,2060,R::RC08,广东,N026,广州市,50.387218500662506,1.92835941830316,0.0,1.92835941830316,48.45885908235935,3.827080509073557
S5,mid,2060,R::RC09,广东,N056,惠州市,59.30202717591455,2.269536323534929,0.0,2.269536323534929,57.03249085237962,3.827080509073556
S5,mid,2060,R::RC10,广东,N117,茂名市,61.194132364779975,2.341948712429168,0.0,2.341948712429168,58.85218365235081,3.8270805090735576
S5,mid,2060,R::RC11,新疆,N102,乌鲁木齐市,36.24804752170865,36.24804752170865,0.0,36.24804752170865,0.0,100.0
S5,mid,2060,R::RC12,江苏,N007,连云港市,4.241857635710358,0.5683264250463798,0.0,0.5683264250463798,3.673531210663978,13.39805514126373
S5,mid,2060,R::RC13,江西,N010,九江市,6.455410463867027,1.3160147573576737,0.0,1.3160147573576737,5.139395706509354,20.386228958233165
S5,mid,2060,R::RC14,河北,N084,沧州市,7.127611063101834,7.127611063101835,0.0,7.127611063101834,0.0,100.0
S5,mid,2060,R::RC15,河南,N088,洛阳市,31.06856757227116,10.166356794549458,0.0,10.166356794549458,20.902210777721702,32.72232223420232
S5,mid,2060,R::RC16,浙江,N043,宁波市,47.96088848155542,0.3351595363806992,0.0,0.3351595363806992,47.62572894517472,0.6988184476807457
S5,mid,2060,R::RC17,浙江,N043,舟山市,0.4102965609080307,0.0028672280578249,0.0,0.0028672280578249,0.4074293328502057,0.6988184476807249
S5,mid,2060,R::RC18,湖北,N078,武汉市,17.567447169451512,4.536560647520984,13.030799999999996,17.56736064752098,8.652193053038104e-05,99.99950748717389
S5,mid,2060,R::RC19,湖南,N002,岳阳市,16.67442158447512,6.808109710266565,0.0,6.808109710266565,9.866311874208556,40.829660421956234
S5,mid,2060,R::RC20,甘肃,N018,兰州市,17.058635068610478,17.058635068610478,0.0,17.058635068610478,0.0,100.0
S5,mid,2060,R::RC21,甘肃,N033,庆阳市,25.417784011578643,25.417784011578647,0.0,25.417784011578643,0.0,100.0
S5,mid,2060,R::RC22,辽宁,N129,大连市,15.490667233384611,12.985455779941008,0.0,12.985455779941008,2.505211453443604,83.82760783832143
S5,mid,2060,R::RC23,辽宁,N129,盘锦市,70.86036705749721,59.40055060975387,0.0,59.40055060975387,11.459816447743345,83.82760783832143
S5,mid,2060,R::RC24,青海,N072,海西蒙古族藏族自治州,7.350616142280609,7.350616142280608,0.0,7.350616142280608,8.881784197001252e-16,100.0
S6,high,2025,R::RC01,上海,N116,上海市,2.2405633740037256,0.0,0.0,0.0,2.2405633740037256,0.0
S6,high,2025,R::RC02,北京,N036,北京市,1.997984173187956,0.0495679703918437,1.9484,1.997967970391844,1.620279611258546e-05,99.9991890428198
S6,high,2025,R::RC03,四川,N057,成都市,4.318161898979818,4.187116277042468,0.131,4.318116277042468,4.562193734969355e-05,99.99894348710362
S6,high,2025,R::RC04,天津,N028,天津市,0.5414648116081476,0.5414648116081476,0.0,0.5414648116081476,0.0,100.0
S6,high,2025,R::RC05,宁夏,N139,银川市,0.4255257657053031,0.4255257657053031,0.0,0.4255257657053031,0.0,99.99999999999999
S6,high,2025,R::RC06,山东,N091,东营市,0.703670856497847,0.703670856497847,0.0,0.703670856497847,0.0,100.0
S6,high,2025,R::RC07,山东,N089,济南市,0.4654126675425638,0.4654126675425638,0.0,0.4654126675425638,0.0,100.0
S6,high,2025,R::RC08,广东,N026,广州市,1.6074144766137275,0.526305343150239,0.0,0.526305343150239,1.0811091334634884,32.742354309199975
S6,high,2025,R::RC09,广东,N056,惠州市,1.891807879290904,0.61942243868679,0.0,0.61942243868679,1.272385440604114,32.742354309199975
S6,high,2025,R::RC10,广东,N117,茂名市,1.952168370748043,0.6391858846624608,0.0,0.6391858846624608,1.3129824860855823,32.742354309199975
S6,high,2025,R::RC11,新疆,N102,乌鲁木齐市,1.1563574666184588,1.1563574666184588,0.0,1.1563574666184588,0.0,100.0
S6,high,2025,R::RC12,江苏,N007,连云港市,0.1353204954404391,0.1353204954404391,0.0,0.1353204954404391,0.0,100.0
S6,high,2025,R::RC13,江西,N010,九江市,0.2059355634399061,0.2059355634399061,0.0,0.2059355634399061,0.0,100.0
S6,high,2025,R::RC14,河北,N084,沧州市,0.2273795924327795,0.2273795924327795,0.0,0.2273795924327795,0.0,100.0
S6,high,2025,R::RC15,河南,N088,洛阳市,0.9911256618117122,0.9911256618117124,0.0,0.9911256618117122,0.0,100.0
S6,high,2025,R::RC16,浙江,N043,宁波市,1.530011553535052,0.0960744790495881,0.0,0.0960744790495881,1.4339370744854638,6.279330298363467
S6,high,2025,R::RC17,浙江,N043,舟山市,0.0130889668319302,0.0008218994600201,0.0,0.0008218994600201,0.0122670673719101,6.279330298363178
S6,high,2025,R::RC18,湖北,N078,武汉市,0.5604232529118853,0.5604232529118853,0.0,0.5604232529118853,0.0,100.0
S6,high,2025,R::RC19,湖南,N002,岳阳市,0.5319346342504162,0.5319346342504162,0.0,0.5319346342504162,0.0,100.0
S6,high,2025,R::RC20,甘肃,N018,兰州市,0.5441915187319689,0.5441915187319689,0.0,0.5441915187319689,0.0,100.0
S6,high,2025,R::RC21,甘肃,N033,庆阳市,0.8108586899496201,0.8108586899496201,0.0,0.8108586899496201,0.0,100.00000000000001
S6,high,2025,R::RC22,辽宁,N129,大连市,0.4941714090255042,0.4941714090255041,0.0,0.4941714090255041,5.551115123125783e-17,99.99999999999997
S6,high,2025,R::RC23,辽宁,N129,盘锦市,2.2605331910688005,2.2605331910688005,0.0,2.2605331910688005,0.0,100.0
S6,high,2025,R::RC24,青海,N072,海西蒙古族藏族自治州,0.234493729773495,0.2344937297734949,0.0,0.2344937297734949,2.775557561562892e-17,99.99999999999996
S6,high,2030,R::RC01,上海,N116,上海市,21.41801698965403,0.0,0.0,0.0,21.41801698965403,0.0
S6,high,2030,R::RC02,北京,N036,北京市,19.09915133975065,0.0840727473261075,0.0,0.0840727473261075,19.015078592424548,0.4401910107446958
S6,high,2030,R::RC03,四川,N057,成都市,41.27821867906365,7.39479552562895,33.8834,41.27819552562895,2.315343469661002e-05,99.9999439088327
S6,high,2030,R::RC04,天津,N028,天津市,5.1759761267542,0.9880963710070676,0.0,0.9880963710070676,4.187879755747133,19.090048848944217
S6,high,2030,R::RC05,宁夏,N139,银川市,4.067690378748719,4.067690378748719,0.0,4.067690378748719,0.0,100.0
S6,high,2030,R::RC06,山东,N091,东营市,6.726537858495866,5.170221337615262,0.0,5.170221337615262,1.5563165208806042,76.8630378120162
S6,high,2030,R::RC07,山东,N089,济南市,4.448977670653586,3.4196193892426225,1.0293,4.448919389242622,5.828141096397843e-05,99.99869000441723
S6,high,2030,R::RC08,广东,N026,广州市,15.365613384998328,0.8950198925469989,0.0,0.8950198925469989,14.470593492451329,5.824823715926758
S6,high,2030,R::RC09,广东,N056,惠州市,18.08418979348476,1.053372175924106,0.0,1.053372175924106,17.03081761756065,5.824823715926755
S6,high,2030,R::RC10,广东,N117,茂名市,18.661188438795435,1.0869813298567388,0.0,1.0869813298567388,17.574207108938698,5.824823715926758
S6,high,2030,R::RC11,新疆,N102,乌鲁木齐市,11.053864467083027,11.053864467083027,0.0,11.053864467083027,0.0,99.99999999999999
S6,high,2030,R::RC12,江苏,N007,连云港市,1.2935571044405128,0.2703387934348845,1.0232,1.2935387934348843,1.8311005628213195e-05,99.99858444551343
S6,high,2030,R::RC13,江西,N010,九江市,1.968581405777524,0.5842403363242482,0.0,0.5842403363242482,1.3843410694532756,29.678241123764593
S6,high,2030,R::RC14,河北,N084,沧州市,2.17356939345282,2.17356939345282,0.0,2.17356939345282,0.0,100.0
S6,high,2030,R::RC15,河南,N088,洛阳市,9.47437885929222,4.074538936412313,0.0,4.074538936412313,5.3998399228799085,43.00586874268927
S6,high,2030,R::RC16,浙江,N043,宁波市,14.625702547937042,0.1602610740693243,0.0,0.1602610740693243,14.465441473867717,1.0957495788257305
S6,high,2030,R::RC17,浙江,N043,舟山市,0.125120189518386,0.0013710039496736,0.0,0.0013710039496736,0.1237491855687123,1.0957495788256741
S6,high,2030,R::RC18,湖北,N078,武汉市,5.357203858427429,2.493608480231083,2.8635,5.357108480231083,9.537819634619638e-05,99.99821962727448
S6,high,2030,R::RC19,湖南,N002,岳阳市,5.084875155038517,2.8258619146316257,0.0,2.8258619146316257,2.259013240406892,55.57387012405853
S6,high,2030,R::RC20,甘肃,N018,兰州市,5.202041294194412,5.202041294194412,0.0,5.202041294194412,0.0,99.99999999999999
S6,high,2030,R::RC21,甘肃,N033,庆阳市,7.751168924321038,7.751168924321038,0.0,7.751168924321038,0.0,100.0
S6,high,2030,R::RC22,辽宁,N129,大连市,4.7238885349609046,4.7238885349609046,0.0,4.7238885349609046,0.0,100.0
S6,high,2030,R::RC23,辽宁,N129,盘锦市,21.608912675151096,21.608912675151096,0.0,21.608912675151096,0.0,100.0
S6,high,2030,R::RC24,青海,N072,海西蒙古族藏族自治州,2.2415749300058434,2.2415749300058434,0.0,2.2415749300058434,0.0,100.0
S6,high,2035,R::RC01,上海,N116,上海市,43.3337785612872,0.0,0.0,0.0,43.3337785612872,0.0
S6,high,2035,R::RC02,北京,N036,北京市,38.64215792083167,0.1303112809441345,0.0,0.1303112809441345,38.51184663988754,0.33722568292151395
S6,high,2035,R::RC03,四川,N057,成都市,83.51572363151007,11.501321381724978,72.0144,83.51572138172497,2.249785097774293e-06,99.99999730615387
S6,high,2035,R::RC04,天津,N028,天津市,10.472239489940687,1.5394127717164636,0.0,1.5394127717164636,8.932826718224225,14.699938568012854
S6,high,2035,R::RC05,宁夏,N139,银川市,8.22991195747589,8.22991195747589,0.0,8.22991195747589,0.0,100.0
S6,high,2035,R::RC06,山东,N091,东营市,13.60939727449919,8.030944954963738,0.0,8.030944954963738,5.578452319535451,59.010291146484796
S6,high,2035,R::RC07,山东,N089,济南市,9.001347477562536,5.311721353616418,3.6896,9.001321353616419,2.612394611745117e-05,99.99970977738408
S6,high,2035,R::RC08,广东,N026,广州市,31.088316355594777,1.3875818018894732,0.0,1.3875818018894732,29.700734553705303,4.463354612125074
S6,high,2035,R::RC09,广东,N056,惠州市,36.5886476021428,1.6330810902644308,0.0,1.6330810902644308,34.95556651187837,4.463354612125073
S6,high,2035,R::RC10,广东,N117,茂名市,37.75605406830321,1.6851865806140478,0.0,1.6851865806140478,36.07086748768916,4.463354612125074
S6,high,2035,R::RC11,新疆,N102,乌鲁木齐市,22.364615514799556,22.364615514799556,0.0,22.364615514799556,0.0,100.0
S6,high,2035,R::RC12,江苏,N007,连云港市,2.617175864006564,0.4191564991847316,0.0,0.4191564991847316,2.198019364821832,16.015603114383616
S6,high,2035,R::RC13,江西,N010,九江市,3.982911712089769,0.9065251882990286,0.0,0.9065251882990286,3.07638652379074,22.760363619091862
S6,high,2035,R::RC14,河北,N084,沧州市,4.39765151129415,4.39765151129415,0.0,4.39765151129415,0.0,100.0
S6,high,2035,R::RC15,河南,N088,洛阳市,19.16893780094727,6.311565204908972,0.0,6.311565204908972,12.857372596038296,32.926003884247955
S6,high,2035,R::RC16,浙江,N043,宁波市,29.5912995036706,0.2480387676654092,0.0,0.2480387676654092,29.343260736005192,0.8382151910383039
S6,high,2035,R::RC17,浙江,N043,舟山市,0.2531481130468376,0.0021219259393854,0.0,0.0021219259393854,0.2510261871074522,0.8382151910382994
S6,high,2035,R::RC18,湖北,N078,武汉市,10.838906600032422,3.88722774058021,6.9516,10.83882774058021,7.885945221097757e-05,99.99927244089169
S6,high,2035,R::RC19,湖南,N002,岳阳市,10.287920403026506,4.379555661942333,0.0,4.379555661942333,5.908364741084173,42.56988283709847
S6,high,2035,R::RC20,甘肃,N018,兰州市,10.524975566980997,10.524975566980997,0.0,10.524975566980997,0.0,100.0
S6,high,2035,R::RC21,甘肃,N033,庆阳市,15.682471347366516,15.682471347366516,0.0,15.682471347366516,1.7763568394002505e-15,100.0
S6,high,2035,R::RC22,辽宁,N129,大连市,9.55755800460339,9.220583628098728,0.0,9.220583628098728,0.3369743765046618,96.4742628154351
S6,high,2035,R::RC23,辽宁,N129,盘锦市,43.720006257699566,42.17855373997775,0.0,42.17855373997775,1.5414525177218152,96.4742628154351
S6,high,2035,R::RC24,青海,N072,海西蒙古族藏族自治州,4.535243000896282,4.535243000896282,0.0,4.535243000896282,0.0,100.0
S6,high,2040,R::RC01,上海,N116,上海市,68.35205916709148,0.0,0.0,0.0,68.35205916709148,0.0
S6,high,2040,R::RC02,北京,N036,北京市,60.95178293333489,0.1848246774641178,0.0,0.1848246774641178,60.76695825587077,0.3032309615393319
S6,high,2040,R::RC03,四川,N057,成都市,131.73260843085524,15.37484825843067,116.3577,131.73254825843065,6.017242458256078e-05,99.99995432230084
S6,high,2040,R::RC04,天津,N028,天津市,16.51827181920033,1.9963727997765777,0.0,1.9963727997765777,14.521899019423753,12.085845430004703
S6,high,2040,R::RC05,宁夏,N139,银川市,12.98136113982662,12.98136113982662,0.0,12.98136113982662,0.0,100.0
S6,high,2040,R::RC06,山东,N091,东营市,21.46663315822764,10.982530133021736,0.0,10.982530133021736,10.484103025205904,51.16093451670319
S6,high,2040,R::RC07,山东,N089,济南市,14.198176475650223,7.263919769273367,6.9342,14.198119769273369,5.670637685817326e-05,99.99960060802913
S6,high,2040,R::RC08,广东,N026,广州市,49.03681399344261,1.960536032747609,0.0,1.960536032747609,47.076277960695,3.9980901553061328
S6,high,2040,R::RC09,广东,N056,惠州市,57.71270101010172,2.30740581744614,0.0,2.30740581744614,55.40529519265558,3.9980901553061328
S6,high,2040,R::RC10,广东,N117,茂名市,59.55409676409043,2.381026479806587,0.0,2.381026479806587,57.173070284283845,3.998090155306132
S6,high,2040,R::RC11,新疆,N102,乌鲁木齐市,35.27658038762597,35.27658038762597,0.0,35.27658038762597,0.0,100.0
S6,high,2040,R::RC12,江苏,N007,连云港市,4.128173573745852,0.5912727393309243,0.0,0.5912727393309243,3.5369008344149275,14.32286527609378
S6,high,2040,R::RC13,江西,N010,九江市,6.282401997717106,1.2629015096555205,0.0,1.2629015096555205,5.019500488061586,20.102207883456558
S6,high,2040,R::RC14,河北,N084,沧州市,6.93658726000787,6.93658726000787,0.0,6.93658726000787,0.0,100.0
S6,high,2040,R::RC15,河南,N088,洛阳市,30.23591328154247,9.044415820957092,0.0,9.044415820957092,21.191497460585374,29.912824979817163
S6,high,2040,R::RC16,浙江,N043,宁波市,46.67551092147217,0.3604179718985528,0.0,0.3604179718985528,46.31509294957361,0.7721778825408625
S6,high,2040,R::RC17,浙江,N043,舟山市,0.3993003927996494,0.0030833093180976,0.0,0.0030833093180976,0.3962170834815517,0.7721778825408426
S6,high,2040,R::RC18,湖北,N078,武汉市,17.09663015386922,4.987042979431752,12.1095,17.096542979431753,8.717443746775189e-05,99.99949010748503
S6,high,2040,R::RC19,湖南,N002,岳阳市,16.22753813400913,6.223071223421188,0.0,6.223071223421188,10.004466910587942,38.34883130164449
S6,high,2040,R::RC20,甘肃,N018,兰州市,16.60145449049684,16.60145449049684,0.0,16.60145449049684,0.0,100.0
S6,high,2040,R::RC21,甘肃,N033,庆阳市,24.73657375401449,24.73657375401449,0.0,24.73657375401449,0.0,100.0
S6,high,2040,R::RC22,辽宁,N129,大连市,15.075509035050423,13.131826650294975,0.0,13.131826650294975,1.943682384755446,87.1070198675454
S6,high,2040,R::RC23,辽宁,N129,盘锦市,68.96127117752833,60.07010818552149,0.0,60.07010818552149,8.891162992006848,87.10701986754545
S6,high,2040,R::RC24,青海,N072,海西蒙古族藏族自治州,7.153615683339845,7.153615683339846,0.0,7.153615683339845,0.0,100.0
S6,high,2045,R::RC01,上海,N116,上海市,95.95790054276216,0.0,0.0,0.0,95.95790054276216,0.0
S6,high,2045,R::RC02,北京,N036,北京市,85.5688211283168,0.2285596388357025,0.0,0.2285596388357025,85.3402614894811,0.26710621441536553
S6,high,2045,R::RC03,四川,N057,成都市,184.93641145682733,18.297066501412196,166.6393,184.93636650141215,4.495541514870638e-05,99.99997569142019
S6,high,2045,R::RC04,天津,N028,天津市,23.189625940753988,2.326003400895708,0.0,2.326003400895708,20.86362253985828,10.030361881809984
S6,high,2045,R::RC05,宁夏,N139,银川市,18.224237518873363,18.224237518873363,0.0,18.224237518873363,0.0,100.0
S6,high,2045,R::RC06,山东,N091,东营市,30.13651782676529,13.269851873944583,0.0,13.269851873944583,16.86666595282071,44.03246569568554
S6,high,2045,R::RC07,山东,N089,济南市,19.932496880722777,8.776769851297846,0.0,8.776769851297846,11.15572702942493,44.03246569568554
S6,high,2045,R::RC08,广东,N026,广州市,68.84166735363213,2.418719229537134,0.0,2.418719229537134,66.422948124095,3.5134524228073056
S6,high,2045,R::RC09,广东,N056,惠州市,81.02154772021571,2.846653531371896,0.0,2.846653531371896,78.17489418884381,3.513452422807306
S6,high,2045,R::RC10,广东,N117,茂名市,83.60664131906641,2.9374795650525525,0.0,2.9374795650525525,80.66916175401386,3.5134524228073056
S6,high,2045,R::RC11,新疆,N102,乌鲁木齐市,49.52398850266575,49.52398850266575,0.0,49.52398850266575,0.0,100.0
S6,high,2045,R::RC12,江苏,N007,连云港市,5.795448945355009,0.728719293853896,0.0,0.728719293853896,5.066729651501113,12.573992122524984
S6,high,2045,R::RC13,江西,N010,九江市,8.819721211220399,1.5442964258590726,0.0,1.5442964258590726,7.275424785361326,17.509583226898688
S6,high,2045,R::RC14,河北,N084,沧州市,9.738117015244118,9.738117015244118,0.0,9.738117015244118,0.0,100.0
S6,high,2045,R::RC15,河南,N088,洛阳市,42.447510650662565,11.255218032959792,0.0,11.255218032959792,31.192292617702773,26.515613896863723
S6,high,2045,R::RC16,浙江,N043,宁波市,65.52668770133587,0.4522811490295104,0.0,0.4522811490295104,65.07440655230636,0.6902243420130786
S6,high,2045,R::RC17,浙江,N043,舟山市,0.5605687355415052,0.0038691818664223,0.0,0.0038691818664223,0.5566995536750828,0.6902243420130627
S6,high,2045,R::RC18,湖北,N078,武汉市,24.00157004649872,5.765334004835794,18.2362,24.001534004835797,3.604166292703326e-05,99.999849836228
S6,high,2045,R::RC19,湖南,N002,岳阳市,22.781471535634918,7.704340659015639,0.0,7.704340659015639,15.077130876619275,33.81845043224912
S6,high,2045,R::RC20,甘肃,N018,兰州市,23.306404200201,23.306404200201,0.0,23.306404200201,0.0,100.0
S6,high,2045,R::RC21,甘肃,N033,庆阳市,34.72711302308857,34.72711302308857,0.0,34.72711302308857,0.0,100.0
S6,high,2045,R::RC22,辽宁,N129,大连市,21.16416409753698,16.28040766851282,0.0,16.28040766851282,4.88375642902416,76.92440671638661
S6,high,2045,R::RC23,辽宁,N129,盘锦市,96.8131594218553,74.47294850865175,0.0,74.47294850865175,22.34021091320355,76.92440671638663
S6,high,2045,R::RC24,青海,N072,海西蒙古族藏族自治州,10.042798280370784,10.042798280370784,0.0,10.042798280370784,0.0,100.0
S6,high,2050,R::RC01,上海,N116,上海市,125.4625647524634,0.0,0.0,0.0,125.4625647524634,0.0
S6,high,2050,R::RC02,北京,N036,北京市,111.87910219877324,0.2514928736826646,0.0,0.2514928736826646,111.62760932509056,0.22478985685444858
S6,high,2050,R::RC03,四川,N057,成都市,241.79975141442927,19.59825458821388,222.2014,241.79965458821388,9.68262153833166e-05,99.99995995603187
S6,high,2050,R::RC04,天津,N028,天津市,30.319858289112005,2.452758982762366,0.0,2.452758982762366,27.86709930634964,8.089612290975523
S6,high,2050,R::RC05,宁夏,N139,银川市,23.82773660994174,23.827736609941745,0.0,23.82773660994174,0.0,99.99999999999999
S6,high,2050,R::RC06,山东,N091,东营市,39.40274639053156,14.36869587499977,0.0,14.36869587499977,25.034050515531792,36.466229365302695
S6,high,2050,R::RC07,山东,N089,济南市,26.061243174672438,9.503552711525346,0.0,9.503552711525346,16.55769046314709,36.4662293653027
S6,high,2050,R::RC08,广东,N026,广州市,90.00876529362634,2.657123784132105,0.0,2.657123784132105,87.35164150949423,2.9520722514791125
S6,high,2050,R::RC09,广东,N056,惠州市,105.93365548532832,3.127238048559858,0.0,3.127238048559858,102.80641743676848,2.9520722514791125
S6,high,2050,R::RC10,广东,N117,茂名市,109.31360097394864,3.2270164814445392,0.0,3.2270164814445392,106.08658449250412,2.9520722514791133
S6,high,2050,R::RC11,新疆,N102,乌鲁木齐市,64.75138137841027,64.75138137841027,0.0,64.75138137841027,0.0,100.0
S6,high,2050,R::RC12,江苏,N007,连云港市,7.577405137705909,0.7999958064840579,0.0,0.7999958064840579,6.77740933122185,10.557648587419465
S6,high,2050,R::RC13,江西,N010,九江市,11.531565793983786,1.6862191234176542,0.0,1.6862191234176542,9.845346670566132,14.622638014148812
S6,high,2050,R::RC14,河北,N084,沧州市,12.732345431501685,12.732345431501685,0.0,12.732345431501685,0.0,100.0
S6,high,2050,R::RC15,河南,N088,洛阳市,55.49906285430216,12.43729448140537,0.0,12.43729448140537,43.06176837289679,22.409918008987173
S6,high,2050,R::RC16,浙江,N043,宁波市,85.6745119707957,0.5025748589213183,0.0,0.5025748589213183,85.17193711187439,0.5866095380766609
S6,high,2050,R::RC17,浙江,N043,舟山市,0.732929658561475,0.0042994352845143,0.0,0.0042994352845143,0.7286302232769607,0.5866095380766587
S6,high,2050,R::RC18,湖北,N078,武汉市,31.38145498272644,6.043730069946482,25.3377,31.38143006994648,2.491277995986252e-05,99.99992061305005
S6,high,2050,R::RC19,湖南,N002,岳阳市,29.78620657110224,8.483882814655143,0.0,8.483882814655143,21.302323756447095,28.48258906149524
S6,high,2050,R::RC20,甘肃,N018,兰州市,30.472542954519223,30.472542954519223,0.0,30.472542954519223,0.0,100.0
S6,high,2050,R::RC21,甘肃,N033,庆阳市,45.40483526297824,45.40483526297824,0.0,45.40483526297824,0.0,100.0
S6,high,2050,R::RC22,辽宁,N129,大连市,27.67161738116286,17.944726754971228,0.0,17.944726754971228,9.726890626191633,64.84885400008059
S6,high,2050,R::RC23,辽宁,N129,盘锦市,126.58079443330688,82.08619457419734,0.0,82.08619457419734,44.49459985910956,64.8488540000806
S6,high,2050,R::RC24,青海,N072,海西蒙古族藏族自治州,13.130708596375037,13.130708596375031,0.0,13.130708596375031,1.7763568394002505e-15,99.99999999999996
S6,high,2055,R::RC01,上海,N116,上海市,155.9427208485172,0.0,0.0,0.0,155.9427208485172,0.0
S6,high,2055,R::RC02,北京,N036,北京市,139.0592615206638,0.2680007528282846,0.0,0.2680007528282846,138.79126076783552,0.19272413063150096
S6,high,2055,R::RC03,四川,N057,成都市,300.5431238430094,20.472581560722485,280.0705,300.54308156072244,4.228228698366365e-05,99.99998593137437
S6,high,2055,R::RC04,天津,N028,天津市,37.68583247659743,2.531576973478353,0.0,2.531576973478353,35.15425550311908,6.717582728338136
S6,high,2055,R::RC05,宁夏,N139,银川市,29.616500236124665,29.61650023612466,0.0,29.61650023612466,3.552713678800501e-15,99.99999999999999
S6,high,2055,R::RC06,山东,N091,东营市,48.97533772856286,15.13256597041183,0.0,15.13256597041183,33.84277175815103,30.898339189167817
S6,high,2055,R::RC07,山东,N089,济南市,32.39261988125005,10.00878156316645,0.0,10.00878156316645,22.3838383180836,30.898339189167814
S6,high,2055,R::RC08,广东,N026,广州市,111.8756960516231,2.828233704709471,0.0,2.828233704709471,109.04746234691362,2.5280143985914796
S6,high,2055,R::RC09,广东,N056,惠州市,131.66941468480698,3.3286217617730443,0.0,3.3286217617730443,128.34079292303394,2.5280143985914796
S6,high,2055,R::RC10,广东,N117,茂名市,135.87049169016743,3.434825593364472,0.0,3.434825593364472,132.43566609680295,2.528014398591479
S6,high,2055,R::RC11,新疆,N102,乌鲁木齐市,80.4822267962687,80.4822267962687,0.0,80.4822267962687,0.0,100.0
S6,high,2055,R::RC12,江苏,N007,连云港市,9.418276889817776,0.8510877216080716,0.0,0.8510877216080716,8.567189168209707,9.036554473442948
S6,high,2055,R::RC13,江西,N010,九江市,14.333070179981435,1.7868603831497365,0.0,1.7868603831497365,12.5462097968317,12.46669667218535
S6,high,2055,R::RC14,河北,N084,沧州市,15.825569908354485,15.825569908354485,0.0,15.825569908354485,0.0,100.0
S6,high,2055,R::RC15,河南,N088,洛阳市,68.98212931577123,13.29432664283675,0.0,13.29432664283675,55.68780267293448,19.272131455932453
S6,high,2055,R::RC16,浙江,N043,宁波市,106.48846953236236,0.5393498280191736,0.0,0.5393498280191736,105.9491197043432,0.5064865993357738
S6,high,2055,R::RC17,浙江,N043,舟山市,0.9109892291151092,0.0046140383668602,0.0,0.0046140383668602,0.906375190748249,0.5064865993357631
S6,high,2055,R::RC18,湖北,N078,武汉市,39.00533584537242,6.209162855698,0.0,6.209162855698,32.796172989674425,15.918752450466728
S6,high,2055,R::RC19,湖南,N002,岳阳市,37.02253421662548,9.045773218623308,0.0,9.045773218623308,27.97676099800217,24.4331551311287
S6,high,2055,R::RC20,甘肃,N018,兰州市,37.87561069611992,37.87561069611992,0.0,37.87561069611992,0.0,100.0
S6,high,2055,R::RC21,甘肃,N033,庆阳市,56.435587496217686,56.435587496217686,0.0,56.435587496217686,0.0,100.0
S6,high,2055,R::RC22,辽宁,N129,大连市,34.394221999299035,19.146328108451797,0.0,19.146328108451797,15.24789389084724,55.66728071023676
S6,high,2055,R::RC23,辽宁,N129,盘锦市,157.3326157491065,87.58278885781324,0.0,87.58278885781324,69.74982689129327,55.66728071023673
S6,high,2055,R::RC24,青海,N072,海西蒙古族藏族自治州,16.32071231149874,16.32071231149874,0.0,16.32071231149874,0.0,100.0
S6,high,2060,R::RC01,上海,N116,上海市,186.17312772149376,0.0,0.0,0.0,186.17312772149376,0.0
S6,high,2060,R::RC02,北京,N036,北京市,166.01671123265714,0.278185266045594,0.0,0.278185266045594,165.73852596661155,0.16756461682688253
S6,high,2060,R::RC03,四川,N057,成都市,358.80516305338887,20.926822992180703,337.8783,358.8051229921807,4.006120815347458e-05,99.99998883482951
S6,high,2060,R::RC04,天津,N028,天津市,44.99145112244017,2.5632182871889158,0.0,2.5632182871889158,42.42823283525125,5.697122949453996
S6,high,2060,R::RC05,宁夏,N139,银川市,35.35783171617091,35.35783171617091,0.0,35.35783171617091,0.0,100.0
S6,high,2060,R::RC06,山东,N091,东营市,58.46949287873558,15.566779206302051,0.0,15.566779206302051,42.90271367243353,26.62376299138972
S6,high,2060,R::RC07,山东,N089,济南市,38.67211836225382,10.29597313651616,0.0,10.29597313651616,28.37614522573766,26.62376299138972
S6,high,2060,R::RC08,广东,N026,广州市,133.56345289231172,2.9331171600631563,0.0,2.9331171600631563,130.63033573224857,2.1960477185536993
S6,high,2060,R::RC09,广东,N056,惠州市,157.19429944371132,3.4520618266300924,0.0,3.4520618266300924,153.74223761708123,2.1960477185536993
S6,high,2060,R::RC10,广东,N117,茂名市,162.20977975360384,3.5622041675499974,0.0,3.5622041675499974,158.64757558605385,2.1960477185536993
S6,high,2060,R::RC11,新疆,N102,乌鲁木齐市,96.08417633809955,96.08417633809955,0.0,96.08417633809955,1.4210854715202004e-14,100.0
S6,high,2060,R::RC12,江苏,N007,连云港市,11.244064851399642,0.8823154296625403,0.0,0.8823154296625403,10.361749421737102,7.846943621573929
S6,high,2060,R::RC13,江西,N010,九江市,17.111619514776415,1.8468754659731976,0.0,1.8468754659731976,15.264744048803216,10.793107364141445
S6,high,2060,R::RC14,河北,N084,沧州市,18.893449029118457,18.893449029118457,0.0,18.893449029118457,0.0,100.0
S6,high,2060,R::RC15,河南,N088,洛阳市,82.35471782027582,13.831473950381126,0.0,13.831473950381126,68.5232438698947,16.794998898017962
S6,high,2060,R::RC16,浙江,N043,宁波市,127.1318810601823,0.5628206395102818,0.0,0.5628206395102818,126.56906042067202,0.44270613697900935
S6,high,2060,R::RC17,浙江,N043,舟山市,1.087589809784732,0.0048148268330753,0.0,0.0048148268330753,1.0827749829516566,0.4427061369790054
S6,high,2060,R::RC18,湖北,N078,武汉市,46.56674792287573,6.2634254300166665,0.0,6.2634254300166665,40.30332249285907,13.450424840468157
S6,high,2060,R::RC19,湖南,N002,岳阳市,44.19956862225498,9.393466660629189,0.0,9.393466660629189,34.80610196162579,21.25239443151369
S6,high,2060,R::RC20,甘肃,N018,兰州市,45.21801895779452,45.21801895779452,0.0,45.21801895779452,0.0,100.0
S6,high,2060,R::RC21,甘肃,N033,庆阳市,67.37595561884014,67.37595561884014,0.0,67.37595561884014,0.0,100.0
S6,high,2060,R::RC22,辽宁,N129,大连市,41.06174273679025,19.89255645487474,0.0,19.89255645487474,21.16918628191551,48.44547534766839
S6,high,2060,R::RC23,辽宁,N129,盘锦市,187.832461863151,90.99632900683147,0.0,90.99632900683147,96.83613285631952,48.445475347668406
S6,high,2060,R::RC24,青海,N072,海西蒙古族藏族自治州,19.48457767788975,19.48457767788975,0.0,19.48457767788975,0.0,100.0
S6,low,2025,R::RC01,上海,N116,上海市,0.2152120082924631,0.0,0.2152,0.2152,1.200829246308932e-05,99.99442024980002
S6,low,2025,R::RC02,北京,N036,北京市,0.1919116376877905,0.0495679703918437,0.1423,0.1918679703918437,4.366729594673657e-05,99.97724614490663
S6,low,2025,R::RC03,四川,N057,成都市,0.4147708139809561,0.4147708139809561,0.0,0.4147708139809561,0.0,100.0
S6,low,2025,R::RC04,天津,N028,天津市,0.0520091200623615,0.0520091200623615,0.0,0.0520091200623615,0.0,100.0
S6,low,2025,R::RC05,宁夏,N139,银川市,0.0408728696006409,0.0408728696006409,0.0,0.0408728696006409,0.0,99.99999999999999
S6,low,2025,R::RC06,山东,N091,东营市,0.06758943753203,0.06758943753203,0.0,0.06758943753203,0.0,100.0
S6,low,2025,R::RC07,山东,N089,济南市,0.0447041114876409,0.0447041114876409,0.0,0.0447041114876409,0.0,99.99999999999999
S6,low,2025,R::RC08,广东,N026,广州市,0.1543963905168448,0.1543963905168448,0.0,0.1543963905168448,0.0,100.0
S6,low,2025,R::RC09,广东,N056,惠州市,0.1817131252476789,0.1817131252476789,0.0,0.1817131252476789,0.0,100.0
S6,low,2025,R::RC10,广东,N117,茂名市,0.1875109092955357,0.1875109092955357,0.0,0.1875109092955357,0.0,100.0
S6,low,2025,R::RC11,新疆,N102,乌鲁木齐市,0.1110711777146677,0.1110711777146677,0.0,0.1110711777146677,0.0,100.00000000000001
S6,low,2025,R::RC12,江苏,N007,连云港市,0.0129978896936211,0.0129978896936211,0.0,0.0129978896936211,0.0,100.0
S6,low,2025,R::RC13,江西,N010,九江市,0.0197806528040962,0.0197806528040962,0.0,0.0197806528040962,0.0,100.0
S6,low,2025,R::RC14,河北,N084,沧州市,0.0218404082205169,0.0218404082205169,0.0,0.0218404082205169,0.0,100.0
S6,low,2025,R::RC15,河南,N088,洛阳市,0.0952002280424407,0.0952002280424407,0.0,0.0952002280424407,0.0,100.0
S6,low,2025,R::RC16,浙江,N043,宁波市,0.1469616360632352,0.0960744790495881,0.0,0.0960744790495881,0.0508871570136471,65.37384968159229
S6,low,2025,R::RC17,浙江,N043,舟山市,0.0012572297088564,0.0008218994600201,0.0,0.0008218994600201,0.0004353302488363,65.37384968159203
S6,low,2025,R::RC18,湖北,N078,武汉市,0.0538301282402205,0.0538301282402205,0.0,0.0538301282402205,0.0,100.00000000000001
S6,low,2025,R::RC19,湖南,N002,岳阳市,0.0510937214477373,0.0510937214477373,0.0,0.0510937214477373,0.0,100.0
S6,low,2025,R::RC20,甘肃,N018,兰州市,0.0522710274571496,0.0522710274571496,0.0,0.0522710274571496,0.0,100.0
S6,low,2025,R::RC21,甘肃,N033,庆阳市,0.0778851110083187,0.0778851110083187,0.0,0.0778851110083187,0.0,100.0
S6,low,2025,R::RC22,辽宁,N129,大连市,0.047466464287976,0.047466464287976,0.0,0.047466464287976,0.0,99.99999999999999
S6,low,2025,R::RC23,辽宁,N129,盘锦市,0.2171301617737137,0.2171301617737137,0.0,0.2171301617737137,0.0,100.0
S6,low,2025,R::RC24,青海,N072,海西蒙古族藏族自治州,0.0225237398335067,0.0225237398335067,0.0,0.0225237398335067,0.0,100.0
S6,low,2030,R::RC01,上海,N116,上海市,3.1692179303342165,0.0,0.0,0.0,3.1692179303342165,0.0
S6,low,2030,R::RC02,北京,N036,北京市,2.82609603444349,0.0840727473261075,2.742,2.826072747326108,2.3287117382420064e-05,99.99917599695488
S6,low,2030,R::RC03,四川,N057,成都市,6.107926370267505,6.107926370267505,0.0,6.107926370267505,0.0,99.99999999999999
S6,low,2030,R::RC04,天津,N028,天津市,0.765887726945735,0.765887726945735,0.0,0.765887726945735,0.0,100.0
S6,low,2030,R::RC05,宁夏,N139,银川市,0.6018949975436851,0.6018949975436851,0.0,0.6018949975436851,0.0,100.0
S6,low,2030,R::RC06,山东,N091,东营市,0.995323908862086,0.995323908862086,0.0,0.995323908862086,0.0,100.0
S6,low,2030,R::RC07,山东,N089,济南市,0.6583139705371789,0.6583139705371789,0.0,0.6583139705371789,0.0,100.00000000000001
S6,low,2030,R::RC08,广东,N026,广州市,2.2736454767891536,0.8950198925469989,0.0,0.8950198925469989,1.3786255842421546,39.36497143833293
S6,low,2030,R::RC09,广东,N056,惠州市,2.675912460839107,1.0533721759241064,0.0,1.0533721759241064,1.6225402849150008,39.36497143833293
S6,low,2030,R::RC10,广东,N117,茂名市,2.7612907875712445,1.0869813298567388,0.0,1.0869813298567388,1.6743094577145057,39.36497143833293
S6,low,2030,R::RC11,新疆,N102,乌鲁木齐市,1.6356372060721618,1.6356372060721616,0.0,1.6356372060721616,2.220446049250313e-16,100.0
S6,low,2030,R::RC12,江苏,N007,连云港市,0.1914072797348315,0.1914072797348315,0.0,0.1914072797348315,0.0,100.0
S6,low,2030,R::RC13,江西,N010,九江市,0.2912904351288146,0.2912904351288146,0.0,0.2912904351288146,0.0,100.0
S6,low,2030,R::RC14,河北,N084,沧州市,0.3216224498226814,0.3216224498226814,0.0,0.3216224498226814,0.0,100.0
S6,low,2030,R::RC15,河南,N088,洛阳市,1.4019211663784084,1.4019211663784084,0.0,1.4019211663784084,0.0,100.0
S6,low,2030,R::RC16,浙江,N043,宁波市,2.1641610790133954,0.1602610740693243,0.0,0.1602610740693243,2.003900004944071,7.405228548994358
S6,low,2030,R::RC17,浙江,N043,舟山市,0.0185139991372697,0.0013710039496736,0.0,0.0013710039496736,0.0171429951875961,7.405228548994007
S6,low,2030,R::RC18,湖北,N078,武汉市,0.7927039432635218,0.7927039432635218,0.0,0.7927039432635218,0.0,100.0
S6,low,2030,R::RC19,湖南,N002,岳阳市,0.7524075418673649,0.7524075418673649,0.0,0.7524075418673649,0.0,100.0
S6,low,2030,R::RC20,甘肃,N018,兰州市,0.7697445824169294,0.7697445824169294,0.0,0.7697445824169294,0.0,100.0
S6,low,2030,R::RC21,甘肃,N033,庆阳市,1.1469382785471598,1.1469382785471598,0.0,1.1469382785471598,0.0,100.0
S6,low,2030,R::RC22,辽宁,N129,大连市,0.6989924535558117,0.6989924535558117,0.0,0.6989924535558117,0.0,100.0
S6,low,2030,R::RC23,辽宁,N129,盘锦市,3.1974647110512637,3.197464711051264,0.0,3.1974647110512637,0.0,100.0
S6,low,2030,R::RC24,青海,N072,海西蒙古族藏族自治州,0.331685209876983,0.331685209876983,0.0,0.331685209876983,0.0,100.0
S6,low,2035,R::RC01,上海,N116,上海市,7.23124369150829,0.0,0.0,0.0,7.23124369150829,0.0
S6,low,2035,R::RC02,北京,N036,北京市,6.448338224096486,0.1303112809441345,6.318,6.448311280944134,2.694315235185485e-05,99.9995821690579
S6,low,2035,R::RC03,四川,N057,成都市,13.936531031974882,11.501321381724978,2.4352,13.936521381724978,9.650249904069597e-06,99.99993075572479
S6,low,2035,R::RC04,天津,N028,天津市,1.7475354852911344,1.5394127717164634,0.0,1.5394127717164634,0.208122713574671,88.09050143322277
S6,low,2035,R::RC05,宁夏,N139,银川市,1.3733512493030653,1.3733512493030653,0.0,1.3733512493030653,0.0,100.0
S6,low,2035,R::RC06,山东,N091,东营市,2.271042855108204,2.271042855108204,0.0,2.271042855108204,0.0,100.0
S6,low,2035,R::RC07,山东,N089,济南市,1.5020831167570503,1.5020831167570503,0.0,1.5020831167570503,0.0,100.0
S6,low,2035,R::RC08,广东,N026,广州市,5.187804963928143,1.3875818018894737,0.0,1.3875818018894737,3.8002231620386695,26.746992447434135
S6,low,2035,R::RC09,广东,N056,惠州市,6.105662509435128,1.6330810902644313,0.0,1.6330810902644313,4.472581419170697,26.74699244743414
S6,low,2035,R::RC10,广东,N117,茂名市,6.3004712919628085,1.685186580614048,0.0,1.685186580614048,4.61528471134876,26.74699244743413
S6,low,2035,R::RC11,新疆,N102,乌鲁木齐市,3.732053613226355,3.732053613226355,0.0,3.732053613226355,0.0,100.0
S6,low,2035,R::RC12,江苏,N007,连云港市,0.4367363540522752,0.4191564991847316,0.0175,0.4366564991847316,7.985486754358284e-05,99.98171554375938
S6,low,2035,R::RC13,江西,N010,九江市,0.6646409832724287,0.6646409832724287,0.0,0.6646409832724287,0.0,99.99999999999999
S6,low,2035,R::RC14,河北,N084,沧州市,0.733849915800029,0.733849915800029,0.0,0.733849915800029,0.0,100.0
S6,low,2035,R::RC15,河南,N088,洛阳市,3.1987808390623123,3.1987808390623123,0.0,3.1987808390623123,0.0,100.0
S6,low,2035,R::RC16,浙江,N043,宁波市,4.937993061390079,0.2480387676654092,0.0,0.2480387676654092,4.689954293724671,5.02306837174017
S6,low,2035,R::RC17,浙江,N043,舟山市,0.0422436204795337,0.0021219259393854,0.0,0.0021219259393854,0.0401216945401483,5.023068371740146
S6,low,2035,R::RC18,湖北,N078,武汉市,1.808722377243897,1.8087223772438967,0.0,1.808722377243897,0.0,100.0
S6,low,2035,R::RC19,湖南,N002,岳阳市,1.7167775805174328,1.7167775805174328,0.0,1.7167775805174328,0.0,100.0
S6,low,2035,R::RC20,甘肃,N018,兰州市,1.7563357200519525,1.7563357200519525,0.0,1.7563357200519525,0.0,100.0
S6,low,2035,R::RC21,甘肃,N033,庆阳市,2.6169832348572157,2.6169832348572157,0.0,2.6169832348572157,0.0,100.0
S6,low,2035,R::RC22,辽宁,N129,大连市,1.594899713840229,1.594899713840229,0.0,1.594899713840229,0.0,100.0
S6,low,2035,R::RC23,辽宁,N129,盘锦市,7.295694719918324,7.295694719918324,0.0,7.295694719918324,0.0,100.0
S6,low,2035,R::RC24,青海,N072,海西蒙古族藏族自治州,0.7568102396910893,0.7568102396910893,0.0,0.7568102396910893,0.0,100.00000000000001
S6,low,2040,R::RC01,上海,N116,上海市,12.43870884910311,0.0,0.0,0.0,12.43870884910311,0.0
S6,low,2040,R::RC02,北京,N036,北京市,11.092006458621896,0.1848246774641178,10.9071,11.091924677464116,8.178115777823791e-05,99.99926270185574
S6,low,2040,R::RC03,四川,N057,成都市,23.97270224440027,15.374848258430667,8.5978,23.972648258430667,5.398596960404234e-05,99.99977480231868
S6,low,2040,R::RC04,天津,N028,天津市,3.0059953767757235,1.9963727997765777,0.0,1.9963727997765777,1.0096225769991458,66.4130362674715
S6,low,2040,R::RC05,宁夏,N139,银川市,2.3623483132912844,2.3623483132912844,0.0,2.3623483132912844,0.0,100.0
S6,low,2040,R::RC06,山东,N091,东营市,3.906498254470343,3.906498254470343,0.0,3.906498254470343,0.0,100.0
S6,low,2040,R::RC07,山东,N089,济南市,2.583784388076294,2.583784388076294,0.0,2.583784388076294,0.0,100.0
S6,low,2040,R::RC08,广东,N026,广州市,8.92372021537757,1.960536032747609,0.0,1.960536032747609,6.963184182629961,21.96994062374531
S6,low,2040,R::RC09,广东,N056,惠州市,10.502558277068234,2.307405817446139,0.0,2.307405817446139,8.195152459622095,21.969940623745305
S6,low,2040,R::RC10,广东,N117,茂名市,10.83765550660229,2.3810264798065868,0.0,2.3810264798065868,8.456629026795703,21.969940623745305
S6,low,2040,R::RC11,新疆,N102,乌鲁木齐市,6.4196326779416335,6.4196326779416335,0.0,6.4196326779416335,0.0,100.0
S6,low,2040,R::RC12,江苏,N007,连云港市,0.7512450947067958,0.5912727393309243,0.1599,0.7511727393309242,7.235537587158003e-05,99.9903686058809
S6,low,2040,R::RC13,江西,N010,九江市,1.1432716186588598,1.14327161865886,0.0,1.1432716186588598,0.0,100.0
S6,low,2040,R::RC14,河北,N084,沧州市,1.2623202634278043,1.2623202634278043,0.0,1.2623202634278043,0.0,100.0
S6,low,2040,R::RC15,河南,N088,洛阳市,5.502331995243096,5.502331995243096,0.0,5.502331995243096,0.0,100.0
S6,low,2040,R::RC16,浙江,N043,宁波市,8.494010243583855,0.3604179718985527,0.0,0.3604179718985527,8.133592271685302,4.243201521575779
S6,low,2040,R::RC17,浙江,N043,舟山市,0.0726646920354761,0.0030833093180976,0.0,0.0030833093180976,0.0695813827173784,4.243201521575675
S6,low,2040,R::RC18,湖北,N078,武汉市,3.111245036011477,3.111245036011477,0.0,3.111245036011477,0.0,99.99999999999999
S6,low,2040,R::RC19,湖南,N002,岳阳市,2.9530876559727592,2.9530876559727592,0.0,2.9530876559727592,0.0,100.0
S6,low,2040,R::RC20,甘肃,N018,兰州市,3.0211329606635564,3.0211329606635564,0.0,3.0211329606635564,0.0,100.0
S6,low,2040,R::RC21,甘肃,N033,庆阳市,4.501562097761812,4.501562097761812,0.0,4.501562097761812,0.0,100.0
S6,low,2040,R::RC22,辽宁,N129,大连市,2.743441381635774,2.743441381635774,0.0,2.743441381635774,0.0,100.0
S6,low,2040,R::RC23,辽宁,N129,盘锦市,12.549573260761528,12.549573260761528,0.0,12.549573260761528,0.0,100.0
S6,low,2040,R::RC24,青海,N072,海西蒙古族藏族自治州,1.3018150994678876,1.3018150994678876,0.0,1.3018150994678876,0.0,100.0
S6,low,2045,R::RC01,上海,N116,上海市,18.646770104868448,0.0,0.0,0.0,18.646770104868448,0.0
S6,low,2045,R::RC02,北京,N036,北京市,16.627939197286697,0.2285596388357025,16.3993,16.6278596388357,7.955845099516523e-05,99.99952153751556
S6,low,2045,R::RC03,四川,N057,成都市,35.93728842491779,18.297066501412196,17.6402,35.9372665014122,2.192350559226952e-05,99.99993899510356
S6,low,2045,R::RC04,天津,N028,天津市,4.506263906247468,2.326003400895708,0.0,2.326003400895708,2.18026050535176,51.61711451632793
S6,low,2045,R::RC05,宁夏,N139,银川市,3.541377681554348,3.541377681554348,0.0,3.541377681554348,0.0,100.0
S6,low,2045,R::RC06,山东,N091,东营市,5.856200651519448,5.856200651519448,0.0,5.856200651519448,0.0,100.00000000000001
S6,low,2045,R::RC07,山东,N089,济南市,3.8733307507620296,3.87333075076203,0.0,3.8733307507620296,0.0,99.99999999999999
S6,low,2045,R::RC08,广东,N026,广州市,13.37747843083495,2.418719229537134,0.0,2.418719229537134,10.958759201297816,18.080531708890753
S6,low,2045,R::RC09,广东,N056,惠州市,15.74430208804152,2.846653531371896,0.0,2.846653531371896,12.897648556669624,18.080531708890756
S6,low,2045,R::RC10,广东,N117,茂名市,16.24664369581622,2.937479565052552,0.0,2.937479565052552,13.30916413076367,18.080531708890753
S6,low,2045,R::RC11,新疆,N102,乌鲁木齐市,9.623620598846154,9.623620598846154,0.0,9.623620598846154,0.0,100.0
S6,low,2045,R::RC12,江苏,N007,连云港市,1.12618558271165,0.7287192938538959,0.3974,1.126119293853896,6.62888577540599e-05,99.9941138602046
S6,low,2045,R::RC13,江西,N010,九江市,1.7138694457093704,1.544296425859072,0.0,1.544296425859072,0.1695730198502982,90.10583797530084
S6,low,2045,R::RC14,河北,N084,沧州市,1.8923343279758864,1.8923343279758864,0.0,1.8923343279758864,0.0,100.0
S6,low,2045,R::RC15,河南,N088,洛阳市,8.248502396883268,8.248502396883268,0.0,8.248502396883268,0.0,100.0
S6,low,2045,R::RC16,浙江,N043,宁波市,12.733303609074037,0.4522811490295103,0.0,0.4522811490295103,12.281022460044529,3.5519544881283176
S6,low,2045,R::RC17,浙江,N043,舟山市,0.1089310653994677,0.0038691818664223,0.0,0.0038691818664223,0.1050618835330453,3.5519544881282386
S6,low,2045,R::RC18,湖北,N078,武汉市,4.6640428383852965,4.6640428383852965,0.0,4.6640428383852965,0.0,100.0
S6,low,2045,R::RC19,湖南,N002,岳阳市,4.426950360239308,4.426950360239308,0.0,4.426950360239308,0.0,100.0
S6,low,2045,R::RC20,甘肃,N018,兰州市,4.528956538587675,4.528956538587675,0.0,4.528956538587675,0.0,100.0
S6,low,2045,R::RC21,甘肃,N033,庆阳市,6.748256154882691,6.748256154882691,0.0,6.748256154882691,0.0,100.0
S6,low,2045,R::RC22,辽宁,N129,大连市,4.112671287682206,4.112671287682206,0.0,4.112671287682206,0.0,100.0
S6,low,2045,R::RC23,辽宁,N129,盘锦市,18.812966067977197,18.812966067977197,0.0,18.812966067977197,0.0,100.0
S6,low,2045,R::RC24,青海,N072,海西蒙古族藏族自治州,1.9515407244679157,1.9515407244679157,0.0,1.9515407244679157,0.0,100.0
S6,low,2050,R::RC01,上海,N116,上海市,25.679860755986915,0.0,0.0,0.0,25.679860755986915,0.0
S6,low,2050,R::RC02,北京,N036,北京市,22.899577827360773,0.2514928736826646,22.648,22.89949287368266,8.495367811178767e-05,99.99962901640042
S6,low,2050,R::RC03,四川,N057,成都市,49.49192581393388,19.59825458821388,29.8936,49.49185458821388,7.12257199992905e-05,99.99985608618208
S6,low,2050,R::RC04,天津,N028,天津市,6.205912819826716,2.4527589827623664,0.0,2.4527589827623664,3.753153837064349,39.5229364957604
S6,low,2050,R::RC05,宁夏,N139,银川市,4.877095884982866,4.877095884982866,0.0,4.877095884982866,0.0,100.0
S6,low,2050,R::RC06,山东,N091,东营市,8.065011604925358,8.065011604925358,0.0,8.065011604925358,0.0,100.0
S6,low,2050,R::RC07,山东,N089,济南市,5.334253266493678,5.334253266493678,0.0,5.334253266493678,0.0,99.99999999999999
S6,low,2050,R::RC08,广东,N026,广州市,18.42312536906152,2.6571237841321054,0.0,2.6571237841321054,15.766001584929414,14.422763406877149
S6,low,2050,R::RC09,广东,N056,惠州市,21.682655121893703,3.127238048559859,0.0,3.127238048559859,18.55541707333385,14.42276340687715
S6,low,2050,R::RC10,广东,N117,茂名市,22.37446729456724,3.227016481444539,0.0,3.227016481444539,19.1474508131227,14.422763406877147
S6,low,2050,R::RC11,新疆,N102,乌鲁木齐市,13.253407188320145,13.253407188320145,0.0,13.253407188320145,0.0,100.0
S6,low,2050,R::RC12,江苏,N007,连云港市,1.5509543361552154,0.799995806484058,0.7509,1.550895806484058,5.85296711574923e-05,99.99622621570519
S6,low,2050,R::RC13,江西,N010,九江市,2.360297706907757,1.6862191234176542,0.0,1.6862191234176542,0.6740785834901026,71.4409507954309
S6,low,2050,R::RC14,河北,N084,沧州市,2.6060750345984744,2.6060750345984744,0.0,2.6060750345984744,0.0,100.00000000000001
S6,low,2050,R::RC15,河南,N088,洛阳市,11.359629137170671,11.359629137170671,0.0,11.359629137170671,0.0,100.0
S6,low,2050,R::RC16,浙江,N043,宁波市,17.535984076907447,0.5025748589213181,0.0,0.5025748589213181,17.03340921798613,2.8659632485817674
S6,low,2050,R::RC17,浙江,N043,舟山市,0.1500171115816613,0.0042994352845143,0.0,0.0042994352845143,0.145717676297147,2.865963248581757
S6,low,2050,R::RC18,湖北,N078,武汉市,6.423201979543973,6.043730069946484,0.3794,6.423130069946485,7.190959748815118e-05,99.99888047117751
S6,low,2050,R::RC19,湖南,N002,岳阳市,6.09668420778836,6.09668420778836,0.0,6.09668420778836,0.0,100.0
S6,low,2050,R::RC20,甘肃,N018,兰州市,6.237164539851471,6.237164539851471,0.0,6.237164539851471,0.0,100.00000000000001
S6,low,2050,R::RC21,甘肃,N033,庆阳市,9.293527910116408,9.293527910116408,0.0,9.293527910116408,0.0,100.0
S6,low,2050,R::RC22,辽宁,N129,大连市,5.663867008005328,5.663867008005328,0.0,5.663867008005328,0.0,100.00000000000001
S6,low,2050,R::RC23,辽宁,N129,盘锦市,25.908741638136338,25.908741638136338,0.0,25.908741638136338,0.0,100.0
S6,low,2050,R::RC24,青海,N072,海西蒙古族藏族自治州,2.6876125882460142,2.6876125882460142,0.0,2.6876125882460142,0.0,100.0
S6,low,2055,R::RC01,上海,N116,上海市,33.352385962684075,0.0,0.0,0.0,33.352385962684075,0.0
S6,low,2055,R::RC02,北京,N036,北京市,29.741421316024837,0.2680007528282845,29.4734,29.741400752828287,2.056319654641925e-05,99.99993086007446
S6,low,2055,R::RC03,四川,N057,成都市,64.27892376316788,20.472581560722485,43.8063,64.27888156072248,4.220244539965279e-05,99.99993434481642
S6,low,2055,R::RC04,天津,N028,天津市,8.060090418106125,2.5315769734783524,0.0,2.5315769734783524,5.528513444627772,31.408791243723986
S6,low,2055,R::RC05,宁夏,N139,银川市,6.334254919783556,6.334254919783556,0.0,6.334254919783556,0.0,100.0
S6,low,2055,R::RC06,山东,N091,东营市,10.474643238798944,10.474643238798944,0.0,10.474643238798944,0.0,100.0
S6,low,2055,R::RC07,山东,N089,济南市,6.92799993961525,6.92799993961525,0.0,6.92799993961525,0.0,100.0
S6,low,2055,R::RC08,广东,N026,广州市,23.927512449794115,2.8282337047094703,0.0,2.8282337047094703,21.099278745084646,11.820007243309599
S6,low,2055,R::RC09,广东,N056,惠州市,28.160911353562167,3.328621761773044,0.0,3.328621761773044,24.832289591789124,11.8200072433096
S6,low,2055,R::RC10,广东,N117,茂名市,29.059420376486347,3.434825593364472,0.0,3.434825593364472,25.624594783121875,11.8200072433096
S6,low,2055,R::RC11,新疆,N102,乌鲁木齐市,17.213206725134242,17.213206725134242,0.0,17.213206725134242,0.0,100.0
S6,low,2055,R::RC12,江苏,N007,连云港市,2.0143422163178006,0.8510877216080713,1.1632,2.0142877216080715,5.449470972918036e-05,99.99729466476512
S6,low,2055,R::RC13,江西,N010,九江市,3.0654979345739948,1.7868603831497365,0.0,1.7868603831497365,1.2786375514242585,58.28940098105309
S6,low,2055,R::RC14,河北,N084,沧州市,3.3847076207911138,3.384707620791114,0.0,3.3847076207911138,0.0,100.0
S6,low,2055,R::RC15,河南,N088,洛阳市,14.753613307172603,13.29432664283675,0.0,13.29432664283675,1.4592866643358526,90.10895409854338
S6,low,2055,R::RC16,浙江,N043,宁波市,22.775314661009038,0.5393498280191735,0.0,0.5393498280191735,22.23596483298986,2.3681333761879104
S6,low,2055,R::RC17,浙江,N043,舟山市,0.1948386190260836,0.0046140383668602,0.0,0.0046140383668602,0.1902245806592233,2.3681333761878625
S6,low,2055,R::RC18,湖北,N078,武汉市,8.34230035644108,6.209162855697998,2.1331,8.342262855697998,3.750074308150886e-05,99.99955047479138
S6,low,2055,R::RC19,湖南,N002,岳阳市,7.91822692198019,7.91822692198019,0.0,7.91822692198019,0.0,100.0
S6,low,2055,R::RC20,甘肃,N018,兰州市,8.100679400973581,8.100679400973581,0.0,8.100679400973581,0.0,100.0
S6,low,2055,R::RC21,甘肃,N033,庆阳市,12.070210689943703,12.070210689943703,0.0,12.070210689943703,0.0,100.0
S6,low,2055,R::RC22,辽宁,N129,大连市,7.356094345187055,7.356094345187055,0.0,7.356094345187055,0.0,100.0
S6,low,2055,R::RC23,辽宁,N129,盘锦市,33.649650951519625,33.649650951519625,0.0,33.649650951519625,0.0,100.0
S6,low,2055,R::RC24,青海,N072,海西蒙古族藏族自治州,3.490606635803171,3.490606635803171,0.0,3.490606635803171,0.0,100.0
S6,low,2060,R::RC01,上海,N116,上海市,41.49464406460847,0.0,0.0,0.0,41.49464406460847,0.0
S6,low,2060,R::RC02,北京,N036,北京市,37.00214110213221,0.2781852660455939,26.302,26.580185266045596,10.421955836086614,71.83418168337816
S6,low,2060,R::RC03,四川,N057,成都市,79.97122201071176,20.926822992180703,59.0443,79.97112299218071,9.901853104565816e-05,99.99987618229588
S6,low,2060,R::RC04,天津,N028,天津市,10.027785820242997,2.563218287188915,0.0,2.563218287188915,7.4645675330540815,25.561159094708326
S6,low,2060,R::RC05,宁夏,N139,银川市,7.880625200397553,7.880625200397553,0.0,7.880625200397553,0.0,100.0
S6,low,2060,R::RC06,山东,N091,东营市,13.031799085798944,13.031799085798944,0.0,13.031799085798944,0.0,100.0
S6,low,2060,R::RC07,山东,N089,济南市,8.619320125870507,8.619320125870507,0.0,8.619320125870507,0.0,100.0
S6,low,2060,R::RC08,广东,N026,广州市,29.7688931030766,2.9331171600631563,0.0,2.9331171600631563,26.83577594301344,9.852960101361713
S6,low,2060,R::RC09,广东,N056,惠州市,35.03578408028878,3.452061826630093,0.0,3.452061826630093,31.583722253658685,9.852960101361715
S6,low,2060,R::RC10,广东,N117,茂名市,36.15364449773514,3.5622041675499982,0.0,3.5622041675499982,32.59144033018514,9.852960101361715
S6,low,2060,R::RC11,新疆,N102,乌鲁木齐市,21.415435977177378,21.415435977177378,0.0,21.415435977177378,0.0,99.99999999999999
S6,low,2060,R::RC12,江苏,N007,连云港市,2.5060999649002365,0.8823154296625403,1.6237,2.5060154296625403,8.453523769613724e-05,99.99662682100156
S6,low,2060,R::RC13,江西,N010,九江市,3.813872441337736,1.8468754659731976,0.0,1.8468754659731976,1.966996975364538,48.425202845153265
S6,low,2060,R::RC14,河北,N084,沧州市,4.2110102151202256,4.2110102151202256,0.0,4.2110102151202256,0.0,100.0
S6,low,2060,R::RC15,河南,N088,洛阳市,18.355386434210327,13.831473950381127,0.0,13.831473950381127,4.5239124838292,75.35376059750156
S6,low,2060,R::RC16,浙江,N043,宁波市,28.33541133684981,0.5628206395102818,0.0,0.5628206395102818,27.772590697339528,1.9862801101402803
S6,low,2060,R::RC17,浙江,N043,舟山市,0.2424042212623927,0.0048148268330753,0.0,0.0048148268330753,0.2375893944293174,1.986280110140263
S6,low,2060,R::RC18,湖北,N078,武汉市,10.378891164124717,6.2634254300166665,4.1154,10.378825430016668,6.573410805010838e-05,99.99936665577268
S6,low,2060,R::RC19,湖南,N002,岳阳市,9.85128944351922,9.393466660629189,0.0,9.393466660629189,0.4578227828900338,95.35266133926035
S6,low,2060,R::RC20,甘肃,N018,兰州市,10.07828371862166,10.07828371862166,0.0,10.07828371862166,0.0,100.0
S6,low,2060,R::RC21,甘肃,N033,庆阳市,15.016889554001184,15.016889554001189,0.0,15.016889554001184,0.0,100.0
S6,low,2060,R::RC22,辽宁,N129,大连市,9.151924450044698,9.151924450044698,0.0,9.151924450044698,0.0,100.0
S6,low,2060,R::RC23,辽宁,N129,盘锦市,41.86447982143864,41.86447982143864,0.0,41.86447982143864,0.0,100.0
S6,low,2060,R::RC24,青海,N072,海西蒙古族藏族自治州,4.342762166528871,4.342762166528871,0.0,4.342762166528871,0.0,100.0
S6,mid,2025,R::RC01,上海,N116,上海市,1.0406827250306778,0.0,1.0406,1.0406,8.272503067785486e-05,99.99205088845159
S6,mid,2025,R::RC02,北京,N036,北京市,0.9280110699149324,0.0495679703918437,0.8784,0.9279679703918438,4.309952308856335e-05,99.99535571024032
S6,mid,2025,R::RC03,四川,N057,成都市,2.0056725662366786,2.0056725662366786,0.0,2.0056725662366786,0.0,100.0
S6,mid,2025,R::RC04,天津,N028,天津市,0.2514961559179949,0.2514961559179949,0.0,0.2514961559179949,0.0,100.0
S6,mid,2025,R::RC05,宁夏,N139,银川市,0.1976455201236473,0.1976455201236473,0.0,0.1976455201236473,0.0,100.0
S6,mid,2025,R::RC06,山东,N091,东营市,0.3268365951891316,0.3268365951891316,0.0,0.3268365951891316,0.0,100.0
S6,mid,2025,R::RC07,山东,N089,济南市,0.2161719363717434,0.2161719363717434,0.0,0.2161719363717434,0.0,100.0
S6,mid,2025,R::RC08,广东,N026,广州市,0.746601724006113,0.5263053431502391,0.0,0.5263053431502391,0.2202963808558738,70.49345403680448
S6,mid,2025,R::RC09,广东,N056,惠州市,0.878694975512749,0.6194224386867901,0.0,0.6194224386867901,0.2592725368259588,70.49345403680448
S6,mid,2025,R::RC10,广东,N117,茂名市,0.9067308353606044,0.6391858846624608,0.0,0.6391858846624608,0.2675449506981434,70.49345403680447
S6,mid,2025,R::RC11,新疆,N102,乌鲁木齐市,0.5370976127846263,0.5370976127846263,0.0,0.5370976127846263,0.0,100.0
S6,mid,2025,R::RC12,江苏,N007,连云港市,0.0628528090664144,0.0628528090664144,0.0,0.0628528090664144,0.0,100.0
S6,mid,2025,R::RC13,江西,N010,九江市,0.0956516498609037,0.0956516498609037,0.0,0.0956516498609037,0.0,100.0
S6,mid,2025,R::RC14,河北,N084,沧州市,0.105611837011541,0.105611837011541,0.0,0.105611837011541,0.0,100.0
S6,mid,2025,R::RC15,河南,N088,洛阳市,0.4603517876572821,0.4603517876572821,0.0,0.4603517876572821,0.0,100.0
S6,mid,2025,R::RC16,浙江,N043,宁波市,0.7106501031550966,0.0960744790495881,0.0,0.0960744790495881,0.6145756241055085,13.519238036136644
S6,mid,2025,R::RC17,浙江,N043,舟山市,0.006079480646936,0.0008218994600201,0.0,0.0008218994600201,0.0052575811869158,13.519238036136022
S6,mid,2025,R::RC18,湖北,N078,武汉市,0.2603018529972309,0.2603018529972309,0.0,0.2603018529972309,0.0,100.0
S6,mid,2025,R::RC19,湖南,N002,岳阳市,0.2470696393294696,0.2470696393294696,0.0,0.2470696393294696,2.775557561562892e-17,100.0
S6,mid,2025,R::RC20,甘肃,N018,兰州市,0.2527626396215592,0.2527626396215592,0.0,0.2527626396215592,0.0,100.0
S6,mid,2025,R::RC21,甘肃,N033,庆阳市,0.3766225230950209,0.3766225230950209,0.0,0.3766225230950209,0.0,100.0
S6,mid,2025,R::RC22,辽宁,N129,大连市,0.2295296149815829,0.2295296149815829,0.0,0.2295296149815829,0.0,100.0
S6,mid,2025,R::RC23,辽宁,N129,盘锦市,1.0499581795359034,1.0499581795359034,0.0,1.0499581795359034,0.0,100.0
S6,mid,2025,R::RC24,青海,N072,海西蒙古族藏族自治州,0.1089161665921628,0.1089161665921628,0.0,0.1089161665921628,0.0,100.0
S6,mid,2030,R::RC01,上海,N116,上海市,10.701638220570429,0.0,0.0,0.0,10.701638220570429,0.0
S6,mid,2030,R::RC02,北京,N036,北京市,9.54300335351616,0.0840727473261075,9.4589,9.542972747326107,3.060619005168519e-05,99.99967928136543
S6,mid,2030,R::RC03,四川,N057,成都市,20.62490485960097,7.394795525628951,13.230100000000002,20.624895525628958,9.33397202018682e-06,99.99995474416936
S6,mid,2030,R::RC04,天津,N028,天津市,2.5862069291283896,0.9880963710070678,0.0,0.9880963710070678,1.5981105581213215,38.2063925310137
S6,mid,2030,R::RC05,宁夏,N139,银川市,2.0324454335661186,2.0324454335661186,0.0,2.0324454335661186,0.0,100.0
S6,mid,2030,R::RC06,山东,N091,东营市,3.3609542224831377,3.3609542224831377,0.0,3.3609542224831377,0.0,100.0
S6,mid,2030,R::RC07,山东,N089,济南市,2.222957872604614,2.222957872604614,0.0,2.222957872604614,0.0,100.0
S6,mid,2030,R::RC08,广东,N026,广州市,7.677519144878725,0.8950198925469989,0.0,0.8950198925469989,6.782499252331727,11.657670605015948
S6,mid,2030,R::RC09,广东,N056,惠州市,9.035871844507872,1.0533721759241066,0.0,1.0533721759241066,7.982499668583765,11.657670605015948
S6,mid,2030,R::RC10,广东,N117,茂名市,9.324172612914994,1.0869813298567388,0.0,1.0869813298567388,8.237191283058255,11.657670605015948
S6,mid,2030,R::RC11,新疆,N102,乌鲁木齐市,5.523128426085534,5.523128426085534,0.0,5.523128426085534,0.0,100.0
S6,mid,2030,R::RC12,江苏,N007,连云港市,0.6463334190115708,0.2703387934348845,0.3759,0.6462387934348846,9.462557668626914e-05,99.98535963422238
S6,mid,2030,R::RC13,江西,N010,九江市,0.9836132832721832,0.5842403363242481,0.0,0.5842403363242481,0.3993729469479352,59.397361367534366
S6,mid,2030,R::RC14,河北,N084,沧州市,1.0860367375407758,1.0860367375407758,0.0,1.0860367375407758,0.0,100.0
S6,mid,2030,R::RC15,河南,N088,洛阳市,4.733929147863836,4.074538936412313,0.0,4.074538936412313,0.6593902114515231,86.07097421918387
S6,mid,2030,R::RC16,浙江,N043,宁波市,7.30781834122663,0.1602610740693244,0.0,0.1602610740693244,7.147557267157306,2.1930084545919937
S6,mid,2030,R::RC17,浙江,N043,舟山市,0.0625170389472458,0.0013710039496736,0.0,0.0013710039496736,0.0611460349975722,2.1930084545918813
S6,mid,2030,R::RC18,湖北,N078,武汉市,2.676758431671242,2.493608480231084,0.1830999999999999,2.676708480231084,4.995144015795816e-05,99.99813388314884
S6,mid,2030,R::RC19,湖南,N002,岳阳市,2.540687792538172,2.540687792538172,0.0,2.540687792538172,0.0,100.0
S6,mid,2030,R::RC20,甘肃,N018,兰州市,2.599230543417167,2.599230543417167,0.0,2.599230543417167,0.0,99.99999999999999
S6,mid,2030,R::RC21,甘肃,N033,庆阳市,3.872917163838317,3.872917163838317,0.0,3.872917163838317,0.0,100.0
S6,mid,2030,R::RC22,辽宁,N129,大连市,2.3603187036349738,2.3603187036349738,0.0,2.3603187036349738,0.0,100.0
S6,mid,2030,R::RC23,辽宁,N129,盘锦市,10.797020373131245,10.797020373131245,0.0,10.797020373131245,0.0,100.0
S6,mid,2030,R::RC24,青海,N072,海西蒙古族藏族自治州,1.1200161040497196,1.1200161040497196,0.0,1.1200161040497196,0.0,100.0
S6,mid,2035,R::RC01,上海,N116,上海市,22.40134897833487,0.0,0.0,0.0,22.40134897833487,0.0
S6,mid,2035,R::RC02,北京,N036,北京市,19.97602086871337,0.1303112809441345,0.0,0.1303112809441345,19.845709587769235,0.6523385302837226
S6,mid,2035,R::RC03,四川,N057,成都市,43.17336111370143,11.501321381724978,31.672,43.173321381724975,3.973197645024129e-05,99.99990797108347
S6,mid,2035,R::RC04,天津,N028,天津市,5.413612640934963,1.5394127717164634,0.0,1.5394127717164634,3.8741998692185,28.435960860520627
S6,mid,2035,R::RC05,宁夏,N139,银川市,4.254443898993149,4.254443898993149,0.0,4.254443898993149,0.0,100.0
S6,mid,2035,R::RC06,山东,N091,东营市,7.03536289362992,7.03536289362992,0.0,7.03536289362992,0.0,100.0
S6,mid,2035,R::RC07,山东,N089,济南市,4.653236639287036,4.653236639287036,0.0,4.653236639287036,0.0,100.0
S6,mid,2035,R::RC08,广东,N026,广州市,16.07107081247492,1.3875818018894734,0.0,1.3875818018894734,14.683489010585449,8.634034521286436
S6,mid,2035,R::RC09,广东,N056,惠州市,18.91446097694208,1.633081090264431,0.0,1.633081090264431,17.28137988667765,8.634034521286436
S6,mid,2035,R::RC10,广东,N117,茂名市,19.517950460579836,1.6851865806140478,0.0,1.6851865806140478,17.832763879965785,8.634034521286434
S6,mid,2035,R::RC11,新疆,N102,乌鲁木齐市,11.56136329548884,11.56136329548884,0.0,11.56136329548884,1.7763568394002505e-15,100.0
S6,mid,2035,R::RC12,江苏,N007,连云港市,1.3529461730268413,0.4191564991847316,0.9337,1.3528564991847316,8.967384210967211e-05,99.99337195788735
S6,mid,2035,R::RC13,江西,N010,九江市,2.0589618116553603,0.9065251882990286,0.0,0.9065251882990286,1.1524366233563317,44.028266244054436
S6,mid,2035,R::RC14,河北,N084,沧州市,2.273361092900635,2.273361092900635,0.0,2.273361092900635,0.0,100.0
S6,mid,2035,R::RC15,河南,N088,洛阳市,9.90936122996285,6.311565204908972,0.0,6.311565204908972,3.597796025053877,63.692957178962736
S6,mid,2035,R::RC16,浙江,N043,宁波市,15.29718960387058,0.2480387676654092,0.0,0.2480387676654092,15.049150836205172,1.6214662567995435
S6,mid,2035,R::RC17,浙江,N043,舟山市,0.1308646375147934,0.0021219259393854,0.0,0.0021219259393854,0.128742711575408,1.6214662567995346
S6,mid,2035,R::RC18,湖北,N078,武汉市,5.603160798625056,3.88722774058021,1.7159,5.603127740580209,3.30580448464346e-05,99.99941001077724
S6,mid,2035,R::RC19,湖南,N002,岳阳市,5.31832909247881,4.379555661942333,0.0,4.379555661942333,0.938773430536477,82.34833884454251
S6,mid,2035,R::RC20,甘肃,N018,兰州市,5.440874497730061,5.440874497730061,0.0,5.440874497730061,0.0,99.99999999999999
S6,mid,2035,R::RC21,甘肃,N033,庆阳市,8.107036246521572,8.107036246521572,0.0,8.107036246521572,0.0,100.0
S6,mid,2035,R::RC22,辽宁,N129,大连市,4.940769057076166,4.940769057076166,0.0,4.940769057076166,0.0,100.0
S6,mid,2035,R::RC23,辽宁,N129,盘锦市,22.60100895952472,22.60100895952472,0.0,22.60100895952472,0.0,100.0
S6,mid,2035,R::RC24,青海,N072,海西蒙古族藏族自治州,2.3444888615226827,2.344488861522682,0.0,2.344488861522682,4.440892098500626e-16,99.99999999999999
S6,mid,2040,R::RC01,上海,N116,上海市,36.33919180481264,0.0,0.0,0.0,36.33919180481264,0.0
S6,mid,2040,R::RC02,北京,N036,北京市,32.40485448207474,0.1848246774641178,0.0,0.1848246774641178,32.22002980461062,0.570361078357431
S6,mid,2040,R::RC03,四川,N057,成都市,70.035293494448,15.374848258430667,54.6604,70.03524825843067,4.523601732842053e-05,99.99993540968408
S6,mid,2040,R::RC04,天津,N028,天津市,8.781895603972547,1.9963727997765777,0.0,1.9963727997765777,6.78552280419597,22.732823183112146
S6,mid,2040,R::RC05,宁夏,N139,银川市,6.901506378827855,6.901506378827855,0.0,6.901506378827855,0.0,100.00000000000001
S6,mid,2040,R::RC06,山东,N091,东营市,11.412678846052373,10.982530133021733,0.0,10.982530133021733,0.4301487130306398,96.2309575268612
S6,mid,2040,R::RC07,山东,N089,济南市,7.548423039691534,7.263919769273366,0.2845,7.548419769273366,3.2704181682774447e-06,99.99995667415365
S6,mid,2040,R::RC08,广东,N026,广州市,26.070292701036376,1.960536032747609,0.0,1.960536032747609,24.109756668288767,7.520191872144464
S6,mid,2040,R::RC09,广东,N056,惠州市,30.68280512885581,2.30740581744614,0.0,2.30740581744614,28.375399311409677,7.520191872144466
S6,mid,2040,R::RC10,广东,N117,茂名市,31.66177832012698,2.381026479806587,0.0,2.381026479806587,29.280751840320395,7.520191872144464
S6,mid,2040,R::RC11,新疆,N102,乌鲁木齐市,18.754700831910288,18.754700831910288,0.0,18.754700831910288,0.0,100.0
S6,mid,2040,R::RC12,江苏,N007,连云港市,2.1947325819868606,0.5912727393309243,1.6034,2.194672739330924,5.984265593639293e-05,99.99727335091175
S6,mid,2040,R::RC13,江西,N010,九江市,3.340022436367143,1.2629015096555205,0.0,1.2629015096555205,2.077120926711623,37.81116844919
S6,mid,2040,R::RC14,河北,N084,沧州市,3.687818303996412,3.687818303996412,0.0,3.687818303996412,0.0,100.0
S6,mid,2040,R::RC15,河南,N088,洛阳市,16.074843472464877,9.04441582095709,0.0,9.04441582095709,7.030427651507788,56.264409892697024
S6,mid,2040,R::RC16,浙江,N043,宁波市,24.81491215673026,0.3604179718985528,0.0,0.3604179718985528,24.454494184831702,1.4524249355474783
S6,mid,2040,R::RC17,浙江,N043,舟山市,0.2122869996675906,0.0030833093180976,0.0,0.0030833093180976,0.209203690349493,1.4524249355474415
S6,mid,2040,R::RC18,湖北,N078,武汉市,9.089378285716885,4.987042979431752,4.1023,9.089342979431752,3.530628513281897e-05,99.99961156545561
S6,mid,2040,R::RC19,湖南,N002,岳阳市,8.627327807785806,6.223071223421187,0.0,6.223071223421187,2.404256584364618,72.13208263403558
S6,mid,2040,R::RC20,甘肃,N018,兰州市,8.82611945156273,8.82611945156273,0.0,8.82611945156273,0.0,100.0
S6,mid,2040,R::RC21,甘肃,N033,庆阳市,13.151134131066692,13.15113413106669,0.0,13.15113413106669,1.7763568394002505e-15,99.99999999999999
S6,mid,2040,R::RC22,辽宁,N129,大连市,8.014854578713852,8.014854578713852,0.0,8.014854578713852,0.0,100.0
S6,mid,2040,R::RC23,辽宁,N129,盘锦市,36.66307776182443,36.66307776182443,0.0,36.66307776182443,0.0,100.0
S6,mid,2040,R::RC24,青海,N072,海西蒙古族藏族自治州,3.8032008922996745,3.803200892299674,0.0,3.803200892299674,4.440892098500626e-16,99.99999999999999
S6,mid,2045,R::RC01,上海,N116,上海市,52.16945849453211,0.0,0.0,0.0,52.16945849453211,0.0
S6,mid,2045,R::RC02,北京,N036,北京市,46.52122479785203,0.2285596388357025,0.0,0.2285596388357025,46.29266515901632,0.4913018516362353
S6,mid,2045,R::RC03,四川,N057,成都市,100.54443028716712,18.29706650141219,82.2473,100.54436650141218,6.378575494636607e-05,99.99993655963364
S6,mid,2045,R::RC04,天津,N028,天津市,12.607510389212466,2.326003400895708,0.0,2.326003400895708,10.281506988316758,18.449347484860592
S6,mid,2045,R::RC05,宁夏,N139,银川市,9.9079762839504,9.9079762839504,0.0,9.9079762839504,0.0,100.0
S6,mid,2045,R::RC06,山东,N091,东营市,16.384329034299054,13.269851873944583,0.0,13.269851873944583,3.11447716035447,80.99112173690723
S6,mid,2045,R::RC07,山东,N089,济南市,10.836706126639951,8.776769851297848,2.0599,10.836669851297849,3.627534210259853e-05,99.99966525490608
S6,mid,2045,R::RC08,广东,N026,广州市,37.4271684497644,2.4187192295371336,0.0,2.4187192295371336,35.00844922022727,6.4624691894167565
S6,mid,2045,R::RC09,广东,N056,惠州市,44.04900739849885,2.8466535313718957,0.0,2.8466535313718957,41.20235386712695,6.4624691894167565
S6,mid,2045,R::RC10,广东,N117,茂名市,45.45444595485432,2.937479565052552,0.0,2.937479565052552,42.51696638980177,6.462469189416757
S6,mid,2045,R::RC11,新疆,N102,乌鲁木齐市,26.924720612474708,26.924720612474708,0.0,26.924720612474708,0.0,100.0
S6,mid,2045,R::RC12,江苏,N007,连云港市,3.1508133410770327,0.7287192938538961,0.0,0.7287192938538961,2.4220940472231365,23.127974112385857
S6,mid,2045,R::RC13,江西,N010,九江市,4.795020285558057,1.5442964258590723,0.0,1.5442964258590723,3.2507238596989847,32.206254278220285
S6,mid,2045,R::RC14,河北,N084,沧州市,5.294324787934248,5.294324787934248,0.0,5.294324787934248,0.0,100.0
S6,mid,2045,R::RC15,河南,N088,洛阳市,23.077449929191697,11.255218032959794,0.0,11.255218032959794,11.822231896231903,48.77149800993639
S6,mid,2045,R::RC16,浙江,N043,宁波市,35.624912539594504,0.4522811490295104,0.0,0.4522811490295104,35.172631390564995,1.2695642368997615
S6,mid,2045,R::RC17,浙江,N043,舟山市,0.3047645604661027,0.0038691818664223,0.0,0.0038691818664223,0.3008953785996803,1.2695642368997324
S6,mid,2045,R::RC18,湖北,N078,武汉市,13.048940267158295,5.765334004835793,7.2836,13.048934004835791,6.2623225041136266e-06,99.99995200895724
S6,mid,2045,R::RC19,湖南,N002,岳阳市,12.385608970186205,7.70434065901564,0.0,7.70434065901564,4.681268311170563,62.203971379695616
S6,mid,2045,R::RC20,甘肃,N018,兰州市,12.670999258027074,12.670999258027074,0.0,12.670999258027074,0.0,100.0
S6,mid,2045,R::RC21,甘肃,N033,庆阳市,18.880099202312078,18.880099202312078,0.0,18.880099202312078,0.0,100.0
S6,mid,2045,R::RC22,辽宁,N129,大连市,11.506326985195834,11.506326985195834,0.0,11.506326985195834,0.0,99.99999999999999
S6,mid,2045,R::RC23,辽宁,N129,盘锦市,52.6344373273594,52.6344373273594,0.0,52.6344373273594,0.0,100.0
S6,mid,2045,R::RC24,青海,N072,海西蒙古族藏族自治州,5.459970936142793,5.459970936142793,0.0,5.459970936142793,0.0,100.0
S6,mid,2050,R::RC01,上海,N116,上海市,69.4850550272819,0.0,0.0,0.0,69.4850550272819,0.0
S6,mid,2050,R::RC02,北京,N036,北京市,61.96211266701381,0.2514928736826646,0.0,0.2514928736826646,61.71061979333115,0.40588169585855566
S6,mid,2050,R::RC03,四川,N057,成都市,133.9161929756805,19.59825458821388,114.3179,133.91615458821389,3.838746661699588e-05,99.99997133470885
S6,mid,2050,R::RC04,天津,N028,天津市,16.792076790355676,2.4527589827623664,0.0,2.4527589827623664,14.339317807593307,14.606644629990488
S6,mid,2050,R::RC05,宁夏,N139,银川市,13.1965386869303,13.1965386869303,0.0,13.1965386869303,0.0,100.00000000000001
S6,mid,2050,R::RC06,山东,N091,东营市,21.82246159700287,14.36869587499977,0.0,14.36869587499977,7.453765722003101,65.84360710696903
S6,mid,2050,R::RC07,山东,N089,济南市,14.433523813611767,9.503552711525344,4.9299,14.433452711525344,7.110208642302496e-05,99.99950738234584
S6,mid,2050,R::RC08,广东,N026,广州市,49.84964257430045,2.6571237841321054,0.0,2.6571237841321054,47.19251879016835,5.33027650132433
S6,mid,2050,R::RC09,广东,N056,惠州市,58.66934009488784,3.127238048559859,0.0,3.127238048559859,55.542102046327976,5.330276501324328
S6,mid,2050,R::RC10,广东,N117,茂名市,60.54125861280881,3.22701648144454,0.0,3.22701648144454,57.314242131364274,5.33027650132433
S6,mid,2050,R::RC11,新疆,N102,乌鲁木齐市,35.86132092109183,35.86132092109183,0.0,35.86132092109183,0.0,100.0
S6,mid,2050,R::RC12,江苏,N007,连云港市,4.196601703434935,0.7999958064840582,0.0,0.7999958064840582,3.3966058969508763,19.06294337700093
S6,mid,2050,R::RC13,江西,N010,九江市,6.3865383696450575,1.6862191234176545,0.0,1.6862191234176545,4.700319246227403,26.402708726094584
S6,mid,2050,R::RC14,河北,N084,沧州市,7.051567331496665,7.051567331496664,0.0,7.051567331496664,8.881784197001252e-16,100.0
S6,mid,2050,R::RC15,河南,N088,洛阳市,30.73710029762519,12.437294481405374,0.0,12.437294481405374,18.299805816219816,40.4634606419471
S6,mid,2050,R::RC16,浙江,N043,宁波市,47.44919881457608,0.5025748589213183,0.0,0.5025748589213183,46.94662395565476,1.0591851316295158
S6,mid,2050,R::RC17,浙江,N043,舟山市,0.4059191501206026,0.0042994352845143,0.0,0.0042994352845143,0.4016197148360883,1.0591851316295118
S6,mid,2050,R::RC18,湖北,N078,武汉市,17.380021926166645,6.043730069946484,11.3362,17.379930069946482,9.185622016261163e-05,99.9994714838649
S6,mid,2050,R::RC19,湖南,N002,岳阳市,16.496523937084486,8.483882814655145,0.0,8.483882814655145,8.012641122429342,51.42830602987349
S6,mid,2050,R::RC20,甘肃,N018,兰州市,16.876638288030897,16.876638288030897,0.0,16.876638288030897,0.0,100.0
S6,mid,2050,R::RC21,甘肃,N033,庆阳市,25.14660435148458,25.146604351484584,0.0,25.14660435148458,0.0,100.0
S6,mid,2050,R::RC22,辽宁,N129,大连市,15.32539893646833,15.32539893646833,0.0,15.32539893646833,0.0,100.0
S6,mid,2050,R::RC23,辽宁,N129,盘锦市,70.10436526583673,70.10436526583673,0.0,70.10436526583673,0.0,100.0
S6,mid,2050,R::RC24,青海,N072,海西蒙古族藏族自治州,7.272193192977178,7.272193192977178,0.0,7.272193192977178,0.0,100.0
S6,mid,2055,R::RC01,上海,N116,上海市,87.85480565250026,0.0,0.0,0.0,87.85480565250026,0.0
S6,mid,2055,R::RC02,北京,N036,北京市,78.34302446823244,0.2680007528282845,0.0,0.2680007528282845,78.07502371540416,0.34208629887266734
S6,mid,2055,R::RC03,四川,N057,成都市,169.31959114059524,20.47258156072248,148.847,169.3195815607225,9.579872738640915e-06,99.99999434213568
S6,mid,2055,R::RC04,天津,N028,天津市,21.231394899800044,2.5315769734783524,0.0,2.5315769734783524,18.699817926321693,11.923743048565285
S6,mid,2055,R::RC05,宁夏,N139,银川市,16.685305079930583,16.685305079930583,0.0,16.685305079930583,0.0,100.0
S6,mid,2055,R::RC06,山东,N091,东营市,27.591661569686963,15.132565970411829,0.0,15.132565970411829,12.459095599275134,54.84470709454093
S6,mid,2055,R::RC07,山东,N089,济南市,18.24931172649601,10.008781563166448,8.2405,18.24928156316645,3.0163329562071794e-05,99.99983471524837
S6,mid,2055,R::RC08,广东,N026,广州市,63.02838298814379,2.8282337047094703,0.0,2.8282337047094703,60.20014928343432,4.48723824192267
S6,mid,2055,R::RC09,广东,N056,惠州市,74.179742244905,3.328621761773043,0.0,3.328621761773043,70.85112048313195,4.487238241922669
S6,mid,2055,R::RC10,广东,N117,茂名市,76.5465395011595,3.434825593364472,0.0,3.434825593364472,73.11171390779504,4.48723824192267
S6,mid,2055,R::RC11,新疆,N102,乌鲁木齐市,45.34197143151789,45.34197143151789,0.0,45.34197143151789,0.0,99.99999999999999
S6,mid,2055,R::RC12,江苏,N007,连云港市,5.306056488139333,0.8510877216080713,0.0,0.8510877216080713,4.454968766531262,16.03992953166846
S6,mid,2055,R::RC13,江西,N010,九江市,8.074946289343838,1.786860383149736,0.0,1.786860383149736,6.288085906194103,22.128449145324712
S6,mid,2055,R::RC14,河北,N084,沧州市,8.915788829855856,8.915788829855856,0.0,8.915788829855856,0.0,100.0
S6,mid,2055,R::RC15,河南,N088,洛阳市,38.8630615879776,13.294326642836747,0.0,13.294326642836747,25.568734945140847,34.208130033042444
S6,mid,2055,R::RC16,浙江,N043,宁波市,59.99333437362459,0.5393498280191735,0.0,0.5393498280191735,59.453984545605415,0.8990162551396589
S6,mid,2055,R::RC17,浙江,N043,舟山市,0.5132319177191654,0.0046140383668602,0.0,0.0046140383668602,0.5086178793523052,0.8990162551396401
S6,mid,2055,R::RC18,湖北,N078,武汉市,21.974774978015784,6.2091628556980005,15.7656,21.974762855698,1.212231778424666e-05,99.99994483530413
S6,mid,2055,R::RC19,湖南,N002,岳阳市,20.857706795588467,9.045773218623305,0.0,9.045773218623305,11.811933576965162,43.36897295217776
S6,mid,2055,R::RC20,甘肃,N018,兰州市,21.338311904341868,21.338311904341868,0.0,21.338311904341868,0.0,100.0
S6,mid,2055,R::RC21,甘肃,N033,庆阳市,31.794607304442344,31.794607304442344,0.0,31.794607304442344,0.0,100.0
S6,mid,2055,R::RC22,辽宁,N129,大连市,19.3769717039415,19.146328108451797,0.0,19.146328108451797,0.2306435954897061,98.80970257368551
S6,mid,2055,R::RC23,辽宁,N129,盘锦市,88.63784281963608,87.58278885781324,0.0,87.58278885781324,1.0550539618228356,98.80970257368548
S6,mid,2055,R::RC24,青海,N072,海西蒙古族藏族自治州,9.194741507876698,9.194741507876698,0.0,9.194741507876698,0.0,100.0
S6,mid,2060,R::RC01,上海,N116,上海市,106.86897672057242,0.0,0.0,0.0,106.86897672057242,0.0
S6,mid,2060,R::RC02,北京,N036,北京市,95.29858720797816,0.278185266045594,0.0,0.278185266045594,95.02040194193256,0.29190911869290026
S6,mid,2060,R::RC03,四川,N057,成都市,205.9649589973926,20.9268229921807,185.0381,205.96492299218068,3.6005211939027504e-05,99.99998251876819
S6,mid,2060,R::RC04,天津,N028,天津市,25.82644660630967,2.5632182871889158,0.0,2.5632182871889158,23.26322831912076,9.924781082979859
S6,mid,2060,R::RC05,宁夏,N139,银川市,20.296459219496363,20.296459219496363,0.0,20.296459219496363,0.0,100.0
S6,mid,2060,R::RC06,山东,N091,东营市,33.56324808953546,15.566779206302051,0.0,15.566779206302051,17.996468883233412,46.38043125258651
S6,mid,2060,R::RC07,山东,N089,济南市,22.198959471602542,10.295973136516162,11.902900000000002,22.198873136516163,8.633508638311582e-05,99.99961108498582
S6,mid,2060,R::RC08,广东,N026,广州市,76.66944049637844,2.9331171600631563,0.0,2.9331171600631563,73.73632333631528,3.825666577287342
S6,mid,2060,R::RC09,广东,N056,惠州市,90.2342574003885,3.4520618266300924,0.0,3.4520618266300924,86.78219557375841,3.8256665772873415
S6,mid,2060,R::RC10,广东,N117,茂名市,93.11329399949544,3.5622041675499974,0.0,3.5622041675499974,89.55108983194546,3.8256665772873424
S6,mid,2060,R::RC11,新疆,N102,乌鲁木齐市,55.15520811173569,55.15520811173569,0.0,55.15520811173569,0.0,100.0
S6,mid,2060,R::RC12,江苏,N007,连云港市,6.454431525941994,0.8823154296625401,0.0,0.8823154296625401,5.572116096279454,13.669916957307409
S6,mid,2060,R::RC13,江西,N010,九江市,9.82258444039026,1.8468754659731972,0.0,1.8468754659731972,7.975708974417063,18.802337380566403
S6,mid,2060,R::RC14,河北,N084,沧州市,10.845408191695071,10.845408191695071,0.0,10.845408191695071,0.0,100.0
S6,mid,2060,R::RC15,河南,N088,洛阳市,47.27408584299285,13.831473950381124,0.0,13.831473950381124,33.44261189261172,29.258046356133356
S6,mid,2060,R::RC16,浙江,N043,宁波市,72.97752475742845,0.5628206395102817,0.0,0.5628206395102817,72.41470411791818,0.771224622075157
S6,mid,2060,R::RC17,浙江,N043,舟山市,0.6243092732335159,0.0048148268330753,0.0,0.0048148268330753,0.6194944464004406,0.7712246220751502
S6,mid,2060,R::RC18,湖北,N078,武汉市,26.730714365862948,6.2634254300166665,20.4672,26.730625430016666,8.893584628211215e-05,99.99966728967635
S6,mid,2060,R::RC19,湖南,N002,岳阳市,25.371882225759983,9.393466660629189,0.0,9.393466660629189,15.978415565130796,37.02313678207143
S6,mid,2060,R::RC20,甘肃,N018,兰州市,25.95650336057088,25.95650336057088,0.0,25.95650336057088,0.0,100.0
S6,mid,2060,R::RC21,甘肃,N033,庆阳市,38.67582567193911,38.67582567193911,0.0,38.67582567193911,0.0,100.0
S6,mid,2060,R::RC22,辽宁,N129,大连市,23.570675759440164,19.892556454874743,0.0,19.892556454874743,3.678119304565421,84.39535912290374
S6,mid,2060,R::RC23,辽宁,N129,盘锦市,107.82148444242632,90.99632900683146,0.0,90.99632900683146,16.825155435594866,84.39535912290371
S6,mid,2060,R::RC24,青海,N072,海西蒙古族藏族自治州,11.184733821433149,11.184733821433149,0.0,11.184733821433149,0.0,100.0
S7,high,2025,R::RC01,上海,N116,上海市,3.2949461382407725,0.0,0.0,0.0,3.2949461382407725,0.0
S7,high,2025,R::RC02,北京,N036,北京市,2.9382120193940526,0.0806296074581049,2.8575,2.9381296074581047,8.241193594793472e-05,99.99719516714914
S7,high,2025,R::RC03,四川,N057,成都市,6.350238086735025,4.858157928837248,1.4920000000000002,6.350157928837248,8.015789777715554e-05,99.9987377182291
S7,high,2025,R::RC04,天津,N028,天津市,0.7962717817766877,0.6435692168676472,0.0,0.6435692168676472,0.1527025649090404,80.82280844257451
S7,high,2025,R::RC05,宁夏,N139,银川市,0.6257731848607397,0.6257731848607397,0.0,0.6257731848607397,0.0,100.0
S7,high,2025,R::RC06,山东,N091,东营市,1.034810083085069,1.034810083085069,0.0,1.034810083085069,0.0,100.0
S7,high,2025,R::RC07,山东,N089,济南市,0.6844303934449467,0.6844303934449467,0.0,0.6844303934449467,0.0,100.00000000000001
S7,high,2025,R::RC08,广东,N026,广州市,2.363844818549599,0.6961868209949061,0.0,0.6961868209949061,1.6676579975546928,29.451460414481453
S7,high,2025,R::RC09,广东,N056,惠州市,2.7820704107219174,0.8193603657167671,0.0,0.8193603657167671,1.9627100450051504,29.451460414481453
S7,high,2025,R::RC10,广东,N117,茂名市,2.870835839335357,0.8455030807865991,0.0,0.8455030807865991,2.0253327585487577,29.451460414481456
S7,high,2025,R::RC11,新疆,N102,乌鲁木齐市,1.7005256862036155,1.7005256862036155,0.0,1.7005256862036155,0.0,100.00000000000001
S7,high,2025,R::RC12,江苏,N007,连云港市,0.1990007285888809,0.1990007285888809,0.0,0.1990007285888809,0.0,100.0
S7,high,2025,R::RC13,江西,N010,九江市,0.3028464168233913,0.3028464168233913,0.0,0.3028464168233913,0.0,100.0
S7,high,2025,R::RC14,河北,N084,沧州市,0.3343817535776169,0.3343817535776169,0.0,0.3343817535776169,0.0,100.00000000000001
S7,high,2025,R::RC15,河南,N088,洛阳市,1.4575377379584,1.4575377379584,0.0,1.4575377379584,0.0,100.0
S7,high,2025,R::RC16,浙江,N043,宁波市,2.2500169904927234,0.1283330596486163,0.0,0.1283330596486163,2.121683930844107,5.7036484698061365
S7,high,2025,R::RC17,浙江,N043,舟山市,0.0192484806351915,0.00109786567121,0.0,0.00109786567121,0.0181506149639815,5.703648469805978
S7,high,2025,R::RC18,湖北,N078,武汉市,0.8241518425174783,0.8241518425174783,0.0,0.8241518425174783,0.0,100.0
S7,high,2025,R::RC19,湖南,N002,岳阳市,0.7822568150741414,0.7822568150741414,0.0,0.7822568150741414,0.0,100.0
S7,high,2025,R::RC20,甘肃,N018,兰州市,0.8002816451940717,0.8002816451940717,0.0,0.8002816451940717,0.0,100.0
S7,high,2025,R::RC21,甘肃,N033,庆阳市,1.1924392499259118,1.1924392499259118,0.0,1.1924392499259118,0.0,100.0
S7,high,2025,R::RC22,辽宁,N129,大连市,0.7267226603316237,0.7267226603316237,0.0,0.7267226603316237,0.0,100.0
S7,high,2025,R::RC23,辽宁,N129,盘锦市,3.324313516277648,3.324313516277648,0.0,3.324313516277648,0.0,100.0
S7,high,2025,R::RC24,青海,N072,海西蒙古族藏族自治州,0.3448437202551396,0.3448437202551396,0.0,0.3448437202551396,0.0,100.00000000000001
S7,high,2030,R::RC01,上海,N116,上海市,31.497083808314752,0.0,0.0,0.0,31.497083808314752,0.0
S7,high,2030,R::RC02,北京,N036,北京市,28.0869872643392,0.1367567112641737,0.0,0.1367567112641737,27.950230553075027,0.4869041666060341
S7,high,2030,R::RC03,四川,N057,成都市,60.703262763328894,8.579910883282148,52.1233,60.70321088328215,5.188004674749891e-05,99.9999145349947
S7,high,2030,R::RC04,天津,N028,天津市,7.611729598167941,1.1601662039272953,0.0,1.1601662039272953,6.451563394240646,15.24182104690811
S7,high,2030,R::RC05,宁夏,N139,银川市,5.98189761580694,5.981897615806941,0.0,5.98189761580694,0.0,99.99999999999999
S7,high,2030,R::RC06,山东,N091,东营市,9.891967438964508,5.804537448299036,0.0,5.804537448299036,4.0874299906654725,58.67930201058825
S7,high,2030,R::RC07,山东,N089,济南市,6.542614221549392,3.839160358450665,2.7034,6.542560358450665,5.386309872701389e-05,99.99917673430065
S7,high,2030,R::RC08,广东,N026,广州市,22.596490272056364,1.183915500439119,0.0,1.183915500439119,21.412574771617244,5.239377824542919
S7,high,2030,R::RC09,广东,N056,惠州市,26.594396755124645,1.3933809261589625,0.0,1.3933809261589625,25.201015828965684,5.2393778245429194
S7,high,2030,R::RC10,广东,N117,茂名市,27.44292417469917,1.437838483615316,0.0,1.437838483615316,26.005085691083853,5.239377824542919
S7,high,2030,R::RC11,新疆,N102,乌鲁木齐市,16.255683039827982,16.255683039827982,0.0,16.255683039827982,0.0,100.0
S7,high,2030,R::RC12,江苏,N007,连云港市,1.9022898594713424,0.4733693134063353,1.4289000000000005,1.9022693134063355,2.0546065006898928e-05,99.99891992984641
S7,high,2030,R::RC13,江西,N010,九江市,2.8949726555551822,1.2006648044393369,0.0,1.2006648044393369,1.6943078511158456,41.47413282593095
S7,high,2030,R::RC14,河北,N084,沧州市,3.196425578607088,3.196425578607088,0.0,3.196425578607088,0.0,100.0
S7,high,2030,R::RC15,河南,N088,洛阳市,13.932910087194443,8.174975526984642,0.0,8.174975526984642,5.757934560209801,58.673855467553444
S7,high,2030,R::RC16,浙江,N043,宁波市,21.508386099907412,0.2140713556955592,0.0,0.2140713556955592,21.294314744211857,0.9952925091691596
S7,high,2030,R::RC17,浙江,N043,舟山市,0.1840002787035088,0.0018313409907863,0.0,0.0018313409907863,0.1821689377127224,0.9952925091691056
S7,high,2030,R::RC18,湖北,N078,武汉市,7.878240968275631,4.786597182910312,3.0916,7.878197182910312,4.378536531923771e-05,99.99944422409145
S7,high,2030,R::RC19,湖南,N002,岳阳市,7.477757580938997,5.5537554873877655,0.0,5.5537554873877655,1.9240020935512316,74.27033341578812
S7,high,2030,R::RC20,甘肃,N018,兰州市,7.650060726756489,7.650060726756489,0.0,7.650060726756489,0.0,100.0
S7,high,2030,R::RC21,甘肃,N033,庆阳市,11.39877782988388,11.39877782988388,0.0,11.39877782988388,0.0,100.0
S7,high,2030,R::RC22,辽宁,N129,大连市,6.946894904354272,5.737188648827018,0.0,5.737188648827018,1.2097062555272542,82.58637460070084
S7,high,2030,R::RC23,辽宁,N129,盘锦市,31.77781275757514,26.244143483880308,0.0,26.244143483880308,5.533669273694834,82.58637460070084
S7,high,2030,R::RC24,青海,N072,海西蒙古族藏族自治州,3.2964337205968284,3.2964337205968284,0.0,3.2964337205968284,0.0,100.0
S7,high,2035,R::RC01,上海,N116,上海市,63.72614494306941,0.0,0.0,0.0,63.72614494306941,0.0
S7,high,2035,R::RC02,北京,N036,北京市,56.82670282475245,0.2119704992322476,0.0,0.2119704992322476,56.6147323255202,0.3730121381244698
S7,high,2035,R::RC03,四川,N057,成都市,122.81724063457362,13.34456269320506,109.4726,122.81716269320506,7.794136855920897e-05,99.99993653873987
S7,high,2035,R::RC04,天津,N028,天津市,15.400352191089247,1.8074903663690416,0.0,1.8074903663690416,13.592861824720206,11.73668201831688
S7,high,2035,R::RC05,宁夏,N139,银川市,12.102811702170426,12.102811702170426,0.0,12.102811702170426,0.0,99.99999999999999
S7,high,2035,R::RC06,山东,N091,东营市,20.013819521322336,9.016233095702743,0.0,9.016233095702743,10.997586425619591,45.05003698118204
S7,high,2035,R::RC07,山东,N089,济南市,13.237275702297843,5.963397599186206,7.2738,13.237197599186208,7.81031116385833e-05,99.99940997593923
S7,high,2035,R::RC08,广东,N026,广州市,45.71811228763938,1.835467141081365,0.0,1.835467141081365,43.88264514655801,4.014748311420576
S7,high,2035,R::RC09,广东,N056,惠州市,53.80683470903352,2.160208987909784,0.0,2.160208987909784,51.64662572112374,4.014748311420577
S7,high,2035,R::RC10,广东,N117,茂名市,55.523608923975296,2.2291331517150628,0.0,2.2291331517150628,53.29447577226024,4.014748311420576
S7,high,2035,R::RC11,新疆,N102,乌鲁木齐市,32.88914046294052,32.88914046294052,0.0,32.88914046294052,0.0,100.0
S7,high,2035,R::RC12,江苏,N007,连云港市,3.8487880353037696,0.733952466487838,0.0,0.733952466487838,3.1148355688159315,19.069703495113625
S7,high,2035,R::RC13,江西,N010,九江市,5.857223106014365,1.8629882605782893,0.0,1.8629882605782893,3.994234845436075,31.806680859831335
S7,high,2035,R::RC14,河北,N084,沧州市,6.467134575432572,6.467134575432572,0.0,6.467134575432572,0.0,100.0
S7,high,2035,R::RC15,河南,N088,洛阳市,28.189614413157745,12.663246539626993,0.0,12.663246539626993,15.526367873530754,44.92167347176027
S7,high,2035,R::RC16,浙江,N043,宁波市,43.51661691716264,0.3313218482251111,0.0,0.3313218482251111,43.185295068937535,0.7613685798595253
S7,high,2035,R::RC17,浙江,N043,舟山市,0.3722766368335847,0.0028343973430086,0.0,0.0028343973430086,0.3694422394905761,0.7613685798595075
S7,high,2035,R::RC18,湖北,N078,武汉市,15.939568529459445,7.46171401801929,8.4778,15.93951401801929,5.451144015289344e-05,99.999658011821
S7,high,2035,R::RC19,湖南,N002,岳阳市,15.129294710333095,8.60727877887235,0.0,8.60727877887235,6.522015931460746,56.89147408169464
S7,high,2035,R::RC20,甘肃,N018,兰州市,15.477905245560288,15.477905245560288,0.0,15.477905245560288,0.0,100.0
S7,high,2035,R::RC21,甘肃,N033,庆阳市,23.062457863774288,23.062457863774288,0.0,23.062457863774288,0.0,100.0
S7,high,2035,R::RC22,辽宁,N129,大连市,14.055232359710864,8.890348617910771,0.0,8.890348617910771,5.164883741800093,63.25294659229424
S7,high,2035,R::RC23,辽宁,N129,盘锦市,64.29412684955818,40.66792971813295,0.0,40.66792971813295,23.62619713142524,63.25294659229425
S7,high,2035,R::RC24,青海,N072,海西蒙古族藏族自治州,6.66947500131806,6.66947500131806,0.0,6.66947500131806,0.0,100.0
S7,high,2040,R::RC01,上海,N116,上海市,100.51773406925216,0.0,0.0,0.0,100.51773406925216,0.0
S7,high,2040,R::RC02,北京,N036,北京市,89.63497490196306,0.3006445709738964,0.0,0.3006445709738964,89.33433033098916,0.3354098902830307
S7,high,2040,R::RC03,四川,N057,成都市,193.7244241630224,17.838874306142642,175.8855,193.72437430614264,4.985687974112807e-05,99.99997426401963
S7,high,2040,R::RC04,天津,N028,天津市,24.291576204706363,2.344026676648862,0.0,2.344026676648862,21.9475495280575,9.649545409880481
S7,high,2040,R::RC05,宁夏,N139,银川市,19.090236970333265,19.090236970333265,0.0,19.090236970333265,0.0,100.0
S7,high,2040,R::RC06,山东,N091,东营市,31.56857817386417,12.32993778630006,0.0,12.32993778630006,19.238640387564114,39.05762786778942
S7,high,2040,R::RC07,山东,N089,济南市,20.87967128772092,8.155104311575709,0.0,8.155104311575709,12.724566976145208,39.05762786778941
S7,high,2040,R::RC08,广东,N026,广州市,72.11296175506266,2.5933602344122484,0.0,2.5933602344122484,69.51960152065041,3.59624701481656
S7,high,2040,R::RC09,广东,N056,惠州市,84.87161913250252,3.052193069479102,0.0,3.052193069479102,81.81942606302341,3.5962470148165595
S7,high,2040,R::RC10,广东,N117,茂名市,87.57955406483886,3.149577098646423,0.0,3.149577098646423,84.42997696619244,3.5962470148165604
S7,high,2040,R::RC11,新疆,N102,乌鲁木齐市,51.87732409944995,51.87732409944995,0.0,51.87732409944995,0.0,100.0
S7,high,2040,R::RC12,江苏,N007,连云港市,6.070843490802723,1.0353318778141951,0.0,1.0353318778141951,5.035511612988528,17.054168492116695
S7,high,2040,R::RC13,江西,N010,九江市,9.238826467231036,2.5953726571784377,0.0,2.5953726571784377,6.6434538100526,28.09201651729146
S7,high,2040,R::RC14,河北,N084,沧州市,10.20086361765863,10.20086361765863,0.0,10.20086361765863,0.0,100.0
S7,high,2040,R::RC15,河南,N088,洛阳市,44.464578355209504,18.146317692892204,0.0,18.146317692892204,26.3182606623173,40.810727019445956
S7,high,2040,R::RC16,浙江,N043,宁波市,68.64045723745906,0.4814342117037853,0.0,0.4814342117037853,68.15902302575527,0.701385496367371
S7,high,2040,R::RC17,浙江,N043,舟山市,0.5872064599994844,0.0041185809441686,0.0,0.0041185809441686,0.5830878790553158,0.7013854963673622
S7,high,2040,R::RC18,湖北,N078,武汉市,25.14210316745473,9.572860401159906,15.5692,25.142060401159902,4.276629482546923e-05,99.99982990168108
S7,high,2040,R::RC19,湖南,N002,岳阳市,23.86402666766048,12.230398016452853,0.0,12.230398016452853,11.633628651207626,51.25035345785534
S7,high,2040,R::RC20,甘肃,N018,兰州市,24.413903662495358,24.413903662495358,0.0,24.413903662495358,0.0,100.0
S7,high,2040,R::RC21,甘肃,N033,庆阳市,36.37731434413895,36.37731434413895,0.0,36.37731434413895,0.0,100.0
S7,high,2040,R::RC22,辽宁,N129,大连市,22.169866228015326,12.661510552902683,0.0,12.661510552902683,9.50835567511264,57.11135296298157
S7,high,2040,R::RC23,辽宁,N129,盘锦市,101.41363408460047,57.918698514642784,0.0,57.918698514642784,43.49493556995769,57.11135296298159
S7,high,2040,R::RC24,青海,N072,海西蒙古族藏族自治州,10.520023063735064,10.520023063735064,0.0,10.520023063735064,0.0,100.0
S7,high,2045,R::RC01,上海,N116,上海市,141.11455962170902,0.0,0.0,0.0,141.11455962170902,0.0
S7,high,2045,R::RC02,北京,N036,北京市,125.83650165928938,0.3717859297931089,0.0,0.3717859297931089,125.46471572949628,0.29545157795290894
S7,high,2045,R::RC03,四川,N057,成都市,271.9653109659225,21.2294172926778,250.7358,271.96521729267783,9.367324469167217e-05,99.99996555691446
S7,high,2045,R::RC04,天津,N028,天津市,34.102391089344096,2.731060061670695,0.0,2.731060061670695,31.3713310276734,8.008412238648168
S7,high,2045,R::RC05,宁夏,N139,银川市,26.800349292460822,26.800349292460822,0.0,26.800349292460822,0.0,100.0
S7,high,2045,R::RC06,山东,N091,东营市,44.31840856877248,14.897882915631625,0.0,14.897882915631625,29.42052565314086,33.61556381816681
S7,high,2045,R::RC07,山东,N089,济南市,29.31249541282761,9.853560602196284,0.0,9.853560602196284,19.458934810631327,33.61556381816681
S7,high,2045,R::RC08,广东,N026,广州市,101.23774610828254,3.19943635991175,0.0,3.19943635991175,98.0383097483708,3.1603196267227007
S7,high,2045,R::RC09,广东,N056,惠州市,119.14933488267012,3.7654998154065815,0.0,3.7654998154065815,115.38383506726356,3.160319626722701
S7,high,2045,R::RC10,广东,N117,茂名市,122.95094311627412,3.8856427865442735,0.0,3.8856427865442735,119.06530032972984,3.1603196267227003
S7,high,2045,R::RC11,新疆,N102,乌鲁木齐市,72.82939485686138,72.82939485686138,0.0,72.82939485686138,0.0,100.0
S7,high,2045,R::RC12,江苏,N007,连云港市,8.522719037286777,1.2760038891002006,0.0,1.2760038891002006,7.246715148186576,14.971793432561855
S7,high,2045,R::RC13,江西,N010,九江市,12.9701782517947,3.1736637319772365,0.0,3.1736637319772365,9.796514519817464,24.46892918790914
S7,high,2045,R::RC14,河北,N084,沧州市,14.320760316535464,14.320760316535464,0.0,14.320760316535464,0.0,100.0
S7,high,2045,R::RC15,河南,N088,洛阳市,62.42280978038612,22.58197391318577,0.0,22.58197391318577,39.84083586720035,36.17583699393368
S7,high,2045,R::RC16,浙江,N043,宁波市,96.36277603137628,0.6041419558089992,0.0,0.6041419558089992,95.75863407556729,0.6269453628154995
S7,high,2045,R::RC17,浙江,N043,舟山市,0.824365787561037,0.0051683230777513,0.0,0.0051683230777513,0.8191974644832856,0.6269453628154882
S7,high,2045,R::RC18,湖北,N078,武汉市,35.2964265389687,11.066826137648794,24.2296,35.296426137648794,4.0131990886038693e-07,99.99999886300131
S7,high,2045,R::RC19,湖南,N002,岳阳市,33.50216402299252,15.141583525425208,0.0,15.141583525425208,18.36058049756731,45.19583724512108
S7,high,2045,R::RC20,甘肃,N018,兰州市,34.27412382382499,34.27412382382499,0.0,34.27412382382499,0.0,100.0
S7,high,2045,R::RC21,甘肃,N033,庆阳市,51.06928385748319,51.0692838574832,0.0,51.06928385748319,0.0,100.00000000000001
S7,high,2045,R::RC22,辽宁,N129,大连市,31.12377073167202,15.69732520767037,0.0,15.69732520767037,15.42644552400165,50.43516527287786
S7,high,2045,R::RC23,辽宁,N129,盘锦市,142.37229326743426,71.80570141221683,0.0,71.80570141221683,70.56659185521742,50.43516527287786
S7,high,2045,R::RC24,青海,N072,海西蒙古族藏族自治州,14.76882100054527,14.76882100054527,0.0,14.76882100054527,0.0,100.0
S7,high,2050,R::RC01,上海,N116,上海市,184.5037716947991,0.0,0.0,0.0,184.5037716947991,0.0
S7,high,2050,R::RC02,北京,N036,北京市,164.52809146878417,0.4090902153799027,0.0,0.4090902153799027,164.11900125340426,0.24864460027941135
S7,high,2050,R::RC03,四川,N057,成都市,355.58786972710186,22.73913825635479,332.8487,355.5878382563548,3.147074704656916e-05,99.99999114965674
S7,high,2050,R::RC04,天津,N028,天津市,44.58802689575295,2.879889210887137,0.0,2.879889210887137,41.70813768486581,6.458884618555412
S7,high,2050,R::RC05,宁夏,N139,银川市,35.040789132267264,35.040789132267264,0.0,35.040789132267264,0.0,100.0
S7,high,2050,R::RC06,山东,N091,东营市,57.94521528019347,16.131540188205086,0.0,16.131540188205086,41.81367509198839,27.839296325332807
S7,high,2050,R::RC07,山东,N089,济南市,38.3253576098124,10.669509872739162,0.0,10.669509872739162,27.65584773707324,27.839296325332814
S7,high,2050,R::RC08,广东,N026,广州市,132.36583131415637,3.51479342617433,0.0,3.51479342617433,128.85103788798205,2.655363088252238
S7,high,2050,R::RC09,广东,N056,惠州市,155.78478747842402,4.136651743814265,0.0,4.136651743814265,151.64813573460975,2.6553630882522374
S7,high,2050,R::RC10,广东,N117,茂名市,160.75529554992448,4.268636780443487,0.0,4.268636780443487,156.48665876948098,2.6553630882522374
S7,high,2050,R::RC11,新疆,N102,乌鲁木齐市,95.22261967413274,95.22261967413274,0.0,95.22261967413274,0.0,100.0
S7,high,2050,R::RC12,江苏,N007,连云港市,11.143242849567512,1.4008106673544083,0.0,1.4008106673544083,9.742432182213104,12.570942644481415
S7,high,2050,R::RC13,江西,N010,九江市,16.958184991152624,3.46532724323317,0.0,3.46532724323317,13.492857747919455,20.434540872393423
S7,high,2050,R::RC14,河北,N084,沧州市,18.724037399267186,18.724037399267186,0.0,18.724037399267186,0.0,100.0
S7,high,2050,R::RC15,河南,N088,洛阳市,81.61626890338553,24.95364005452747,0.0,24.95364005452747,56.66262884885806,30.574345519355596
S7,high,2050,R::RC16,浙江,N043,宁波市,125.9919293688172,0.67132260290014,0.0,0.67132260290014,125.32060676591708,0.532829845739541
S7,high,2050,R::RC17,浙江,N043,舟山市,1.0778377331786395,0.0057430411310183,0.0,0.0057430411310183,1.072094692047621,0.5328298457395401
S7,high,2050,R::RC18,湖北,N078,武汉市,46.14919850400947,11.601220302392994,34.5479,46.149120302392994,7.820161647487112e-05,99.99983054610045
S7,high,2050,R::RC19,湖南,N002,岳阳市,43.803244957503296,16.673642293801848,0.0,16.673642293801848,27.129602663701448,38.06485640499501
S7,high,2050,R::RC20,甘肃,N018,兰州市,44.81256316841062,44.81256316841062,0.0,44.81256316841062,0.0,99.99999999999999
S7,high,2050,R::RC21,甘肃,N033,庆阳市,66.77181656320329,66.77181656320329,0.0,66.77181656320329,0.0,100.0
S7,high,2050,R::RC22,辽宁,N129,大连市,40.69355497229832,17.30203674078501,0.0,17.30203674078501,23.391518231513317,42.51787968036505
S7,high,2050,R::RC23,辽宁,N129,盘锦市,186.14822710780425,79.14627922882887,0.0,79.14627922882887,107.00194787897536,42.51787968036504
S7,high,2050,R::RC24,青海,N072,海西蒙古族藏族自治州,19.30986558290446,19.30986558290446,0.0,19.30986558290446,0.0,100.0
S7,high,2055,R::RC01,上海,N116,上海市,229.3275306595841,0.0,0.0,0.0,229.3275306595841,0.0
S7,high,2055,R::RC02,北京,N036,北京市,204.49891400097616,0.4359427131714242,0.0,0.4359427131714242,204.06297128780477,0.21317605293950034
S7,high,2055,R::RC03,四川,N057,成都市,441.9751821220726,23.75358787581681,418.2215,441.9750878758168,9.424625579868008e-05,99.99997867612038
S7,high,2055,R::RC04,天津,N028,天津市,55.420341877349166,2.97243278434136,0.0,2.97243278434136,52.44790909300781,5.36343278235211
S7,high,2055,R::RC05,宁夏,N139,银川市,43.55367681783039,43.55367681783039,0.0,43.55367681783039,0.0,100.0
S7,high,2055,R::RC06,山东,N091,东营市,72.02255548318068,16.98912679522261,0.0,16.98912679522261,55.03342868795807,23.58861981673235
S7,high,2055,R::RC07,山东,N089,济南市,47.636205707720656,11.23672345951078,0.0,11.23672345951078,36.39948224820988,23.588619816732344
S7,high,2055,R::RC08,广东,N026,广州市,164.52308242885746,3.741134414723712,0.0,3.741134414723712,160.78194801413375,2.273926770331112
S7,high,2055,R::RC09,广东,N056,惠州市,193.63149218353965,4.403038336553103,0.0,4.403038336553103,189.22845384698653,2.273926770331112
S7,high,2055,R::RC10,广东,N117,茂名市,199.80954660318736,4.543522769887097,0.0,4.543522769887097,195.2660238333003,2.273926770331112
S7,high,2055,R::RC11,新疆,N102,乌鲁木齐市,118.35621587686576,118.35621587686576,0.0,118.35621587686576,0.0,100.0
S7,high,2055,R::RC12,江苏,N007,连云港市,13.850407190908497,1.4902737609621504,0.0,1.4902737609621504,12.360133429946346,10.759783018800896
S7,high,2055,R::RC13,江西,N010,九江市,21.07804438232564,3.6721538023081433,0.0,3.6721538023081433,17.4058905800175,17.421700683898916
S7,high,2055,R::RC14,河北,N084,沧州市,23.27289692405071,23.27289692405071,0.0,23.27289692405071,0.0,100.0
S7,high,2055,R::RC15,河南,N088,洛阳市,101.44430781731064,26.673151649552103,0.0,26.673151649552103,74.77115616775853,26.293394103084953
S7,high,2055,R::RC16,浙江,N043,宁波市,156.60069048876818,0.7204453704602451,0.0,0.7204453704602451,155.88024511830793,0.46005248649393243
S7,high,2055,R::RC17,浙江,N043,舟山市,1.3396900428163372,0.0061632773532881,0.0,0.0061632773532881,1.333526765463049,0.46005248649392594
S7,high,2055,R::RC18,湖北,N078,武汉市,57.36078800790062,11.9187762108353,45.442,57.3607762108353,1.1797065319285592e-05,99.99997943357174
S7,high,2055,R::RC19,湖南,N002,岳阳市,54.44490325974335,17.7779432145903,0.0,17.7779432145903,36.66696004515305,32.65308991325794
S7,high,2055,R::RC20,甘肃,N018,兰州市,55.699427494294,55.699427494294,0.0,55.699427494294,0.0,99.99999999999999
S7,high,2055,R::RC21,甘肃,N033,庆阳市,82.99351102384954,82.99351102384954,0.0,82.99351102384954,0.0,100.0
S7,high,2055,R::RC22,辽宁,N129,大连市,50.57973823426329,18.460602766870537,0.0,18.460602766870537,32.11913546739275,36.49801958517277
S7,high,2055,R::RC23,辽宁,N129,盘锦市,231.371493748686,84.44601310290221,0.0,84.44601310290221,146.9254806457838,36.49801958517278
S7,high,2055,R::RC24,青海,N072,海西蒙古族藏族自治州,24.00104751690991,24.00104751690991,0.0,24.00104751690991,0.0,100.0
S7,high,2060,R::RC01,上海,N116,上海市,273.78401135513786,0.0,0.0,0.0,273.78401135513786,0.0
S7,high,2060,R::RC02,北京,N036,北京市,244.14222240096635,0.4525093245612392,0.0,0.4525093245612392,243.6897130764051,0.18534660662589597
S7,high,2060,R::RC03,四川,N057,成都市,527.6546515491011,24.280627600971968,503.374,527.6546276009719,2.394812918282696e-05,99.99999546140091
S7,high,2060,R::RC04,天津,N028,天津市,66.16389870947081,3.009584203870855,0.0,3.009584203870855,63.15431450559996,4.54868026608604
S7,high,2060,R::RC05,宁夏,N139,银川市,51.99681134731015,51.99681134731015,0.0,51.99681134731015,0.0,100.0
S7,high,2060,R::RC06,山东,N091,东营市,85.98454835108173,17.476612112327896,0.0,17.476612112327896,68.50793623875383,20.325293843458365
S7,high,2060,R::RC07,山东,N089,济南市,56.87076229743208,11.559149547967804,0.0,11.559149547967804,45.311612749464274,20.325293843458365
S7,high,2060,R::RC08,广东,N026,广州市,196.41684248869365,3.8798722791743865,0.0,3.8798722791743865,192.53697020951927,1.9753256543657776
S7,high,2060,R::RC09,广东,N056,惠州市,231.1680874172225,4.566322535459103,0.0,4.566322535459103,226.6017648817634,1.9753256543657776
S7,high,2060,R::RC10,广东,N117,茂名市,238.54379375529973,4.712016754945825,0.0,4.712016754945825,233.8317770003539,1.9753256543657776
S7,high,2060,R::RC11,新疆,N102,乌鲁木齐市,141.30025932073465,141.30025932073465,0.0,141.30025932073465,0.0,100.0
S7,high,2060,R::RC12,江苏,N007,连云港市,16.53538948735241,1.544954180790827,0.0,1.544954180790827,14.990435306561585,9.343318958241241
S7,high,2060,R::RC13,江西,N010,九江市,25.16414634525943,3.795490027490736,0.0,3.795490027490736,21.368656317768693,15.082927810923945
S7,high,2060,R::RC14,河北,N084,沧州市,27.784483866350666,25.206670601999527,0.0,25.206670601999527,2.577813264351139,90.72211210850281
S7,high,2060,R::RC15,河南,N088,洛阳市,121.10987914746444,27.750860357724967,0.0,27.750860357724967,93.35901878973944,22.913787506909557
S7,high,2060,R::RC16,浙江,N043,宁波市,186.95864861791512,0.751796891497743,0.0,0.751796891497743,186.20685172641737,0.4021193440663878
S7,high,2060,R::RC17,浙江,N043,舟山市,1.599396779095194,0.0064314838371165,0.0,0.0064314838371165,1.5929652952580775,0.4021193440663861
S7,high,2060,R::RC18,湖北,N078,武汉市,68.48051165128783,12.022935740059838,56.4575,68.48043574005985,7.5911227980896e-05,99.99988914915185
S7,high,2060,R::RC19,湖南,N002,岳阳市,64.9993656209632,18.461276094895112,0.0,18.461276094895112,46.53808952606809,28.40224041962202
S7,high,2060,R::RC20,甘肃,N018,兰州市,66.497086702639,66.497086702639,0.0,66.497086702639,0.0,100.0
S7,high,2060,R::RC21,甘肃,N033,庆阳市,99.0822876747649,99.0822876747649,0.0,99.0822876747649,0.0,100.0
S7,high,2060,R::RC22,辽宁,N129,大连市,60.38491578939742,19.180104960641657,0.0,19.180104960641657,41.20481082875576,31.763073128288376
S7,high,2060,R::RC23,辽宁,N129,盘锦市,276.2242086222808,87.7372973827309,0.0,87.7372973827309,188.4869112395499,31.76307312828838
S7,high,2060,R::RC24,青海,N072,海西蒙古族藏族自治州,28.65379070277904,28.65379070277904,0.0,28.65379070277904,0.0,100.0
S7,low,2025,R::RC01,上海,N116,上海市,0.3164882474889163,0.0,0.3164,0.3164,8.824748891628209e-05,99.97211666164021
S7,low,2025,R::RC02,北京,N036,北京市,0.2822229965996919,0.0806296074581049,0.2014999999999999,0.2821296074581049,9.338914158701916e-05,99.96690945007593
S7,low,2025,R::RC03,四川,N057,成都市,0.609957079383759,0.609957079383759,0.0,0.609957079383759,0.0,100.0
S7,low,2025,R::RC04,天津,N028,天津市,0.0764840000917081,0.0764840000917081,0.0,0.0764840000917081,0.0,100.0
S7,low,2025,R::RC05,宁夏,N139,银川市,0.0601071611774131,0.0601071611774131,0.0,0.0601071611774131,0.0,100.0
S7,low,2025,R::RC06,山东,N091,东营市,0.09939623166475,0.09939623166475,0.0,0.09939623166475,0.0,100.0
S7,low,2025,R::RC07,山东,N089,济南市,0.0657413404230014,0.0657413404230014,0.0,0.0657413404230014,0.0,100.0
S7,low,2025,R::RC08,广东,N026,广州市,0.2270535154659483,0.2270535154659483,0.0,0.2270535154659483,0.0,100.0
S7,low,2025,R::RC09,广东,N056,惠州市,0.2672251841877631,0.2672251841877631,0.0,0.2672251841877631,0.0,100.0
S7,low,2025,R::RC10,广东,N117,茂名市,0.2757513371993171,0.2757513371993171,0.0,0.2757513371993171,0.0,100.0
S7,low,2025,R::RC11,新疆,N102,乌鲁木齐市,0.1633399672274525,0.1633399672274525,0.0,0.1633399672274525,0.0,100.0
S7,low,2025,R::RC12,江苏,N007,连云港市,0.0191145436670898,0.0191145436670898,0.0,0.0191145436670898,0.0,100.0
S7,low,2025,R::RC13,江西,N010,九江市,0.0290891953001415,0.0290891953001415,0.0,0.0290891953001415,0.0,100.0
S7,low,2025,R::RC14,河北,N084,沧州市,0.0321182473831131,0.0321182473831131,0.0,0.0321182473831131,0.0,100.0
S7,low,2025,R::RC15,河南,N088,洛阳市,0.1400003353565305,0.1400003353565305,0.0,0.1400003353565305,0.0,100.0
S7,low,2025,R::RC16,浙江,N043,宁波市,0.2161200530341694,0.1283330596486163,0.0,0.1283330596486163,0.0877869933855531,59.38044982263925
S7,low,2025,R::RC17,浙江,N043,舟山市,0.0018488672189065,0.00109786567121,0.0,0.00109786567121,0.0007510015476965,59.38044982263925
S7,low,2025,R::RC18,湖北,N078,武汉市,0.0791619532944419,0.0791619532944419,0.0,0.0791619532944419,0.0,100.0
S7,low,2025,R::RC19,湖南,N002,岳阳市,0.0751378256584372,0.0751378256584372,0.0,0.0751378256584372,0.0,100.0
S7,low,2025,R::RC20,甘肃,N018,兰州市,0.07686915802522,0.07686915802522,0.0,0.07686915802522,0.0,100.0
S7,low,2025,R::RC21,甘肃,N033,庆阳市,0.1145369279534099,0.1145369279534099,0.0,0.1145369279534099,0.0,100.0
S7,low,2025,R::RC22,辽宁,N129,大连市,0.0698036239529059,0.0698036239529059,0.0,0.0698036239529059,0.0,100.0
S7,low,2025,R::RC23,辽宁,N129,盘锦市,0.3193090614319319,0.3193090614319319,0.0,0.3193090614319319,0.0,100.0
S7,low,2025,R::RC24,青海,N072,海西蒙古族藏族自治州,0.0331231468139805,0.0331231468139805,0.0,0.0331231468139805,0.0,100.0
S7,low,2030,R::RC01,上海,N116,上海市,4.660614603432672,0.0,0.6752,0.6752,3.985414603432672,14.48735966073437
S7,low,2030,R::RC02,北京,N036,北京市,4.156023580063956,0.1367567112641737,4.0192,4.1559567112641735,6.686879978268223e-05,99.99839103897044
S7,low,2030,R::RC03,四川,N057,成都市,8.982244662158095,8.57991088328215,0.4023,8.98221088328215,3.377887594524509e-05,99.99962393725383
S7,low,2030,R::RC04,天津,N028,天津市,1.1263054808025517,1.1263054808025517,0.0,1.1263054808025517,0.0,100.0
S7,low,2030,R::RC05,宁夏,N139,银川市,0.8851397022701253,0.8851397022701253,0.0,0.8851397022701253,0.0,99.99999999999999
S7,low,2030,R::RC06,山东,N091,东营市,1.4637116306795384,1.4637116306795384,0.0,1.4637116306795384,0.0,100.0
S7,low,2030,R::RC07,山东,N089,济南市,0.9681087802017336,0.9681087802017336,0.0,0.9681087802017336,0.0,100.0
S7,low,2030,R::RC08,广东,N026,广州市,3.3435962893958147,1.1839155004391189,0.0,1.1839155004391189,2.159680788956696,35.40844641423656
S7,low,2030,R::RC09,广东,N056,惠州市,3.9351653835869222,1.393380926158962,0.0,1.393380926158962,2.5417844574279607,35.408446414236565
S7,low,2030,R::RC10,广东,N117,茂名市,4.060721746428301,1.437838483615316,0.0,1.437838483615316,2.622883262812985,35.40844641423656
S7,low,2030,R::RC11,新疆,N102,乌鲁木齐市,2.4053488324590617,2.4053488324590617,0.0,2.4053488324590617,0.0,100.0
S7,low,2030,R::RC12,江苏,N007,连云港市,0.2814812937276935,0.2814812937276935,0.0,0.2814812937276935,0.0,100.0
S7,low,2030,R::RC13,江西,N010,九江市,0.4283682869541391,0.4283682869541391,0.0,0.4283682869541391,0.0,100.0
S7,low,2030,R::RC14,河北,N084,沧州市,0.4729741909157081,0.4729741909157081,0.0,0.4729741909157081,0.0,100.0
S7,low,2030,R::RC15,河南,N088,洛阳市,2.061648774085895,2.061648774085895,0.0,2.061648774085895,0.0,100.0
S7,low,2030,R::RC16,浙江,N043,宁波市,3.182589822078523,0.2140713556955591,0.0,0.2140713556955591,2.968518466382964,6.726325654989711
S7,low,2030,R::RC17,浙江,N043,舟山市,0.0272264693195143,0.0018313409907863,0.0,0.0018313409907863,0.0253951283287279,6.72632565498937
S7,low,2030,R::RC18,湖北,N078,武汉市,1.165741093034591,1.165741093034591,0.0,1.165741093034591,0.0,100.0
S7,low,2030,R::RC19,湖南,N002,岳阳市,1.1064816792167131,1.1064816792167131,0.0,1.1064816792167131,0.0,100.0
S7,low,2030,R::RC20,甘肃,N018,兰州市,1.13197732708372,1.13197732708372,0.0,1.13197732708372,0.0,100.0
S7,low,2030,R::RC21,甘肃,N033,庆阳市,1.6866739390399408,1.6866739390399408,0.0,1.6866739390399408,0.0,100.0
S7,low,2030,R::RC22,辽宁,N129,大连市,1.0279300787585468,1.0279300787585468,0.0,1.0279300787585468,0.0,100.0
S7,low,2030,R::RC23,辽宁,N129,盘锦市,4.702153986840093,4.702153986840093,0.0,4.702153986840093,0.0,100.0
S7,low,2030,R::RC24,青海,N072,海西蒙古族藏族自治州,0.4877723674661515,0.4877723674661515,0.0,0.4877723674661515,0.0,100.0
S7,low,2035,R::RC01,上海,N116,上海市,10.634181899276896,0.0,0.0,0.0,10.634181899276896,0.0
S7,low,2035,R::RC02,北京,N036,北京市,9.482850329553653,0.2119704992322476,9.2708,9.482770499232249,7.983032140579382e-05,99.99915816111582
S7,low,2035,R::RC03,四川,N057,成都市,20.494898576433645,13.34456269320506,7.150299999999999,20.494862693205057,3.588322858760762e-05,99.99982491629099
S7,low,2035,R::RC04,天津,N028,天津市,2.5699051254281384,1.8074903663690411,0.0,1.8074903663690411,0.7624147590590971,70.33296087410693
S7,low,2035,R::RC05,宁夏,N139,银川市,2.019634190151566,2.019634190151566,0.0,2.019634190151566,0.0,100.0
S7,low,2035,R::RC06,山东,N091,东营市,3.339768904570888,3.339768904570887,0.0,3.339768904570887,4.440892098500626e-16,99.99999999999997
S7,low,2035,R::RC07,山东,N089,济南市,2.2089457599368387,2.2089457599368387,0.0,2.2089457599368387,0.0,100.0
S7,low,2035,R::RC08,广东,N026,广州市,7.629124946953151,1.8354671410813643,0.0,1.8354671410813643,5.793657805871787,24.058685024085182
S7,low,2035,R::RC09,广东,N056,惠州市,8.978915455051657,2.160208987909783,0.0,2.160208987909783,6.818706467141874,24.058685024085186
S7,low,2035,R::RC10,广东,N117,茂名市,9.265398958768834,2.2291331517150623,0.0,2.2291331517150623,7.036265807053772,24.058685024085186
S7,low,2035,R::RC11,新疆,N102,乌鲁木齐市,5.48831413709758,5.48831413709758,0.0,5.48831413709758,0.0,100.0
S7,low,2035,R::RC12,江苏,N007,连云港市,0.6422593441945221,0.6422593441945221,0.0,0.6422593441945221,0.0,100.0
S7,low,2035,R::RC13,江西,N010,九江市,0.977413210694748,0.977413210694748,0.0,0.977413210694748,0.0,100.0
S7,low,2035,R::RC14,河北,N084,沧州市,1.0791910526471011,1.0791910526471011,0.0,1.0791910526471011,0.0,100.0
S7,low,2035,R::RC15,河南,N088,洛阳市,4.704089469209282,4.704089469209282,0.0,4.704089469209282,0.0,100.0
S7,low,2035,R::RC16,浙江,N043,宁波市,7.261754502044234,0.331321848225111,0.0,0.331321848225111,6.930432653819122,4.562559201524117
S7,low,2035,R::RC17,浙江,N043,舟山市,0.0621229712934319,0.0028343973430086,0.0,0.0028343973430086,0.0592885739504232,4.5625592015240155
S7,low,2035,R::RC18,湖北,N078,武汉市,2.6598858488880834,2.6598858488880834,0.0,2.6598858488880834,0.0,100.0
S7,low,2035,R::RC19,湖南,N002,岳阳市,2.524672912525636,2.5246729125256357,0.0,2.5246729125256357,4.440892098500626e-16,99.99999999999999
S7,low,2035,R::RC20,甘肃,N018,兰州市,2.582846647135224,2.582846647135224,0.0,2.582846647135224,0.0,100.00000000000001
S7,low,2035,R::RC21,甘肃,N033,庆阳市,3.8485047571429623,3.8485047571429623,0.0,3.8485047571429623,0.0,100.0
S7,low,2035,R::RC22,辽宁,N129,大连市,2.345440755647395,2.345440755647395,0.0,2.345440755647395,0.0,100.0
S7,low,2035,R::RC23,辽宁,N129,盘锦市,10.7289628234093,10.7289628234093,0.0,10.7289628234093,0.0,100.0
S7,low,2035,R::RC24,青海,N072,海西蒙古族藏族自治州,1.112956234839837,1.112956234839837,0.0,1.112956234839837,0.0,100.0
S7,low,2040,R::RC01,上海,N116,上海市,18.292218895739868,0.0,0.0,0.0,18.292218895739868,0.0
S7,low,2040,R::RC02,北京,N036,北京市,16.31177420385573,0.3006445709738965,16.0111,16.311744570973897,2.9632881833663305e-05,99.99981833440395
S7,low,2040,R::RC03,四川,N057,成都市,35.25397388882393,17.83887430614264,17.415,35.253874306142635,9.958268129395265e-05,99.99971752778393
S7,low,2040,R::RC04,天津,N028,天津市,4.420581436434888,2.3440266766488627,0.0,2.3440266766488627,2.076554759786025,53.02530244843254
S7,low,2040,R::RC05,宁夏,N139,银川市,3.4740416371930656,3.4740416371930656,0.0,3.4740416371930656,0.0,100.0
S7,low,2040,R::RC06,山东,N091,东营市,5.744850374221092,5.744850374221092,0.0,5.744850374221092,0.0,99.99999999999999
S7,low,2040,R::RC07,山东,N089,济南市,3.799682923641608,3.799682923641608,0.0,3.799682923641608,0.0,100.0
S7,low,2040,R::RC08,广东,N026,广州市,13.123117963790545,2.593360234412249,0.0,2.593360234412249,10.529757729378296,19.761768823292435
S7,low,2040,R::RC09,广东,N056,惠州市,15.444938642747404,3.0521930694791024,0.0,3.0521930694791024,12.392745573268302,19.761768823292435
S7,low,2040,R::RC10,广东,N117,茂名市,15.93772868617984,3.149577098646423,0.0,3.149577098646423,12.788151587533417,19.76176882329244
S7,low,2040,R::RC11,新疆,N102,乌鲁木齐市,9.440636291090636,9.440636291090636,0.0,9.440636291090636,0.0,100.0
S7,low,2040,R::RC12,江苏,N007,连云港市,1.104772198098229,1.0353318778141951,0.0694,1.104731877814195,4.032028403400112e-05,99.99635035312225
S7,low,2040,R::RC13,江西,N010,九江市,1.6812817921453822,1.681281792145382,0.0,1.681281792145382,2.220446049250313e-16,99.99999999999999
S7,low,2040,R::RC14,河北,N084,沧州市,1.8563533285703009,1.8563533285703009,0.0,1.8563533285703009,0.0,100.0
S7,low,2040,R::RC15,河南,N088,洛阳市,8.091664698886905,8.091664698886905,0.0,8.091664698886905,0.0,100.0
S7,low,2040,R::RC16,浙江,N043,宁波市,12.49119153468214,0.4814342117037855,0.0,0.4814342117037855,12.009757322978356,3.854189653301449
S7,low,2040,R::RC17,浙江,N043,舟山市,0.1068598412286414,0.0041185809441686,0.0,0.0041185809441686,0.1027412602844727,3.8541896533014
S7,low,2040,R::RC18,湖北,N078,武汉市,4.575360347075702,4.575360347075702,0.0,4.575360347075702,0.0,100.0
S7,low,2040,R::RC19,湖南,N002,岳阳市,4.342775964665822,4.342775964665822,0.0,4.342775964665822,0.0,100.0
S7,low,2040,R::RC20,甘肃,N018,兰州市,4.4428425892111125,4.4428425892111125,0.0,4.4428425892111125,0.0,100.0
S7,low,2040,R::RC21,甘肃,N033,庆阳市,6.61994426141443,6.61994426141443,0.0,6.61994426141443,0.0,100.0
S7,low,2040,R::RC22,辽宁,N129,大连市,4.034472620052608,4.034472620052608,0.0,4.034472620052608,0.0,100.0
S7,low,2040,R::RC23,辽宁,N129,盘锦市,18.45525479523754,18.45525479523754,0.0,18.45525479523754,0.0,100.0
S7,low,2040,R::RC24,青海,N072,海西蒙古族藏族自治州,1.914433969805717,1.914433969805717,0.0,1.914433969805717,0.0,100.0
S7,low,2045,R::RC01,上海,N116,上海市,27.4217207424536,0.0,0.0,0.0,27.4217207424536,0.0
S7,low,2045,R::RC02,北京,N036,北京市,24.45285176071573,0.371785929793109,24.081,24.45278592979311,6.583092262246737e-05,99.99973078427307
S7,low,2045,R::RC03,四川,N057,成都市,52.84895356605557,21.2294172926778,31.6195,52.8489172926778,3.627337777345474e-05,99.99993136405676
S7,low,2045,R::RC04,天津,N028,天津市,6.62685868565804,2.7310600616706955,0.0,2.7310600616706955,3.895798623987345,41.211985817372295
S7,low,2045,R::RC05,宁夏,N139,银川市,5.207908355226982,5.207908355226982,0.0,5.207908355226982,0.0,100.0
S7,low,2045,R::RC06,山东,N091,东营市,8.612059781646247,8.612059781646247,0.0,8.612059781646247,0.0,100.0
S7,low,2045,R::RC07,山东,N089,济南市,5.696074633473573,5.696074633473573,0.0,5.696074633473573,0.0,100.0
S7,low,2045,R::RC08,广东,N026,广州市,19.67276239828669,3.1994363599117506,0.0,3.1994363599117506,16.47332603837494,16.263279630675513
S7,low,2045,R::RC09,广东,N056,惠州市,23.153385423590468,3.765499815406582,0.0,3.765499815406582,19.38788560818389,16.263279630675516
S7,low,2045,R::RC10,广东,N117,茂名市,23.89212308208268,3.885642786544275,0.0,3.885642786544275,20.00648029553841,16.263279630675513
S7,low,2045,R::RC11,新疆,N102,乌鲁木齐市,14.152383233597284,14.152383233597282,0.0,14.152383233597282,1.7763568394002505e-15,99.99999999999999
S7,low,2045,R::RC12,江苏,N007,连云港市,1.656155268693603,1.2760038891002008,0.3801,1.656103889100201,5.137959340206777e-05,99.99689765842771
S7,low,2045,R::RC13,江西,N010,九江市,2.5203962436902505,2.5203962436902505,0.0,2.5203962436902505,0.0,100.0
S7,low,2045,R::RC14,河北,N084,沧州市,2.782844599964539,2.782844599964539,0.0,2.782844599964539,0.0,100.00000000000001
S7,low,2045,R::RC15,河南,N088,洛阳市,12.130150583651863,12.130150583651863,0.0,12.130150583651863,0.0,100.0
S7,low,2045,R::RC16,浙江,N043,宁波市,18.725446483932405,0.6041419558089992,0.0,0.6041419558089992,18.121304528123407,3.226315358233997
S7,low,2045,R::RC17,浙江,N043,舟山市,0.1601927432345114,0.0051683230777513,0.0,0.0051683230777513,0.15502442015676,3.2263153582339386
S7,low,2045,R::RC18,湖北,N078,武汉市,6.8588865270372,6.8588865270372,0.0,6.8588865270372,0.0,100.00000000000001
S7,low,2045,R::RC19,湖南,N002,岳阳市,6.510221117998983,6.510221117998983,0.0,6.510221117998983,0.0,100.00000000000001
S7,low,2045,R::RC20,甘肃,N018,兰州市,6.660230203805404,6.660230203805404,0.0,6.660230203805404,0.0,100.0
S7,low,2045,R::RC21,甘肃,N033,庆阳市,9.923906110121605,9.923906110121605,0.0,9.923906110121605,0.0,100.0
S7,low,2045,R::RC22,辽宁,N129,大连市,6.048046011297361,6.048046011297361,0.0,6.048046011297361,0.0,100.0
S7,low,2045,R::RC23,辽宁,N129,盘锦市,27.66612657055469,27.66612657055469,0.0,27.66612657055469,0.0,100.0
S7,low,2045,R::RC24,青海,N072,海西蒙古族藏族自治州,2.869912830099875,2.869912830099875,0.0,2.869912830099875,0.0,100.00000000000001
S7,low,2050,R::RC01,上海,N116,上海市,37.76450111174546,0.0,0.0,0.0,37.76450111174546,0.0
S7,low,2050,R::RC02,北京,N036,北京市,33.67584974611878,0.4090902153799027,33.2667,33.675790215379905,5.953073887354776e-05,99.99982322424134
S7,low,2050,R::RC03,四川,N057,成都市,72.7822438440204,22.739138256354792,50.0431,72.78223825635479,5.587665611983539e-06,99.99999232276264
S7,low,2050,R::RC04,天津,N028,天津市,9.126342382098109,2.879889210887137,0.0,2.879889210887137,6.246453171210971,31.55578752487108
S7,low,2050,R::RC05,宁夏,N139,银川市,7.172199830857155,7.172199830857155,0.0,7.172199830857155,0.0,100.0
S7,low,2050,R::RC06,山东,N091,东营市,11.860311183713762,11.860311183713762,0.0,11.860311183713762,0.0,100.0
S7,low,2050,R::RC07,山东,N089,济南市,7.84449009778482,7.844490097784819,0.0,7.844490097784819,8.881784197001252e-16,100.0
S7,low,2050,R::RC08,广东,N026,广州市,27.092831425090463,3.51479342617433,0.0,3.51479342617433,23.578037998916137,12.973149136857312
S7,low,2050,R::RC09,广东,N056,惠州市,31.88625753219662,4.136651743814265,0.0,4.136651743814265,27.749605788382357,12.97314913685731
S7,low,2050,R::RC10,广东,N117,茂名市,32.903628374363585,4.268636780443487,0.0,4.268636780443487,28.6349915939201,12.97314913685731
S7,low,2050,R::RC11,新疆,N102,乌鲁木齐市,19.49030468870609,19.49030468870609,0.0,19.49030468870609,0.0,100.0
S7,low,2050,R::RC12,江苏,N007,连云港市,2.2808152002282576,1.4008106673544083,0.88,2.2808106673544084,4.532873849161234e-06,99.99980126080145
S7,low,2050,R::RC13,江西,N010,九江市,3.4710260395702304,3.46532724323317,0.0,3.46532724323317,0.0056987963370604,99.8358181047306
S7,low,2050,R::RC14,河北,N084,沧州市,3.8324632861742263,3.8324632861742263,0.0,3.8324632861742263,0.0,100.0
S7,low,2050,R::RC15,河南,N088,洛阳市,16.705336966427456,16.705336966427456,0.0,16.705336966427456,0.0,100.0
S7,low,2050,R::RC16,浙江,N043,宁波市,25.788211877805068,0.6713226029001401,0.0,0.6713226029001401,25.116889274904928,2.603215011886582
S7,low,2050,R::RC17,浙江,N043,舟山市,0.220613399384796,0.0057430411310183,0.0,0.0057430411310183,0.2148703582537777,2.603215011886578
S7,low,2050,R::RC18,湖北,N078,武汉市,9.445885264035253,9.445885264035253,0.0,9.445885264035253,0.0,100.0
S7,low,2050,R::RC19,湖南,N002,岳阳市,8.965712070276998,8.965712070276998,0.0,8.965712070276998,0.0,100.0
S7,low,2050,R::RC20,甘肃,N018,兰州市,9.17230079389922,9.17230079389922,0.0,9.17230079389922,0.0,100.0
S7,low,2050,R::RC21,甘肃,N033,庆阳市,13.666952808994717,13.666952808994711,0.0,13.666952808994711,1.7763568394002505e-15,99.99999999999996
S7,low,2050,R::RC22,辽宁,N129,大连市,8.329216188243128,8.329216188243128,0.0,8.329216188243128,0.0,100.0
S7,low,2050,R::RC23,辽宁,N129,盘锦市,38.10109064431813,38.10109064431813,0.0,38.10109064431813,0.0,100.0
S7,low,2050,R::RC24,青海,N072,海西蒙古族藏族自治州,3.9523714533029617,3.9523714533029617,0.0,3.9523714533029617,0.0,100.0
S7,low,2055,R::RC01,上海,N116,上海市,49.04762641571187,0.0,0.0,0.0,49.04762641571187,0.0
S7,low,2055,R::RC02,北京,N036,北京市,43.73738428827182,0.4359427131714241,37.0851,37.52104271317142,6.216341575100401,85.78712084351301
S7,low,2055,R::RC03,四川,N057,成都市,94.52782906348216,23.75358787581681,70.7742,94.5277878758168,4.118766536009844e-05,99.99995642800033
S7,low,2055,R::RC04,天津,N028,天津市,11.853074144273714,2.9724327843413603,0.0,2.9724327843413603,8.880641359932355,25.07731537119726
S7,low,2055,R::RC05,宁夏,N139,银川市,9.315080764387584,9.315080764387584,0.0,9.315080764387584,0.0,100.0
S7,low,2055,R::RC06,山东,N091,东营市,15.403887115880798,15.4038871158808,0.0,15.403887115880798,0.0,100.0
S7,low,2055,R::RC07,山东,N089,济南市,10.188235205316545,10.188235205316545,0.0,10.188235205316545,0.0,100.0
S7,low,2055,R::RC08,广东,N026,广州市,35.18751830852076,3.741134414723713,0.0,3.741134414723713,31.446383893797044,10.631992804726403
S7,low,2055,R::RC09,广东,N056,惠州市,41.41310493170907,4.403038336553103,0.0,4.403038336553103,37.01006659515597,10.631992804726401
S7,low,2055,R::RC10,广东,N117,茂名市,42.73444173012698,4.543522769887098,0.0,4.543522769887098,38.19091896023989,10.631992804726403
S7,low,2055,R::RC11,新疆,N102,乌鲁木齐市,25.313539301668005,25.313539301668005,0.0,25.313539301668005,0.0,100.0
S7,low,2055,R::RC12,江苏,N007,连云港市,2.962267965173236,1.4902737609621506,1.4719,2.9621737609621506,9.42042110856356e-05,99.9968198619371
S7,low,2055,R::RC13,江西,N010,九江市,4.5080851979029335,3.672153802308144,0.0,3.672153802308144,0.8359313955947898,81.4570630567575
S7,low,2055,R::RC14,河北,N084,沧州市,4.9775112070457554,4.9775112070457554,0.0,4.9775112070457554,0.0,100.0
S7,low,2055,R::RC15,河南,N088,洛阳市,21.696490157606767,21.696490157606767,0.0,21.696490157606767,0.0,100.0
S7,low,2055,R::RC16,浙江,N043,宁波市,33.49310979560152,0.7204453704602451,0.0,0.7204453704602451,32.77266442514127,2.1510256134975485
S7,low,2055,R::RC17,浙江,N043,舟山市,0.2865273809207112,0.0061632773532881,0.0,0.0061632773532881,0.280364103567423,2.1510256134975183
S7,low,2055,R::RC18,湖北,N078,武汉市,12.268088759472176,11.9187762108353,0.3493,12.268076210835298,1.2548636878051411e-05,99.99989771318805
S7,low,2055,R::RC19,湖南,N002,岳阳市,11.64445135585322,11.64445135585322,0.0,11.64445135585322,0.0,100.0
S7,low,2055,R::RC20,甘肃,N018,兰州市,11.912763824961148,11.912763824961148,0.0,11.912763824961148,0.0,100.0
S7,low,2055,R::RC21,甘肃,N033,庆阳市,17.750309838152507,17.750309838152507,0.0,17.750309838152507,0.0,100.0
S7,low,2055,R::RC22,辽宁,N129,大连市,10.81778580174567,10.81778580174567,0.0,10.81778580174567,0.0,100.0
S7,low,2055,R::RC23,辽宁,N129,盘锦市,49.48478081105827,49.48478081105827,0.0,49.48478081105827,0.0,100.0
S7,low,2055,R::RC24,青海,N072,海西蒙古族藏族自治州,5.133245052651723,5.133245052651723,0.0,5.133245052651723,0.0,99.99999999999999
S7,low,2060,R::RC01,上海,N116,上海市,61.021535389130094,0.0,0.0,0.0,61.021535389130094,0.0
S7,low,2060,R::RC02,北京,N036,北京市,54.41491338548854,0.4525093245612391,8.824,9.27650932456124,45.1384040609273,17.047733327891535
S7,low,2060,R::RC03,四川,N057,成都市,117.6047382510467,24.280627600971968,93.32410000000002,117.60472760097198,1.0650074713680624e-05,99.99999094417889
S7,low,2060,R::RC04,天津,N028,天津市,14.746743853298524,3.009584203870855,0.0,3.009584203870855,11.737159649427667,20.40846598957964
S7,low,2060,R::RC05,宁夏,N139,银川市,11.58915470646699,11.58915470646699,0.0,11.58915470646699,0.0,100.0
S7,low,2060,R::RC06,山东,N091,东营市,19.16441042029256,17.476612112327892,0.0,17.476612112327892,1.6877983079646697,91.19305905608495
S7,low,2060,R::RC07,山东,N089,济南市,12.67547077333898,11.559149547967804,1.1163,12.675449547967805,2.1225371174438123e-05,99.9998325476698
S7,low,2060,R::RC08,广东,N026,广州市,43.77778397511264,3.879872279174387,0.0,3.879872279174387,39.897911695938255,8.862651159729937
S7,low,2060,R::RC09,广东,N056,惠州市,51.523211882777616,4.566322535459103,0.0,4.566322535459103,46.95688934731852,8.862651159729937
S7,low,2060,R::RC10,广东,N117,茂名市,53.1671242613752,4.712016754945826,0.0,4.712016754945826,48.45510750642937,8.862651159729937
S7,low,2060,R::RC11,新疆,N102,乌鲁木齐市,31.493288201731435,31.493288201731435,0.0,31.493288201731435,0.0,100.0
S7,low,2060,R::RC12,江苏,N007,连云港市,3.685441124853289,1.544954180790827,2.1404,3.685354180790827,8.694406246201325e-05,99.99764087772627
S7,low,2060,R::RC13,江西,N010,九江市,5.608635943143728,3.795490027490736,0.0,3.795490027490736,1.8131459156529923,67.6722480468808
S7,low,2060,R::RC14,河北,N084,沧州市,6.192662081059154,6.192662081059154,0.0,6.192662081059154,0.0,100.0
S7,low,2060,R::RC15,河南,N088,洛阳市,26.99321534442695,26.99321534442695,0.0,26.99321534442695,0.0,100.0
S7,low,2060,R::RC16,浙江,N043,宁波市,41.6697225541909,0.751796891497743,0.0,0.751796891497743,40.91792566269316,1.8041802186708624
S7,low,2060,R::RC17,浙江,N043,舟山市,0.356476795974107,0.0064314838371165,0.0,0.0064314838371165,0.3500453121369904,1.8041802186708549
S7,low,2060,R::RC18,湖北,N078,武汉市,15.263075241359877,12.022935740059836,3.2401,15.263035740059836,3.950130004071184e-05,99.99974119697757
S7,low,2060,R::RC19,湖南,N002,岳阳市,14.4871903581165,14.4871903581165,0.0,14.4871903581165,0.0,100.0
S7,low,2060,R::RC20,甘肃,N018,兰州市,14.821005468561264,14.821005468561264,0.0,14.821005468561264,0.0,100.0
S7,low,2060,R::RC21,甘肃,N033,庆阳市,22.08366110882527,22.08366110882527,0.0,22.08366110882527,0.0,100.0
S7,low,2060,R::RC22,辽宁,N129,大连市,13.45871242653632,13.45871242653632,0.0,13.45871242653632,0.0,100.0
S7,low,2060,R::RC23,辽宁,N129,盘锦市,61.56541150211564,61.56541150211564,0.0,61.56541150211564,0.0,100.0
S7,low,2060,R::RC24,青海,N072,海西蒙古族藏族自治州,6.386414950777751,6.386414950777751,0.0,6.386414950777751,0.0,100.0
S7,mid,2025,R::RC01,上海,N116,上海市,1.530415772103938,0.0,1.5304,1.5304,1.577210393799433e-05,99.99896942358896
S7,mid,2025,R::RC02,北京,N036,北京市,1.364722161639606,0.0806296074581049,1.284,1.364629607458105,9.25541815011144e-05,99.99321809346236
S7,mid,2025,R::RC03,四川,N057,成都市,2.949518479759821,2.949518479759821,0.0,2.949518479759821,0.0,100.0
S7,mid,2025,R::RC04,天津,N028,天津市,0.3698472881146983,0.3698472881146983,0.0,0.3698472881146983,0.0,100.0
S7,mid,2025,R::RC05,宁夏,N139,银川市,0.2906551766524226,0.2906551766524226,0.0,0.2906551766524226,0.0,100.0
S7,mid,2025,R::RC06,山东,N091,东营市,0.4806420517487229,0.4806420517487229,0.0,0.4806420517487229,0.0,100.0
S7,mid,2025,R::RC07,山东,N089,济南市,0.3178999064290345,0.3178999064290345,0.0,0.3178999064290345,0.0,100.0
S7,mid,2025,R::RC08,广东,N026,广州市,1.0979437117736954,0.6961868209949059,0.0,0.6961868209949059,0.4017568907787895,63.408243385285836
S7,mid,2025,R::RC09,广东,N056,惠州市,1.2921984934011013,0.8193603657167671,0.0,0.8193603657167671,0.4728381276843342,63.40824338528584
S7,mid,2025,R::RC10,广东,N117,茂名市,1.333427699059712,0.8455030807865989,0.0,0.8455030807865989,0.4879246182731132,63.40824338528582
S7,mid,2025,R::RC11,新疆,N102,乌鲁木齐市,0.7898494305656268,0.7898494305656268,0.0,0.7898494305656268,0.0,100.0
S7,mid,2025,R::RC12,江苏,N007,连云港市,0.0924306015682565,0.0924306015682565,0.0,0.0924306015682565,0.0,99.99999999999999
S7,mid,2025,R::RC13,江西,N010,九江市,0.1406641909719173,0.1406641909719173,0.0,0.1406641909719173,0.0,100.0
S7,mid,2025,R::RC14,河北,N084,沧州市,0.155311525016972,0.155311525016972,0.0,0.155311525016972,0.0,100.0
S7,mid,2025,R::RC15,河南,N088,洛阳市,0.6769879230254149,0.6769879230254149,0.0,0.6769879230254149,0.0,100.0
S7,mid,2025,R::RC16,浙江,N043,宁波市,1.0450736811104362,0.1283330596486163,0.0,0.1283330596486163,0.91674062146182,12.279809736693096
S7,mid,2025,R::RC17,浙江,N043,舟山市,0.0089404127160824,0.00109786567121,0.0,0.00109786567121,0.0078425470448723,12.279809736692714
S7,mid,2025,R::RC18,湖北,N078,武汉市,0.3827968426429867,0.3827968426429867,0.0,0.3827968426429867,0.0,99.99999999999999
S7,mid,2025,R::RC19,湖南,N002,岳阳市,0.3633377048962788,0.3633377048962788,0.0,0.3633377048962788,0.0,100.0
S7,mid,2025,R::RC20,甘肃,N018,兰州市,0.3717097641493518,0.3717097641493518,0.0,0.3717097641493518,0.0,100.0
S7,mid,2025,R::RC21,甘肃,N033,庆阳市,0.5538566516103248,0.5538566516103248,0.0,0.5538566516103248,0.0,100.0
S7,mid,2025,R::RC22,辽宁,N129,大连市,0.3375435514435042,0.3375435514435043,0.0,0.3375435514435042,0.0,100.00000000000001
S7,mid,2025,R::RC23,辽宁,N129,盘锦市,1.5440561463763285,1.5440561463763285,0.0,1.5440561463763285,0.0,100.0
S7,mid,2025,R::RC24,青海,N072,海西蒙古族藏族自治州,0.1601708332237688,0.1601708332237688,0.0,0.1601708332237688,0.0,100.0
S7,mid,2030,R::RC01,上海,N116,上海市,15.737703265544742,0.0,0.0,0.0,15.737703265544742,0.0
S7,mid,2030,R::RC02,北京,N036,北京市,14.033828461053172,0.1367567112641737,10.0661,10.202856711264172,3.830971749788999,72.70187703647117
S7,mid,2030,R::RC03,四川,N057,成都市,30.330742440589663,8.57991088328215,21.7508,30.33071088328215,3.155730751203123e-05,99.99989595603347
S7,mid,2030,R::RC04,天津,N028,天津市,3.803245484012337,1.160166203927295,0.0,1.160166203927295,2.6430792800850416,30.504636337682477
S7,mid,2030,R::RC05,宁夏,N139,银川市,2.988890343479586,2.988890343479586,0.0,2.988890343479586,0.0,100.0
S7,mid,2030,R::RC06,山东,N091,东营市,4.94257973894579,4.94257973894579,0.0,4.94257973894579,0.0,100.0
S7,mid,2030,R::RC07,山东,N089,济南市,3.269055695006785,3.269055695006785,0.0,3.269055695006785,0.0,100.0
S7,mid,2030,R::RC08,广东,N026,广州市,11.290469330704006,1.1839155004391189,0.0,1.1839155004391189,10.106553830264888,10.485972422948842
S7,mid,2030,R::RC09,广东,N056,惠州市,13.288046830158631,1.393380926158962,0.0,1.393380926158962,11.894665903999671,10.485972422948844
S7,mid,2030,R::RC10,广东,N117,茂名市,13.712018548404403,1.437838483615316,0.0,1.437838483615316,12.274180064789087,10.485972422948842
S7,mid,2030,R::RC11,新疆,N102,乌鲁木齐市,8.1222476854199,8.1222476854199,0.0,8.1222476854199,0.0,100.0
S7,mid,2030,R::RC12,江苏,N007,连云港市,0.9504903220758394,0.4733693134063355,0.4771,0.9504693134063356,2.100866950383029e-05,99.9977897019027
S7,mid,2030,R::RC13,江西,N010,九江市,1.446490122459093,1.2006648044393362,0.0,1.2006648044393362,0.2458253180197567,83.00539255658079
S7,mid,2030,R::RC14,河北,N084,沧州市,1.59711284932467,1.59711284932467,0.0,1.59711284932467,0.0,100.0
S7,mid,2030,R::RC15,河南,N088,洛阳市,6.961660511564464,6.961660511564465,0.0,6.961660511564464,0.0,100.0
S7,mid,2030,R::RC16,浙江,N043,宁波市,10.746791678274455,0.2140713556955592,0.0,0.2140713556955592,10.532720322578896,1.9919559446594886
S7,mid,2030,R::RC17,浙江,N043,舟山市,0.0919368219812439,0.0018313409907863,0.0,0.0018313409907863,0.0901054809904575,1.9919559446593809
S7,mid,2030,R::RC18,湖北,N078,武汉市,3.936409458340061,3.936409458340061,0.0,3.936409458340061,0.0,100.0
S7,mid,2030,R::RC19,湖南,N002,岳阳市,3.7363055772620175,3.7363055772620175,0.0,3.7363055772620175,0.0,100.0
S7,mid,2030,R::RC20,甘肃,N018,兰州市,3.8223978579664215,3.822397857966421,0.0,3.822397857966421,4.440892098500626e-16,99.99999999999999
S7,mid,2030,R::RC21,甘肃,N033,庆阳市,5.695466417409289,5.695466417409289,0.0,5.695466417409289,0.0,99.99999999999999
S7,mid,2030,R::RC22,辽宁,N129,大连市,3.471056917110255,3.471056917110255,0.0,3.471056917110255,0.0,100.0
S7,mid,2030,R::RC23,辽宁,N129,盘锦市,15.87797113695771,15.87797113695771,0.0,15.87797113695771,0.0,100.0
S7,mid,2030,R::RC24,青海,N072,海西蒙古族藏族自治州,1.6470825059554697,1.6470825059554697,0.0,1.6470825059554697,0.0,100.0
S7,mid,2035,R::RC01,上海,N116,上海市,32.94316026225716,0.0,0.0,0.0,32.94316026225716,0.0
S7,mid,2035,R::RC02,北京,N036,北京市,29.376501277519655,0.2119704992322476,0.0,0.2119704992322476,29.16453077828741,0.7215648222698932
S7,mid,2035,R::RC03,四川,N057,成都市,63.490236931913856,13.34456269320506,50.1456,63.49016269320506,7.423870879819106e-05,99.99988307066978
S7,mid,2035,R::RC04,天津,N028,天津市,7.961195060198476,1.8074903663690416,0.0,1.8074903663690416,6.153704693829434,22.703756819192673
S7,mid,2035,R::RC05,宁夏,N139,银川市,6.25653514557816,6.256535145578161,0.0,6.25653514557816,0.0,99.99999999999999
S7,mid,2035,R::RC06,山东,N091,东营市,10.34612190239694,9.016233095702743,0.0,9.016233095702743,1.3298888066941963,87.14601645679339
S7,mid,2035,R::RC07,山东,N089,济南市,6.8429950577750525,5.963397599186207,0.8795,6.842897599186207,9.745858884535608e-05,99.998575790454
S7,mid,2035,R::RC08,广东,N026,广州市,23.633927665404293,1.8354671410813648,0.0,1.8354671410813648,21.79846052432293,7.766238295499862
S7,mid,2035,R::RC09,广东,N056,惠州市,27.815383789620704,2.160208987909784,0.0,2.160208987909784,25.65517480171092,7.766238295499862
S7,mid,2035,R::RC10,广东,N117,茂名市,28.702868324382106,2.2291331517150623,0.0,2.2291331517150623,26.473735172667045,7.766238295499861
S7,mid,2035,R::RC11,新疆,N102,乌鲁木齐市,17.00200484630712,17.00200484630712,0.0,17.00200484630712,0.0,100.0
S7,mid,2035,R::RC12,江苏,N007,连云港市,1.9896267250394728,0.733952466487838,1.2556,1.989552466487838,7.42585516346761e-05,99.99626771440592
S7,mid,2035,R::RC13,江西,N010,九江市,3.027885017140236,1.86298826057829,0.0,1.86298826057829,1.164896756561946,61.52770828589248
S7,mid,2035,R::RC14,河北,N084,沧州市,3.343178077795052,3.343178077795052,0.0,3.343178077795052,0.0,99.99999999999999
S7,mid,2035,R::RC15,河南,N088,洛阳市,14.572590044063013,12.663246539626993,0.0,12.663246539626993,1.9093435044360216,86.89770659393592
S7,mid,2035,R::RC16,浙江,N043,宁波市,22.49586706451556,0.3313218482251111,0.0,0.3313218482251111,22.16454521629045,1.4728120826590865
S7,mid,2035,R::RC17,浙江,N043,舟山市,0.1924479963452844,0.0028343973430086,0.0,0.0028343973430086,0.1896135990022757,1.4728120826590523
S7,mid,2035,R::RC18,湖北,N078,武汉市,8.2399423509192,7.461714018019291,0.7782,8.239914018019292,2.833289990888943e-05,99.99965615172168
S7,mid,2035,R::RC19,湖南,N002,岳阳市,7.821072194821779,7.821072194821779,0.0,7.821072194821779,0.0,100.0
S7,mid,2035,R::RC20,甘肃,N018,兰州市,8.001286026073618,8.001286026073618,0.0,8.001286026073618,0.0,100.0
S7,mid,2035,R::RC21,甘肃,N033,庆阳市,11.922112127237606,11.922112127237606,0.0,11.922112127237606,0.0,100.0
S7,mid,2035,R::RC22,辽宁,N129,大连市,7.26583684864142,7.26583684864142,0.0,7.26583684864142,0.0,100.0
S7,mid,2035,R::RC23,辽宁,N129,盘锦市,33.236777881654,33.236777881654,0.0,33.236777881654,0.0,100.0
S7,mid,2035,R::RC24,青海,N072,海西蒙古族藏族自治州,3.447777737533357,3.447777737533357,0.0,3.447777737533357,0.0,100.0
S7,mid,2040,R::RC01,上海,N116,上海市,53.43998794825387,0.0,0.0,0.0,53.43998794825387,0.0
S7,mid,2040,R::RC02,北京,N036,北京市,47.65419776775696,0.3006445709738964,0.0,0.3006445709738964,47.35355319678307,0.6308879071663103
S7,mid,2040,R::RC03,四川,N057,成都市,102.99307866830588,17.838874306142642,85.1542,102.99307430614265,4.362163224413962e-06,99.99999576460544
S7,mid,2040,R::RC04,天津,N028,天津市,12.914552358783157,2.3440266766488618,0.0,2.3440266766488618,10.570525682134296,18.15027429158003
S7,mid,2040,R::RC05,宁夏,N139,银川市,10.14927408651155,10.14927408651155,0.0,10.14927408651155,0.0,100.0
S7,mid,2040,R::RC06,山东,N091,东营市,16.783351244194666,12.32993778630006,0.0,12.32993778630006,4.453413457894605,73.46529073307076
S7,mid,2040,R::RC07,山东,N089,济南市,11.100622117193431,8.155104311575709,2.9455,11.100604311575708,1.7805617723354317e-05,99.9998395980195
S7,mid,2040,R::RC08,广东,N026,广州市,38.33866573681819,2.5933602344122484,0.0,2.5933602344122484,35.74530550240594,6.764346605629883
S7,mid,2040,R::RC09,广东,N056,惠州市,45.12177224831737,3.0521930694791024,0.0,3.0521930694791024,42.06957917883827,6.764346605629883
S7,mid,2040,R::RC10,广东,N117,茂名市,46.56143870606908,3.1495770986464224,0.0,3.1495770986464224,43.41186160742266,6.764346605629883
S7,mid,2040,R::RC11,新疆,N102,乌鲁木齐市,27.580442399868076,27.580442399868076,0.0,27.580442399868076,0.0,100.0
S7,mid,2040,R::RC12,江苏,N007,连云港市,3.22754791468656,1.0353318778141951,2.1922,3.2275318778141955,1.6036872364288968e-05,99.99950312519633
S7,mid,2040,R::RC13,江西,N010,九江市,4.911797700539917,2.595372657178438,0.0,2.595372657178438,2.3164250433614786,52.83956741323342
S7,mid,2040,R::RC14,河北,N084,沧州市,5.423262211759429,5.423262211759429,0.0,5.423262211759429,0.0,100.0
S7,mid,2040,R::RC15,河南,N088,洛阳市,23.63947569480129,18.1463176928922,0.0,18.1463176928922,5.493158001909091,76.76277565192731
S7,mid,2040,R::RC16,浙江,N043,宁波市,36.49251787754449,0.4814342117037853,0.0,0.4814342117037853,36.01108366584071,1.3192682766349584
S7,mid,2040,R::RC17,浙江,N043,舟山市,0.3121867642170451,0.0041185809441686,0.0,0.0041185809441686,0.3080681832728764,1.3192682766349417
S7,mid,2040,R::RC18,湖北,N078,武汉市,13.366732773113064,9.572860401159907,3.7938,13.366660401159908,7.237195315568101e-05,99.99945856661921
S7,mid,2040,R::RC19,湖南,N002,岳阳市,12.687246776155597,12.230398016452854,0.0,12.230398016452854,0.4568487597027424,96.39914973072533
S7,mid,2040,R::RC20,甘肃,N018,兰州市,12.97958742876872,12.97958742876872,0.0,12.97958742876872,0.0,100.0
S7,mid,2040,R::RC21,甘肃,N033,庆阳市,19.33990313392161,19.33990313392161,0.0,19.33990313392161,0.0,100.0
S7,mid,2040,R::RC22,辽宁,N129,大连市,11.78655085104978,11.78655085104978,0.0,11.78655085104978,0.0,100.0
S7,mid,2040,R::RC23,辽宁,N129,盘锦市,53.9162908262124,53.9162908262124,0.0,53.9162908262124,0.0,100.00000000000001
S7,mid,2040,R::RC24,青海,N072,海西蒙古族藏族自治州,5.592942488675991,5.592942488675991,0.0,5.592942488675991,0.0,100.0
S7,mid,2045,R::RC01,上海,N116,上海市,76.71979190372367,0.0,0.0,0.0,76.71979190372367,0.0
S7,mid,2045,R::RC02,北京,N036,北京市,68.41356587919415,0.3717859297931088,0.0,0.3717859297931088,68.04177994940105,0.5434388998954021
S7,mid,2045,R::RC03,四川,N057,成都市,147.85945630465753,21.2294172926778,126.63,147.8594172926778,3.901197973732451e-05,99.99997361549899
S7,mid,2045,R::RC04,天津,N028,天津市,18.54045645472421,2.731060061670695,0.0,2.731060061670695,15.809396393053516,14.730274135051328
S7,mid,2045,R::RC05,宁夏,N139,银川市,14.570553358750589,14.570553358750589,0.0,14.570553358750589,0.0,100.00000000000001
S7,mid,2045,R::RC06,山东,N091,东营市,24.094601521028014,14.89788291563162,0.0,14.89788291563162,9.196718605396397,61.83079185862373
S7,mid,2045,R::RC07,山东,N089,济南市,15.936332539176396,9.853560602196284,6.0827,15.936260602196285,7.193698011143113e-05,99.9995485976467
S7,mid,2045,R::RC08,广东,N026,广州市,55.0399536025947,3.1994363599117497,0.0,3.1994363599117497,51.84051724268295,5.81293433314399
S7,mid,2045,R::RC09,广东,N056,惠州市,64.77795205661593,3.765499815406581,0.0,3.765499815406581,61.01245224120935,5.812934333143991
S7,mid,2045,R::RC10,广东,N117,茂名市,66.84477346302106,3.8856427865442735,0.0,3.8856427865442735,62.95913067647678,5.81293433314399
S7,mid,2045,R::RC11,新疆,N102,乌鲁木齐市,39.595177371286326,39.595177371286326,0.0,39.595177371286326,0.0,100.0
S7,mid,2045,R::RC12,江苏,N007,连云港市,4.633549030995636,1.2760038891002006,0.0,1.2760038891002006,3.357545141895435,27.53837027653118
S7,mid,2045,R::RC13,江西,N010,九江市,7.051500419938319,3.173663731977237,0.0,3.173663731977237,3.8778366879610817,45.006928213513426
S7,mid,2045,R::RC14,河北,N084,沧州市,7.785771746962128,7.785771746962128,0.0,7.785771746962128,0.0,100.0
S7,mid,2045,R::RC15,河南,N088,洛阳市,33.937426366458375,22.581973913185774,0.0,22.581973913185774,11.3554524532726,66.5400306709892
S7,mid,2045,R::RC16,浙江,N043,宁波市,52.38957726410956,0.6041419558089993,0.0,0.6041419558089993,51.78543530830056,1.1531720379482386
S7,mid,2045,R::RC17,浙江,N043,舟山市,0.4481831771560333,0.0051683230777513,0.0,0.0051683230777513,0.4430148540782819,1.1531720379482178
S7,mid,2045,R::RC18,湖北,N078,武汉市,19.18961803993867,11.066826137648793,8.1227,19.18952613764879,9.19022898777655e-05,99.99952108327697
S7,mid,2045,R::RC19,湖南,N002,岳阳市,18.21413083850912,15.141583525425208,0.0,15.141583525425208,3.0725473130839127,83.13096935381732
S7,mid,2045,R::RC20,甘肃,N018,兰州市,18.633822438275104,18.633822438275104,0.0,18.633822438275104,0.0,100.0
S7,mid,2045,R::RC21,甘肃,N033,庆阳市,27.764851768105984,27.764851768105984,0.0,27.764851768105984,0.0,99.99999999999999
S7,mid,2045,R::RC22,辽宁,N129,大连市,16.921069095876224,15.697325207670367,0.0,15.697325207670367,1.2237438882058544,92.76792807078549
S7,mid,2045,R::RC23,辽宁,N129,盘锦市,77.40358430494028,71.80570141221682,0.0,71.80570141221682,5.597882892723462,92.76792807078552
S7,mid,2045,R::RC24,青海,N072,海西蒙古族藏族自治州,8.0293690237394,8.0293690237394,0.0,8.0293690237394,0.0,100.0
S7,mid,2050,R::RC01,上海,N116,上海市,102.18390445188513,0.0,0.0,0.0,102.18390445188513,0.0
S7,mid,2050,R::RC02,北京,N036,北京市,91.12075392207912,0.4090902153799028,0.0,0.4090902153799028,90.7116637066992,0.448953940536677
S7,mid,2050,R::RC03,四川,N057,成都市,196.9355779054125,22.739138256354792,174.1964,196.9355382563548,3.964905766906668e-05,99.99997986699096
S7,mid,2050,R::RC04,天津,N028,天津市,24.694230574052455,2.879889210887137,0.0,2.879889210887137,21.81434136316532,11.662194544798615
S7,mid,2050,R::RC05,宁夏,N139,银川市,19.40667453960338,19.40667453960338,0.0,19.40667453960338,0.0,100.0
S7,mid,2050,R::RC06,山东,N091,东营市,32.0918552897101,16.131540188205083,0.0,16.131540188205083,15.960315101505014,50.266773430757326
S7,mid,2050,R::RC07,山东,N089,济南市,21.225770314134945,10.66950987273916,10.5562,21.22570987273916,6.044139578520458e-05,99.99971524521894
S7,mid,2050,R::RC08,广东,N026,广州市,73.30829790338301,3.51479342617433,0.0,3.51479342617433,69.79350447720867,4.794536944244249
S7,mid,2050,R::RC09,广东,N056,惠州市,86.2784413160115,4.136651743814264,0.0,4.136651743814264,82.14178957219723,4.794536944244248
S7,mid,2050,R::RC10,广东,N117,茂名市,89.03126266589528,4.268636780443487,0.0,4.268636780443487,84.7626258854518,4.794536944244249
S7,mid,2050,R::RC11,新疆,N102,乌鲁木齐市,52.73723664866444,52.73723664866444,0.0,52.73723664866444,0.0,100.0
S7,mid,2050,R::RC12,江苏,N007,连云港市,6.171473093286666,1.400810667354408,0.0,1.400810667354408,4.770662425932258,22.69815724997993
S7,mid,2050,R::RC13,江西,N010,九江市,9.391968190654492,3.46532724323317,0.0,3.46532724323317,5.926640947421324,36.89670975122504
S7,mid,2050,R::RC14,河北,N084,沧州市,10.369951958083329,10.369951958083329,0.0,10.369951958083329,0.0,100.00000000000001
S7,mid,2050,R::RC15,河南,N088,洛阳市,45.20161808474291,24.953640054527465,0.0,24.953640054527465,20.24797803021545,55.20519200827054
S7,mid,2050,R::RC16,浙江,N043,宁波市,69.77823355084716,0.67132260290014,0.0,0.67132260290014,69.10691094794703,0.9620802487224752
S7,mid,2050,R::RC17,浙江,N043,舟山市,0.5969399266479448,0.0057430411310183,0.0,0.0057430411310183,0.5911968855169265,0.9620802487224739
S7,mid,2050,R::RC18,湖北,N078,武汉市,25.55885577377447,11.60122030239299,13.9576,25.558820302392988,3.54713814836316e-05,99.99986121686433
S7,mid,2050,R::RC19,湖南,N002,岳阳市,24.25959402512424,16.673642293801848,0.0,16.673642293801848,7.585951731322392,68.73009612829436
S7,mid,2050,R::RC20,甘肃,N018,兰州市,24.81858571769249,24.81858571769249,0.0,24.81858571769249,0.0,100.0
S7,mid,2050,R::RC21,甘肃,N033,庆阳市,36.98030051688908,36.98030051688908,0.0,36.98030051688908,0.0,100.0
S7,mid,2050,R::RC22,辽宁,N129,大连市,22.537351377159304,17.302036740785006,0.0,17.302036740785006,5.235314636374298,76.7704973456638
S7,mid,2050,R::RC23,辽宁,N129,盘锦市,103.09465480270106,79.14627922882886,0.0,79.14627922882886,23.9483755738722,76.77049734566378
S7,mid,2050,R::RC24,青海,N072,海西蒙古族藏族自治州,10.6944017543782,10.6944017543782,0.0,10.6944017543782,0.0,100.0
S7,mid,2055,R::RC01,上海,N116,上海市,129.19824360661804,0.0,0.0,0.0,129.19824360661804,0.0
S7,mid,2055,R::RC02,北京,N036,北京市,115.21033010034184,0.4359427131714242,0.0,0.4359427131714242,114.7743873871704,0.3783885635877809
S7,mid,2055,R::RC03,四川,N057,成都市,248.99939873616947,23.753587875816816,225.2458,248.9993878758168,1.0860352659847194e-05,99.99999563840205
S7,mid,2055,R::RC04,天津,N028,天津市,31.22263955852948,2.97243278434136,0.0,2.97243278434136,28.25020677418812,9.520120099933521
S7,mid,2055,R::RC05,宁夏,N139,银川市,24.53721335283909,24.537213352839085,0.0,24.537213352839085,3.552713678800501e-15,99.99999999999999
S7,mid,2055,R::RC06,山东,N091,东营市,40.57597289659848,16.98912679522261,0.0,16.98912679522261,23.58684610137587,41.86991853163137
S7,mid,2055,R::RC07,山东,N089,济南市,26.83722312720002,11.236723459510785,0.0,11.236723459510785,15.600499667689236,41.86991853163139
S7,mid,2055,R::RC08,广东,N026,广州市,92.68879851197616,3.741134414723713,0.0,3.741134414723713,88.94766409725244,4.036231426864733
S7,mid,2055,R::RC09,广东,N056,惠州市,109.08785624250736,4.403038336553104,0.0,4.403038336553104,104.68481790595426,4.036231426864734
S7,mid,2055,R::RC10,广东,N117,茂名市,112.56844044288162,4.5435227698870975,0.0,4.5435227698870975,108.02491767299452,4.036231426864732
S7,mid,2055,R::RC11,新疆,N102,乌鲁木齐市,66.67936975223219,66.67936975223219,0.0,66.67936975223219,0.0,100.0
S7,mid,2055,R::RC12,江苏,N007,连云港市,7.803024247263725,1.4902737609621506,0.0,1.4902737609621506,6.312750486301574,19.09866884605341
S7,mid,2055,R::RC13,江西,N010,九江市,11.87492101374094,3.6721538023081433,0.0,3.6721538023081433,8.202767211432796,30.923606128065604
S7,mid,2055,R::RC14,河北,N084,沧州市,13.111454161552729,13.111454161552729,0.0,13.111454161552729,0.0,100.0
S7,mid,2055,R::RC15,河南,N088,洛阳市,57.15156115879059,26.673151649552107,0.0,26.673151649552107,30.478409509238485,46.67090646123051
S7,mid,2055,R::RC16,浙江,N043,宁波市,88.22549172591852,0.7204453704602451,0.0,0.7204453704602451,87.50504635545828,0.816595471860199
S7,mid,2055,R::RC17,浙江,N043,舟山市,0.7547528201752433,0.0061632773532881,0.0,0.0061632773532881,0.7485895428219551,0.8165954718601875
S7,mid,2055,R::RC18,湖北,N078,武汉市,32.31584555590556,11.9187762108353,20.397,32.315776210835296,6.934507026556957e-05,99.99978541465009
S7,mid,2055,R::RC19,湖南,N002,岳阳市,30.67309822880657,17.7779432145903,0.0,17.7779432145903,12.895155014216265,57.959398434339406
S7,mid,2055,R::RC20,甘肃,N018,兰州市,31.37987044756157,31.37987044756157,0.0,31.37987044756157,0.0,100.0
S7,mid,2055,R::RC21,甘肃,N033,庆阳市,46.75677544770933,46.75677544770933,0.0,46.75677544770933,0.0,100.0
S7,mid,2055,R::RC22,辽宁,N129,大连市,28.49554662344338,18.460602766870537,0.0,18.460602766870537,10.034943856572845,64.78416789409098
S7,mid,2055,R::RC23,辽宁,N129,盘锦市,130.349768852406,84.44601310290223,0.0,84.44601310290223,45.90375574950376,64.784167894091
S7,mid,2055,R::RC24,青海,N072,海西蒙古族藏族自治州,13.521678688053967,13.521678688053967,0.0,13.521678688053967,0.0,100.0
S7,mid,2060,R::RC01,上海,N116,上海市,157.16025988319473,0.0,0.0,0.0,157.16025988319473,0.0
S7,mid,2060,R::RC02,北京,N036,北京市,140.14498118820316,0.4525093245612392,0.0,0.4525093245612392,139.6924718636419,0.32288657126690573
S7,mid,2060,R::RC03,四川,N057,成都市,302.8896455844009,24.280627600971968,278.609,302.88962760097195,1.7983428961088066e-05,99.99999406271253
S7,mid,2060,R::RC04,天津,N028,天津市,37.980068538690695,3.009584203870856,0.0,3.009584203870856,34.97048433481984,7.924114725609199
S7,mid,2060,R::RC05,宁夏,N139,银川市,29.847734146318174,29.847734146318174,0.0,29.847734146318174,0.0,100.0
S7,mid,2060,R::RC06,山东,N091,东营市,49.35771777872862,17.476612112327896,0.0,17.476612112327896,31.881105666400725,35.40806361970747
S7,mid,2060,R::RC07,山东,N089,济南市,32.64552863470963,11.559149547967806,0.0,11.559149547967806,21.08637908674182,35.40806361970748
S7,mid,2060,R::RC08,广东,N026,广州市,112.74917720055652,3.879872279174387,0.0,3.879872279174387,108.86930492138214,3.441153519260659
S7,mid,2060,R::RC09,广东,N056,惠州市,132.6974373535125,4.566322535459102,0.0,4.566322535459102,128.1311148180534,3.4411535192606584
S7,mid,2060,R::RC10,广东,N117,茂名市,136.93131470514038,4.712016754945825,0.0,4.712016754945825,132.21929795019454,3.441153519260658
S7,mid,2060,R::RC11,新疆,N102,乌鲁木齐市,81.11060016431719,81.11060016431719,0.0,81.11060016431719,0.0,100.0
S7,mid,2060,R::RC12,江苏,N007,连云港市,9.491811067561756,1.5449541807908267,0.0,1.5449541807908267,7.946856886770931,16.276705992080945
S7,mid,2060,R::RC13,江西,N010,九江市,14.44497711822097,3.795490027490736,0.0,3.795490027490736,10.649487090730236,26.275500448547504
S7,mid,2060,R::RC14,河北,N084,沧州市,15.949129693669226,15.949129693669226,0.0,15.949129693669226,0.0,100.0
S7,mid,2060,R::RC15,河南,N088,洛阳市,69.52071447498948,27.750860357724964,0.0,27.750860357724964,41.76985411726452,39.91739809824382
S7,mid,2060,R::RC16,浙江,N043,宁波市,107.3198893491595,0.7517968914977429,0.0,0.7517968914977429,106.56809245766176,0.7005196297322038
S7,mid,2060,R::RC17,浙江,N043,舟山市,0.9181018724022292,0.0064314838371165,0.0,0.0064314838371165,0.9116703885651128,0.700519629732201
S7,mid,2060,R::RC18,湖北,N078,武汉市,39.30987406744551,12.022935740059838,27.2869,39.30983574005984,3.832738567410843e-05,99.99990249934251
S7,mid,2060,R::RC19,湖南,N002,岳阳市,37.31159150847056,18.461276094895112,0.0,18.461276094895112,18.85031541357545,49.478661586182916
S7,mid,2060,R::RC20,甘肃,N018,兰州市,38.17132847142776,38.17132847142776,0.0,38.17132847142776,0.0,100.0
S7,mid,2060,R::RC21,甘肃,N033,庆阳市,56.87621422343987,56.87621422343987,0.0,56.87621422343987,0.0,100.0
S7,mid,2060,R::RC22,辽宁,N129,大连市,34.662758469764945,19.180104960641653,0.0,19.180104960641653,15.482653509123292,55.333463946245814
S7,mid,2060,R::RC23,辽宁,N129,盘锦市,158.5610065329799,87.7372973827309,0.0,87.7372973827309,70.82370915024899,55.33346394624582
S7,mid,2060,R::RC24,青海,N072,海西蒙古族藏族自治州,16.448137972695807,16.448137972695807,0.0,16.448137972695807,0.0,100.0
S8,high,2025,R::RC01,上海,N116,上海市,3.2949461382407725,0.0,0.0,0.0,3.2949461382407725,0.0
S8,high,2025,R::RC02,北京,N036,北京市,2.9382120193940526,0.0830181645548752,2.8551,2.9381181645548757,9.385483917734304e-05,99.99680571590623
S8,high,2025,R::RC03,四川,N057,成都市,6.350238086735025,4.747370609962744,1.6028,6.350170609962744,6.74767722816938e-05,99.99893741350544
S8,high,2025,R::RC04,天津,N028,天津市,0.7962717817766877,0.6894577526549633,0.0,0.6894577526549633,0.1068140291217243,86.5857322127635
S8,high,2025,R::RC05,宁夏,N139,银川市,0.6257731848607397,0.6257731848607397,0.0,0.6257731848607397,0.0,100.0
S8,high,2025,R::RC06,山东,N091,东营市,1.034810083085069,1.034810083085069,0.0,1.034810083085069,0.0,100.0
S8,high,2025,R::RC07,山东,N089,济南市,0.6844303934449467,0.6844303934449467,0.0,0.6844303934449467,0.0,100.00000000000001
S8,high,2025,R::RC08,广东,N026,广州市,2.363844818549599,0.7183983162078249,0.0,0.7183983162078249,1.645446502341774,30.39109465098549
S8,high,2025,R::RC09,广东,N056,惠州市,2.7820704107219174,0.8455016517795588,0.0,0.8455016517795588,1.9365687589423584,30.391094650985494
S8,high,2025,R::RC10,广东,N117,茂名市,2.870835839335357,0.8724784372068222,0.0,0.8724784372068222,1.9983574021285344,30.391094650985494
S8,high,2025,R::RC11,新疆,N102,乌鲁木齐市,1.7005256862036155,1.7005256862036155,0.0,1.7005256862036155,0.0,100.00000000000001
S8,high,2025,R::RC12,江苏,N007,连云港市,0.1990007285888809,0.1990007285888809,0.0,0.1990007285888809,0.0,100.0
S8,high,2025,R::RC13,江西,N010,九江市,0.3028464168233913,0.3028464168233913,0.0,0.3028464168233913,0.0,100.0
S8,high,2025,R::RC14,河北,N084,沧州市,0.3343817535776169,0.3343817535776169,0.0,0.3343817535776169,0.0,100.00000000000001
S8,high,2025,R::RC15,河南,N088,洛阳市,1.4575377379584,1.4575377379584,0.0,1.4575377379584,0.0,100.0
S8,high,2025,R::RC16,浙江,N043,宁波市,2.2500169904927234,0.1325565527179799,0.0,0.1325565527179799,2.1174604377747435,5.891357855433429
S8,high,2025,R::RC17,浙江,N043,舟山市,0.0192484806351915,0.0011339968759529,0.0,0.0011339968759529,0.0181144837592386,5.891357855433238
S8,high,2025,R::RC18,湖北,N078,武汉市,0.8241518425174783,0.8241518425174783,0.0,0.8241518425174783,0.0,100.0
S8,high,2025,R::RC19,湖南,N002,岳阳市,0.7822568150741414,0.7822568150741414,0.0,0.7822568150741414,0.0,100.0
S8,high,2025,R::RC20,甘肃,N018,兰州市,0.8002816451940717,0.8002816451940717,0.0,0.8002816451940717,0.0,100.0
S8,high,2025,R::RC21,甘肃,N033,庆阳市,1.1924392499259118,1.1924392499259118,0.0,1.1924392499259118,0.0,100.0
S8,high,2025,R::RC22,辽宁,N129,大连市,0.7267226603316237,0.7267226603316237,0.0,0.7267226603316237,0.0,100.0
S8,high,2025,R::RC23,辽宁,N129,盘锦市,3.324313516277648,3.324313516277647,0.0,3.324313516277647,4.440892098500626e-16,99.99999999999997
S8,high,2025,R::RC24,青海,N072,海西蒙古族藏族自治州,0.3448437202551396,0.3448437202551396,0.0,0.3448437202551396,0.0,100.00000000000001
S8,high,2030,R::RC01,上海,N116,上海市,31.497083808314752,0.0,0.0,0.0,31.497083808314752,0.0
S8,high,2030,R::RC02,北京,N036,北京市,28.0869872643392,0.1408079676638869,0.0,0.1408079676638869,27.946179296675314,0.5013281287119908
S8,high,2030,R::RC03,四川,N057,成都市,60.703262763328894,8.384251265611278,52.319,60.70325126561128,1.1497717615327474e-05,99.99998105914395
S8,high,2030,R::RC04,天津,N028,天津市,7.611729598167941,1.242889750941044,0.0,1.242889750941044,6.368839847226897,16.328611453042072
S8,high,2030,R::RC05,宁夏,N139,银川市,5.98189761580694,5.981897615806941,0.0,5.98189761580694,0.0,99.99999999999999
S8,high,2030,R::RC06,山东,N091,东营市,9.891967438964508,6.388491328148111,0.0,6.388491328148111,3.503476110816398,64.58261582002193
S8,high,2030,R::RC07,山东,N089,济南市,6.542614221549392,4.2253914072893615,2.3172,6.542591407289361,2.281426003047926e-05,99.99965129748969
S8,high,2030,R::RC08,广东,N026,广州市,22.596490272056364,1.2216877372546968,0.0,1.2216877372546968,21.374802534801667,5.406537575286547
S8,high,2030,R::RC09,广东,N056,惠州市,26.594396755124645,1.4378360534866004,0.0,1.4378360534866004,25.15656070163805,5.406537575286548
S8,high,2030,R::RC10,广东,N117,茂名市,27.44292417469917,1.483712007262506,0.0,1.483712007262506,25.95921216743666,5.4065375752865465
S8,high,2030,R::RC11,新疆,N102,乌鲁木齐市,16.255683039827982,16.255683039827982,0.0,16.255683039827982,0.0,100.0
S8,high,2030,R::RC12,江苏,N007,连云港市,1.9022898594713424,0.4531648575310782,1.4491,1.9022648575310783,2.5001940264113287e-05,99.99868569239646
S8,high,2030,R::RC13,江西,N010,九江市,2.8949726555551822,1.0837221677443791,0.0,1.0837221677443791,1.811250487810803,37.4346253552626
S8,high,2030,R::RC14,河北,N084,沧州市,3.196425578607088,3.196425578607088,0.0,3.196425578607088,0.0,100.0
S8,high,2030,R::RC15,河南,N088,洛阳市,13.932910087194443,7.922371330308646,0.0,7.922371330308646,6.010538756885797,56.86085161483956
S8,high,2030,R::RC16,浙江,N043,宁波市,21.508386099907412,0.2211165308796079,0.0,0.2211165308796079,21.287269569027806,1.0280479895260934
S8,high,2030,R::RC17,浙江,N043,舟山市,0.1840002787035088,0.0018916111659338,0.0,0.0018916111659338,0.182108667537575,1.0280479895260768
S8,high,2030,R::RC18,湖北,N078,武汉市,7.878240968275631,4.340877877293835,3.5373,7.878177877293835,6.309098179624328e-05,99.99919917425666
S8,high,2030,R::RC19,湖南,N002,岳阳市,7.477757580938997,5.114293583502612,0.0,5.114293583502612,2.3634639974363845,68.39341243876484
S8,high,2030,R::RC20,甘肃,N018,兰州市,7.650060726756489,7.650060726756489,0.0,7.650060726756489,0.0,100.0
S8,high,2030,R::RC21,甘肃,N033,庆阳市,11.39877782988388,11.39877782988388,0.0,11.39877782988388,0.0,100.0
S8,high,2030,R::RC22,辽宁,N129,大连市,6.946894904354272,6.100159002886487,0.0,6.100159002886487,0.8467359014677847,87.81130399803435
S8,high,2030,R::RC23,辽宁,N129,盘锦市,31.77781275757514,27.90451176448045,0.0,27.90451176448045,3.8733009930946913,87.81130399803435
S8,high,2030,R::RC24,青海,N072,海西蒙古族藏族自治州,3.2964337205968284,3.2964337205968284,0.0,3.2964337205968284,0.0,100.0
S8,high,2035,R::RC01,上海,N116,上海市,63.72614494306941,0.0,0.0,0.0,63.72614494306941,0.0
S8,high,2035,R::RC02,北京,N036,北京市,56.82670282475245,0.218249875459029,0.0,0.218249875459029,56.60845294929342,0.38406218311150053
S8,high,2035,R::RC03,四川,N057,成都市,122.81724063457362,13.040248106485404,109.7769,122.8171481064854,9.252808821713644e-05,99.99992466197112
S8,high,2035,R::RC04,天津,N028,天津市,15.400352191089247,1.93637018875404,0.0,1.93637018875404,13.463982002335207,12.57354484317857
S8,high,2035,R::RC05,宁夏,N139,银川市,12.102811702170426,12.102811702170426,0.0,12.102811702170426,0.0,99.99999999999999
S8,high,2035,R::RC06,山东,N091,东营市,20.013819521322336,9.923293192179878,0.0,9.923293192179878,10.090526329142458,49.582205843356356
S8,high,2035,R::RC07,山东,N089,济南市,13.237275702297843,6.563333286765912,6.6739,13.237233286765912,4.241553193295999e-05,99.999679575066
S8,high,2035,R::RC08,广东,N026,广州市,45.71811228763938,1.894026809819904,0.0,1.894026809819904,43.82408547781947,4.142836864968252
S8,high,2035,R::RC09,广东,N056,惠州市,53.80683470903352,2.229129384198373,0.0,2.229129384198373,51.57770532483515,4.142836864968252
S8,high,2035,R::RC10,广东,N117,茂名市,55.523608923975296,2.3002525392632505,0.0,2.3002525392632505,53.22335638471205,4.142836864968252
S8,high,2035,R::RC11,新疆,N102,乌鲁木齐市,32.88914046294052,32.88914046294052,0.0,32.88914046294052,0.0,100.0
S8,high,2035,R::RC12,江苏,N007,连云港市,3.8487880353037696,0.7026257416585913,0.0,0.7026257416585913,3.1461622936451783,18.255766106463064
S8,high,2035,R::RC13,江西,N010,九江市,5.857223106014365,1.6815364860961428,0.0,1.6815364860961428,4.175686619918222,28.708766179138593
S8,high,2035,R::RC14,河北,N084,沧州市,6.467134575432572,6.467134575432572,0.0,6.467134575432572,0.0,100.0
S8,high,2035,R::RC15,河南,N088,洛阳市,28.189614413157745,12.271956167087804,0.0,12.271956167087804,15.917658246069944,43.5336077578974
S8,high,2035,R::RC16,浙江,N043,宁波市,43.51661691716264,0.3422257846974352,0.0,0.3422257846974352,43.17439113246521,0.7864255287787866
S8,high,2035,R::RC17,浙江,N043,舟山市,0.3722766368335847,0.0029276785097384,0.0,0.0029276785097384,0.3693489583238463,0.7864255287787862
S8,high,2035,R::RC18,湖北,N078,武汉市,15.939568529459445,6.766892652500048,9.1726,15.939492652500046,7.587695939648142e-05,99.9995239710582
S8,high,2035,R::RC19,湖南,N002,岳阳市,15.129294710333095,7.926195297969474,0.0,7.926195297969474,7.203099412363623,52.389721065820694
S8,high,2035,R::RC20,甘肃,N018,兰州市,15.477905245560288,15.477905245560288,0.0,15.477905245560288,1.7763568394002505e-15,100.0
S8,high,2035,R::RC21,甘肃,N033,庆阳市,23.062457863774288,23.062457863774288,0.0,23.062457863774288,0.0,100.0
S8,high,2035,R::RC22,辽宁,N129,大连市,14.055232359710864,9.45280754737528,0.0,9.45280754737528,4.602424812335583,67.25472269296398
S8,high,2035,R::RC23,辽宁,N129,盘锦市,64.29412684955818,43.240836720532855,0.0,43.240836720532855,21.053290129025328,67.25472269296398
S8,high,2035,R::RC24,青海,N072,海西蒙古族藏族自治州,6.66947500131806,6.66947500131806,0.0,6.66947500131806,0.0,100.0
S8,high,2040,R::RC01,上海,N116,上海市,100.51773406925216,0.0,0.0,0.0,100.51773406925216,0.0
S8,high,2040,R::RC02,北京,N036,北京市,89.63497490196306,0.3095508120712292,0.0,0.3095508120712292,89.32542408989184,0.34534601299302625
S8,high,2040,R::RC03,四川,N057,成都市,193.7244241630224,17.43206969314608,176.2923,193.7243696931461,5.446987628943134e-05,99.99997188280385
S8,high,2040,R::RC04,天津,N028,天津市,24.291576204706363,2.511163247539179,0.0,2.511163247539179,21.780412957167183,10.337588744252235
S8,high,2040,R::RC05,宁夏,N139,银川市,19.090236970333265,19.090236970333265,0.0,19.090236970333265,0.0,100.0
S8,high,2040,R::RC06,山东,N091,东营市,31.56857817386417,13.570366515158993,0.0,13.570366515158993,17.998211658705184,42.986942397025615
S8,high,2040,R::RC07,山东,N089,济南市,20.87967128772092,8.975532269140885,11.9041,20.879632269140885,3.901858003274583e-05,99.99981312646402
S8,high,2040,R::RC08,广东,N026,广州市,72.11296175506266,2.676100106376074,0.0,2.676100106376074,69.43686164868659,3.7109834920740856
S8,high,2040,R::RC09,广东,N056,惠州市,84.87161913250252,3.14957177546316,0.0,3.14957177546316,81.72204735703936,3.7109834920740856
S8,high,2040,R::RC10,广东,N117,茂名市,87.57955406483886,3.2500627937782696,0.0,3.2500627937782696,84.32949127106059,3.7109834920740865
S8,high,2040,R::RC11,新疆,N102,乌鲁木齐市,51.87732409944995,51.87732409944995,0.0,51.87732409944995,0.0,100.0
S8,high,2040,R::RC12,江苏,N007,连云港市,6.070843490802723,0.9911416089287508,0.0,0.9911416089287508,5.079701881873972,16.326258623374528
S8,high,2040,R::RC13,江西,N010,九江市,9.238826467231036,2.342587932737239,0.0,2.342587932737239,6.896238534493799,25.355903599294848
S8,high,2040,R::RC14,河北,N084,沧州市,10.20086361765863,10.20086361765863,0.0,10.20086361765863,0.0,100.0
S8,high,2040,R::RC15,河南,N088,洛阳市,44.464578355209504,17.585602130098195,0.0,17.585602130098195,26.87897622511131,39.54968827009658
S8,high,2040,R::RC16,浙江,N043,宁波市,68.64045723745906,0.4972784069723534,0.0,0.4972784069723534,68.1431788304867,0.7244683776683445
S8,high,2040,R::RC17,浙江,N043,舟山市,0.5872064599994844,0.0042541251143219,0.0,0.0042541251143219,0.5829523348851624,0.7244683776683307
S8,high,2040,R::RC18,湖北,N078,武汉市,25.14210316745473,8.68145288811445,16.4606,25.14205288811445,5.0279340282344265e-05,99.9998000193542
S8,high,2040,R::RC19,湖南,N002,岳阳市,23.86402666766048,11.262621525429909,0.0,11.262621525429909,12.601405142230572,47.19497544265041
S8,high,2040,R::RC20,甘肃,N018,兰州市,24.413903662495358,24.413903662495358,0.0,24.413903662495358,0.0,100.0
S8,high,2040,R::RC21,甘肃,N033,庆阳市,36.37731434413895,36.37731434413895,0.0,36.37731434413895,0.0,100.0
S8,high,2040,R::RC22,辽宁,N129,大连市,22.169866228015326,13.462556718476202,0.0,13.462556718476202,8.707309509539124,60.724573527033805
S8,high,2040,R::RC23,辽宁,N129,盘锦市,101.41363408460047,61.58299679614024,0.0,61.58299679614024,39.83063728846024,60.72457352703382
S8,high,2040,R::RC24,青海,N072,海西蒙古族藏族自治州,10.520023063735064,10.520023063735064,0.0,10.520023063735064,0.0,100.0
S8,high,2045,R::RC01,上海,N116,上海市,141.11455962170902,0.0,0.0,0.0,141.11455962170902,0.0
S8,high,2045,R::RC02,北京,N036,北京市,125.83650165928938,0.3827996498034428,0.0,0.3827996498034428,125.45370200948594,0.3042039827520778
S8,high,2045,R::RC03,四川,N057,成都市,271.9653109659225,20.74529342153664,251.22,271.9652934215366,1.7544385912060534e-05,99.99999354903541
S8,high,2045,R::RC04,天津,N028,天津市,34.102391089344096,2.925793346129605,0.0,2.925793346129605,31.17659774321449,8.579437548717285
S8,high,2045,R::RC05,宁夏,N139,银川市,26.800349292460822,26.800349292460822,0.0,26.800349292460822,0.0,100.0
S8,high,2045,R::RC06,山东,N091,东营市,44.31840856877248,16.3966546278668,0.0,16.3966546278668,27.921753940905685,36.99739037881465
S8,high,2045,R::RC07,山东,N089,济南市,29.31249541282761,10.844858357655966,0.0,10.844858357655966,18.467637055171643,36.99739037881465
S8,high,2045,R::RC08,广东,N026,广州市,101.23774610828254,3.301512790043912,0.0,3.301512790043912,97.93623331823862,3.2611480568844926
S8,high,2045,R::RC09,广东,N056,惠州市,119.14933488267012,3.8856362193169938,0.0,3.8856362193169938,115.26369866335314,3.261148056884493
S8,high,2045,R::RC10,广东,N117,茂名市,122.95094311627412,4.009612292357531,0.0,4.009612292357531,118.9413308239166,3.261148056884492
S8,high,2045,R::RC11,新疆,N102,乌鲁木齐市,72.82939485686138,72.82939485686138,0.0,72.82939485686138,0.0,100.0
S8,high,2045,R::RC12,江苏,N007,连云港市,8.522719037286777,1.2215412031088686,0.0,1.2215412031088686,7.301177834177908,14.332763966108034
S8,high,2045,R::RC13,江西,N010,九江市,12.9701782517947,2.864554475648296,0.0,2.864554475648296,10.105623776146404,22.08569859286185
S8,high,2045,R::RC14,河北,N084,沧州市,14.320760316535464,14.320760316535464,0.0,14.320760316535464,0.0,100.0
S8,high,2045,R::RC15,河南,N088,洛阳市,62.42280978038612,21.88419795521876,0.0,21.88419795521876,40.538611825167365,35.058014902262535
S8,high,2045,R::RC16,浙江,N043,宁波市,96.36277603137628,0.6240245127296984,0.0,0.6240245127296984,95.73875151864657,0.647578389114187
S8,high,2045,R::RC17,浙江,N043,舟山市,0.824365787561037,0.0053384146874962,0.0,0.0053384146874962,0.8190273728735407,0.6475783891141816
S8,high,2045,R::RC18,湖北,N078,武汉市,35.2964265389687,10.036303226913288,25.2601,35.296403226913284,2.331205541850068e-05,99.99993395349699
S8,high,2045,R::RC19,湖南,N002,岳阳市,33.50216402299252,13.943448472661256,0.0,13.943448472661256,19.55871555033126,41.61954571976865
S8,high,2045,R::RC20,甘肃,N018,兰州市,34.27412382382499,34.27412382382499,0.0,34.27412382382499,0.0,100.0
S8,high,2045,R::RC21,甘肃,N033,庆阳市,51.06928385748319,51.06928385748319,0.0,51.06928385748319,0.0,100.00000000000001
S8,high,2045,R::RC22,辽宁,N129,大连市,31.12377073167202,16.69043595182895,0.0,16.69043595182895,14.433334779843072,53.62600854415275
S8,high,2045,R::RC23,辽宁,N129,盘锦市,142.37229326743426,76.34857815210049,0.0,76.34857815210049,66.02371511533377,53.62600854415274
S8,high,2045,R::RC24,青海,N072,海西蒙古族藏族自治州,14.76882100054527,14.768821000545268,0.0,14.768821000545268,1.7763568394002505e-15,99.99999999999999
S8,high,2050,R::RC01,上海,N116,上海市,184.5037716947991,0.0,0.0,0.0,184.5037716947991,0.0
S8,high,2050,R::RC02,北京,N036,北京市,164.52809146878417,0.4212090308866346,0.0,0.4212090308866346,164.10688243789753,0.25601040352829374
S8,high,2050,R::RC03,四川,N057,成都市,355.58786972710186,22.220586122430817,333.3672,355.5877861224308,8.360467103329938e-05,99.9999764883231
S8,high,2050,R::RC04,天津,N028,天津市,44.58802689575295,3.085234487904136,0.0,3.085234487904136,41.50279240784881,6.919423672003768
S8,high,2050,R::RC05,宁夏,N139,银川市,35.040789132267264,35.040789132267264,0.0,35.040789132267264,0.0,100.0
S8,high,2050,R::RC06,山东,N091,东营市,57.94521528019347,17.754421522807228,0.0,17.754421522807228,40.190793757386245,30.640013048456044
S8,high,2050,R::RC07,山东,N089,济南市,38.3253576098124,11.742894572513965,0.0,11.742894572513965,26.58246303729844,30.640013048456055
S8,high,2050,R::RC08,广东,N026,广州市,132.36583131415637,3.6269311670874704,0.0,3.6269311670874704,128.7389001470689,2.740081130514212
S8,high,2050,R::RC09,广东,N056,惠州市,155.78478747842402,4.268629565907963,0.0,4.268629565907963,151.51615791251606,2.7400811305142114
S8,high,2050,R::RC10,广东,N117,茂名市,160.75529554992448,4.404825519665833,0.0,4.404825519665833,156.35047003025866,2.7400811305142114
S8,high,2050,R::RC11,新疆,N102,乌鲁木齐市,95.22261967413274,95.22261967413274,0.0,95.22261967413274,0.0,100.0
S8,high,2050,R::RC12,江苏,N007,连云港市,11.143242849567512,1.3410209502844783,0.0,1.3410209502844783,9.802221899283031,12.034386833241506
S8,high,2050,R::RC13,江西,N010,九江市,16.958184991152624,3.127810474742744,0.0,3.127810474742744,13.83037451640988,18.44425259174007
S8,high,2050,R::RC14,河北,N084,沧州市,18.724037399267186,18.724037399267186,0.0,18.724037399267186,0.0,100.0
S8,high,2050,R::RC15,河南,N088,洛阳市,81.61626890338553,24.18258035174193,0.0,24.18258035174193,57.433688551643606,29.629607768971184
S8,high,2050,R::RC16,浙江,N043,宁波市,125.9919293688172,0.6934161021778724,0.0,0.6934161021778724,125.29851326663932,0.5503654921800822
S8,high,2050,R::RC17,浙江,N043,舟山市,1.0778377331786395,0.0059320469451112,0.0,0.0059320469451112,1.0719056862335283,0.5503654921800766
S8,high,2050,R::RC18,湖北,N078,武汉市,46.14919850400947,10.520935569859384,35.6282,46.14913556985938,6.293415008684633e-05,99.99986362894236
S8,high,2050,R::RC19,湖南,N002,岳阳市,43.803244957503296,15.35427729767008,0.0,15.35427729767008,28.44896765983321,35.0528307036759
S8,high,2050,R::RC20,甘肃,N018,兰州市,44.81256316841062,44.81256316841062,0.0,44.81256316841062,0.0,99.99999999999999
S8,high,2050,R::RC21,甘肃,N033,庆阳市,66.77181656320329,66.77181656320329,0.0,66.77181656320329,0.0,100.0
S8,high,2050,R::RC22,辽宁,N129,大连市,40.69355497229832,18.39667154995006,0.0,18.39667154995006,22.296883422348262,45.20782606108851
S8,high,2050,R::RC23,辽宁,N129,盘锦市,186.14822710780425,84.15356672669616,0.0,84.15356672669616,101.99466038110808,45.20782606108851
S8,high,2050,R::RC24,青海,N072,海西蒙古族藏族自治州,19.30986558290446,19.30986558290446,0.0,19.30986558290446,0.0,100.0
S8,high,2055,R::RC01,上海,N116,上海市,229.3275306595841,0.0,0.0,0.0,229.3275306595841,0.0
S8,high,2055,R::RC02,北京,N036,北京市,204.49891400097616,0.4488570022788339,0.0,0.4488570022788339,204.05005699869733,0.21949114227408137
S8,high,2055,R::RC03,四川,N057,成都市,441.9751821220726,23.211901839059767,418.7632,441.9751018390597,8.028301289186857e-05,99.99998183540248
S8,high,2055,R::RC04,天津,N028,天津市,55.420341877349166,3.184376713020117,0.0,3.184376713020117,52.23596516432905,5.745862629406845
S8,high,2055,R::RC05,宁夏,N139,银川市,43.55367681783039,43.55367681783039,0.0,43.55367681783039,0.0,100.0
S8,high,2055,R::RC06,山东,N091,东营市,72.02255548318068,18.698283915093608,0.0,18.698283915093608,53.32427156808707,25.961705731838673
S8,high,2055,R::RC07,山东,N089,济南市,47.636205707720656,12.367171547651774,0.0,12.367171547651774,35.269034160068884,25.96170573183867
S8,high,2055,R::RC08,广东,N026,广州市,164.52308242885746,3.860493452610656,0.0,3.860493452610656,160.6625889762468,2.3464752760634653
S8,high,2055,R::RC09,广东,N056,惠州市,193.63149218353965,4.543515090759519,0.0,4.543515090759519,189.0879770927801,2.3464752760634653
S8,high,2055,R::RC10,广东,N117,茂名市,199.80954660318736,4.688481610258299,0.0,4.688481610258299,195.1210649929291,2.3464752760634657
S8,high,2055,R::RC11,新疆,N102,乌鲁木齐市,118.35621587686576,118.35621587686576,0.0,118.35621587686576,0.0,100.0
S8,high,2055,R::RC12,江苏,N007,连云港市,13.850407190908497,1.4266655599388467,0.0,1.4266655599388467,12.42374163096965,10.300531531486813
S8,high,2055,R::RC13,江西,N010,九江市,21.07804438232564,3.314492491338131,0.0,3.314492491338131,17.763551890987507,15.724857729768322
S8,high,2055,R::RC14,河北,N084,沧州市,23.27289692405071,23.27289692405071,0.0,23.27289692405071,0.0,100.0
S8,high,2055,R::RC15,河南,N088,洛阳市,101.44430781731064,25.848959574234986,0.0,25.848959574234986,75.59534824307565,25.480936417631185
S8,high,2055,R::RC16,浙江,N043,宁波市,156.60069048876818,0.7441555199519296,0.0,0.7441555199519296,155.85653496881625,0.4751930005093448
S8,high,2055,R::RC17,浙江,N043,舟山市,1.3396900428163372,0.0063661133119838,0.0,0.0063661133119838,1.3333239295043533,0.475193000509339
S8,high,2055,R::RC18,湖北,N078,武汉市,57.36078800790062,10.80892124425094,46.55179999999999,57.36072124425093,6.676364968427606e-05,99.99988360750959
S8,high,2055,R::RC19,湖南,N002,岳阳市,54.44490325974335,16.371196232302694,0.0,16.371196232302694,38.073707027440655,30.069290699626578
S8,high,2055,R::RC20,甘肃,N018,兰州市,55.699427494294,55.699427494294,0.0,55.699427494294,0.0,99.99999999999999
S8,high,2055,R::RC21,甘肃,N033,庆阳市,82.99351102384954,82.99351102384954,0.0,82.99351102384954,0.0,100.0
S8,high,2055,R::RC22,辽宁,N129,大连市,50.57973823426329,19.628535692313413,0.0,19.628535692313413,30.95120254194988,38.807112052266056
S8,high,2055,R::RC23,辽宁,N129,盘锦市,231.371493748686,89.78859483605434,0.0,89.78859483605434,141.58289891263166,38.80711205226606
S8,high,2055,R::RC24,青海,N072,海西蒙古族藏族自治州,24.00104751690991,24.00104751690991,0.0,24.00104751690991,0.0,100.0
S8,high,2060,R::RC01,上海,N116,上海市,273.78401135513786,0.0,0.0,0.0,273.78401135513786,0.0
S8,high,2060,R::RC02,北京,N036,北京市,244.14222240096635,0.465914380006872,0.0,0.465914380006872,243.67630802095948,0.1908372814111927
S8,high,2060,R::RC03,四川,N057,成都市,527.6546515491011,23.72692274577682,503.9277,527.6546227457768,2.880332431232091e-05,99.99999454125454
S8,high,2060,R::RC04,天津,N028,天津市,66.16389870947081,3.2241771471387914,0.0,3.2241771471387914,62.939721562332025,4.873015662659669
S8,high,2060,R::RC05,宁夏,N139,银川市,51.99681134731015,51.99681134731015,0.0,51.99681134731015,0.0,100.0
S8,high,2060,R::RC06,山东,N091,东营市,85.98454835108173,19.23481171746643,0.0,19.23481171746643,66.7497366336153,22.37007937627255
S8,high,2060,R::RC07,山东,N089,济南市,56.87076229743208,12.72203466782684,0.0,12.72203466782684,44.14872762960524,22.370079376272553
S8,high,2060,R::RC08,广东,N026,广州市,196.41684248869365,4.003657679812197,0.0,4.003657679812197,192.41318480888145,2.0383474396003796
S8,high,2060,R::RC09,广东,N056,惠州市,231.1680874172225,4.712008791042122,0.0,4.712008791042122,226.4560786261804,2.0383474396003796
S8,high,2060,R::RC10,广东,N117,茂名市,238.54379375529973,4.862351312336762,0.0,4.862351312336762,233.68144244296295,2.0383474396003796
S8,high,2060,R::RC11,新疆,N102,乌鲁木齐市,141.30025932073465,141.30025932073465,0.0,141.30025932073465,0.0,100.0
S8,high,2060,R::RC12,江苏,N007,连云港市,16.53538948735241,1.47901209774691,0.0,1.47901209774691,15.0563773896055,8.944525309658879
S8,high,2060,R::RC13,江西,N010,九江市,25.16414634525943,3.425815985474117,0.0,3.425815985474117,21.738330359785312,13.613877214314853
S8,high,2060,R::RC14,河北,N084,沧州市,27.784483866350666,27.784483866350666,0.0,27.784483866350666,0.0,100.0
S8,high,2060,R::RC15,河南,N088,洛阳市,121.10987914746444,26.89336741911105,0.0,26.89336741911105,94.21651172835335,22.20575861228088
S8,high,2060,R::RC16,浙江,N043,宁波市,186.95864861791512,0.7765388322689188,0.0,0.7765388322689188,186.1821097856462,0.4153532548557948
S8,high,2060,R::RC17,浙江,N043,舟山市,1.599396779095194,0.0066431465800306,0.0,0.0066431465800306,1.5927536325151632,0.41535325485579266
S8,high,2060,R::RC18,湖北,N078,武汉市,68.48051165128783,10.903381625779272,0.0,10.903381625779272,57.57713002550855,15.921875235542613
S8,high,2060,R::RC19,湖南,N002,岳阳市,64.9993656209632,17.00045781450156,0.0,17.00045781450156,47.998907806461645,26.154805746317425
S8,high,2060,R::RC20,甘肃,N018,兰州市,66.497086702639,66.497086702639,0.0,66.497086702639,0.0,100.0
S8,high,2060,R::RC21,甘肃,N033,庆阳市,99.0822876747649,99.0822876747649,0.0,99.0822876747649,0.0,100.0
S8,high,2060,R::RC22,辽宁,N129,大连市,60.38491578939742,20.393558084565907,0.0,20.393558084565907,39.99135770483152,33.77260333638931
S8,high,2060,R::RC23,辽宁,N129,盘锦市,276.2242086222808,93.28810629708336,0.0,93.28810629708336,182.93610232519745,33.7726033363893
S8,high,2060,R::RC24,青海,N072,海西蒙古族藏族自治州,28.65379070277904,28.65379070277904,0.0,28.65379070277904,0.0,100.0
S8,low,2025,R::RC01,上海,N116,上海市,0.3164882474889163,0.0,0.3164,0.3164,8.824748891628209e-05,99.97211666164021
S8,low,2025,R::RC02,北京,N036,北京市,0.2822229965996919,0.0830181645548752,0.1992,0.2822181645548752,4.832044816660552e-06,99.99828786283368
S8,low,2025,R::RC03,四川,N057,成都市,0.609957079383759,0.609957079383759,0.0,0.609957079383759,0.0,100.0
S8,low,2025,R::RC04,天津,N028,天津市,0.0764840000917081,0.0764840000917081,0.0,0.0764840000917081,0.0,100.0
S8,low,2025,R::RC05,宁夏,N139,银川市,0.0601071611774131,0.0601071611774131,0.0,0.0601071611774131,0.0,100.0
S8,low,2025,R::RC06,山东,N091,东营市,0.09939623166475,0.09939623166475,0.0,0.09939623166475,0.0,100.0
S8,low,2025,R::RC07,山东,N089,济南市,0.0657413404230014,0.0657413404230014,0.0,0.0657413404230014,0.0,100.0
S8,low,2025,R::RC08,广东,N026,广州市,0.2270535154659483,0.2270535154659483,0.0,0.2270535154659483,0.0,100.0
S8,low,2025,R::RC09,广东,N056,惠州市,0.2672251841877631,0.2672251841877631,0.0,0.2672251841877631,0.0,100.0
S8,low,2025,R::RC10,广东,N117,茂名市,0.2757513371993171,0.2757513371993171,0.0,0.2757513371993171,0.0,100.0
S8,low,2025,R::RC11,新疆,N102,乌鲁木齐市,0.1633399672274525,0.1633399672274525,0.0,0.1633399672274525,0.0,100.0
S8,low,2025,R::RC12,江苏,N007,连云港市,0.0191145436670898,0.0191145436670898,0.0,0.0191145436670898,0.0,100.0
S8,low,2025,R::RC13,江西,N010,九江市,0.0290891953001415,0.0290891953001415,0.0,0.0290891953001415,0.0,100.0
S8,low,2025,R::RC14,河北,N084,沧州市,0.0321182473831131,0.0321182473831131,0.0,0.0321182473831131,0.0,100.0
S8,low,2025,R::RC15,河南,N088,洛阳市,0.1400003353565305,0.1400003353565305,0.0,0.1400003353565305,0.0,100.0
S8,low,2025,R::RC16,浙江,N043,宁波市,0.2161200530341694,0.1325565527179799,0.0,0.1325565527179799,0.0835635003161895,61.33468452232066
S8,low,2025,R::RC17,浙江,N043,舟山市,0.0018488672189065,0.0011339968759529,0.0,0.0011339968759529,0.0007148703429536,61.33468452232036
S8,low,2025,R::RC18,湖北,N078,武汉市,0.0791619532944419,0.0791619532944419,0.0,0.0791619532944419,0.0,100.0
S8,low,2025,R::RC19,湖南,N002,岳阳市,0.0751378256584372,0.0751378256584372,0.0,0.0751378256584372,0.0,100.0
S8,low,2025,R::RC20,甘肃,N018,兰州市,0.07686915802522,0.07686915802522,0.0,0.07686915802522,0.0,100.0
S8,low,2025,R::RC21,甘肃,N033,庆阳市,0.1145369279534099,0.1145369279534099,0.0,0.1145369279534099,1.3877787807814457e-17,100.0
S8,low,2025,R::RC22,辽宁,N129,大连市,0.0698036239529059,0.0698036239529059,0.0,0.0698036239529059,0.0,100.0
S8,low,2025,R::RC23,辽宁,N129,盘锦市,0.3193090614319319,0.3193090614319319,0.0,0.3193090614319319,0.0,100.0
S8,low,2025,R::RC24,青海,N072,海西蒙古族藏族自治州,0.0331231468139805,0.0331231468139805,0.0,0.0331231468139805,0.0,100.0
S8,low,2030,R::RC01,上海,N116,上海市,4.660614603432672,0.0,0.508,0.508,4.152614603432672,10.899849981713654
S8,low,2030,R::RC02,北京,N036,北京市,4.156023580063956,0.1408079676638869,4.0152,4.156007967663888,1.5612400068754084e-05,99.99962434284197
S8,low,2030,R::RC03,四川,N057,成都市,8.982244662158095,8.384251265611276,0.5979,8.982151265611275,9.339654681994602e-05,99.99896020927582
S8,low,2030,R::RC04,天津,N028,天津市,1.1263054808025517,1.1263054808025517,0.0,1.1263054808025517,0.0,100.0
S8,low,2030,R::RC05,宁夏,N139,银川市,0.8851397022701253,0.8851397022701253,0.0,0.8851397022701253,0.0,99.99999999999999
S8,low,2030,R::RC06,山东,N091,东营市,1.4637116306795384,1.4637116306795384,0.0,1.4637116306795384,0.0,100.0
S8,low,2030,R::RC07,山东,N089,济南市,0.9681087802017336,0.9681087802017336,0.0,0.9681087802017336,1.1102230246251563e-16,100.0
S8,low,2030,R::RC08,广东,N026,广州市,3.3435962893958147,1.2216877372546968,0.0,1.2216877372546968,2.121908552141118,36.53813533437839
S8,low,2030,R::RC09,广东,N056,惠州市,3.9351653835869222,1.4378360534866004,0.0,1.4378360534866004,2.4973293301003223,36.538135334378396
S8,low,2030,R::RC10,广东,N117,茂名市,4.060721746428301,1.4837120072625063,0.0,1.4837120072625063,2.577009739165795,36.53813533437839
S8,low,2030,R::RC11,新疆,N102,乌鲁木齐市,2.4053488324590617,2.4053488324590617,0.0,2.4053488324590617,0.0,100.0
S8,low,2030,R::RC12,江苏,N007,连云港市,0.2814812937276935,0.2814812937276935,0.0,0.2814812937276935,0.0,100.0
S8,low,2030,R::RC13,江西,N010,九江市,0.4283682869541391,0.4283682869541391,0.0,0.4283682869541391,0.0,100.0
S8,low,2030,R::RC14,河北,N084,沧州市,0.4729741909157081,0.4729741909157081,0.0,0.4729741909157081,0.0,100.0
S8,low,2030,R::RC15,河南,N088,洛阳市,2.061648774085895,2.061648774085895,0.0,2.061648774085895,0.0,100.0
S8,low,2030,R::RC16,浙江,N043,宁波市,3.182589822078523,0.2211165308796078,0.0,0.2211165308796078,2.9614732911989154,6.947691761774014
S8,low,2030,R::RC17,浙江,N043,舟山市,0.0272264693195143,0.0018916111659338,0.0,0.0018916111659338,0.0253348581535805,6.947691761773924
S8,low,2030,R::RC18,湖北,N078,武汉市,1.165741093034591,1.165741093034591,0.0,1.165741093034591,0.0,100.0
S8,low,2030,R::RC19,湖南,N002,岳阳市,1.1064816792167131,1.1064816792167131,0.0,1.1064816792167131,0.0,100.0
S8,low,2030,R::RC20,甘肃,N018,兰州市,1.13197732708372,1.13197732708372,0.0,1.13197732708372,0.0,100.0
S8,low,2030,R::RC21,甘肃,N033,庆阳市,1.6866739390399408,1.6866739390399408,0.0,1.6866739390399408,0.0,100.0
S8,low,2030,R::RC22,辽宁,N129,大连市,1.0279300787585468,1.0279300787585468,0.0,1.0279300787585468,0.0,100.0
S8,low,2030,R::RC23,辽宁,N129,盘锦市,4.702153986840093,4.702153986840093,0.0,4.702153986840093,0.0,100.0
S8,low,2030,R::RC24,青海,N072,海西蒙古族藏族自治州,0.4877723674661515,0.4877723674661515,0.0,0.4877723674661515,0.0,100.0
S8,low,2035,R::RC01,上海,N116,上海市,10.634181899276896,0.0,0.0,0.0,10.634181899276896,0.0
S8,low,2035,R::RC02,北京,N036,北京市,9.482850329553653,0.2182498754590291,9.2646,9.48284987545903,4.54094623236756e-07,99.9999952114121
S8,low,2035,R::RC03,四川,N057,成都市,20.494898576433645,13.040248106485404,7.4546,20.494848106485406,5.046994823842965e-05,99.99975374384971
S8,low,2035,R::RC04,天津,N028,天津市,2.5699051254281384,1.93637018875404,0.0,1.93637018875404,0.6335349366740983,75.34792508853597
S8,low,2035,R::RC05,宁夏,N139,银川市,2.019634190151566,2.019634190151566,0.0,2.019634190151566,0.0,100.0
S8,low,2035,R::RC06,山东,N091,东营市,3.339768904570888,3.339768904570888,0.0,3.339768904570888,0.0,99.99999999999999
S8,low,2035,R::RC07,山东,N089,济南市,2.2089457599368387,2.2089457599368387,0.0,2.2089457599368387,0.0,100.0
S8,low,2035,R::RC08,广东,N026,广州市,7.629124946953151,1.894026809819904,0.0,1.894026809819904,5.735098137133246,24.826265436592738
S8,low,2035,R::RC09,广东,N056,惠州市,8.978915455051657,2.229129384198373,0.0,2.229129384198373,6.749786070853284,24.826265436592735
S8,low,2035,R::RC10,广东,N117,茂名市,9.265398958768834,2.300252539263251,0.0,2.300252539263251,6.965146419505583,24.82626543659274
S8,low,2035,R::RC11,新疆,N102,乌鲁木齐市,5.48831413709758,5.48831413709758,0.0,5.48831413709758,0.0,100.0
S8,low,2035,R::RC12,江苏,N007,连云港市,0.6422593441945221,0.6422593441945221,0.0,0.6422593441945221,0.0,100.0
S8,low,2035,R::RC13,江西,N010,九江市,0.977413210694748,0.9774132106947478,0.0,0.9774132106947478,1.1102230246251563e-16,99.99999999999999
S8,low,2035,R::RC14,河北,N084,沧州市,1.0791910526471011,1.0791910526471011,0.0,1.0791910526471011,0.0,100.0
S8,low,2035,R::RC15,河南,N088,洛阳市,4.704089469209282,4.704089469209282,0.0,4.704089469209282,0.0,100.0
S8,low,2035,R::RC16,浙江,N043,宁波市,7.261754502044234,0.3422257846974352,0.0,0.3422257846974352,6.919528717346799,4.712714876289143
S8,low,2035,R::RC17,浙江,N043,舟山市,0.0621229712934319,0.0029276785097384,0.0,0.0029276785097384,0.0591952927836935,4.712714876289144
S8,low,2035,R::RC18,湖北,N078,武汉市,2.6598858488880834,2.6598858488880834,0.0,2.6598858488880834,0.0,100.0
S8,low,2035,R::RC19,湖南,N002,岳阳市,2.524672912525636,2.524672912525636,0.0,2.524672912525636,0.0,100.0
S8,low,2035,R::RC20,甘肃,N018,兰州市,2.582846647135224,2.582846647135224,0.0,2.582846647135224,0.0,100.00000000000001
S8,low,2035,R::RC21,甘肃,N033,庆阳市,3.8485047571429623,3.8485047571429623,0.0,3.8485047571429623,0.0,100.0
S8,low,2035,R::RC22,辽宁,N129,大连市,2.345440755647395,2.345440755647395,0.0,2.345440755647395,0.0,100.0
S8,low,2035,R::RC23,辽宁,N129,盘锦市,10.7289628234093,10.7289628234093,0.0,10.7289628234093,0.0,100.0
S8,low,2035,R::RC24,青海,N072,海西蒙古族藏族自治州,1.112956234839837,1.112956234839837,0.0,1.112956234839837,0.0,100.0
S8,low,2040,R::RC01,上海,N116,上海市,18.292218895739868,0.0,0.0,0.0,18.292218895739868,0.0
S8,low,2040,R::RC02,北京,N036,北京市,16.31177420385573,0.3095508120712292,16.0022,16.311750812071228,2.339178450228019e-05,99.99985659570682
S8,low,2040,R::RC03,四川,N057,成都市,35.25397388882393,17.432069693146076,17.8219,35.253969693146075,4.195677853147117e-06,99.99998809870947
S8,low,2040,R::RC04,天津,N028,天津市,4.420581436434888,2.511163247539179,0.0,2.511163247539179,1.9094181888957085,56.80617546917953
S8,low,2040,R::RC05,宁夏,N139,银川市,3.4740416371930656,3.4740416371930656,0.0,3.4740416371930656,0.0,100.0
S8,low,2040,R::RC06,山东,N091,东营市,5.744850374221092,5.744850374221092,0.0,5.744850374221092,0.0,99.99999999999999
S8,low,2040,R::RC07,山东,N089,济南市,3.799682923641608,3.799682923641608,0.0,3.799682923641608,0.0,100.0
S8,low,2040,R::RC08,广东,N026,广州市,13.123117963790545,2.6761001063760745,0.0,2.6761001063760745,10.447017857414467,20.392258255698074
S8,low,2040,R::RC09,广东,N056,惠州市,15.444938642747404,3.1495717754631603,0.0,3.1495717754631603,12.295366867284244,20.392258255698078
S8,low,2040,R::RC10,广东,N117,茂名市,15.93772868617984,3.2500627937782696,0.0,3.2500627937782696,12.68766589240157,20.39225825569808
S8,low,2040,R::RC11,新疆,N102,乌鲁木齐市,9.440636291090636,9.440636291090636,0.0,9.440636291090636,0.0,100.0
S8,low,2040,R::RC12,江苏,N007,连云港市,1.104772198098229,0.9911416089287508,0.1136,1.1047416089287507,3.0589169478290046e-05,99.99723117856053
S8,low,2040,R::RC13,江西,N010,九江市,1.6812817921453822,1.6812817921453822,0.0,1.6812817921453822,0.0,100.0
S8,low,2040,R::RC14,河北,N084,沧州市,1.8563533285703009,1.8563533285703009,0.0,1.8563533285703009,0.0,100.0
S8,low,2040,R::RC15,河南,N088,洛阳市,8.091664698886905,8.091664698886905,0.0,8.091664698886905,0.0,100.0
S8,low,2040,R::RC16,浙江,N043,宁波市,12.49119153468214,0.4972784069723535,0.0,0.4972784069723535,11.993913127709789,3.9810325987848816
S8,low,2040,R::RC17,浙江,N043,舟山市,0.1068598412286414,0.0042541251143219,0.0,0.0042541251143219,0.1026057161143194,3.981032598784806
S8,low,2040,R::RC18,湖北,N078,武汉市,4.575360347075702,4.575360347075702,0.0,4.575360347075702,0.0,100.0
S8,low,2040,R::RC19,湖南,N002,岳阳市,4.342775964665822,4.342775964665822,0.0,4.342775964665822,0.0,100.0
S8,low,2040,R::RC20,甘肃,N018,兰州市,4.4428425892111125,4.4428425892111125,0.0,4.4428425892111125,0.0,100.0
S8,low,2040,R::RC21,甘肃,N033,庆阳市,6.61994426141443,6.61994426141443,0.0,6.61994426141443,0.0,100.0
S8,low,2040,R::RC22,辽宁,N129,大连市,4.034472620052608,4.034472620052608,0.0,4.034472620052608,0.0,100.0
S8,low,2040,R::RC23,辽宁,N129,盘锦市,18.45525479523754,18.45525479523754,0.0,18.45525479523754,0.0,100.0
S8,low,2040,R::RC24,青海,N072,海西蒙古族藏族自治州,1.914433969805717,1.914433969805717,0.0,1.914433969805717,0.0,100.0
S8,low,2045,R::RC01,上海,N116,上海市,27.4217207424536,0.0,0.0,0.0,27.4217207424536,0.0
S8,low,2045,R::RC02,北京,N036,北京市,24.45285176071573,0.3827996498034428,24.07,24.45279964980344,5.2110912289293765e-05,99.9997868922905
S8,low,2045,R::RC03,四川,N057,成都市,52.84895356605557,20.74529342153664,32.1036,52.84889342153664,6.014451893321393e-05,99.99988619544027
S8,low,2045,R::RC04,天津,N028,天津市,6.62685868565804,2.925793346129605,0.0,2.925793346129605,3.701065339528435,44.150531721185736
S8,low,2045,R::RC05,宁夏,N139,银川市,5.207908355226982,5.207908355226982,0.0,5.207908355226982,0.0,100.0
S8,low,2045,R::RC06,山东,N091,东营市,8.612059781646247,8.612059781646247,0.0,8.612059781646247,0.0,100.0
S8,low,2045,R::RC07,山东,N089,济南市,5.696074633473573,5.696074633473573,0.0,5.696074633473573,0.0,100.0
S8,low,2045,R::RC08,广东,N026,广州市,19.67276239828669,3.3015127900439114,0.0,3.3015127900439114,16.371249608242778,16.78215150065271
S8,low,2045,R::RC09,广东,N056,惠州市,23.153385423590468,3.8856362193169938,0.0,3.8856362193169938,19.267749204273475,16.782151500652713
S8,low,2045,R::RC10,广东,N117,茂名市,23.89212308208268,4.009612292357531,0.0,4.009612292357531,19.88251078972515,16.78215150065271
S8,low,2045,R::RC11,新疆,N102,乌鲁木齐市,14.152383233597284,14.152383233597282,0.0,14.152383233597282,1.7763568394002505e-15,99.99999999999999
S8,low,2045,R::RC12,江苏,N007,连云港市,1.656155268693603,1.2215412031088686,0.4346,1.6561412031088687,1.4065584734268556e-05,99.99915070857183
S8,low,2045,R::RC13,江西,N010,九江市,2.5203962436902505,2.5203962436902505,0.0,2.5203962436902505,0.0,100.0
S8,low,2045,R::RC14,河北,N084,沧州市,2.782844599964539,2.782844599964539,0.0,2.782844599964539,0.0,100.00000000000001
S8,low,2045,R::RC15,河南,N088,洛阳市,12.130150583651863,12.130150583651863,0.0,12.130150583651863,0.0,100.0
S8,low,2045,R::RC16,浙江,N043,宁波市,18.725446483932405,0.6240245127296984,0.0,0.6240245127296984,18.101421971202708,3.33249470588138
S8,low,2045,R::RC17,浙江,N043,舟山市,0.1601927432345114,0.0053384146874962,0.0,0.0053384146874962,0.1548543285470151,3.3324947058813517
S8,low,2045,R::RC18,湖北,N078,武汉市,6.8588865270372,6.858886527037199,0.0,6.858886527037199,8.881784197001252e-16,99.99999999999999
S8,low,2045,R::RC19,湖南,N002,岳阳市,6.510221117998983,6.510221117998983,0.0,6.510221117998983,0.0,100.00000000000001
S8,low,2045,R::RC20,甘肃,N018,兰州市,6.660230203805404,6.660230203805404,0.0,6.660230203805404,0.0,100.0
S8,low,2045,R::RC21,甘肃,N033,庆阳市,9.923906110121605,9.923906110121605,0.0,9.923906110121605,0.0,100.0
S8,low,2045,R::RC22,辽宁,N129,大连市,6.048046011297361,6.048046011297361,0.0,6.048046011297361,0.0,100.0
S8,low,2045,R::RC23,辽宁,N129,盘锦市,27.66612657055469,27.66612657055469,0.0,27.66612657055469,0.0,100.0
S8,low,2045,R::RC24,青海,N072,海西蒙古族藏族自治州,2.869912830099875,2.869912830099875,0.0,2.869912830099875,0.0,100.00000000000001
S8,low,2050,R::RC01,上海,N116,上海市,37.76450111174546,0.0,0.0,0.0,37.76450111174546,0.0
S8,low,2050,R::RC02,北京,N036,北京市,33.67584974611878,0.4212090308866346,33.2546,33.67580903088664,4.071523213866613e-05,99.99987909664509
S8,low,2050,R::RC03,四川,N057,成都市,72.7822438440204,22.22058612243082,50.561600000000006,72.78218612243083,5.772158957029205e-05,99.99992069275895
S8,low,2050,R::RC04,天津,N028,天津市,9.126342382098109,3.085234487904136,0.0,3.085234487904136,6.041107894193972,33.80581572258363
S8,low,2050,R::RC05,宁夏,N139,银川市,7.172199830857155,7.172199830857155,0.0,7.172199830857155,0.0,100.0
S8,low,2050,R::RC06,山东,N091,东营市,11.860311183713762,11.860311183713762,0.0,11.860311183713762,0.0,100.0
S8,low,2050,R::RC07,山东,N089,济南市,7.84449009778482,7.84449009778482,0.0,7.84449009778482,0.0,100.0
S8,low,2050,R::RC08,广东,N026,广州市,27.092831425090463,3.62693116708747,0.0,3.62693116708747,23.465900258003,13.387051025344647
S8,low,2050,R::RC09,广东,N056,惠州市,31.88625753219662,4.268629565907963,0.0,4.268629565907963,27.61762796628866,13.387051025344649
S8,low,2050,R::RC10,广东,N117,茂名市,32.903628374363585,4.404825519665833,0.0,4.404825519665833,28.49880285469775,13.387051025344649
S8,low,2050,R::RC11,新疆,N102,乌鲁木齐市,19.49030468870609,19.49030468870609,0.0,19.49030468870609,0.0,100.0
S8,low,2050,R::RC12,江苏,N007,连云港市,2.2808152002282576,1.3410209502844783,0.9397,2.2807209502844783,9.424994377926764e-05,99.99586770801203
S8,low,2050,R::RC13,江西,N010,九江市,3.4710260395702304,3.1278104747427444,0.0,3.1278104747427444,0.3432155648274859,90.11198530593617
S8,low,2050,R::RC14,河北,N084,沧州市,3.8324632861742263,3.832463286174227,0.0,3.8324632861742263,0.0,100.0
S8,low,2050,R::RC15,河南,N088,洛阳市,16.705336966427456,16.705336966427456,0.0,16.705336966427456,0.0,100.0
S8,low,2050,R::RC16,浙江,N043,宁波市,25.788211877805068,0.6934161021778724,0.0,0.6934161021778724,25.0947957756272,2.688887874287512
S8,low,2050,R::RC17,浙江,N043,舟山市,0.220613399384796,0.0059320469451112,0.0,0.0059320469451112,0.2146813524396847,2.688887874287485
S8,low,2050,R::RC18,湖北,N078,武汉市,9.445885264035253,9.445885264035253,0.0,9.445885264035253,0.0,100.0
S8,low,2050,R::RC19,湖南,N002,岳阳市,8.965712070276998,8.965712070276998,0.0,8.965712070276998,0.0,100.0
S8,low,2050,R::RC20,甘肃,N018,兰州市,9.17230079389922,9.17230079389922,0.0,9.17230079389922,0.0,100.0
S8,low,2050,R::RC21,甘肃,N033,庆阳市,13.666952808994717,13.666952808994717,0.0,13.666952808994717,0.0,100.0
S8,low,2050,R::RC22,辽宁,N129,大连市,8.329216188243128,8.329216188243128,0.0,8.329216188243128,0.0,100.0
S8,low,2050,R::RC23,辽宁,N129,盘锦市,38.10109064431813,38.10109064431813,0.0,38.10109064431813,0.0,100.0
S8,low,2050,R::RC24,青海,N072,海西蒙古族藏族自治州,3.9523714533029617,3.952371453302961,0.0,3.952371453302961,4.440892098500626e-16,99.99999999999997
S8,low,2055,R::RC01,上海,N116,上海市,49.04762641571187,0.0,0.0,0.0,49.04762641571187,0.0
S8,low,2055,R::RC02,北京,N036,北京市,43.73738428827182,0.4488570022788338,43.2885,43.737357002278834,2.728599298507106e-05,99.99993761402646
S8,low,2055,R::RC03,四川,N057,成都市,94.52782906348216,23.211901839059763,71.3159,94.52780183905976,2.722442241065437e-05,99.99997119956878
S8,low,2055,R::RC04,天津,N028,天津市,11.853074144273714,3.184376713020117,0.0,3.184376713020117,8.668697431253598,26.865407861795138
S8,low,2055,R::RC05,宁夏,N139,银川市,9.315080764387584,9.315080764387584,0.0,9.315080764387584,0.0,100.0
S8,low,2055,R::RC06,山东,N091,东营市,15.403887115880798,15.403887115880796,0.0,15.403887115880796,1.7763568394002505e-15,99.99999999999999
S8,low,2055,R::RC07,山东,N089,济南市,10.188235205316545,10.188235205316545,0.0,10.188235205316545,0.0,100.0
S8,low,2055,R::RC08,广东,N026,广州市,35.18751830852076,3.860493452610656,0.0,3.860493452610656,31.327024855910103,10.971201261658246
S8,low,2055,R::RC09,广东,N056,惠州市,41.41310493170907,4.543515090759519,0.0,4.543515090759519,36.86958984094955,10.971201261658246
S8,low,2055,R::RC10,广东,N117,茂名市,42.73444173012698,4.688481610258299,0.0,4.688481610258299,38.04596011986868,10.971201261658246
S8,low,2055,R::RC11,新疆,N102,乌鲁木齐市,25.313539301668005,25.313539301668005,0.0,25.313539301668005,0.0,100.0
S8,low,2055,R::RC12,江苏,N007,连云港市,2.962267965173236,1.4266655599388465,1.5356,2.9622655599388468,2.4052343894354067e-06,99.99991880429396
S8,low,2055,R::RC13,江西,N010,九江市,4.5080851979029335,3.314492491338131,0.0,3.314492491338131,1.1935927065648024,73.52328862107494
S8,low,2055,R::RC14,河北,N084,沧州市,4.9775112070457554,4.977511207045755,0.0,4.977511207045755,8.881784197001252e-16,99.99999999999999
S8,low,2055,R::RC15,河南,N088,洛阳市,21.696490157606767,21.696490157606767,0.0,21.696490157606767,0.0,100.0
S8,low,2055,R::RC16,浙江,N043,宁波市,33.49310979560152,0.7441555199519295,0.0,0.7441555199519295,32.74895427564959,2.2218167393033648
S8,low,2055,R::RC17,浙江,N043,舟山市,0.2865273809207112,0.0063661133119838,0.0,0.0063661133119838,0.2801612676087273,2.221816739303338
S8,low,2055,R::RC18,湖北,N078,武汉市,12.268088759472176,10.80892124425094,1.4591,12.26802124425094,6.751522123593645e-05,99.99944966797551
S8,low,2055,R::RC19,湖南,N002,岳阳市,11.64445135585322,11.64445135585322,0.0,11.64445135585322,0.0,100.0
S8,low,2055,R::RC20,甘肃,N018,兰州市,11.912763824961148,11.912763824961148,0.0,11.912763824961148,0.0,100.0
S8,low,2055,R::RC21,甘肃,N033,庆阳市,17.750309838152507,17.750309838152507,0.0,17.750309838152507,0.0,100.0
S8,low,2055,R::RC22,辽宁,N129,大连市,10.81778580174567,10.81778580174567,0.0,10.81778580174567,0.0,100.0
S8,low,2055,R::RC23,辽宁,N129,盘锦市,49.48478081105827,49.48478081105827,0.0,49.48478081105827,0.0,100.0
S8,low,2055,R::RC24,青海,N072,海西蒙古族藏族自治州,5.133245052651723,5.133245052651723,0.0,5.133245052651723,0.0,99.99999999999999
S8,low,2060,R::RC01,上海,N116,上海市,61.021535389130094,0.0,0.0,0.0,61.021535389130094,0.0
S8,low,2060,R::RC02,北京,N036,北京市,54.41491338548854,0.465914380006872,19.6257,20.09161438000687,34.32329900548167,36.922992484933246
S8,low,2060,R::RC03,四川,N057,成都市,117.6047382510467,23.72692274577682,93.8778,117.6047227457768,1.5505269885807138e-05,99.99998681577789
S8,low,2060,R::RC04,天津,N028,天津市,14.746743853298524,3.2241771471387914,0.0,3.2241771471387914,11.522566706159733,21.86365464276789
S8,low,2060,R::RC05,宁夏,N139,银川市,11.58915470646699,11.58915470646699,0.0,11.58915470646699,0.0,100.0
S8,low,2060,R::RC06,山东,N091,东营市,19.16441042029256,19.16441042029256,0.0,19.16441042029256,0.0,100.0
S8,low,2060,R::RC07,山东,N089,济南市,12.67547077333898,12.67547077333898,0.0,12.67547077333898,0.0,100.0
S8,low,2060,R::RC08,广东,N026,广州市,43.77778397511264,4.003657679812197,0.0,4.003657679812197,39.77412629530044,9.145409649077369
S8,low,2060,R::RC09,广东,N056,惠州市,51.523211882777616,4.712008791042122,0.0,4.712008791042122,46.81120309173549,9.145409649077369
S8,low,2060,R::RC10,广东,N117,茂名市,53.1671242613752,4.862351312336762,0.0,4.862351312336762,48.30477294903844,9.145409649077369
S8,low,2060,R::RC11,新疆,N102,乌鲁木齐市,31.493288201731435,31.493288201731435,0.0,31.493288201731435,0.0,100.0
S8,low,2060,R::RC12,江苏,N007,连云港市,3.685441124853289,1.47901209774691,2.2064,3.6854120977469096,2.902710637942008e-05,99.9992123844773
S8,low,2060,R::RC13,江西,N010,九江市,5.608635943143728,3.425815985474117,0.0,3.425815985474117,2.1828199576696106,61.08109030792064
S8,low,2060,R::RC14,河北,N084,沧州市,6.192662081059154,6.192662081059154,0.0,6.192662081059154,0.0,100.0
S8,low,2060,R::RC15,河南,N088,洛阳市,26.99321534442695,26.89336741911106,0.0,26.89336741911106,0.0998479253158919,99.6300999193988
S8,low,2060,R::RC16,浙江,N043,宁波市,41.6697225541909,0.7765388322689187,0.0,0.7765388322689187,40.89318372192198,1.86355652178639
S8,low,2060,R::RC17,浙江,N043,舟山市,0.356476795974107,0.0066431465800306,0.0,0.0066431465800306,0.3498336493940763,1.8635565217863805
S8,low,2060,R::RC18,湖北,N078,武汉市,15.263075241359877,10.903381625779272,4.3596,15.262981625779272,9.361558060483333e-05,99.99938665321945
S8,low,2060,R::RC19,湖南,N002,岳阳市,14.4871903581165,14.4871903581165,0.0,14.4871903581165,0.0,100.0
S8,low,2060,R::RC20,甘肃,N018,兰州市,14.821005468561264,14.821005468561262,0.0,14.821005468561262,1.7763568394002505e-15,99.99999999999999
S8,low,2060,R::RC21,甘肃,N033,庆阳市,22.08366110882527,22.08366110882527,0.0,22.08366110882527,0.0,100.0
S8,low,2060,R::RC22,辽宁,N129,大连市,13.45871242653632,13.45871242653632,0.0,13.45871242653632,0.0,100.0
S8,low,2060,R::RC23,辽宁,N129,盘锦市,61.56541150211564,61.56541150211564,0.0,61.56541150211564,0.0,100.0
S8,low,2060,R::RC24,青海,N072,海西蒙古族藏族自治州,6.386414950777751,6.386414950777751,0.0,6.386414950777751,0.0,100.0
S8,mid,2025,R::RC01,上海,N116,上海市,1.530415772103938,0.0,1.5304,1.5304,1.577210393799433e-05,99.99896942358896
S8,mid,2025,R::RC02,北京,N036,北京市,1.364722161639606,0.0830181645548752,1.2817,1.3647181645548754,3.997084730755773e-06,99.99970711366439
S8,mid,2025,R::RC03,四川,N057,成都市,2.949518479759821,2.949518479759821,0.0,2.949518479759821,0.0,100.0
S8,mid,2025,R::RC04,天津,N028,天津市,0.3698472881146983,0.3698472881146983,0.0,0.3698472881146983,0.0,100.0
S8,mid,2025,R::RC05,宁夏,N139,银川市,0.2906551766524226,0.2906551766524226,0.0,0.2906551766524226,0.0,100.0
S8,mid,2025,R::RC06,山东,N091,东营市,0.4806420517487229,0.4806420517487229,0.0,0.4806420517487229,5.551115123125783e-17,100.0
S8,mid,2025,R::RC07,山东,N089,济南市,0.3178999064290345,0.3178999064290345,0.0,0.3178999064290345,0.0,100.0
S8,mid,2025,R::RC08,广东,N026,广州市,1.0979437117736954,0.7183983162078249,0.0,0.7183983162078249,0.3795453955658705,65.43125193979878
S8,mid,2025,R::RC09,广东,N056,惠州市,1.2921984934011013,0.8455016517795588,0.0,0.8455016517795588,0.4466968416215424,65.43125193979878
S8,mid,2025,R::RC10,广东,N117,茂名市,1.333427699059712,0.8724784372068222,0.0,0.8724784372068222,0.4609492618528898,65.43125193979878
S8,mid,2025,R::RC11,新疆,N102,乌鲁木齐市,0.7898494305656268,0.7898494305656268,0.0,0.7898494305656268,0.0,100.0
S8,mid,2025,R::RC12,江苏,N007,连云港市,0.0924306015682565,0.0924306015682565,0.0,0.0924306015682565,0.0,99.99999999999999
S8,mid,2025,R::RC13,江西,N010,九江市,0.1406641909719173,0.1406641909719173,0.0,0.1406641909719173,0.0,100.0
S8,mid,2025,R::RC14,河北,N084,沧州市,0.155311525016972,0.155311525016972,0.0,0.155311525016972,0.0,100.0
S8,mid,2025,R::RC15,河南,N088,洛阳市,0.6769879230254149,0.6769879230254149,0.0,0.6769879230254149,0.0,100.0
S8,mid,2025,R::RC16,浙江,N043,宁波市,1.0450736811104362,0.1325565527179799,0.0,0.1325565527179799,0.9125171283924562,12.683943258156956
S8,mid,2025,R::RC17,浙江,N043,舟山市,0.0089404127160824,0.0011339968759529,0.0,0.0011339968759529,0.0078064158401294,12.6839432581565
S8,mid,2025,R::RC18,湖北,N078,武汉市,0.3827968426429867,0.3827968426429867,0.0,0.3827968426429867,0.0,99.99999999999999
S8,mid,2025,R::RC19,湖南,N002,岳阳市,0.3633377048962788,0.3633377048962788,0.0,0.3633377048962788,0.0,100.0
S8,mid,2025,R::RC20,甘肃,N018,兰州市,0.3717097641493518,0.3717097641493518,0.0,0.3717097641493518,0.0,100.0
S8,mid,2025,R::RC21,甘肃,N033,庆阳市,0.5538566516103248,0.5538566516103248,0.0,0.5538566516103248,0.0,100.0
S8,mid,2025,R::RC22,辽宁,N129,大连市,0.3375435514435042,0.3375435514435042,0.0,0.3375435514435042,0.0,100.00000000000001
S8,mid,2025,R::RC23,辽宁,N129,盘锦市,1.5440561463763285,1.5440561463763285,0.0,1.5440561463763285,0.0,100.0
S8,mid,2025,R::RC24,青海,N072,海西蒙古族藏族自治州,0.1601708332237688,0.1601708332237688,0.0,0.1601708332237688,0.0,100.0
S8,mid,2030,R::RC01,上海,N116,上海市,15.737703265544742,0.0,0.0,0.0,15.737703265544742,0.0
S8,mid,2030,R::RC02,北京,N036,北京市,14.033828461053172,0.1408079676638869,12.8513,12.992107967663888,1.0417204933892847,92.57707548385476
S8,mid,2030,R::RC03,四川,N057,成都市,30.330742440589663,8.384251265611276,21.9464,30.33065126561128,9.117497838673216e-05,99.99969939747251
S8,mid,2030,R::RC04,天津,N028,天津市,3.803245484012337,1.242889750941044,0.0,1.242889750941044,2.560355733071293,32.67971410643269
S8,mid,2030,R::RC05,宁夏,N139,银川市,2.988890343479586,2.988890343479586,0.0,2.988890343479586,0.0,100.0
S8,mid,2030,R::RC06,山东,N091,东营市,4.94257973894579,4.94257973894579,0.0,4.94257973894579,0.0,100.0
S8,mid,2030,R::RC07,山东,N089,济南市,3.269055695006785,3.269055695006785,0.0,3.269055695006785,0.0,100.0
S8,mid,2030,R::RC08,广东,N026,广州市,11.290469330704006,1.2216877372546968,0.0,1.2216877372546968,10.068781593449309,10.820522172026658
S8,mid,2030,R::RC09,广东,N056,惠州市,13.288046830158631,1.4378360534866004,0.0,1.4378360534866004,11.850210776672032,10.82052217202666
S8,mid,2030,R::RC10,广东,N117,茂名市,13.712018548404403,1.4837120072625063,0.0,1.4837120072625063,12.228306541141896,10.820522172026658
S8,mid,2030,R::RC11,新疆,N102,乌鲁木齐市,8.1222476854199,8.1222476854199,0.0,8.1222476854199,0.0,100.0
S8,mid,2030,R::RC12,江苏,N007,连云港市,0.9504903220758394,0.4531648575310782,0.4973,0.9504648575310785,2.546454476104465e-05,99.99732090436173
S8,mid,2030,R::RC13,江西,N010,九江市,1.446490122459093,1.0837221677443791,0.0,1.0837221677443791,0.3627679547147135,74.92081355536716
S8,mid,2030,R::RC14,河北,N084,沧州市,1.59711284932467,1.59711284932467,0.0,1.59711284932467,0.0,100.0
S8,mid,2030,R::RC15,河南,N088,洛阳市,6.961660511564464,6.961660511564465,0.0,6.961660511564464,0.0,100.0
S8,mid,2030,R::RC16,浙江,N043,宁波市,10.746791678274455,0.2211165308796078,0.0,0.2211165308796078,10.525675147394848,2.057512023114894
S8,mid,2030,R::RC17,浙江,N043,舟山市,0.0919368219812439,0.0018916111659338,0.0,0.0018916111659338,0.0900452108153101,2.0575120231148616
S8,mid,2030,R::RC18,湖北,N078,武汉市,3.936409458340061,3.936409458340061,0.0,3.936409458340061,0.0,100.0
S8,mid,2030,R::RC19,湖南,N002,岳阳市,3.7363055772620175,3.7363055772620175,0.0,3.7363055772620175,0.0,100.0
S8,mid,2030,R::RC20,甘肃,N018,兰州市,3.8223978579664215,3.8223978579664215,0.0,3.8223978579664215,0.0,100.0
S8,mid,2030,R::RC21,甘肃,N033,庆阳市,5.695466417409289,5.695466417409289,0.0,5.695466417409289,0.0,99.99999999999999
S8,mid,2030,R::RC22,辽宁,N129,大连市,3.471056917110255,3.471056917110255,0.0,3.471056917110255,0.0,100.0
S8,mid,2030,R::RC23,辽宁,N129,盘锦市,15.87797113695771,15.87797113695771,0.0,15.87797113695771,0.0,100.0
S8,mid,2030,R::RC24,青海,N072,海西蒙古族藏族自治州,1.6470825059554697,1.6470825059554697,0.0,1.6470825059554697,0.0,100.0
S8,mid,2035,R::RC01,上海,N116,上海市,32.94316026225716,0.0,0.0,0.0,32.94316026225716,0.0
S8,mid,2035,R::RC02,北京,N036,北京市,29.376501277519655,0.218249875459029,0.0,0.218249875459029,29.15825140206063,0.7429403297459543
S8,mid,2035,R::RC03,四川,N057,成都市,63.490236931913856,13.040248106485407,50.44989999999999,63.4901481064854,8.882542845611852e-05,99.99986009592538
S8,mid,2035,R::RC04,天津,N028,天津市,7.961195060198476,1.93637018875404,0.0,1.93637018875404,6.024824871444436,24.322607022089038
S8,mid,2035,R::RC05,宁夏,N139,银川市,6.25653514557816,6.256535145578161,0.0,6.25653514557816,0.0,99.99999999999999
S8,mid,2035,R::RC06,山东,N091,东营市,10.34612190239694,9.923293192179877,0.0,9.923293192179877,0.4228287102170647,95.91316713444964
S8,mid,2035,R::RC07,山东,N089,济南市,6.8429950577750525,6.563333286765913,0.2796,6.842933286765914,6.177100913884459e-05,99.99909731033536
S8,mid,2035,R::RC08,广东,N026,广州市,23.633927665404293,1.894026809819904,0.0,1.894026809819904,21.739900855584388,8.014016276238374
S8,mid,2035,R::RC09,广东,N056,惠州市,27.815383789620704,2.229129384198373,0.0,2.229129384198373,25.58625440542233,8.014016276238372
S8,mid,2035,R::RC10,广东,N117,茂名市,28.702868324382106,2.3002525392632505,0.0,2.3002525392632505,26.40261578511885,8.014016276238372
S8,mid,2035,R::RC11,新疆,N102,乌鲁木齐市,17.00200484630712,17.00200484630712,0.0,17.00200484630712,0.0,100.0
S8,mid,2035,R::RC12,江苏,N007,连云港市,1.9896267250394728,0.7026257416585912,1.287,1.9896257416585912,9.833808813919376e-07,99.9999505746043
S8,mid,2035,R::RC13,江西,N010,九江市,3.027885017140236,1.681536486096143,0.0,1.681536486096143,1.3463485310440928,55.53501789458021
S8,mid,2035,R::RC14,河北,N084,沧州市,3.343178077795052,3.343178077795052,0.0,3.343178077795052,0.0,99.99999999999999
S8,mid,2035,R::RC15,河南,N088,洛阳市,14.572590044063013,12.271956167087804,0.0,12.271956167087804,2.30063387697521,84.2125945352281
S8,mid,2035,R::RC16,浙江,N043,宁波市,22.49586706451556,0.3422257846974353,0.0,0.3422257846974353,22.153641279818125,1.5212829259524476
S8,mid,2035,R::RC17,浙江,N043,舟山市,0.1924479963452844,0.0029276785097384,0.0,0.0029276785097384,0.189520317835546,1.5212829259524467
S8,mid,2035,R::RC18,湖北,N078,武汉市,8.2399423509192,6.766892652500048,1.4730000000000003,8.239892652500048,4.969841915247741e-05,99.99939685962552
S8,mid,2035,R::RC19,湖南,N002,岳阳市,7.821072194821779,7.82107219482178,0.0,7.821072194821779,0.0,100.0
S8,mid,2035,R::RC20,甘肃,N018,兰州市,8.001286026073618,8.001286026073618,0.0,8.001286026073618,0.0,100.0
S8,mid,2035,R::RC21,甘肃,N033,庆阳市,11.922112127237606,11.922112127237606,0.0,11.922112127237606,0.0,100.0
S8,mid,2035,R::RC22,辽宁,N129,大连市,7.26583684864142,7.26583684864142,0.0,7.26583684864142,0.0,100.0
S8,mid,2035,R::RC23,辽宁,N129,盘锦市,33.236777881654,33.236777881654,0.0,33.236777881654,0.0,100.0
S8,mid,2035,R::RC24,青海,N072,海西蒙古族藏族自治州,3.447777737533357,3.447777737533357,0.0,3.447777737533357,0.0,100.0
S8,mid,2040,R::RC01,上海,N116,上海市,53.43998794825387,0.0,0.0,0.0,53.43998794825387,0.0
S8,mid,2040,R::RC02,北京,N036,北京市,47.65419776775696,0.3095508120712292,0.0,0.3095508120712292,47.34464695568573,0.6495772178976279
S8,mid,2040,R::RC03,四川,N057,成都市,102.99307866830588,17.43206969314608,85.561,102.99306969314608,8.975159786928089e-06,99.99999128566704
S8,mid,2040,R::RC04,天津,N028,天津市,12.914552358783157,2.5111632475391787,0.0,2.5111632475391787,10.403389111243978,19.44444668135433
S8,mid,2040,R::RC05,宁夏,N139,银川市,10.14927408651155,10.14927408651155,0.0,10.14927408651155,0.0,100.0
S8,mid,2040,R::RC06,山东,N091,东营市,16.783351244194666,13.570366515158993,0.0,13.570366515158993,3.212984729035675,80.85611936324672
S8,mid,2040,R::RC07,山东,N089,济南市,11.100622117193431,8.975532269140885,2.125,11.100532269140883,8.984805254641515e-05,99.99919060344907
S8,mid,2040,R::RC08,广东,N026,广州市,38.33866573681819,2.6761001063760745,0.0,2.6761001063760745,35.66256563044212,6.980159728944624
S8,mid,2040,R::RC09,广东,N056,惠州市,45.12177224831737,3.1495717754631607,0.0,3.1495717754631607,41.97220047285421,6.980159728944625
S8,mid,2040,R::RC10,广东,N117,茂名市,46.56143870606908,3.2500627937782696,0.0,3.2500627937782696,43.31137591229081,6.980159728944625
S8,mid,2040,R::RC11,新疆,N102,乌鲁木齐市,27.580442399868076,27.580442399868076,0.0,27.580442399868076,0.0,100.0
S8,mid,2040,R::RC12,江苏,N007,连云港市,3.22754791468656,0.9911416089287508,2.2364,3.227541608928751,6.305757808799939e-06,99.99980462698073
S8,mid,2040,R::RC13,江西,N010,九江市,4.911797700539917,2.3425879327372394,0.0,2.3425879327372394,2.5692097678026773,47.69308663668572
S8,mid,2040,R::RC14,河北,N084,沧州市,5.423262211759429,5.42326221175943,0.0,5.423262211759429,0.0,100.0
S8,mid,2040,R::RC15,河南,N088,洛阳市,23.63947569480129,17.585602130098195,0.0,17.585602130098195,6.053873564703096,74.3908298015491
S8,mid,2040,R::RC16,浙江,N043,宁波市,36.49251787754449,0.4972784069723534,0.0,0.4972784069723534,35.99523947057214,1.3626859309654582
S8,mid,2040,R::RC17,浙江,N043,舟山市,0.3121867642170451,0.0042541251143219,0.0,0.0042541251143219,0.3079326391027231,1.3626859309654322
S8,mid,2040,R::RC18,湖北,N078,武汉市,13.366732773113064,8.68145288811445,4.6852,13.36665288811445,7.98849986143324e-05,99.99940235957455
S8,mid,2040,R::RC19,湖南,N002,岳阳市,12.687246776155597,11.26262152542991,0.0,11.26262152542991,1.4246252507256862,88.77120248497786
S8,mid,2040,R::RC20,甘肃,N018,兰州市,12.97958742876872,12.97958742876872,0.0,12.97958742876872,0.0,100.0
S8,mid,2040,R::RC21,甘肃,N033,庆阳市,19.33990313392161,19.33990313392161,0.0,19.33990313392161,0.0,100.0
S8,mid,2040,R::RC22,辽宁,N129,大连市,11.78655085104978,11.78655085104978,0.0,11.78655085104978,0.0,100.0
S8,mid,2040,R::RC23,辽宁,N129,盘锦市,53.9162908262124,53.9162908262124,0.0,53.9162908262124,0.0,100.00000000000001
S8,mid,2040,R::RC24,青海,N072,海西蒙古族藏族自治州,5.592942488675991,5.592942488675991,0.0,5.592942488675991,0.0,100.0
S8,mid,2045,R::RC01,上海,N116,上海市,76.71979190372367,0.0,0.0,0.0,76.71979190372367,0.0
S8,mid,2045,R::RC02,北京,N036,北京市,68.41356587919415,0.3827996498034427,0.0,0.3827996498034427,68.03076622939071,0.5595376368473425
S8,mid,2045,R::RC03,四川,N057,成都市,147.85945630465753,20.74529342153664,127.1141,147.85939342153662,6.288312090418913e-05,99.99995747101845
S8,mid,2045,R::RC04,天津,N028,天津市,18.54045645472421,2.925793346129605,0.0,2.925793346129605,15.614663108594604,15.780589616412042
S8,mid,2045,R::RC05,宁夏,N139,银川市,14.570553358750589,14.570553358750589,0.0,14.570553358750589,0.0,100.00000000000001
S8,mid,2045,R::RC06,山东,N091,东营市,24.094601521028014,16.396654627866795,0.0,16.396654627866795,7.697946893161223,68.05115500066265
S8,mid,2045,R::RC07,山东,N089,济南市,15.936332539176396,10.844858357655967,5.0914,15.936258357655968,7.41815204285956e-05,99.99953451322476
S8,mid,2045,R::RC08,广东,N026,广州市,55.0399536025947,3.301512790043912,0.0,3.301512790043912,51.73844081255079,5.998393119808647
S8,mid,2045,R::RC09,广东,N056,惠州市,64.77795205661593,3.885636219316994,0.0,3.885636219316994,60.89231583729894,5.9983931198086475
S8,mid,2045,R::RC10,广东,N117,茂名市,66.84477346302106,4.009612292357532,0.0,4.009612292357532,62.835161170663525,5.9983931198086475
S8,mid,2045,R::RC11,新疆,N102,乌鲁木齐市,39.595177371286326,39.595177371286326,0.0,39.595177371286326,0.0,100.0
S8,mid,2045,R::RC12,江苏,N007,连云港市,4.633549030995636,1.2215412031088684,0.0,1.2215412031088684,3.412007827886767,26.36297134092027
S8,mid,2045,R::RC13,江西,N010,九江市,7.051500419938319,2.8645544756482963,0.0,2.8645544756482963,4.186945944290022,40.623332695956265
S8,mid,2045,R::RC14,河北,N084,沧州市,7.785771746962128,7.785771746962127,0.0,7.785771746962127,8.881784197001252e-16,99.99999999999999
S8,mid,2045,R::RC15,河南,N088,洛阳市,33.937426366458375,21.88419795521876,0.0,21.88419795521876,12.05322841123962,64.48396445538289
S8,mid,2045,R::RC16,浙江,N043,宁波市,52.38957726410956,0.6240245127296984,0.0,0.6240245127296984,51.76555275137986,1.191123397663294
S8,mid,2045,R::RC17,浙江,N043,舟山市,0.4481831771560333,0.0053384146874962,0.0,0.0053384146874962,0.4428447624685371,1.1911233976632842
S8,mid,2045,R::RC18,湖北,N078,武汉市,19.18961803993867,10.036303226913285,9.1533,19.189603226913285,1.4813025384086131e-05,99.99992280708582
S8,mid,2045,R::RC19,湖南,N002,岳阳市,18.21413083850912,13.94344847266126,0.0,13.94344847266126,4.270682365847861,76.5529170526293
S8,mid,2045,R::RC20,甘肃,N018,兰州市,18.633822438275104,18.633822438275104,0.0,18.633822438275104,0.0,100.0
S8,mid,2045,R::RC21,甘肃,N033,庆阳市,27.764851768105984,27.764851768105984,0.0,27.764851768105984,0.0,99.99999999999999
S8,mid,2045,R::RC22,辽宁,N129,大连市,16.921069095876224,16.690435951828945,0.0,16.690435951828945,0.2306331440472782,98.63700607366773
S8,mid,2045,R::RC23,辽宁,N129,盘锦市,77.40358430494028,76.34857815210049,0.0,76.34857815210049,1.0550061528397947,98.63700607366776
S8,mid,2045,R::RC24,青海,N072,海西蒙古族藏族自治州,8.0293690237394,8.0293690237394,0.0,8.0293690237394,0.0,100.0
S8,mid,2050,R::RC01,上海,N116,上海市,102.18390445188513,0.0,0.0,0.0,102.18390445188513,0.0
S8,mid,2050,R::RC02,北京,N036,北京市,91.12075392207912,0.4212090308866346,0.0,0.4212090308866346,90.69954489119247,0.4622536719206985
S8,mid,2050,R::RC03,四川,N057,成都市,196.9355779054125,22.22058612243082,174.7149,196.93548612243083,9.17829816273752e-05,99.99995339441323
S8,mid,2050,R::RC04,天津,N028,天津市,24.694230574052455,3.0852344879041365,0.0,3.0852344879041365,21.608996086148323,12.493746175456694
S8,mid,2050,R::RC05,宁夏,N139,银川市,19.40667453960338,19.40667453960338,0.0,19.40667453960338,0.0,100.0
S8,mid,2050,R::RC06,山东,N091,东营市,32.0918552897101,17.754421522807228,0.0,17.754421522807228,14.337433766902867,55.32376162901367
S8,mid,2050,R::RC07,山东,N089,济南市,21.225770314134945,11.742894572513965,9.4828,21.22569457251396,7.574162098222814e-05,99.99964316196836
S8,mid,2050,R::RC08,广东,N026,广州市,73.30829790338301,3.626931167087471,0.0,3.626931167087471,69.68136673629553,4.94750426734447
S8,mid,2050,R::RC09,广东,N056,惠州市,86.2784413160115,4.268629565907962,0.0,4.268629565907962,82.00981175010354,4.947504267344469
S8,mid,2050,R::RC10,广东,N117,茂名市,89.03126266589528,4.404825519665833,0.0,4.404825519665833,84.62643714622945,4.94750426734447
S8,mid,2050,R::RC11,新疆,N102,乌鲁木齐市,52.73723664866444,52.73723664866444,0.0,52.73723664866444,0.0,100.0
S8,mid,2050,R::RC12,江苏,N007,连云港市,6.171473093286666,1.3410209502844783,0.0,1.3410209502844783,4.830452143002187,21.729349379214533
S8,mid,2050,R::RC13,江西,N010,九江市,9.391968190654492,3.1278104747427444,0.0,3.1278104747427444,6.2641577159117485,33.30303522381051
S8,mid,2050,R::RC14,河北,N084,沧州市,10.369951958083329,10.369951958083329,0.0,10.369951958083329,0.0,100.00000000000001
S8,mid,2050,R::RC15,河南,N088,洛阳市,45.20161808474291,24.18258035174193,0.0,24.18258035174193,21.019037733000985,53.49936877570402
S8,mid,2050,R::RC16,浙江,N043,宁波市,69.77823355084716,0.6934161021778724,0.0,0.6934161021778724,69.08481744866928,0.9937427001108912
S8,mid,2050,R::RC17,浙江,N043,舟山市,0.5969399266479448,0.0059320469451112,0.0,0.0059320469451112,0.5910078797028335,0.9937427001108812
S8,mid,2050,R::RC18,湖北,N078,武汉市,25.55885577377447,10.520935569859384,15.0379,25.558835569859383,2.020391508850139e-05,99.99992095141009
S8,mid,2050,R::RC19,湖南,N002,岳阳市,24.25959402512424,15.354277297670082,0.0,15.354277297670082,8.905316727454158,63.291567376471995
S8,mid,2050,R::RC20,甘肃,N018,兰州市,24.81858571769249,24.81858571769249,0.0,24.81858571769249,0.0,100.0
S8,mid,2050,R::RC21,甘肃,N033,庆阳市,36.98030051688908,36.98030051688908,0.0,36.98030051688908,0.0,100.0
S8,mid,2050,R::RC22,辽宁,N129,大连市,22.537351377159304,18.396671549950064,0.0,18.396671549950064,4.14067982720924,81.62747805669102
S8,mid,2050,R::RC23,辽宁,N129,盘锦市,103.09465480270106,84.15356672669616,0.0,84.15356672669616,18.941088076004903,81.62747805669102
S8,mid,2050,R::RC24,青海,N072,海西蒙古族藏族自治州,10.6944017543782,10.6944017543782,0.0,10.6944017543782,0.0,100.0
S8,mid,2055,R::RC01,上海,N116,上海市,129.19824360661804,0.0,0.0,0.0,129.19824360661804,0.0
S8,mid,2055,R::RC02,北京,N036,北京市,115.21033010034184,0.4488570022788339,0.0,0.4488570022788339,114.761473098063,0.3895978788428991
S8,mid,2055,R::RC03,四川,N057,成都市,248.99939873616947,23.211901839059763,225.7874,248.9993018390597,9.689710972793364e-05,99.99996108540412
S8,mid,2055,R::RC04,天津,N028,天津市,31.22263955852948,3.184376713020117,0.0,3.184376713020117,28.03826284550936,10.198934997314156
S8,mid,2055,R::RC05,宁夏,N139,银川市,24.53721335283909,24.537213352839085,0.0,24.537213352839085,3.552713678800501e-15,99.99999999999999
S8,mid,2055,R::RC06,山东,N091,东营市,40.57597289659848,18.698283915093608,0.0,18.698283915093608,21.87768898150487,46.08215793800745
S8,mid,2055,R::RC07,山东,N089,济南市,26.83722312720002,12.367171547651775,14.47,26.837171547651774,5.1579548241420525e-05,99.99980780594177
S8,mid,2055,R::RC08,广东,N026,广州市,92.68879851197616,3.860493452610655,0.0,3.860493452610655,88.8283050593655,4.165005388554959
S8,mid,2055,R::RC09,广东,N056,惠州市,109.08785624250736,4.543515090759519,0.0,4.543515090759519,104.54434115174786,4.16500538855496
S8,mid,2055,R::RC10,广东,N117,茂名市,112.56844044288162,4.6884816102582985,0.0,4.6884816102582985,107.87995883262332,4.165005388554958
S8,mid,2055,R::RC11,新疆,N102,乌鲁木齐市,66.67936975223219,66.67936975223219,0.0,66.67936975223219,0.0,100.0
S8,mid,2055,R::RC12,江苏,N007,连云港市,7.803024247263725,1.4266655599388467,0.0,1.4266655599388467,6.376358687324878,18.28349515175649
S8,mid,2055,R::RC13,江西,N010,九江市,11.87492101374094,3.3144924913381306,0.0,3.3144924913381306,8.560428522402809,27.91170137050007
S8,mid,2055,R::RC14,河北,N084,沧州市,13.111454161552729,13.111454161552729,0.0,13.111454161552729,0.0,100.0
S8,mid,2055,R::RC15,河南,N088,洛阳市,57.15156115879059,25.848959574234986,0.0,25.848959574234986,31.302601584555607,45.22878999300811
S8,mid,2055,R::RC16,浙江,N043,宁波市,88.22549172591852,0.7441555199519295,0.0,0.7441555199519295,87.48133620596658,0.843469960205747
S8,mid,2055,R::RC17,浙江,N043,舟山市,0.7547528201752433,0.0063661133119838,0.0,0.0063661133119838,0.7483867068632594,0.8434699602057368
S8,mid,2055,R::RC18,湖北,N078,武汉市,32.31584555590556,10.80892124425094,21.5069,32.31582124425094,2.431165462013496e-05,99.99992476862604
S8,mid,2055,R::RC19,湖南,N002,岳阳市,30.67309822880657,16.37119623230269,0.0,16.37119623230269,14.301901996503876,53.37314186581817
S8,mid,2055,R::RC20,甘肃,N018,兰州市,31.37987044756157,31.37987044756157,0.0,31.37987044756157,0.0,100.0
S8,mid,2055,R::RC21,甘肃,N033,庆阳市,46.75677544770933,46.75677544770933,0.0,46.75677544770933,0.0,100.0
S8,mid,2055,R::RC22,辽宁,N129,大连市,28.49554662344338,19.628535692313417,0.0,19.628535692313417,8.867010931129965,68.88281860915401
S8,mid,2055,R::RC23,辽宁,N129,盘锦市,130.349768852406,89.78859483605436,0.0,89.78859483605436,40.56117401635163,68.88281860915401
S8,mid,2055,R::RC24,青海,N072,海西蒙古族藏族自治州,13.521678688053967,13.521678688053967,0.0,13.521678688053967,0.0,100.0
S8,mid,2060,R::RC01,上海,N116,上海市,157.16025988319473,0.0,0.0,0.0,157.16025988319473,0.0
S8,mid,2060,R::RC02,北京,N036,北京市,140.14498118820316,0.4659143800068721,0.0,0.4659143800068721,139.6790668081963,0.33245170541011915
S8,mid,2060,R::RC03,四川,N057,成都市,302.8896455844009,23.72692274577682,279.1627,302.8896227457768,2.2838624090582016e-05,99.9999924597541
S8,mid,2060,R::RC04,天津,N028,天津市,37.980068538690695,3.224177147138792,0.0,3.224177147138792,34.755891391551906,8.489129354398845
S8,mid,2060,R::RC05,宁夏,N139,银川市,29.847734146318174,29.847734146318174,0.0,29.847734146318174,0.0,100.0
S8,mid,2060,R::RC06,山东,N091,东营市,49.35771777872862,19.23481171746643,0.0,19.23481171746643,30.12290606126219,38.9702210375617
S8,mid,2060,R::RC07,山东,N089,济南市,32.64552863470963,12.722034667826838,0.0,12.722034667826838,19.923493966882788,38.97022103756169
S8,mid,2060,R::RC08,广东,N026,广州市,112.74917720055652,4.003657679812198,0.0,4.003657679812198,108.74551952074434,3.5509418154693515
S8,mid,2060,R::RC09,广东,N056,惠州市,132.6974373535125,4.712008791042122,0.0,4.712008791042122,127.98542856247036,3.550941815469351
S8,mid,2060,R::RC10,广东,N117,茂名市,136.93131470514038,4.862351312336762,0.0,4.862351312336762,132.06896339280362,3.550941815469351
S8,mid,2060,R::RC11,新疆,N102,乌鲁木齐市,81.11060016431719,81.11060016431719,0.0,81.11060016431719,0.0,100.0
S8,mid,2060,R::RC12,江苏,N007,连云港市,9.491811067561756,1.47901209774691,0.0,1.47901209774691,8.012798969814847,15.581979953240227
S8,mid,2060,R::RC13,江西,N010,九江市,14.44497711822097,3.425815985474118,0.0,3.425815985474118,11.019161132746852,23.716312995420225
S8,mid,2060,R::RC14,河北,N084,沧州市,15.949129693669226,15.949129693669226,0.0,15.949129693669226,0.0,100.0
S8,mid,2060,R::RC15,河南,N088,洛阳市,69.52071447498948,26.89336741911105,0.0,26.89336741911105,42.62734705587842,38.68396293422173
S8,mid,2060,R::RC16,浙江,N043,宁波市,107.3198893491595,0.7765388322689186,0.0,0.7765388322689186,106.54335051689058,0.7235740150108535
S8,mid,2060,R::RC17,浙江,N043,舟山市,0.9181018724022292,0.0066431465800306,0.0,0.0066431465800306,0.9114587258221988,0.72357401501085
S8,mid,2060,R::RC18,湖北,N078,武汉市,39.30987406744551,10.903381625779272,28.4064,39.30978162577927,9.244166624000628e-05,99.99976483855919
S8,mid,2060,R::RC19,湖南,N002,岳阳市,37.31159150847056,17.00045781450156,0.0,17.00045781450156,20.311133693969005,45.5634753897916
S8,mid,2060,R::RC20,甘肃,N018,兰州市,38.17132847142776,38.17132847142776,0.0,38.17132847142776,0.0,100.0
S8,mid,2060,R::RC21,甘肃,N033,庆阳市,56.87621422343987,56.87621422343987,0.0,56.87621422343987,0.0,100.0
S8,mid,2060,R::RC22,辽宁,N129,大连市,34.662758469764945,20.393558084565907,0.0,20.393558084565907,14.26920038519904,58.834204157047864
S8,mid,2060,R::RC23,辽宁,N129,盘锦市,158.5610065329799,93.28810629708336,0.0,93.28810629708336,65.27290023589651,58.83420415704784
S8,mid,2060,R::RC24,青海,N072,海西蒙古族藏族自治州,16.448137972695807,16.448137972695807,0.0,16.448137972695807,0.0,100.0
