scenario,tier,year,region,demand_methanol_10kt,local_direct_methanol_10kt,pipeline_served_methanol_10kt,served_methanol_10kt,unserved_methanol_10kt,demand_met_pct,pipeline_share_pct
S1,low,2025,NC,1.159273091723949,1.159273091723949,0.0,1.159273091723949,0.0,100.0,0.0
S1,low,2025,NE,0.4159942512977126,0.4159942512977126,0.0,0.4159942512977126,0.0,100.0,0.0
S1,low,2025,EC,3.484950313436646,2.418049003173886,0.4603,2.878349003173886,0.60660131026276,82.59368841145495,15.991806396390372
S1,low,2025,CC,0.0,0.0,0.0,0.0,0.0,0.0,0.0
S1,low,2025,SC,1.5397823435416917,1.5397823435416917,0.0,1.5397823435416917,0.0,99.99999999999999,0.0
S1,low,2025,SW,0.0,0.0,0.0,0.0,0.0,0.0,0.0
S1,low,2025,NW,0.0,0.0,0.0,0.0,0.0,0.0,0.0
S1,low,2030,NC,11.592730917239491,11.592730917239491,0.0,11.592730917239491,0.0,100.0,0.0
S1,low,2030,NE,4.159942512977127,4.159942512977127,0.0,4.159942512977127,0.0,100.0,0.0
S1,low,2030,EC,34.849503134366465,17.26273548606536,4.6038,21.86653548606536,12.982967648301102,62.74561620507556,21.05408972049464
S1,low,2030,CC,0.0,0.0,0.0,0.0,0.0,0.0,0.0
S1,low,2030,SC,15.397823435416917,15.397823435416917,0.0,15.397823435416917,0.0,100.0,0.0
S1,low,2030,SW,0.0,0.0,0.0,0.0,0.0,0.0,0.0
S1,low,2030,NW,0.0,0.0,0.0,0.0,0.0,0.0,0.0
S1,low,2035,NC,23.772931306636394,23.772931306636394,0.0,23.772931306636394,0.0,99.99999999999999,0.0
S1,low,2035,NE,8.530692923571339,8.530692923571339,0.0,8.530692923571339,0.0,100.0,0.0
S1,low,2035,EC,71.46502838702853,34.70368836906365,9.441,44.14468836906365,27.320340017964874,61.77103593941378,21.386491441666173
S1,low,2035,CC,0.0,0.0,0.0,0.0,0.0,0.0,0.0
S1,low,2035,SC,31.575941977358347,26.45216412855244,0.0,26.45216412855244,5.123777848805908,83.77315915870402,0.0
S1,low,2035,SW,0.0,0.0,0.0,0.0,0.0,0.0,0.0
S1,low,2035,NW,0.0,0.0,0.0,0.0,0.0,0.0,0.0
S1,low,2040,NC,37.848699859527855,37.84869985952785,0.0,37.84869985952785,3.552713678800501e-15,99.99999999999997,0.0
S1,low,2040,NE,13.581650150476673,13.581650150476673,0.0,13.581650150476673,0.0,100.0,0.0
S1,low,2040,EC,113.77891834139103,54.953475765768886,15.0309,69.98437576576889,43.794542575622145,61.50908866595337,21.477508137397706
S1,low,2040,CC,0.0,0.0,0.0,0.0,0.0,0.0,0.0
S1,low,2040,SC,50.27181272968551,38.889440485608944,0.0,38.889440485608944,11.382372244076564,77.35834133278573,0.0
S1,low,2040,SW,0.0,0.0,0.0,0.0,0.0,0.0,0.0
S1,low,2040,NW,0.0,0.0,0.0,0.0,0.0,0.0,0.0
S1,low,2045,NC,53.961029249231665,52.274430235478206,0.0,52.274430235478206,1.6865990137534546,96.87441281751038,0.0
S1,low,2045,NE,19.36340808912124,19.36340808912124,0.0,19.36340808912124,0.0,100.0,0.0
S1,low,2045,EC,162.21501830584498,77.81530131118753,21.4297,99.24500131118752,62.97001699465746,61.18114237984307,21.59272478903611
S1,low,2045,CC,0.0,0.0,0.0,0.0,0.0,0.0,0.0
S1,low,2045,SC,71.6727065179643,50.56227020890162,0.0,50.56227020890162,21.11043630906267,70.54605953275745,0.0
S1,low,2045,SW,0.0,0.0,0.0,0.0,0.0,0.0,0.0
S1,low,2045,NW,0.0,0.0,0.0,0.0,0.0,0.0,0.0
S1,low,2050,NC,72.2509121490656,66.00425858492511,0.0,66.0042585849251,6.246653564140493,91.35422186608162,0.0
S1,low,2050,NE,25.92656063493312,25.92656063493312,0.0,25.92656063493312,3.552713678800501e-15,100.0,0.0
S1,low,2050,EC,217.19717358878125,103.30032979826044,28.6932,131.99352979826043,85.20364379052083,60.77129256210459,21.73833826844
S1,low,2050,CC,0.0,0.0,0.0,0.0,0.0,0.0,0.0
S1,low,2050,SC,95.96589416776058,60.15875296181941,0.0,60.15875296181941,35.80714120594117,62.687638648637254,0.0
S1,low,2050,SW,0.0,0.0,0.0,0.0,0.0,0.0,0.0
S1,low,2050,NW,0.0,0.0,0.0,0.0,0.0,0.0,0.0
S1,low,2055,NC,92.85934123234742,81.08873708636598,0.0,81.08873708636598,11.77060414598144,87.32426486148583,0.0
S1,low,2055,NE,33.32170168334043,33.32170168334043,0.0,33.32170168334043,0.0,100.0,0.0
S1,low,2055,EC,279.14922949859084,131.84408264906972,36.8775,168.72158264906972,110.4276468495211,60.441357102123554,21.857014035188897
S1,low,2055,CC,0.0,0.0,0.0,0.0,0.0,0.0,0.0
S1,low,2055,SC,123.33864650464025,69.70687748691495,0.0,69.70687748691495,53.6317690177253,56.516655129900776,0.0
S1,low,2055,SW,0.0,0.0,0.0,0.0,0.0,0.0,0.0
S1,low,2055,NW,0.0,0.0,0.0,0.0,0.0,0.0,0.0
S1,low,2060,NC,115.92730917239491,97.63240258566805,0.0,97.63240258566805,18.29490658672686,84.21863949285616,0.0
S1,low,2060,NE,41.59942512977126,41.59942512977126,0.0,41.59942512977126,0.0,100.0,0.0
S1,low,2060,EC,348.4950313436646,163.64152223045957,32.457,196.09852223045957,152.39650911320507,56.27010562370949,16.551374090344126
S1,low,2060,CC,0.0,0.0,0.0,0.0,0.0,0.0,0.0
S1,low,2060,SC,153.97823435416916,79.27063806498379,0.0,79.27063806498379,74.70759628918539,51.48171648900157,0.0
S1,low,2060,SW,0.0,0.0,0.0,0.0,0.0,0.0,0.0
S1,low,2060,NW,0.0,0.0,0.0,0.0,0.0,0.0,0.0
S1,mid,2025,NC,4.637092366895797,4.637092366895797,0.0,4.637092366895797,0.0,100.0,0.0
S1,mid,2025,NE,1.6639770051908505,1.6639770051908502,0.0,1.6639770051908502,2.220446049250313e-16,99.99999999999999,0.0
S1,mid,2025,EC,13.939801253746584,7.181378333847183,1.8415,9.022878333847183,4.916922919899401,64.72745320828814,20.409230091156726
S1,mid,2025,CC,0.0,0.0,0.0,0.0,0.0,0.0,0.0
S1,mid,2025,SC,6.159129374166767,6.159129374166767,0.0,6.159129374166767,0.0,99.99999999999999,0.0
S1,mid,2025,SW,0.0,0.0,0.0,0.0,0.0,0.0,0.0
S1,mid,2025,NW,0.0,0.0,0.0,0.0,0.0,0.0,0.0
S1,mid,2030,NC,34.77819275171848,30.610660533407106,0.0,30.610660533407106,4.167532218311373,88.0168235075831,0.0
S1,mid,2030,NE,12.479827538931382,12.479827538931383,0.0,12.479827538931382,0.0,100.0,0.0
S1,mid,2030,EC,104.5485094030994,49.018264357220694,10.1652,59.18346435722069,45.36504504587871,56.60861612960133,17.17574344523783
S1,mid,2030,CC,0.0,0.0,0.0,0.0,0.0,0.0,0.0
S1,mid,2030,SC,46.19347030625076,23.976853609334945,0.0,23.976853609334945,22.21661669691581,51.90528758799589,0.0
S1,mid,2030,SW,0.0,0.0,0.0,0.0,0.0,0.0,0.0
S1,mid,2030,NW,0.0,0.0,0.0,0.0,0.0,0.0,0.0
S1,mid,2035,NC,69.53743424286422,58.574939378420865,0.0,58.574939378420865,10.962494864443354,84.23511741006132,0.0
S1,mid,2035,NE,24.952854596156264,24.95285459615626,0.0,24.95285459615626,3.552713678800501e-15,99.99999999999999,0.0
S1,mid,2035,EC,209.0400484495637,97.38417343511034,11.119,108.50317343511034,100.53687501445336,51.9054478985588,10.24762654213948
S1,mid,2035,CC,0.0,0.0,0.0,0.0,0.0,0.0,0.0
S1,mid,2035,SC,92.36176896258911,42.726739551106895,0.0,42.726739551106895,49.63502941148221,46.26020054727757,0.0
S1,mid,2035,SW,0.0,0.0,0.0,0.0,0.0,0.0,0.0
S1,mid,2035,NW,0.0,0.0,0.0,0.0,0.0,0.0,0.0
S1,mid,2040,NC,110.73600577860648,90.53528396290591,0.0,90.53528396290591,20.200721815700582,81.75776553103451,0.0
S1,mid,2040,NE,39.73657470740285,39.73657470740285,0.0,39.73657470740285,0.0,100.0,0.0
S1,mid,2040,EC,332.88918789013974,154.7821944679359,11.9257,166.7078944679359,166.18129342220385,50.07909554663965,7.1536504243317385
S1,mid,2040,CC,0.0,0.0,0.0,0.0,0.0,0.0,0.0
S1,mid,2040,SC,147.08298476820974,62.69033359068584,0.0,62.69033359068584,84.3926511775239,42.62242412980704,0.0
S1,mid,2040,SW,0.0,0.0,0.0,0.0,0.0,0.0,0.0
S1,mid,2040,NW,0.0,0.0,0.0,0.0,0.0,0.0,0.0
S1,mid,2045,NC,158.76682411642753,126.57146937014487,0.0,126.57146937014487,32.195354746282646,79.72161065420504,0.0
S1,mid,2045,NE,56.97198235750654,56.97198235750654,0.0,56.97198235750654,0.0,100.0,0.0
S1,mid,2045,EC,477.2770949466993,221.36057414333467,8.0716,229.43217414333466,247.8449208033647,48.07106324030841,3.5180767606540555
S1,mid,2045,CC,0.0,0.0,0.0,0.0,0.0,0.0,0.0
S1,mid,2045,SC,210.87900190206233,82.02138313613585,0.0,82.02138313613585,128.85761876592647,38.89499779320309,0.0
S1,mid,2045,SW,0.0,0.0,0.0,0.0,0.0,0.0,0.0
S1,mid,2045,NW,0.0,0.0,0.0,0.0,0.0,0.0,0.0
S1,mid,2050,NC,214.02280601380946,166.50663977493292,0.0,166.50663977493292,47.51616623887653,77.79855001255771,0.0
S1,mid,2050,NE,76.80007203130268,76.80007203130268,0.0,76.80007203130268,0.0,100.0,0.0
S1,mid,2050,EC,643.3849368411138,265.84309080931234,31.6323,297.4753908093124,345.9095460318015,46.23598933942325,10.633585492212003
S1,mid,2050,CC,0.0,0.0,0.0,0.0,0.0,0.0,0.0
S1,mid,2050,SC,284.27170454309646,99.080049229971,0.0,99.080049229971,185.19165531312544,34.85399624602812,0.0
S1,mid,2050,SW,0.0,0.0,0.0,0.0,0.0,0.0,0.0
S1,mid,2050,NW,0.0,0.0,0.0,0.0,0.0,0.0,0.0
S1,mid,2055,NC,276.8968682282345,211.55331075604647,0.0,211.55331075604647,65.34355747218804,76.4014819343034,0.0
S1,mid,2055,NE,99.36183821362664,99.36183821362664,0.0,99.36183821362664,1.4210854715202004e-14,100.0,0.0
S1,mid,2055,EC,832.393880795255,280.7122174287177,103.1953,383.9075174287177,448.4863633665372,46.12089616299665,26.88024988183798
S1,mid,2055,CC,0.0,0.0,0.0,0.0,0.0,0.0,0.0
S1,mid,2055,SC,367.7829768702617,116.78773510211956,0.0,116.78773510211956,250.99524176814208,31.75452439260595,0.0
S1,mid,2055,SW,0.0,0.0,0.0,0.0,0.0,0.0,0.0
S1,mid,2055,NW,0.0,0.0,0.0,0.0,0.0,0.0,0.0
S1,mid,2060,NC,347.7819275171847,261.99460865017085,0.0,261.99460865017085,85.7873188670139,75.33301414497022,0.0
S1,mid,2060,NE,124.7982753893138,124.7982753893138,0.0,124.7982753893138,0.0,100.0,0.0
S1,mid,2060,EC,1045.4850940309939,289.3523149223388,191.84439999999998,481.1967149223388,564.288379108655,46.02616696016457,39.86818572337139
S1,mid,2060,CC,0.0,0.0,0.0,0.0,0.0,0.0,0.0
S1,mid,2060,SC,461.93470306250754,135.25622730290496,0.0,135.25622730290496,326.6784757596026,29.280378028797397,0.0
S1,mid,2060,SW,0.0,0.0,0.0,0.0,0.0,0.0,0.0
S1,mid,2060,NW,0.0,0.0,0.0,0.0,0.0,0.0,0.0
S1,high,2025,NC,10.433457825515543,10.433457825515543,0.0,10.433457825515543,0.0,100.0,0.0
S1,high,2025,NE,3.743948261679414,3.743948261679414,0.0,3.743948261679414,0.0,100.0,0.0
S1,high,2025,EC,31.36455282092982,15.120260551636015,4.1434,19.263660551636015,12.100892269293803,61.418572302364275,21.50889229434699
S1,high,2025,CC,0.0,0.0,0.0,0.0,0.0,0.0,0.0
S1,high,2025,SC,13.858041091875227,10.536937063587713,0.0,10.536937063587713,3.3211040282875155,76.03482334718555,0.0
S1,high,2025,SW,0.0,0.0,0.0,0.0,0.0,0.0,0.0
S1,high,2025,NW,0.0,0.0,0.0,0.0,0.0,0.0,0.0
S1,high,2030,NC,69.55638550343696,55.26499144308252,0.0,55.26499144308252,14.291394060354435,79.45351248930515,0.0
S1,high,2030,NE,24.959655077862763,24.959655077862767,0.0,24.959655077862763,0.0,100.0,0.0
S1,high,2030,EC,209.09701880619878,94.15041530982218,2.5011,96.65151530982219,112.4455034963766,46.22328709497455,2.5877504268635367
S1,high,2030,CC,0.0,0.0,0.0,0.0,0.0,0.0,0.0
S1,high,2030,SC,92.38694061250152,33.461168230395614,0.0,33.461168230395614,58.92577238210591,36.21850448619331,0.0
S1,high,2030,SW,0.0,0.0,0.0,0.0,0.0,0.0,0.0
S1,high,2030,NW,0.0,0.0,0.0,0.0,0.0,0.0,0.0
S1,high,2035,NC,137.13963044352607,106.49827246390919,0.0,106.49827246390919,30.641357979616902,77.65681744910714,0.0
S1,high,2035,NE,49.211267212941095,49.211267212941095,0.0,49.211267212941095,0.0,100.0,0.0
S1,high,2035,EC,412.2624785399206,146.17896832309916,43.7951,189.97406832309915,222.28841021682146,46.08085339124633,23.05319899004074
S1,high,2035,CC,0.0,0.0,0.0,0.0,0.0,0.0,0.0
S1,high,2035,SC,182.1530949560396,58.87074757617669,0.0,58.87074757617669,123.28234737986293,32.31937815296765,0.0
S1,high,2035,SW,0.0,0.0,0.0,0.0,0.0,0.0,0.0
S1,high,2035,NW,0.0,0.0,0.0,0.0,0.0,0.0,0.0
S1,high,2040,NC,217.25111875954545,166.0440621521858,0.0,166.0440621521858,51.207056607359625,76.42955447146127,0.0
S1,high,2040,NE,77.95852171257681,77.95852171257681,0.0,77.95852171257681,0.0,100.0,0.0
S1,high,2040,EC,653.0897334032366,201.45716706348625,99.2114,300.66856706348625,352.42116633975036,46.03786458205503,32.99693112883712
S1,high,2040,CC,0.0,0.0,0.0,0.0,0.0,0.0,0.0
S1,high,2040,SC,288.55964929123394,87.998404081388,0.0,87.998404081388,200.56124520984588,30.495741278287337,0.0
S1,high,2040,SW,0.0,0.0,0.0,0.0,0.0,0.0,0.0
S1,high,2040,NW,0.0,0.0,0.0,0.0,0.0,0.0,0.0
S1,high,2045,NC,307.8162845911521,232.2329321921562,0.0,232.2329321921562,75.5833523989959,75.44530416921012,0.0
S1,high,2045,NE,110.4569801196004,110.4569801196004,0.0,110.4569801196004,0.0,99.99999999999999,0.0
S1,high,2045,EC,925.3423245351069,244.6444668524174,180.8587,425.5031668524174,499.8391576826895,45.98332482697047,42.5046660258417
S1,high,2045,CC,0.0,0.0,0.0,0.0,0.0,0.0,0.0
S1,high,2045,SC,408.85110113547273,117.43564639632216,0.0,117.43564639632216,291.41545473915056,28.72332887698641,0.0
S1,high,2045,SW,0.0,0.0,0.0,0.0,0.0,0.0,0.0
S1,high,2045,NW,0.0,0.0,0.0,0.0,0.0,0.0,0.0
S1,high,2050,NC,404.283247849762,301.3826503121063,0.0,301.3826503121063,102.90059753765571,74.54740010006668,0.0
S1,high,2050,NE,145.07324305386098,145.07324305386098,0.0,145.07324305386098,0.0,100.0,0.0
S1,high,2050,EC,1215.336611683132,265.8430908093124,217.8665,483.70959080931243,731.6270208738198,39.80046237061995,45.040764983691865
S1,high,2050,CC,0.0,0.0,0.0,0.0,0.0,0.0,0.0
S1,high,2050,SC,536.9815026958181,141.8146144079283,0.0,141.8146144079283,395.1668882878897,26.409590217907656,0.0
S1,high,2050,SW,0.0,0.0,0.0,0.0,0.0,0.0,0.0
S1,high,2050,NW,0.0,0.0,0.0,0.0,0.0,0.0,0.0
S1,high,2055,NC,498.85231145538006,368.8979716356814,0.0,368.8979716356814,129.95433981969862,73.94933593861428,0.0
S1,high,2055,NE,179.0084625387213,179.0084625387213,0.0,179.0084625387213,0.0,100.0,0.0
S1,high,2055,EC,1499.6255253192703,280.7122174287177,220.4121,501.1243174287177,998.5012078905527,33.41663028321876,43.983517130228364
S1,high,2055,CC,0.0,0.0,0.0,0.0,0.0,0.0,0.0
S1,high,2055,SC,662.5910552893811,149.9408078673743,0.0,149.9408078673743,512.6502474220068,22.629464534785924,0.0
S1,high,2055,SW,0.0,0.0,0.0,0.0,0.0,0.0,0.0
S1,high,2055,NW,0.0,0.0,0.0,0.0,0.0,0.0,0.0
S1,high,2060,NC,579.6365458619746,426.35681471467376,0.0,426.35681471467365,153.27973114730096,73.55588907539303,0.0
S1,high,2060,NE,207.99712564885635,188.57543530799407,0.0,188.57543530799407,19.421690340862284,90.66251983998556,0.0
S1,high,2060,EC,1742.4751567183234,289.35231492233885,179.5481,468.9004149223388,1273.5747417959844,26.910020100684743,38.291307554022424
S1,high,2060,CC,0.0,0.0,0.0,0.0,0.0,0.0,0.0
S1,high,2060,SC,769.891171770846,154.70985671441076,0.0,154.70985671441076,615.1813150564353,20.095029321944132,0.0
S1,high,2060,SW,0.0,0.0,0.0,0.0,0.0,0.0,0.0
S1,high,2060,NW,0.0,0.0,0.0,0.0,0.0,0.0,0.0
S2,low,2025,NC,0.939693044991688,0.6953062878451259,0.2443,0.939606287845126,8.675714656208866e-05,99.99076750147036,26.00025171822473
S2,low,2025,NE,0.043897103854472805,0.043897103854472805,0.0,0.043897103854472805,0.0,100.0,0.0
S2,low,2025,EC,2.878853740198173,2.455186704272166,0.2557,2.710886704272166,0.16796703592600687,94.16548907710593,9.432338120107891
S2,low,2025,CC,1.6942208237577114,1.6942208237577114,0.0,1.6942208237577114,0.0,100.0,0.0
S2,low,2025,SC,1.3406727312027718,1.3406727312027718,0.0,1.3406727312027718,0.0,100.0,0.0
S2,low,2025,SW,0.8893161083787198,0.8893161083787198,0.0,0.8893161083787198,0.0,100.0,0.0
S2,low,2025,NW,0.21334644761646418,0.21334644761646418,0.0,0.21334644761646418,0.0,100.00000000000001,0.0
S2,low,2030,NC,9.396930449916882,5.695063066678951,3.7018,9.39686306667895,6.738323793076262e-05,99.99928292288327,39.393997483335625
S2,low,2030,NE,0.4389710385447288,0.4389710385447288,0.0,0.4389710385447288,0.0,100.0,0.0
S2,low,2030,EC,28.788537401981728,19.930840755496906,2.5573,22.488140755496904,6.300396646484822,78.11491233989844,11.371771583094992
S2,low,2030,CC,16.942208237577113,16.942208237577113,0.0,16.942208237577113,0.0,100.0,0.0
S2,low,2030,SC,13.406727312027716,13.406727312027716,0.0,13.406727312027716,0.0,100.0,0.0
S2,low,2030,SW,8.8931610837872,8.8931610837872,0.0,8.8931610837872,0.0,100.0,0.0
S2,low,2030,NW,2.1334644761646433,2.1334644761646433,0.0,2.1334644761646433,0.0,100.0,0.0
S2,low,2035,NC,24.028632255345748,14.303914579846195,9.7247,24.028614579846195,1.7675499552893825e-05,99.99992643984324,40.471330411852016
S2,low,2035,NE,1.1224807624315014,1.1224807624315014,0.0,1.1224807624315014,0.0,100.0,0.0
S2,low,2035,EC,73.6143767465688,49.566676107897294,6.5392,56.105876107897295,17.508500638671507,76.21592219825786,11.655107189529406
S2,low,2035,CC,43.32245444445433,43.32245444445433,0.0,43.32245444445433,1.7763568394002505e-15,100.00000000000001,0.0
S2,low,2035,SC,34.28197346413939,28.95320514630731,0.0,28.95320514630731,5.328768317832076,84.45606311606818,0.0
S2,low,2035,SW,22.740457472659575,22.740457472659575,0.0,22.740457472659575,1.7763568394002505e-15,99.99999999999999,0.0
S2,low,2035,NW,5.455423300281797,5.455423300281797,0.0,5.455423300281797,0.0,100.00000000000001,0.0
S2,low,2040,NC,44.682005267862245,26.422866207369708,18.2591,44.68196620736971,3.906049253643573e-05,99.9999125811559,40.86458486463919
S2,low,2040,NE,2.0872886482700346,2.0872886482700346,0.0,2.0872886482700346,0.0,100.0,0.0
S2,low,2040,EC,136.88827289987816,91.00680822778531,12.4525,103.45930822778531,33.42896467209283,75.57938020261004,12.036133058790087
S2,low,2040,CC,80.55948075334916,80.55948075334916,0.0,80.55948075334916,0.0,100.0,0.0
S2,low,2040,SC,63.748419079350924,45.80114678832648,0.0,45.80114678832648,17.947272291024447,71.84671784772489,0.0
S2,low,2040,SW,42.28660332345462,42.28660332345462,0.0,42.28660332345462,0.0,100.0,0.0
S2,low,2040,NW,10.144532990943734,10.144532990943734,0.0,10.144532990943734,0.0,100.0,0.0
S2,low,2045,NC,71.37836946794305,42.00602321611824,29.3723,71.37832321611823,4.625182480921808e-05,99.99993520190338,41.150168113457894
S2,low,2045,NE,3.334390644047969,3.334390644047969,0.0,3.334390644047969,0.0,100.0,0.0
S2,low,2045,EC,218.6755419838746,134.7885454212891,13.3669,148.15544542128907,70.52009656258555,67.75126476294008,9.022213096515218
S2,low,2045,CC,128.6917260513835,128.6917260513835,0.0,128.6917260513835,0.0,100.0,0.0
S2,low,2045,SC,101.83648166113028,63.91551285768075,0.0,63.91551285768075,37.920968803449526,62.76288400296974,0.0
S2,low,2045,SW,67.55177565266649,67.55177565266649,0.0,67.55177565266649,0.0,100.0,0.0
S2,low,2045,NW,16.205634003363137,16.205634003363137,0.0,16.205634003363137,0.0,100.0,0.0
S2,low,2050,NC,104.13904483606476,61.035089402369245,43.1039,104.13898940236925,5.5433695514750525e-05,99.9999467695372,41.39074159194727
S2,low,2050,NE,4.864782697752943,4.864782697752943,0.0,4.864782697752943,0.0,100.0,0.0
S2,low,2050,EC,319.0415001205229,168.6628079927471,40.070800000000006,208.7336079927471,110.3078921277758,65.42522145673672,19.197100258714617
S2,low,2050,CC,187.75762922567918,187.7576292256792,0.0,187.75762922567918,0.0,100.0,0.0
S2,low,2050,SC,148.5765787129453,81.9439839578697,0.0,81.9439839578697,66.63259475507559,55.15269275124992,0.0
S2,low,2050,SW,98.55615147678924,98.55615147678924,0.0,98.55615147678924,0.0,100.0,0.0
S2,low,2050,NW,23.643566792752672,23.643566792752672,0.0,23.643566792752672,0.0,100.0,0.0
S2,low,2055,NC,142.9853513527041,82.05160981739637,59.419,141.47060981739637,1.5147415353077207,98.94063166542753,42.0009499334846
S2,low,2055,NE,6.679460757372601,6.679460757372601,0.0,6.679460757372601,4.440892098500626e-16,100.0,0.0
S2,low,2055,EC,438.051463431788,189.03565079672845,83.09909999999999,272.13475079672844,165.9167126350596,62.12392230464592,30.53601194140436
S2,low,2055,CC,257.79562916335817,257.79562916335817,0.0,257.79562916335817,0.0,100.0,0.0
S2,low,2055,SC,203.99912773826406,101.87412977155674,0.0,101.87412977155674,102.12499796670733,49.93851243435893,0.0
S2,low,2055,SW,135.31990781231707,135.31990781231707,0.0,135.31990781231707,0.0,100.0,0.0
S2,low,2055,NW,32.46317181432502,32.46317181432502,0.0,32.46317181432502,0.0,100.0,0.0
S2,low,2060,NC,187.93860899833763,103.01443851971004,78.3261,181.34053851971004,6.598070478627603,96.48924161257042,43.19282419660769
S2,low,2060,NE,8.779420770894578,8.779420770894578,0.0,8.779420770894578,0.0,100.0,0.0
S2,low,2060,EC,575.7707480396346,208.23496529419495,135.69740000000002,343.93236529419494,231.83838274543956,59.734254729891134,39.454675887779956
S2,low,2060,CC,338.8441647515423,302.89353185550317,35.9505,338.84403185550315,0.00013289603911914583,99.9999607795993,10.609748621846983
S2,low,2060,SC,268.1345462405543,123.72952551964799,0.0,123.72952551964799,144.40502072090635,46.144567066954984,0.0
S2,low,2060,SW,177.863221675744,171.0545428658579,6.8086,177.86314286585792,7.880988606956407e-05,99.99995569073508,3.827999376540286
S2,low,2060,NW,42.66928952329286,42.66928952329286,0.0,42.66928952329286,0.0,100.00000000000001,0.0
S2,mid,2025,NC,4.698465224958441,2.8705504525181103,1.8279,4.69845045251811,1.4772440330323988e-05,99.99968559008903,38.90431576266483
S2,mid,2025,NE,0.2194855192723644,0.2194855192723644,0.0,0.2194855192723644,0.0,100.0,0.0
S2,mid,2025,EC,14.394268700990864,10.103207412120723,1.2786,11.381807412120724,3.012461288870141,79.07180037105483,11.233716699848499
S2,mid,2025,CC,8.471104118788556,8.471104118788556,0.0,8.471104118788556,0.0,100.0,0.0
S2,mid,2025,SC,6.703363656013858,6.703363656013858,0.0,6.703363656013858,0.0,100.0,0.0
S2,mid,2025,SW,4.4465805418936,4.4465805418936,0.0,4.4465805418936,0.0,100.0,0.0
S2,mid,2025,NW,1.0667322380823216,1.0667322380823216,0.0,1.0667322380823216,0.0,100.0,0.0
S2,mid,2030,NC,28.190791349750647,16.571283890043873,11.6195,28.190783890043875,7.459706770518437e-06,99.99997353849817,41.217371057580465
S2,mid,2030,NE,1.3169131156341867,1.3169131156341864,0.0,1.3169131156341864,1.1102230246251563e-16,99.99999999999999,0.0
S2,mid,2030,EC,86.36561220594518,53.75567679406748,3.2745,57.03017679406748,29.335435411877707,66.03343082669849,5.741697087533188
S2,mid,2030,CC,50.82662471273134,50.826624712731345,0.0,50.82662471273134,0.0,100.0,0.0
S2,mid,2030,SC,40.22018193608315,24.461851170676326,0.0,24.461851170676326,15.758330765406823,60.819842161704926,0.0
S2,mid,2030,SW,26.6794832513616,26.6794832513616,0.0,26.6794832513616,0.0,100.0,0.0
S2,mid,2030,NW,6.40039342849393,6.40039342849393,0.0,6.40039342849393,0.0,100.0,0.0
S2,mid,2035,NC,62.88683652422553,36.79159886570234,26.0952,62.88679886570234,3.76585231904869e-05,99.99994011700178,41.49551332025582
S2,mid,2035,NE,2.937714617231848,2.937714617231848,0.0,2.937714617231848,0.0,100.0,0.0
S2,mid,2035,EC,192.66079013982602,94.18716609098337,28.5994,122.78656609098336,69.87422404884265,63.73199549418927,23.291961743443654
S2,mid,2035,CC,113.38190545034024,113.38190545034024,0.0,113.38190545034024,0.0,100.0,0.0
S2,mid,2035,SC,89.7214971729214,46.66933161396851,0.0,46.66933161396851,43.05216555895289,52.01577446263753,0.0
S2,mid,2035,SW,59.51547372202556,59.51547372202556,0.0,59.51547372202556,0.0,100.0,0.0
S2,mid,2035,NW,14.277729569020607,14.277729569020607,0.0,14.277729569020607,0.0,100.0,0.0
S2,mid,2040,NC,106.44857770792197,61.713454045799885,44.2806,105.99405404579988,0.45452366212208867,99.57301105199431,41.776494350208004
S2,mid,2040,NE,4.972670911751731,4.972670911751731,0.0,4.972670911751731,0.0,100.0,0.0
S2,mid,2040,EC,326.117009917784,136.545424985387,64.01820000000001,200.56362498538704,125.55338493239697,61.50051021133497,31.91914785378672
S2,mid,2040,CC,191.92160458498182,191.92160458498182,0.0,191.92160458498182,0.0,100.0,0.0
S2,mid,2040,SC,151.8716203859874,73.96159396829083,0.0,73.96159396829083,77.91002641769654,48.700075616704865,0.0
S2,mid,2040,SW,100.7418703098907,100.7418703098907,0.0,100.7418703098907,0.0,99.99999999999999,0.0
S2,mid,2040,NW,24.167919544420155,24.16791954442015,0.0,24.16791954442015,3.552713678800501e-15,99.99999999999999,0.0
S2,mid,2045,NC,159.20225067392758,88.1741588186589,66.3715,154.5456588186589,4.656591855268674,97.07504646727253,42.94620794096787
S2,mid,2045,NE,7.437021875330619,7.437021875330619,0.0,7.437021875330619,0.0,100.0,0.0
S2,mid,2045,EC,487.7337309702632,175.8283185201039,114.8015,290.62981852010387,197.10391245015936,59.587803767835645,39.500936478085016
S2,mid,2045,CC,287.0339093371166,256.1130166437667,30.9208,287.0338166437667,9.269334989880917e-05,99.99996770648106,10.772528603615834
S2,mid,2045,SC,227.13599654931008,103.95593715418232,0.0,103.95593715418232,123.18005939512776,45.76814716007113,0.0
S2,mid,2045,SW,150.66741929086328,150.66741929086328,0.0,150.66741929086328,0.0,100.0,0.0
S2,mid,2045,NW,36.14503141728451,36.14503141728451,0.0,36.14503141728451,0.0,100.0,0.0
S2,mid,2050,NC,221.4740911953299,117.73992241219264,92.53579999999998,210.27572241219264,11.198368783137298,94.94371159953837,44.006887213830055
S2,mid,2050,NE,10.346007384105297,10.346007384105297,0.0,10.346007384105297,0.0,99.99999999999999,0.0
S2,mid,2050,EC,678.5104127277077,207.10037620604393,184.6053,391.70567620604396,286.80473652166376,57.73023801231462,47.128574134548515
S2,mid,2050,CC,399.307006927205,293.12364991214906,106.1832,399.306849912149,0.00015701505594734044,99.9999606781115,26.591880410606837
S2,mid,2050,SC,315.9800706369185,128.05173869612466,7.3873,135.43903869612467,180.54103194079386,42.86315856032353,5.4543358186219715
S2,mid,2050,SW,209.6008669408495,190.4074811303754,6.8366,197.2440811303754,12.356785810474088,94.10461130680284,3.4660609133721527
S2,mid,2050,NW,50.283133250205594,50.283133250205594,0.0,50.283133250205594,0.0,100.0,0.0
S2,mid,2055,NC,293.59033504521665,151.53918140679366,122.8671,274.40628140679365,19.184053638422977,93.46570668429244,44.775614964096114
S2,mid,2055,NE,13.714867314212547,13.714867314212547,0.0,13.714867314212547,8.881784197001252e-16,100.0,0.0
S2,mid,2055,EC,899.4465146205616,238.37205550754732,268.61609999999996,506.98815550754733,392.4583591130143,56.366681872287224,52.98271706783517
S2,mid,2055,CC,529.3290845757074,310.5674447657548,218.7615,529.3289447657547,0.00013980995271367647,99.99997358732843,41.328081935290555
S2,mid,2055,SC,418.86928762284174,135.62861421626997,14.3121,149.94071421626998,268.92857340657173,35.796540507233274,9.545172620264204
S2,mid,2055,SW,277.8509595357557,228.07411639666287,8.0859,236.16001639666288,41.69094313909284,84.99521354586945,3.4239072826022467
S2,mid,2055,NW,66.65629310577536,66.65629310577536,0.0,66.65629310577536,0.0,100.0,0.0
S2,mid,2060,NC,375.87721799667526,189.72735616025017,157.5025,347.22985616025016,28.647361836425112,92.37853201396248,45.359722732860554
S2,mid,2060,NE,17.558841541789153,17.558841541789153,0.0,17.558841541789153,0.0,100.0,0.0
S2,mid,2060,EC,1151.541496079269,269.80142243920716,364.4882,634.2896224392073,517.2518736400618,55.08178598850462,57.46400179122179
S2,mid,2060,CC,677.6883295030846,320.9580177633168,356.7301,677.6881177633168,0.00021173976773525283,99.99996875558298,52.639273236392846
S2,mid,2060,SC,536.2690924811086,140.1319431286552,14.5779,154.7098431286552,381.5592493524535,28.84929325553201,9.422735945687153
S2,mid,2060,SW,355.726443351488,269.30141614229154,17.5236,286.82501614229153,68.90142720919641,80.63078286785782,6.109508938825156
S2,mid,2060,NW,85.33857904658572,85.33857904658572,0.0,85.33857904658572,0.0,100.00000000000001,0.0
S2,high,2025,NC,9.396930449916882,5.589605658359341,3.8073,9.39690565835934,2.4791557541092857e-05,99.9997361738743,40.5165289343209
S2,high,2025,NE,0.4389710385447288,0.4389710385447288,0.0,0.4389710385447288,0.0,100.0,0.0
S2,high,2025,EC,28.788537401981728,19.376142264625326,2.5573,21.933442264625324,6.855095137356402,76.1881090322966,11.659364586490204
S2,high,2025,CC,16.942208237577113,16.942208237577113,0.0,16.942208237577113,0.0,100.0,0.0
S2,high,2025,SC,13.406727312027716,11.110858621158721,0.0,11.110858621158721,2.295868690868996,82.87524884011567,0.0
S2,high,2025,SW,8.8931610837872,8.8931610837872,0.0,8.8931610837872,0.0,100.0,0.0
S2,high,2025,NW,2.1334644761646433,2.1334644761646433,0.0,2.1334644761646433,0.0,100.0,0.0
S2,high,2030,NC,46.98465224958441,27.447504713408794,19.5371,46.98460471340879,4.753617561448209e-05,99.9998988261627,41.581918415979274
S2,high,2030,NE,2.1948551927236446,2.1948551927236446,0.0,2.1948551927236446,0.0,100.0,0.0
S2,high,2030,EC,143.94268700990864,62.793831235338374,26.4096,89.20343123533837,54.73925577457026,61.97149232680216,29.606036039494533
S2,high,2030,CC,84.71104118788557,84.71104118788557,0.0,84.71104118788557,0.0,100.0,0.0
S2,high,2030,SC,67.03363656013858,33.03029695404825,0.0,33.03029695404825,34.003339606090336,49.274213139869616,0.0
S2,high,2030,SW,44.465805418936,44.465805418936,0.0,44.465805418936,0.0,100.0,0.0
S2,high,2030,NW,10.667322380823219,10.667322380823219,0.0,10.667322380823219,0.0,100.0,0.0
S2,high,2035,NC,100.76468557488455,56.1697611503815,42.0527,98.2224611503815,2.5422244245030505,97.47706807201442,42.81373069609412
S2,high,2035,NE,4.707151863173722,4.707151863173722,0.0,4.707151863173722,0.0,100.0,0.0
S2,high,2035,EC,308.70377672074306,106.59549976308833,75.2578,181.85329976308833,126.85047695765473,58.90867345221853,41.38379677357686
S2,high,2035,CC,181.67382371322935,155.6075923345012,26.066199999999995,181.67379233450117,3.137872820957455e-05,99.99998272798604,14.347804196219133
S2,high,2035,SC,143.7623348799649,63.938497205387144,0.0,63.938497205387144,79.82383767457776,44.47513826119541,0.0
S2,high,2035,SW,95.36269158856479,95.36269158856477,0.0,95.36269158856477,7.105427357601002e-15,99.99999999999999,0.0
S2,high,2035,NW,22.87745751356685,22.87745751356685,0.0,22.87745751356685,0.0,100.00000000000001,0.0
S2,high,2040,NC,166.7455084869467,89.53383018078111,69.6831,159.2169301807811,7.528578306165587,95.4849888464882,43.766137131823285
S2,high,2040,NE,7.789399892156416,7.789399892156416,0.0,7.789399892156416,0.0,100.0,0.0
S2,high,2040,EC,510.8433369038489,156.29798367765355,138.2926,294.59058367765357,216.2527532261954,57.66750046366984,46.943998777409085
S2,high,2040,CC,300.6340360315768,219.65696087366098,80.9769,300.633860873661,0.00017515791580535733,99.99994173716385,26.935389035910998
S2,high,2040,SC,237.89806412898065,96.06020611333722,5.3918,101.45200611333722,136.44605801564344,42.645158330642495,5.314631229644236
S2,high,2040,SW,157.80628311296476,149.1053464999561,5.5577,154.66304649995612,3.1432366130086398,98.00816764009417,3.5934246258375473
S2,high,2040,NW,37.85764094061774,37.85764094061774,0.0,37.85764094061774,0.0,100.0,0.0
S2,high,2045,NC,245.4840775353808,127.98369548804392,102.7211,230.70479548804394,14.779282047336869,93.97953537528038,44.524908891771794
S2,high,2045,NE,11.467617115635248,11.467617115635246,0.0,11.467617115635246,8.881784197001252e-16,99.99999999999999,0.0
S2,high,2045,EC,752.0676656472224,204.0932206824159,221.0844,425.17762068241586,326.8900449648065,56.534490193314184,51.998127193326056
S2,high,2045,CC,442.59584369390916,268.51287155966077,174.0828,442.5956715596608,0.00017213424837336788,99.99996110802873,39.33224186005942
S2,high,2045,SC,350.2354417224223,117.35174323583628,12.9253,130.2770432358363,219.95839848658596,37.196990286062146,9.92139495874323
S2,high,2045,SW,232.32367810558378,198.72426766337801,5.1608,203.885067663378,28.438610442205775,87.75905638456648,2.531230000875139
S2,high,2045,NW,55.73432321087515,55.73432321087514,0.0,55.73432321087514,7.105427357601002e-15,99.99999999999999,0.0
S2,high,2050,NC,337.53734926979666,171.29030140107304,141.432,312.722301401073,24.815047868723646,92.64820680662253,45.22606778165476
S2,high,2050,NE,15.767821369573731,15.767821369573731,0.0,15.767821369573731,0.0,100.0,0.0
S2,high,2050,EC,1034.083061038859,245.12132167561134,308.11580000000004,553.2371216756113,480.84593936324757,53.50025955553504,55.69326206216918
S2,high,2050,CC,608.5634122512075,293.12364991214906,315.4396,608.5632499121491,0.0001623390584484241,99.99997332421648,51.83349471818027
S2,high,2050,SC,481.5690850755258,128.05173869612466,13.7628,141.81453869612466,339.7545463794011,29.448430784107227,9.704787764737194
S2,high,2050,SW,319.44197467986953,247.72149392600818,14.6422,262.3636939260082,57.07828075386136,82.13187831340493,5.58087888643975
S2,high,2050,NW,76.63395487323828,76.63395487323828,0.0,76.63395487323828,4.440892098500626e-16,100.0,0.0
S2,high,2055,NC,443.462280239804,220.6885366646095,172.2942,392.9827366646095,50.479543575194505,88.61694763579497,43.84268923930982
S2,high,2055,NE,20.716030489935385,20.71603048993539,0.0,20.716030489935385,0.0,100.0,0.0
S2,high,2055,EC,1358.595821166754,287.4683255089061,300.8881,588.3564255089061,770.2393956578478,43.30621486849777,51.140445987267526
S2,high,2055,CC,799.5409072544528,310.5674447657548,488.9734,799.5408447657549,6.248869809155622e-05,99.99999218442767,61.156775567013945
S2,high,2055,SC,632.6936116035272,135.62861421626997,14.3121,149.94071421626998,482.7528973872571,23.6987874488338,9.545172620264204
S2,high,2055,SW,419.6882709492696,302.08343447971816,26.3979,328.48133447971816,91.20693646955147,78.26793294383577,8.036347039874169
S2,high,2055,NW,100.68298647660635,100.6829864766063,0.0,100.6829864766063,1.4210854715202004e-14,99.99999999999997,0.0
S2,high,2060,NC,563.8158269950129,276.44027380079024,176.8695,453.30977380079025,110.50605319422266,80.40032792566497,39.01735859719768
S2,high,2060,NE,26.338262312683735,26.338262312683735,0.0,26.338262312683735,0.0,100.0,0.0
S2,high,2060,EC,1727.3122441189037,331.3678795842194,302.9218,634.2896795842194,1093.0225645346843,36.721193967322826,47.757642879916794
S2,high,2060,CC,1016.5324942546267,320.9580177633168,695.5744,1016.5324177633167,7.649131006814969e-05,99.99999247527154,68.42618964680705
S2,high,2060,SC,804.4036387216629,140.13194312865522,14.5779,154.70984312865522,649.6937955930077,19.23286217035468,9.422735945687151
S2,high,2060,SW,533.589665027232,331.62163650697596,40.4868,372.108436506976,161.48122852025605,69.73681480281019,10.880376800927756
S2,high,2060,NW,128.0078685698786,128.0078685698786,0.0,128.0078685698786,0.0,100.0,0.0
S3,low,2025,NC,0.0,0.0,0.0,0.0,0.0,0.0,0.0
S3,low,2025,NE,0.0,0.0,0.0,0.0,0.0,0.0,0.0
S3,low,2025,EC,0.0,0.0,0.0,0.0,0.0,0.0,0.0
S3,low,2025,CC,0.0,0.0,0.0,0.0,0.0,0.0,0.0
S3,low,2025,SC,0.0,0.0,0.0,0.0,0.0,0.0,0.0
S3,low,2025,SW,0.0,0.0,0.0,0.0,0.0,0.0,0.0
S3,low,2025,NW,0.0,0.0,0.0,0.0,0.0,0.0,0.0
S3,low,2030,NC,2.8910360520580434,1.0603117459061275,1.8307,2.8910117459061278,2.430615191562069e-05,99.99915925808334,63.32385202489743
S3,low,2030,NE,2.8783678096960608,2.8783678096960608,0.0,2.8783678096960608,0.0,100.0,0.0
S3,low,2030,EC,5.531659980142009,2.963112255551957,2.3411,5.304212255551957,0.22744772459005166,95.88825550726976,44.136619863761176
S3,low,2030,CC,2.177014544206593,2.177014544206593,0.0,2.177014544206593,0.0,100.0,0.0
S3,low,2030,SC,5.696112601378569,5.696112601378569,0.0,5.696112601378569,2.220446049250313e-16,100.00000000000001,0.0
S3,low,2030,SW,4.512011272153834,4.512011272153834,0.0,4.512011272153834,0.0,100.0,0.0
S3,low,2030,NW,3.313797740364892,3.313797740364892,0.0,3.313797740364892,0.0,100.0,0.0
S3,low,2035,NC,5.2811121532965055,1.865783878312947,3.4153,5.281083878312946,2.8274983559395395e-05,99.99946460172139,64.67043657505825
S3,low,2035,NE,5.257970826971245,5.257970826971245,0.0,5.257970826971245,0.0,100.0,0.0
S3,low,2035,EC,10.104791577481635,5.026364491034924,4.2766,9.302964491034924,0.8018270864467104,92.06488248373604,45.970292632217095
S3,low,2035,CC,3.9767950867054305,3.97679508670543,0.0,3.97679508670543,2.220446049250313e-16,99.99999999999999,0.0
S3,low,2035,SC,10.405200400137305,10.405200400137305,0.0,10.405200400137305,4.440892098500626e-16,100.0,0.0
S3,low,2035,SW,8.242179321222812,8.242179321222812,0.0,8.242179321222812,0.0,100.0,0.0
S3,low,2035,NW,6.0533792056136475,6.0533792056136475,0.0,6.0533792056136475,0.0,100.0,0.0
S3,low,2040,NC,7.558300180121271,2.665177324441325,4.8931,7.558277324441324,2.2855679945976703e-05,99.99969760820022,64.73829670389445
S3,low,2040,NE,7.525180434534483,7.525180434534482,0.0,7.525180434534482,2.220446049250313e-16,99.99999999999999,0.0
S3,low,2040,EC,14.461925023215707,7.240599534044918,6.1206,13.361199534044918,1.10072548917079,92.3888037906171,45.80876128976627
S3,low,2040,CC,5.69156839462096,5.69156839462096,0.0,5.69156839462096,2.220446049250313e-16,100.00000000000001,0.0
S3,low,2040,SC,14.891868563985067,14.891868563985065,0.0,14.891868563985065,8.881784197001252e-16,99.99999999999999,0.0
S3,low,2040,SW,11.796164072998158,11.796164072998158,0.0,11.796164072998158,0.0,100.0,0.0
S3,low,2040,NW,8.66356475909577,8.66356475909577,0.0,8.66356475909577,0.0,100.0,0.0
S3,low,2045,NC,9.668450568382687,3.3852121929477494,6.2832,9.668412192947748,3.837543493745432e-05,99.99960308598915,64.98688589821437
S3,low,2045,NE,9.6260843464264,9.6260843464264,0.0,9.6260843464264,0.0,100.0,0.0
S3,low,2045,EC,18.49945144787492,9.186354238480838,7.8294,17.015754238480838,1.4836972093940828,91.97977727299303,46.01265327571519
S3,low,2045,CC,7.2805586399823365,7.2805586399823365,0.0,7.2805586399823365,0.0,100.0,0.0
S3,low,2045,SC,19.049427999753185,19.049427999753185,0.0,19.049427999753185,0.0,100.0,0.0
S3,low,2045,SW,15.08945484016018,15.08945484016018,0.0,15.08945484016018,0.0,100.0,0.0
S3,low,2045,NW,11.082286443134594,11.082286443134594,0.0,11.082286443134594,2.220446049250313e-16,100.0,0.0
S3,low,2050,NC,11.557413753931087,3.980207121897455,7.5772,11.557407121897455,6.6320336316039175e-06,99.99994261662883,65.56141805927835
S3,low,2050,NE,11.506770276687599,11.506770276687599,0.0,11.506770276687599,0.0,100.0,0.0
S3,low,2050,EC,22.113761981989924,10.652126616175982,9.3591,20.011226616175982,2.1025353658139454,90.4921859630835,46.76924698076536
S3,low,2050,CC,8.702989994818696,8.702989994818696,0.0,8.702989994818696,0.0,100.0,0.0
S3,low,2050,SC,22.77118961427297,22.77118961427297,0.0,22.77118961427297,0.0,100.0,0.0
S3,low,2050,SW,18.03754093538916,18.03754093538916,0.0,18.03754093538916,0.0,100.0,0.0
S3,low,2050,NW,13.24747630005343,13.24747630005343,0.0,13.24747630005343,0.0,100.0,0.0
S3,low,2055,NC,13.171040172616818,4.479053761212439,8.6919,13.17095376121244,8.641140437859463e-05,99.99934392877672,65.9929429377928
S3,low,2055,NE,13.113325939358697,13.113325939358697,0.0,13.113325939358697,0.0,100.0,0.0
S3,low,2055,EC,25.201247756091416,11.850771308104935,10.6658,22.516571308104936,2.68467644798648,89.34704950338197,47.36866840894555
S3,low,2055,CC,9.918086631159191,9.918086631159191,0.0,9.918086631159191,0.0,100.0,0.0
S3,low,2055,SC,25.95046431437575,25.95046431437575,0.0,25.95046431437575,0.0,100.0,0.0
S3,low,2055,SW,20.555911671365397,20.555911671365397,0.0,20.555911671365397,0.0,100.0,0.0
S3,low,2055,NW,15.097066372175616,15.097066372175616,0.0,15.097066372175616,0.0,100.0,0.0
S3,low,2060,NC,14.455180260290216,4.867016780301427,9.5881,14.455116780301427,6.347998878952765e-05,99.99956084955258,66.33014555140844
S3,low,2060,NE,14.391839048480305,14.391839048480305,0.0,14.391839048480305,0.0,100.0,0.0
S3,low,2060,EC,27.658299900710045,12.75458390000425,11.7057,24.46028390000425,3.1980160007057963,88.43740934118769,47.8559449589952
S3,low,2060,CC,10.885072721032966,10.885072721032966,0.0,10.885072721032966,0.0,100.0,0.0
S3,low,2060,SC,28.480563006892844,28.480563006892844,0.0,28.480563006892844,0.0,100.0,0.0
S3,low,2060,SW,22.56005636076917,22.56005636076917,0.0,22.56005636076917,0.0,100.0,0.0
S3,low,2060,NW,16.568988701824463,16.568988701824463,0.0,16.568988701824463,0.0,100.0,0.0
S3,mid,2025,NC,0.0,0.0,0.0,0.0,0.0,0.0,0.0
S3,mid,2025,NE,0.0,0.0,0.0,0.0,0.0,0.0,0.0
S3,mid,2025,EC,0.0,0.0,0.0,0.0,0.0,0.0,0.0
S3,mid,2025,CC,0.0,0.0,0.0,0.0,0.0,0.0,0.0
S3,mid,2025,SC,0.0,0.0,0.0,0.0,0.0,0.0,0.0
S3,mid,2025,SW,0.0,0.0,0.0,0.0,0.0,0.0,0.0
S3,mid,2025,NW,0.0,0.0,0.0,0.0,0.0,0.0,0.0
S3,mid,2030,NC,17.34621631234826,5.077107200454314,12.2691,17.346207200454316,9.11189394514622e-06,99.99994747042363,70.73073587913017
S3,mid,2030,NE,17.270206858176365,17.270206858176365,0.0,17.270206858176365,0.0,100.0,0.0
S3,mid,2030,EC,33.18995988085206,10.853818280873243,14.0468,24.900618280873243,8.28934159997881,75.02455070829687,56.41145067787204
S3,mid,2030,CC,13.062087265239558,13.06208726523956,0.0,13.062087265239558,0.0,100.0,0.0
S3,mid,2030,SC,34.17667560827141,11.609182495618443,0.0,11.609182495618443,22.56749311265297,33.968144323577214,0.0
S3,mid,2030,SW,27.072067632923005,10.03653837640867,17.0355,27.07203837640867,2.9256514334718983e-05,99.99989193099422,62.926550868239055
S3,mid,2030,NW,19.882786442189357,19.882786442189357,0.0,19.882786442189357,8.881784197001252e-16,100.0,0.0
S3,mid,2035,NC,31.686672919779028,9.203342770814329,22.4833,31.686642770814327,3.0148964697218616e-05,99.99990485285478,70.9551345108379
S3,mid,2035,NE,31.54782496182746,31.54782496182746,0.0,31.54782496182746,0.0,100.0,0.0
S3,mid,2035,EC,60.628749464889786,19.440471661628436,25.6597,45.10017166162844,15.528577803261353,74.3874351024608,56.8949053952969
S3,mid,2035,CC,23.860770520232574,23.860770520232574,0.0,23.860770520232574,1.7763568394002505e-15,100.0,0.0
S3,mid,2035,SC,62.43120240082382,17.99813668933406,0.0,17.99813668933406,44.43306571148976,28.828752286046893,0.0
S3,mid,2035,SW,49.453075927336855,15.6100940218052,33.8429,49.4529940218052,8.19055316583217e-05,99.9998343772756,68.43448140890665
S3,mid,2035,NW,36.320275233681876,36.320275233681876,0.0,36.320275233681876,0.0,100.0,0.0
S3,mid,2040,NC,45.349801080727616,13.166653356194496,32.1831,45.3497533561945,4.7724533118298496e-05,99.9998947635227,70.9664278595332
S3,mid,2040,NE,45.151082607206895,45.151082607206895,0.0,45.151082607206895,0.0,100.00000000000001,0.0
S3,mid,2040,EC,86.77155013929423,27.86999456701715,36.724,64.59399456701715,22.177555572277086,74.44144361063563,56.85358251361641
S3,mid,2040,CC,34.149410367725764,34.149410367725764,0.0,34.149410367725764,0.0,100.0,0.0
S3,mid,2040,SC,89.35121138391038,25.4298488591499,0.0,25.4298488591499,63.921362524760475,28.460552985551455,0.0
S3,mid,2040,SW,70.77698443798894,20.867413310130008,49.9095,70.77691331013001,7.11278589307085e-05,99.9998995042534,70.51663835819843
S3,mid,2040,NW,51.9813885545746,51.9813885545746,0.0,51.9813885545746,0.0,99.99999999999999,0.0
S3,mid,2045,NC,58.01070341029612,16.818523848801046,41.1921,58.010623848801046,7.956149506327392e-05,99.99986285031831,71.00785557377066
S3,mid,2045,NE,57.756506078558395,57.756506078558395,0.0,57.756506078558395,0.0,100.0,0.0
S3,mid,2045,EC,110.99670868724951,35.575129674591025,46.9767,82.55182967459103,28.444879012658475,74.37322299996629,56.90570419235559
S3,mid,2045,CC,43.68335183989401,43.68335183989401,0.0,43.68335183989401,0.0,100.00000000000001,0.0
S3,mid,2045,SC,114.2965679985191,31.37288140205635,0.0,31.37288140205635,82.92368659646274,27.448664427494304,0.0
S3,mid,2045,SW,90.53672904096108,24.83357511112599,65.7031,90.536675111126,5.392983507590543e-05,99.99994043319695,72.5707012316888
S3,mid,2045,NW,66.49371865880755,66.49371865880755,0.0,66.49371865880755,0.0,100.0,0.0
S3,mid,2050,NC,69.3444825235865,20.038037670248926,49.3064,69.34443767024892,4.485333759163268e-05,99.9999353180874,71.10361213752273
S3,mid,2050,NE,69.04062166012558,69.04062166012558,0.0,69.04062166012558,0.0,100.0,0.0
S3,mid,2050,EC,132.68257189193957,42.19658081983604,56.1548,98.35138081983604,34.331191072103515,74.1253198648698,57.09609720972458
S3,mid,2050,CC,52.21793996891217,52.21793996891217,0.0,52.21793996891217,0.0,100.0,0.0
S3,mid,2050,SC,136.62713768563782,34.46519477422457,0.0,34.46519477422457,102.16194291141323,25.225731401564403,0.0
S3,mid,2050,SW,108.22524561233494,26.59960422212026,81.6256,108.22520422212028,4.139021467608472e-05,99.9999617554902,75.42198749976251
S3,mid,2050,NW,79.48485780032058,79.48485780032058,0.0,79.48485780032058,0.0,100.0,0.0
S3,mid,2055,NC,79.02624103570088,22.57408002228821,56.2473,78.82138002228822,0.20486101341266139,99.74076836917992,71.36046080910411
S3,mid,2055,NE,78.67995563615214,78.67995563615214,0.0,78.67995563615214,1.7763568394002505e-15,100.0,0.0
S3,mid,2055,EC,151.20748653654843,47.79940846737949,60.6873,108.4867084673795,42.72077806916894,71.7469160769081,55.93984816881772
S3,mid,2055,CC,59.50851978695513,59.50851978695513,0.0,59.50851978695513,0.0,100.0,0.0
S3,mid,2055,SC,155.70278588625445,36.68463851098946,0.0,36.68463851098946,119.01814737526499,23.560682169032408,0.0
S3,mid,2055,SW,123.33547002819232,27.78627884790249,95.5491,123.33537884790248,9.118028982868508e-05,99.99992607131605,77.47095836777817
S3,mid,2055,NW,90.58239823305367,90.58239823305367,0.0,90.58239823305367,0.0,100.0,0.0
S3,mid,2060,NC,86.7310815617413,23.429131942271745,61.78,85.20913194227174,1.521949619469556,98.24520853186164,72.50396593859831
S3,mid,2060,NE,86.35103429088183,86.35103429088183,0.0,86.35103429088183,0.0,100.00000000000001,0.0
S3,mid,2060,EC,165.94979940426026,52.20811402661068,62.67900000000001,114.88711402661069,51.06268537764958,69.2300409154103,54.55703238004743
S3,mid,2060,CC,65.31043632619779,65.31043632619779,0.0,65.31043632619779,0.0,100.0,0.0
S3,mid,2060,SC,170.88337804135705,38.045067685928764,0.0,38.045067685928764,132.83831035542826,22.263761474051112,0.0
S3,mid,2060,SW,135.36033816461503,28.40279509141248,106.9575,135.36029509141247,4.307320256202729e-05,99.9999681788601,79.01689334214934
S3,mid,2060,NW,99.41393221094678,99.41393221094678,0.0,99.41393221094678,0.0,100.0,0.0
S3,high,2025,NC,0.0,0.0,0.0,0.0,0.0,0.0,0.0
S3,high,2025,NE,0.0,0.0,0.0,0.0,0.0,0.0,0.0
S3,high,2025,EC,0.0,0.0,0.0,0.0,0.0,0.0,0.0
S3,high,2025,CC,0.0,0.0,0.0,0.0,0.0,0.0,0.0
S3,high,2025,SC,0.0,0.0,0.0,0.0,0.0,0.0,0.0
S3,high,2025,SW,0.0,0.0,0.0,0.0,0.0,0.0,0.0
S3,high,2025,NW,0.0,0.0,0.0,0.0,0.0,0.0,0.0
S3,high,2030,NC,43.36554078087065,9.777087810279097,13.2315,23.008587810279096,20.356952970591554,53.057306321955544,57.50678880904122
S3,high,2030,NE,43.175517145440914,43.175517145440914,0.0,43.175517145440914,0.0,100.00000000000001,0.0
S3,high,2030,EC,82.97489970213013,25.057089126451558,18.3834,43.44048912645156,39.53441057567857,52.35377117947436,42.31858427396499
S3,high,2030,CC,32.655218163098894,32.655218163098894,0.0,32.655218163098894,0.0,100.0,0.0
S3,high,2030,SC,85.44168902067852,11.609182495618441,0.0,11.609182495618441,73.83250652506007,13.587257729430883,0.0
S3,high,2030,SW,67.68016908230751,10.03653837640867,57.6436,67.68013837640866,3.07058988511244e-05,99.99995463087745,85.17062964530358
S3,high,2030,NW,49.70696610547339,49.70696610547339,0.0,49.70696610547339,0.0,100.0,0.0
S3,high,2035,NC,83.25104615387436,16.519603961434306,4.5221,21.041703961434305,62.20934219244005,25.2750024576779,21.491130225423774
S3,high,2035,NE,82.88624806399405,82.88624806399405,0.0,82.88624806399405,0.0,100.0,0.0
S3,high,2035,EC,159.29115791776928,47.58811861196973,27.72,75.30811861196973,83.98303930579956,47.2770237823533,36.80878039568245
S3,high,2035,CC,62.68989214727374,62.68989214727374,0.0,62.68989214727374,0.0,100.0,0.0
S3,high,2035,SC,164.02677951299094,17.998136689334064,0.0,17.998136689334064,146.02864282365687,10.97268186498084,0.0
S3,high,2035,SW,129.92908144382372,15.6100940218052,114.3189,129.9289940218052,8.742201850964193e-05,99.99993271558797,87.98567314452887
S3,high,2035,NW,95.42500462120955,95.42500462120955,0.0,95.42500462120955,0.0,100.0,0.0
S3,high,2040,NC,122.09033272801373,22.632643510080314,2.9304,25.563043510080316,96.52728921793343,20.93781132289015,11.463423746254826
S3,high,2040,NE,121.55534461399404,121.55534461399404,0.0,121.55534461399404,0.0,100.0,0.0
S3,high,2040,EC,233.60559859950735,69.7606499965498,38.875,108.6356499965498,124.96994860295754,46.50387261599599,35.78475390098429
S3,high,2040,CC,91.93674007167718,91.93674007167716,0.0,91.93674007167716,3.552713678800501e-15,99.99999999999999,0.0
S3,high,2040,SC,240.55053974974743,25.4298488591499,0.0,25.4298488591499,215.12069089059753,10.571520182663235,0.0
S3,high,2040,SW,190.5451705099492,20.867413310130008,169.6777,190.54511331013,5.719981916740835e-05,99.99996998096617,89.0485707307716
S3,high,2040,NW,139.94383377767957,139.94383377767957,0.0,139.94383377767957,0.0,100.0,0.0
S3,high,2045,NC,159.54379818575376,27.83130049316426,0.0,27.83130049316426,131.71249769258947,17.44430106945355,0.0
S3,high,2045,NE,158.84469258265014,154.3333542898693,0.0,154.3333542898693,4.511338292780824,97.1599061829318,0.0
S3,high,2045,EC,305.2684323586112,90.99939891840714,47.4681,138.46749891840713,166.8009334402041,45.35925901298033,34.28104094519024
S3,high,2045,CC,120.14003382666016,120.14003382666016,0.0,120.14003382666016,3.552713678800501e-15,100.0,0.0
S3,high,2045,SC,314.34386253009114,31.37288140205635,0.0,31.37288140205635,282.9709811280348,9.980433894761703,0.0
S3,high,2045,SW,248.9984223143491,24.83357511112599,224.1648,248.998375111126,4.7203223118685855e-05,99.99998104276217,90.0266115792752
S3,high,2045,NW,182.8741905659807,182.8741905659807,0.0,182.8741905659807,3.552713678800501e-15,100.0,0.0
S3,high,2050,NC,195.27184020955886,31.60163656855453,0.0,31.60163656855453,163.67020364100432,16.183406954449122,0.0
S3,high,2050,NE,194.41617775717125,170.1105972466632,0.0,170.1105972466632,24.305580510508058,87.49816975577717,0.0
S3,high,2050,EC,373.6298698063469,110.93704217369128,51.1268,162.06384217369128,211.56602763265568,43.37550481648839,31.547320681935368
S3,high,2050,CC,147.04404530257327,147.04404530257327,0.0,147.04404530257327,0.0,100.0,0.0
S3,high,2050,SC,384.73764065316436,34.46519477422457,0.0,34.46519477422457,350.2724458789398,8.958103167580232,0.0
S3,high,2050,SW,304.7588228906883,26.59960422212026,278.1592,304.75880422212026,1.866856803189876e-05,99.99999387431417,91.27191606817914
S3,high,2050,NW,223.8268119772098,223.8268119772098,0.0,223.8268119772098,0.0,100.0,0.0
S3,high,2055,NC,228.9348564818941,34.893657809957546,0.0,34.893657809957546,194.04119867193654,15.241740967792381,0.0
S3,high,2055,NE,227.9316859247667,181.5014156572222,0.0,181.5014156572222,46.43027026754452,79.62974297357248,0.0
S3,high,2055,EC,438.0401215539814,129.63061318769334,53.3556,182.98621318769335,255.05390836628803,41.773847687407155,29.15826229229187
S3,high,2055,CC,172.39304638976745,172.39304638976745,0.0,172.39304638976745,0.0,100.0,0.0
S3,high,2055,SC,451.06276691811024,36.68463851098946,0.0,36.68463851098946,414.3781284071208,8.132934305714818,0.0
S3,high,2055,SW,357.296358272632,27.78627884790249,329.51,357.2962788479025,7.94247295061723e-05,99.99997777063,92.22318269378594
S3,high,2055,NW,262.41243500246406,262.41243500246406,0.0,262.41243500246406,0.0,100.0,0.0
S3,high,2060,NC,260.1932446852238,37.684354068475415,0.0,37.684354068475415,222.5088906167485,14.483217700007982,0.0
S3,high,2060,NE,259.0531028726455,188.57543530799407,0.0,188.57543530799407,70.47766756465141,72.79412337350024,0.0
S3,high,2060,EC,497.8493982127808,146.8965863304661,54.1953,201.0918863304661,296.75751188231465,40.392111962445206,26.950515502618384
S3,high,2060,CC,195.93130897859336,195.93130897859336,0.0,195.93130897859336,0.0,100.0,0.0
S3,high,2060,SC,512.6501341240712,38.04506768592877,0.0,38.04506768592877,474.6050664381424,7.421253824683704,0.0
S3,high,2060,SW,406.0810144938451,28.402795091412475,377.6782,406.0809950914125,1.9402432599235908e-05,99.99999522202913,93.00563300554886
S3,high,2060,NW,298.24179663284036,298.24179663284036,0.0,298.24179663284036,0.0,100.0,0.0
S4,low,2025,NC,0.0,0.0,0.0,0.0,0.0,0.0,0.0
S4,low,2025,NE,0.0,0.0,0.0,0.0,0.0,0.0,0.0
S4,low,2025,EC,0.0,0.0,0.0,0.0,0.0,0.0,0.0
S4,low,2025,CC,0.0,0.0,0.0,0.0,0.0,0.0,0.0
S4,low,2025,SC,0.0,0.0,0.0,0.0,0.0,0.0,0.0
S4,low,2025,SW,0.0,0.0,0.0,0.0,0.0,0.0,0.0
S4,low,2025,NW,0.0,0.0,0.0,0.0,0.0,0.0,0.0
S4,low,2030,NC,3.512756378189095,3.1694088831105476,0.3433,3.5127088831105473,4.749507854762136e-05,99.99864792563348,9.773084289752004
S4,low,2030,NE,0.45022511255627806,0.45022511255627806,0.0,0.45022511255627806,0.0,100.0,0.0
S4,low,2030,EC,16.07903951975988,11.664110620272591,1.4007,13.064810620272592,3.0142288994872897,81.25367565778393,10.721165738342519
S4,low,2030,CC,7.440720360180093,7.4407203601800935,0.0,7.440720360180093,0.0,100.0,0.0
S4,low,2030,SC,6.703351675837919,6.703351675837919,0.0,6.703351675837919,0.0,100.0,0.0
S4,low,2030,SW,5.912956478239121,5.912956478239121,0.0,5.912956478239121,0.0,100.0,0.0
S4,low,2030,NW,1.9009504752376196,1.9009504752376196,0.0,1.9009504752376196,0.0,100.0,0.0
S4,low,2035,NC,8.47547267464437,7.425358672267744,1.0501,8.475458672267743,1.400237662707582e-05,99.99983478943105,12.389889923432653
S4,low,2035,NE,1.0862895766419731,1.0862895766419731,0.0,1.0862895766419731,0.0,100.0,0.0
S4,low,2035,EC,38.795021747140325,26.944741080070948,3.3795,30.324241080070948,8.470780667069373,78.16528955111674,11.144549309829236
S4,low,2035,CC,17.95274573663634,17.95274573663634,0.0,17.95274573663634,0.0,100.0,0.0
S4,low,2035,SC,16.173644807780484,16.173644807780484,0.0,16.173644807780484,0.0,100.0,0.0
S4,low,2035,SW,14.266603106564578,14.266603106564578,0.0,14.266603106564578,0.0,100.0,0.0
S4,low,2035,NW,4.586555990266108,4.586555990266108,0.0,4.586555990266108,0.0,100.0,0.0
S4,low,2040,NC,14.83526979082803,12.86493064019277,1.9703,14.83523064019277,3.9150635262164e-05,99.99973609758491,13.281222569347246
S4,low,2040,NE,1.9014159515444642,1.9014159515444642,0.0,1.9014159515444642,0.0,100.0,0.0
S4,low,2040,EC,67.90590168282462,46.52615938560118,5.915500000000001,52.441659385601184,15.46424229722344,77.22695389650531,11.280154116603352
S4,low,2040,CC,31.424067625858186,31.424067625858186,0.0,31.424067625858186,0.0,100.00000000000001,0.0
S4,low,2040,SC,28.309970834106466,28.309970834106466,0.0,28.309970834106466,0.0,100.0,0.0
S4,low,2040,SW,24.97192949695063,24.97192949695063,0.0,24.97192949695063,0.0,100.0,0.0
S4,low,2040,NW,8.02820068429885,8.02820068429885,0.0,8.02820068429885,0.0,100.0,0.0
S4,low,2045,NC,21.730295009748588,18.71532251155725,3.0149,21.73022251155725,7.249819133825497e-05,99.99966637272387,13.874225164498528
S4,low,2045,NE,2.7851417699763212,2.7851417699763217,0.0,2.7851417699763212,0.0,100.00000000000001,0.0
S4,low,2045,EC,99.46669641175436,67.49648036178485,8.6648,76.16128036178485,23.3054160499695,76.56962894043053,11.376909577727771
S4,low,2045,CC,46.029109651808675,46.02910965180868,0.0,46.029109651808675,0.0,100.0,0.0
S4,low,2045,SC,41.467666352980785,41.467666352980785,0.0,41.467666352980785,0.0,100.0,0.0
S4,low,2045,SW,36.57819524568902,36.57819524568902,0.0,36.57819524568902,0.0,100.0,0.0
S4,low,2045,NW,11.759487473233358,11.759487473233358,0.0,11.759487473233358,0.0,99.99999999999999,0.0
S4,low,2050,NC,28.12437271692187,24.086797941580496,4.0375,28.124297941580494,7.477534137390052e-05,99.99973412618967,14.355913908985936
S4,low,2050,NE,3.6046618406764006,3.6046618406764006,0.0,3.6046618406764006,0.0,100.0,0.0
S4,low,2050,EC,128.73448987002317,86.64167077790916,11.2145,97.85617077790916,30.878319092114022,76.0139500119274,11.460186834259051
S4,low,2050,CC,59.57304468691199,59.57304468691199,0.0,59.57304468691199,0.0,100.0,0.0
S4,low,2050,SC,53.66940962784862,53.66940962784862,0.0,53.66940962784862,0.0,100.00000000000001,0.0
S4,low,2050,SW,47.34122550755005,47.34122550755005,0.0,47.34122550755005,0.0,100.0,0.0
S4,low,2050,NW,15.219683327300359,15.219683327300359,0.0,15.219683327300359,0.0,100.0,0.0
S4,low,2055,NC,32.924428203657165,28.117018073774,4.8074,32.924418073774,1.012988316428931e-05,99.99996923292608,14.601321090104072
S4,low,2055,NE,4.219878294402085,4.219878294402085,0.0,4.219878294402085,0.0,100.0,0.0
S4,low,2055,EC,150.70592015407982,101.00555409111006,13.1285,114.13405409111006,36.57186606296975,75.7329599092198,11.502701892565634
S4,low,2055,CC,69.74052194548516,69.74052194548516,0.0,69.74052194548516,0.0,100.0,0.0
S4,low,2055,SC,62.8292990499866,62.00390827740197,0.0,62.00390827740197,0.8253907725846332,98.68629638550009,0.0
S4,low,2055,SW,55.421068266480724,55.421068266480724,0.0,55.421068266480724,0.0,100.0,0.0
S4,low,2055,NW,17.817263909697697,17.817263909697697,0.0,17.817263909697697,0.0,100.0,0.0
S4,low,2060,NC,35.12756378189095,29.974783606893816,5.1527,35.12748360689381,8.01749971364174e-05,99.99977176043964,14.66857136042838
S4,low,2060,NE,4.502251125562783,4.502251125562783,0.0,4.502251125562783,0.0,100.0,0.0
S4,low,2060,EC,160.79039519759883,107.6552735725319,14.007,121.66227357253189,39.12812162506694,75.6651374747966,11.513018447456014
S4,low,2060,CC,74.40720360180093,74.40720360180093,0.0,74.40720360180093,0.0,100.0,0.0
S4,low,2060,SC,67.03351675837919,65.05857443930546,0.0,65.05857443930546,1.9749423190737327,97.05379873445642,0.0
S4,low,2060,SW,59.129564782391206,59.129564782391206,0.0,59.129564782391206,0.0,100.0,0.0
S4,low,2060,NW,19.0095047523762,19.0095047523762,0.0,19.0095047523762,0.0,100.0,0.0
S4,mid,2025,NC,0.3512756378189093,0.3512756378189093,0.0,0.3512756378189093,0.0,99.99999999999999,0.0
S4,mid,2025,NE,0.0450225112556277,0.0450225112556277,0.0,0.0450225112556277,0.0,100.0,0.0
S4,mid,2025,EC,1.607903951975988,1.378089044522261,0.14,1.518089044522261,0.0898149074537269,94.41416215543525,9.222120435238216
S4,mid,2025,CC,0.7440720360180092,0.7440720360180092,0.0,0.7440720360180092,0.0,100.0,0.0
S4,mid,2025,SC,0.6703351675837919,0.6703351675837919,0.0,0.6703351675837919,0.0,100.00000000000001,0.0
S4,mid,2025,SW,0.5912956478239118,0.5912956478239118,0.0,0.5912956478239118,0.0,100.0,0.0
S4,mid,2025,NW,0.1900950475237618,0.1900950475237618,0.0,0.1900950475237618,0.0,100.0,0.0
S4,mid,2030,NC,10.538269134567287,8.994321339338663,1.5439,10.538221339338664,4.779522862286001e-05,99.99954646035309,14.650479908186187
S4,mid,2030,NE,1.3506753376688345,1.3506753376688345,0.0,1.3506753376688345,0.0,100.0,0.0
S4,mid,2030,EC,48.237118559279644,32.22238975984238,4.2021,36.42448975984238,11.812628799437269,75.51132996279522,11.536469083591038
S4,mid,2030,CC,22.322161080540276,22.322161080540276,0.0,22.322161080540276,8.881784197001252e-16,100.0,0.0
S4,mid,2030,SC,20.11005502751376,19.713234521631446,0.0,19.713234521631446,0.3968205058823102,98.02675574313746,0.0
S4,mid,2030,SW,17.73886943471736,17.73886943471736,0.0,17.73886943471736,0.0,100.0,0.0
S4,mid,2030,NW,5.702851425712858,5.702851425712858,0.0,5.702851425712858,0.0,100.0,0.0
S4,mid,2035,NC,24.46439914171814,20.681913769291878,3.7824,24.464313769291877,8.537242626083241e-05,99.99965103403615,15.460887379345781
S4,mid,2035,NE,3.135568104179198,3.135568104179198,0.0,3.135568104179198,0.0,100.0,0.0
S4,mid,2035,EC,111.98158889391974,71.99209620216493,6.0083,78.00039620216492,33.981192691754806,69.65466106759278,7.702909590904409
S4,mid,2035,CC,51.82048886840155,51.82048886840155,0.0,51.82048886840155,0.0,100.0,0.0
S4,mid,2035,SC,46.68512510666804,36.811545314409244,0.0,36.811545314409244,9.873579792258806,78.85069437063895,0.0
S4,mid,2035,SW,41.180461101553455,41.180461101553455,0.0,41.180461101553455,0.0,100.0,0.0
S4,mid,2035,NW,13.239065328756613,13.239065328756613,0.0,13.239065328756613,0.0,100.0,0.0
S4,mid,2040,NC,42.23974525549414,35.586214626989424,6.6535,42.23971462698942,3.0628504719132366e-05,99.9999274888981,15.75176361572455
S4,mid,2040,NE,5.413809559946557,5.413809559946558,0.0,5.413809559946557,0.0,100.00000000000001,0.0
S4,mid,2040,EC,193.345185417558,113.82018831621656,12.8977,126.71788831621656,66.62729710134147,65.53971749674047,10.178278829753378
S4,mid,2040,CC,89.4722259940501,89.4722259940501,0.0,89.4722259940501,0.0,100.00000000000001,0.0
S4,mid,2040,SC,80.60560900364874,57.912706218829236,0.0,57.912706218829236,22.69290278481949,71.84699295083513,0.0
S4,mid,2040,SW,71.10136555396478,71.10136555396478,0.0,71.10136555396478,0.0,100.0,0.0
S4,mid,2040,NW,22.858307030885467,22.858307030885467,0.0,22.858307030885467,0.0,100.0,0.0
S4,mid,2045,NC,61.73717197880181,51.885364908855436,9.8518,61.73716490885544,7.069946374116398e-06,99.99998854831514,15.957648872513873
S4,mid,2045,NE,7.9127676987926,7.9127676987926,0.0,7.9127676987926,0.0,100.0,0.0
S4,mid,2045,EC,282.59131041621305,148.93827428271717,35.6275,184.56577428271717,98.02553613349585,65.3119071534367,19.303416431600112
S4,mid,2045,CC,130.7716741687124,130.7716741687124,0.0,130.7716741687124,0.0,100.0,0.0
S4,mid,2045,SC,117.81231907091203,78.84948759481195,0.0,78.84948759481195,38.96283147610009,66.92804981400282,0.0
S4,mid,2045,SW,103.92101577747614,103.92101577747614,0.0,103.92101577747614,0.0,100.00000000000001,0.0
S4,mid,2045,NW,33.40946361712431,33.40946361712431,0.0,33.40946361712431,0.0,100.0,0.0
S4,mid,2050,NC,80.48124409838198,67.49632587989731,12.984899999999998,80.48122587989731,1.821848465688447e-05,99.99997736306779,16.13407332957062
S4,mid,2050,NE,10.315169423033861,10.315169423033861,0.0,10.315169423033861,0.0,99.99999999999999,0.0
S4,mid,2050,EC,368.38908399461593,169.13829468387297,64.22640000000001,233.364694683873,135.02438931074295,63.34734247643551,27.521900897221908
S4,mid,2050,CC,170.47536666467298,170.47536666467298,0.0,170.47536666467298,0.0,100.0,0.0
S4,mid,2050,SC,153.58141140961527,96.35621131242775,0.0,96.35621131242775,57.22520009718752,62.73950110761593,0.0
S4,mid,2050,SW,135.47255842251138,135.47255842251138,0.0,135.47255842251138,0.0,100.0,0.0
S4,mid,2050,NW,43.55293756392076,43.55293756392076,0.0,43.55293756392076,2.220446049250313e-16,100.0,0.0
S4,mid,2055,NC,95.85988799548417,78.87593820738047,15.5625,94.43843820738047,1.4214497881036952,98.5171589307817,16.478989165222952
S4,mid,2055,NE,12.286228880081994,12.286228880081994,0.0,12.286228880081994,0.0,100.0,0.0
S4,mid,2055,EC,438.78218740399484,183.39516802649425,88.5313,271.9264680264942,166.85571937750066,61.972996131706346,32.557073477442536
S4,mid,2055,CC,203.05040929148845,203.05040929148845,0.0,203.05040929148845,0.0,100.00000000000001,0.0
S4,mid,2055,SC,182.92829665899853,110.4020117914814,0.0,110.4020117914814,72.52628486751715,60.35261564660207,0.0
S4,mid,2055,SW,161.3591392917435,161.3591392917435,0.0,161.3591392917435,0.0,100.0,0.0
S4,mid,2055,NW,51.87518860479064,51.87518860479064,0.0,51.87518860479064,7.105427357601002e-15,100.0,0.0
S4,mid,2060,NC,105.38269134567285,85.33603813779924,17.1587,102.49473813779923,2.8879532078736205,97.2595564119722,16.741054528019724
S4,mid,2060,NE,13.506753376688348,13.506753376688348,0.0,13.506753376688348,0.0,100.0,0.0
S4,mid,2060,EC,482.37118559279645,191.9611544723443,103.79240000000001,295.7535544723443,186.61763112045216,61.312442224111365,35.09421896388588
S4,mid,2060,CC,223.22161080540278,218.36641052261052,4.8552,223.22161052261055,2.827922429560204e-07,99.99999987331323,2.175058225157016
S4,mid,2060,SC,201.1005502751376,119.08558794605884,0.0,119.08558794605884,82.01496232907876,59.21693788660985,0.0
S4,mid,2060,SW,177.3886943471736,175.64423164446748,1.7444,177.3886316444675,6.270270611707929e-05,99.99996465236617,0.9833775613626846
S4,mid,2060,NW,57.028514257128585,57.028514257128585,0.0,57.028514257128585,0.0,100.0,0.0
S4,high,2025,NC,1.0538269134567284,1.0252321151110972,0.0285,1.0537321151110972,9.479834563128064e-05,99.99100437231003,2.7046722398695406
S4,high,2025,NE,0.1350675337668834,0.1350675337668834,0.0,0.1350675337668834,0.0,100.0,0.0
S4,high,2025,EC,4.823711855927964,3.9140144305515876,0.4201999999999999,4.3342144305515875,0.4894974253763765,89.85226647037753,9.694951801139284
S4,high,2025,CC,2.2322161080540277,2.2322161080540277,0.0,2.2322161080540277,0.0,100.0,0.0
S4,high,2025,SC,2.0110055027513756,2.011005502751376,0.0,2.0110055027513756,0.0,100.0,0.0
S4,high,2025,SW,1.773886943471736,1.773886943471736,0.0,1.773886943471736,0.0,100.0,0.0
S4,high,2025,NW,0.5702851425712856,0.5702851425712856,0.0,0.5702851425712856,0.0,100.0,0.0
S4,high,2030,NC,21.076538269134574,17.731690023680837,3.3448,21.076490023680837,4.824545373560696e-05,99.99977109403298,15.869815117421807
S4,high,2030,NE,2.701350675337669,2.701350675337669,0.0,2.701350675337669,0.0,100.0,0.0
S4,high,2030,EC,96.4742371185593,54.6063125198574,8.4534,63.05971251985739,33.414524598701895,65.36430284736217,13.405389371760995
S4,high,2030,CC,44.64432216108056,44.64432216108055,0.0,44.64432216108055,1.7763568394002505e-15,99.99999999999999,0.0
S4,high,2030,SC,40.22011005502752,27.81728654764445,0.0,27.81728654764445,12.40282350738306,69.162631602912,0.0
S4,high,2030,SW,35.47773886943472,35.47773886943472,0.0,35.47773886943472,0.0,100.0,0.0
S4,high,2030,NW,11.405702851425715,11.405702851425715,0.0,11.405702851425715,0.0,100.0,0.0
S4,high,2035,NC,43.796497004250895,36.71032074104718,7.0861,43.79642074104718,7.626320371656448e-05,99.99982586917007,16.1796326734041
S4,high,2035,NE,5.613336272262291,5.613336272262291,0.0,5.613336272262291,0.0,100.00000000000001,0.0
S4,high,2035,EC,200.4709494033939,92.40957265632548,34.0873,126.49687265632548,73.97407674706841,63.09985213956589,26.947148403115452
S4,high,2035,CC,92.76973745958813,92.76973745958813,0.0,92.76973745958813,0.0,100.0,0.0
S4,high,2035,SC,83.57634005368297,51.678154322907794,0.0,51.678154322907794,31.898185730775182,61.83347379140287,0.0
S4,high,2035,SW,73.72181637571141,73.72181637571141,0.0,73.72181637571141,0.0,100.0,0.0
S4,high,2035,NW,23.700753149551893,23.700753149551893,0.0,23.700753149551893,0.0,100.0,0.0
S4,high,2040,NC,70.28426286386483,58.64128605887716,11.446,70.08728605887717,0.19697680498765813,99.71974266078712,16.331064653273536
S4,high,2040,NE,9.008236482124515,9.008236482124515,0.0,9.008236482124515,0.0,100.0,0.0
S4,high,2040,EC,321.71415223160676,131.88175433073937,66.0154,197.89715433073937,123.81699790086739,61.51335058094376,33.358438236898806
S4,high,2040,CC,148.87612159457782,148.87612159457782,0.0,148.87612159457782,0.0,100.0,0.0
S4,high,2040,SC,134.1226320671872,79.47926775189697,0.0,79.47926775189697,54.64336431529023,59.25865495398475,0.0
S4,high,2040,SW,118.30817246523527,118.30817246523527,0.0,118.30817246523527,0.0,100.0,0.0
S4,high,2040,NW,38.034776257859065,38.034776257859065,0.0,38.034776257859065,0.0,100.0,0.0
S4,high,2045,NC,98.47451655493691,79.2289800811138,16.1299,95.3588800811138,3.115636473823127,96.83609873617917,16.914942778564143
S4,high,2045,NE,12.621342195876279,12.621342195876279,0.0,12.621342195876279,0.0,100.0,0.0
S4,high,2045,EC,450.7502009553948,165.99911870773792,105.2097,271.2088187077379,179.54138224765688,60.168318978647804,38.79287572627823
S4,high,2045,CC,208.58871535718197,203.18242275210048,5.4062,208.5886227521005,9.260508149822044e-05,99.99995560398303,2.591800036200948
S4,high,2045,SC,187.9177615830468,107.100934577314,0.0,107.100934577314,80.81682700573279,56.993513372594485,0.0
S4,high,2045,SW,165.76029417250845,165.13665841681484,0.6236,165.76025841681485,3.575569360947384e-05,99.99997842927716,0.3762059772083111
S4,high,2045,NW,53.29011149369985,53.29011149369985,0.0,53.29011149369985,0.0,100.00000000000001,0.0
S4,high,2050,NC,126.4955313818133,98.41928382790303,20.8483,119.26758382790302,7.227947553910269,94.28600562015627,17.48027362580181
S4,high,2050,NE,16.212756799150096,16.212756799150096,0.0,16.212756799150096,0.0,100.0,0.0
S4,high,2050,EC,579.0115878203137,188.91487101844945,151.3797,340.2945710184494,238.71701680186425,58.771633966685656,44.48490011079043
S4,high,2050,CC,267.9428273672873,247.46509424769874,20.4777,267.94279424769877,3.3119588536578703e-05,99.99998763930766,7.642564174004046
S4,high,2050,SC,241.3899345651236,128.05173869612466,3.6899,131.74163869612465,109.64829586899897,54.57627673393424,2.8008608641274955
S4,high,2050,SW,212.92753929550457,197.41136980649063,11.5754,208.98676980649063,3.9407694890139418,98.1492438685703,5.538819519875892
S4,high,2050,NW,68.45386204085597,68.45386204085597,0.0,68.45386204085597,0.0,100.0,0.0
S4,high,2055,NC,152.69100770259075,116.10509665977158,25.2744,141.37949665977158,11.31151104281918,92.59189443241375,17.876991075178747
S4,high,2055,NE,19.57019466424547,19.57019466424547,0.0,19.57019466424547,0.0,100.0,0.0
S4,high,2055,EC,698.9168854424198,207.8207332893891,196.1722,403.9929332893891,294.92395215303065,57.802714700998884,48.55832462284124
S4,high,2055,CC,323.4300838177635,287.9206826495767,35.5094,323.43008264957666,1.1681868130608564e-06,99.99999963881318,10.97900347089018
S4,high,2055,SC,291.37845388987694,135.62861421626997,14.3121,149.94071421626998,141.43773967360698,51.45909459487294,9.545172620264204
S4,high,2055,SW,257.02188992375716,223.56471899050348,6.1353,229.70001899050348,27.321870933253678,89.36982723870001,2.671005438729917
S4,high,2055,NW,82.62971080459198,82.62971080459198,0.0,82.62971080459198,0.0,100.0,0.0
S4,high,2060,NC,175.63781890945475,131.3590496435521,29.1647,160.52374964355212,15.114069265902645,91.39475236042742,18.168464208418445
S4,high,2060,NE,22.51125562781391,22.51125562781391,0.0,22.51125562781391,0.0,99.99999999999999,0.0
S4,high,2060,EC,803.951975987994,222.1562520211187,236.8589,459.0151520211187,344.93682396687535,57.0948471713158,51.601542771969854
S4,high,2060,CC,372.03601800900464,317.1367137716872,54.89919999999999,372.0359137716872,0.00010423731745845544,99.99997198192852,14.75642484174009
S4,high,2060,SC,335.16758379189594,140.13194312865522,14.5779,154.70984312865522,180.45774066324077,46.158951703609226,9.422735945687151
S4,high,2060,SW,295.647823911956,245.26763704103254,10.6167,255.88433704103255,39.76348687092348,86.55038743570627,4.149023001082536
S4,high,2060,NW,95.04752376188098,95.04752376188098,0.0,95.04752376188098,0.0,100.0,0.0
S5,low,2025,NC,2.0989661367156374,1.8545793795690753,0.2443,2.098879379569075,8.675714656208866e-05,99.99586667240386,11.639544529241014
S5,low,2025,NE,0.45989135515218543,0.45989135515218543,0.0,0.45989135515218543,5.551115123125783e-17,100.0,0.0
S5,low,2025,EC,6.363804053634819,4.272635973674807,0.7161,4.988735973674807,1.3750680799600123,78.39235670409094,14.354337527157321
S5,low,2025,CC,1.6942208237577114,1.6942208237577114,0.0,1.6942208237577114,0.0,100.0,0.0
S5,low,2025,SC,2.8804550747444635,2.8804550747444635,0.0,2.8804550747444635,0.0,100.0,0.0
S5,low,2025,SW,0.8893161083787198,0.8893161083787198,0.0,0.8893161083787198,0.0,100.0,0.0
S5,low,2025,NW,0.21334644761646418,0.21334644761646418,0.0,0.21334644761646418,0.0,100.00000000000001,0.0
S5,low,2030,NC,27.39345379740351,21.003609302942138,6.3896999999999995,27.393309302942136,0.0001444944613750998,99.99947252193007,23.325768819445717
S5,low,2030,NE,7.927506473774194,7.927506473774194,0.0,7.927506473774194,0.0,100.0,0.0
S5,low,2030,EC,85.24874003625008,47.66588596592372,6.132300000000001,53.798185965923714,31.450554070326362,63.10730920251403,11.398711480502815
S5,low,2030,CC,26.5599431419638,26.5599431419638,0.0,26.5599431419638,0.0,100.0,0.0
S5,low,2030,SC,41.204015024661125,22.717313100547575,0.0,22.717313100547575,18.486701924113547,55.1337365714263,0.0
S5,low,2030,SW,19.318128834180154,19.318128834180154,0.0,19.318128834180154,0.0,100.0,0.0
S5,low,2030,NW,7.348212691767155,7.348212691767155,0.0,7.348212691767155,0.0,100.0,0.0
S5,low,2035,NC,61.55814838992302,43.60337552883661,14.986600000000001,58.58997552883661,2.968172861086413,95.17826162949974,25.578778391235115
S5,low,2035,NE,15.997434089616057,15.997434089616057,0.0,15.997434089616057,0.0,100.0,0.0
S5,low,2035,EC,193.9792184582193,105.69865602296105,4.1121,109.81075602296104,84.16846243525825,56.60954657707981,3.7447151344083034
S5,low,2035,CC,65.2519952677961,65.2519952677961,0.0,65.2519952677961,0.0,100.0,0.0
S5,low,2035,SC,92.43676064941553,43.92497004537753,0.0,43.92497004537753,48.511790604038,47.51894131380432,0.0
S5,low,2035,SW,45.249239900446966,45.249239900446966,0.0,45.249239900446966,0.0,100.0,0.0
S5,low,2035,NW,16.095358496161552,16.095358496161552,0.0,16.095358496161552,2.498001805406602e-16,100.0,0.0
S5,low,2040,NC,104.9242750983394,70.38551386374338,26.252300000000005,96.63781386374338,8.286461234596018,92.1024365173554,27.165660056233286
S5,low,2040,NE,25.095535184825653,25.095535184825653,0.0,25.095535184825653,0.0,100.0,0.0
S5,low,2040,EC,333.03501794730954,163.02173675583072,27.653700000000004,190.67543675583073,142.35958119147878,57.253870157881735,14.503021716117491
S5,low,2040,CC,117.67511677382831,117.67511677382832,0.0,117.67511677382831,0.0,100.0,0.0
S5,low,2040,SC,157.22207120712795,70.66923412405231,0.0,70.66923412405231,86.55283708307566,44.94867265229641,0.0
S5,low,2040,SW,79.05469689340342,79.05469689340342,0.0,79.05469689340342,0.0,100.0,0.0
S5,low,2040,NW,26.836298434338353,26.836298434338353,0.0,26.836298434338353,0.0,100.00000000000001,0.0
S5,low,2045,NC,156.73814429530597,100.93594465407493,40.067600000000006,141.00354465407491,15.734599641231057,89.96121862232468,28.416023227145217
S5,low,2045,NE,35.10902484957193,35.10902484957193,0.0,35.10902484957193,0.0,100.0,0.0
S5,low,2045,EC,498.8567081493489,218.34774296546573,64.2921,282.63984296546573,216.21686518388316,56.657520756611405,22.74700527903121
S5,low,2045,CC,182.00139434317452,182.00139434317452,0.0,182.00139434317452,1.7763568394002505e-15,100.00000000000001,0.0
S5,low,2045,SC,234.02628253182854,99.81575228438395,0.0,99.81575228438395,134.21053024744458,42.65151384046302,0.0
S5,low,2045,SW,119.21942573851568,115.41462835668821,3.8047000000000004,119.21932835668821,9.738182748009194e-05,99.99991831714766,3.191344937472596
S5,low,2045,NW,39.04740791973109,39.04740791973109,0.0,39.04740791973109,2.220446049250313e-16,100.0,0.0
S5,low,2050,NC,216.0717434559833,134.19519295064788,56.25589999999999,190.45109295064788,25.62065050533544,88.14252613713246,29.538239517784096
S5,low,2050,NE,45.902775450050065,45.902775450050065,0.0,45.902775450050065,3.552713678800501e-15,100.0,0.0
S5,low,2050,EC,687.0869255613172,263.1115926105459,115.38419999999999,378.49579261054595,308.59113295077134,55.08703171746908,30.484935963006812
S5,low,2050,CC,256.0336639074099,252.52494583928393,3.5086,256.03354583928393,0.00011806812594583604,99.99995388570231,1.3703673042134878
S5,low,2050,SC,320.9830721228275,129.26551318952292,0.0,129.26551318952292,191.71755893330453,40.271754000802304,0.0
S5,low,2050,SW,163.93491791972846,153.5247115944337,10.4101,163.93481159443368,0.00010632529475443354,99.99993514176471,6.350146072546234
S5,low,2050,NW,52.11072642010647,52.11072642010646,0.0,52.11072642010646,1.7763568394002505e-15,99.99999999999999,0.0
S5,low,2055,NC,281.9401609613255,170.53045453265608,74.55649999999999,245.08695453265605,36.853206428669445,86.92871341811971,30.42042777926227
S5,low,2055,NE,57.33436667447381,57.33436667447381,0.0,57.33436667447381,0.0,100.0,0.0
S5,low,2055,EC,893.1078608405501,308.3285729370495,173.70959999999997,482.03817293704947,411.0696879035006,53.97311949347063,36.036482119577926
S5,low,2055,CC,337.45423774000255,298.76623410546017,38.1854,336.95163410546013,0.5026036345423961,99.85106020955361,11.332605672435653
S5,low,2055,SC,416.1175376072667,146.5874042800306,3.3534,149.94080428003062,266.17673332723604,36.0332816401373,2.2364826013185604
S5,low,2055,SW,211.2968877501632,183.9921600699546,17.5546,201.5467600699546,9.750127680208601,95.38557913274278,8.709939070172599
S5,low,2055,NW,65.37750209619834,65.37750209619834,0.0,65.37750209619834,0.0,100.0,0.0
S5,low,2060,NC,353.4486622129137,209.3949824820215,94.7674,304.1623824820215,49.28627973089222,86.05560439179067,31.15684432331192
S5,low,2060,NE,69.27293607470892,69.27293607470892,0.0,69.27293607470892,0.0,100.0,0.0
S5,low,2060,EC,1112.714474481608,353.7541380172862,237.4015,591.1556380172863,521.5588364643218,53.127343229061,40.158882827580854
S5,low,2060,CC,424.1364410743762,320.9580177633168,101.62490000000001,422.5829177633168,1.5535233110593727,99.63372085946584,24.048511127210023
S5,low,2060,SC,517.6268603599955,153.81309816396998,0.8966999999999999,154.70979816397,362.91706219602554,29.88828633359048,0.5796012991042931
S5,low,2060,SW,259.55284281890437,208.81028947310276,24.9243,233.73458947310277,25.81825334580159,90.05279500490174,10.663505156077118
S5,low,2060,NW,78.24778297749353,78.24778297749353,0.0,78.24778297749353,0.0,100.0,0.0
S5,mid,2025,NC,9.686833229673146,7.798888442225313,1.8878999999999995,9.686788442225312,4.478744783422209e-05,99.999537646135,19.489431520673314
S5,mid,2025,NE,1.9284850357188426,1.9284850357188426,0.0,1.9284850357188426,1.3877787807814457e-17,100.0,0.0
S5,mid,2025,EC,29.941973906713436,17.482227143330274,3.2601999999999993,20.742427143330275,9.199546763383161,69.27541653718265,15.717543455604307
S5,mid,2025,CC,9.215176154806565,9.215176154806565,0.0,9.215176154806565,2.775557561562892e-17,100.0,0.0
S5,mid,2025,SC,13.532828197764417,10.887905058011707,0.0,10.887905058011707,2.6449231397527098,80.45550345352316,0.0
S5,mid,2025,SW,5.037876189717512,5.037876189717512,0.0,5.037876189717512,0.0,100.0,0.0
S5,mid,2025,NW,1.2568272856060834,1.2568272856060836,0.0,1.2568272856060834,0.0,100.0,0.0
S5,mid,2030,NC,90.85346954838467,52.20352477296792,25.471400000000003,77.67492477296791,13.178544775416752,85.49472591313817,32.792307265760556
S5,mid,2030,NE,32.417622850410766,32.417622850410766,0.0,32.417622850410766,0.0,100.0,0.0
S5,mid,2030,EC,272.3412000491763,105.78998254561711,34.406600000000005,140.1965825456171,132.1446175035592,51.47828625279686,24.541682382881763
S5,mid,2030,CC,86.21087305851117,86.21087305851117,0.0,86.21087305851117,0.0,100.0,0.0
S5,mid,2030,SC,140.7003828781191,44.93357431040584,0.0,44.93357431040584,95.76680856771324,31.935644659424483,0.0
S5,mid,2030,SW,71.49042031900197,48.669239492713906,22.821,71.49023949271391,0.00018082628805693446,99.99974706221161,31.921840186765436
S5,mid,2030,NW,31.986031296396146,31.986031296396146,0.0,31.986031296396146,8.881784197001252e-16,100.0,0.0
S5,mid,2035,NC,188.5753428285869,106.61880947136872,28.2084,134.82720947136872,53.74813335721819,71.49779363992741,20.92188966203458
S5,mid,2035,NE,62.57396227939477,62.57396227939477,0.0,62.57396227939477,0.0,100.0,0.0
S5,mid,2035,EC,574.3111769481992,185.8298648278401,103.52470000000001,289.35456482784014,284.9566121203591,50.38288935371684,35.77780086572853
S5,mid,2035,CC,189.06316483897436,157.75284161717497,28.5489,186.30174161717494,2.7614232217994203,98.53941764692699,15.324011333540914
S5,mid,2035,SC,291.1995936430024,77.26323327295732,0.0815999999999999,77.34483327295732,213.85476037004506,26.56076277626218,0.1055015526532014
S5,mid,2035,SW,150.14901075091586,103.18724022918335,46.9616,150.14884022918332,0.00017052173253520597,99.99988643166432,31.276698460220555
S5,mid,2035,NW,63.83707013145909,63.83707013145909,0.0,63.83707013145909,0.0,100.0,0.0
S5,mid,2040,NC,304.77412982275024,171.61188704326656,34.9818,206.59368704326658,98.18044277948364,67.78583443529699,16.932656801208942
S5,mid,2040,NE,95.27413778630805,95.27413778630805,0.0,95.27413778630805,0.0,99.99999999999999,0.0
S5,mid,2040,EC,939.122933364776,255.1703424677418,195.2467,450.4170424677418,488.70589089703424,47.96145706440648,43.34798233439031
S5,mid,2040,CC,315.5432409467577,219.65696087366098,88.89959999999999,308.55656087366094,6.98668007309673,97.7858248358818,28.81144375873443
S5,mid,2040,SC,468.9114255417562,107.00973306928225,0.0,107.00973306928225,361.90169247247394,22.820884124469497,0.0
S5,mid,2040,SW,242.62022030184443,158.6824950593553,72.2998,230.98229505935527,11.637925242489143,95.20323358539103,31.301013777450432
S5,mid,2040,NW,99.00761512988022,99.00761512988022,0.0,99.00761512988022,0.0,99.99999999999999,0.0
S5,mid,2045,NC,437.716950179453,245.93466877994905,32.7827,278.717368779949,158.999581399504,63.67525147602392,11.761986755078176
S5,mid,2045,NE,130.07827801018814,130.07827801018814,0.0,130.07827801018814,0.0,100.0,0.0
S5,mid,2045,EC,1358.5988450204252,309.1402771111303,202.5655,511.70577711113026,846.8930679092948,37.66422877412628,39.586322660572115
S5,mid,2045,CC,461.488935345723,268.5128715596608,180.5559,449.06877155966083,12.420163786062178,97.30867571575521,40.206737015560286
S5,mid,2045,SC,670.1238855208036,130.27712884232452,0.0,130.27712884232452,539.846756678479,19.440752920047967,0.0
S5,mid,2045,SW,345.1251641093005,212.91292077396005,98.8706,311.78352077396005,33.34164333534043,90.33926041835036,31.711297554972507
S5,mid,2045,NW,136.04821369321635,136.04821369321635,0.0,136.04821369321635,2.220446049250313e-16,100.0,0.0
S5,mid,2050,NC,585.3226238311079,327.88186801482084,15.0871,342.96896801482086,242.35365581628702,58.59485932219544,4.398969413275908
S5,mid,2050,NE,166.50187049856743,166.50187049856743,0.0,166.50187049856743,0.0,100.00000000000001,0.0
S5,mid,2050,EC,1822.967005455377,335.37069977938324,217.8665,553.2371997793832,1269.7298056759937,30.348174054921234,39.380305606144994
S5,mid,2050,CC,622.0003135607901,293.12364991214906,309.7769,602.900549912149,19.09976364864107,96.92929999676367,51.38109428580532
S5,mid,2050,SC,890.460324275268,141.8146144079283,0.0,141.8146144079283,748.6457098673397,15.925989125158276,0.0
S5,mid,2050,SW,453.2986709756958,264.4474749890407,126.56589999999998,391.0133749890407,62.28529598665515,86.25954586352744,32.368688156395514
S5,mid,2050,NW,173.32092861444693,173.32092861444693,0.0,173.32092861444693,0.0,100.0,0.0
S5,mid,2055,NC,745.3733323046362,417.12263286094424,0.0,417.12263286094424,328.250699443692,55.96157184363352,0.0
S5,mid,2055,NE,204.04289004407335,195.94646909849695,0.0,195.94646909849695,8.096420945576405,96.03200045645916,0.0
S5,mid,2055,EC,2321.8300693563597,353.6941059119034,234.66240000000002,588.3565059119035,1733.4735634444564,25.34020528362798,39.884389420712345
S5,mid,2055,CC,791.888013654151,310.5674447657548,456.0148,766.5822447657547,25.305768888396287,96.80437530912694,59.486741718019424
S5,mid,2055,SC,1125.2833470383564,149.9408078673743,0.0,149.9408078673743,975.342539170982,13.32471579376029,0.0
S5,mid,2055,SW,562.5455688556915,316.26193702480697,152.7175,468.97943702480694,93.56613183088459,83.36736843893142,32.56379447440931
S5,mid,2055,NW,209.11387994361965,209.11387994361965,0.0,209.11387994361965,0.0,100.0,0.0
S5,mid,2060,NC,915.7729184212742,512.4327935787354,0.0,512.4327935787354,403.3401248425387,55.95631660107751,0.0
S5,mid,2060,NE,242.21490459867312,205.83409915159268,0.0,205.83409915159268,36.38080544708045,84.97994765955467,0.0
S5,mid,2060,EC,2845.3475751073197,364.2360037076701,217.9462,582.18220370767,2263.1653713996498,20.46084663964864,37.43608076852807
S5,mid,2060,CC,966.2203766346851,320.9580177633168,614.4936,935.4516177633168,30.768758871368313,96.81555475174981,65.68951171085324
S5,mid,2060,SC,1370.1877238601107,154.70985671441073,0.0,154.70985671441073,1215.4778671457,11.2911431054542,0.0
S5,mid,2060,SW,668.4754758632766,331.93679201402887,176.2956,508.23239201402885,160.2430838492478,76.02857701813099,34.68798974055429
S5,mid,2060,NW,241.78102551466108,241.78102551466108,0.0,241.78102551466108,8.881784197001252e-16,100.0,0.0
S5,high,2025,NC,20.884215188889154,15.877890088161905,3.9873999999999996,19.865290088161906,1.0189251007272486,95.1210754557378,20.07219618895052
S5,high,2025,NE,4.317986833991027,4.317986833991027,0.0,4.317986833991027,2.775557561562892e-17,100.0,0.0
S5,high,2025,EC,64.97680207883951,36.74987212758069,0.9242999999999999,37.67417212758069,27.302629951258822,57.98095769913205,2.453404939781899
S5,high,2025,CC,19.17442434563114,19.17442434563114,0.0,19.17442434563114,5.551115123125783e-16,100.0,0.0
S5,high,2025,SC,29.27577390665432,15.631565157874975,0.0,15.631565157874975,13.644208748779345,53.394199612676864,0.0
S5,high,2025,SW,10.667048027258936,10.667048027258936,0.0,10.667048027258936,3.1225022567582534e-17,100.0,0.0
S5,high,2025,NW,2.703749618735929,2.703749618735929,0.0,2.703749618735929,0.0,100.0,0.0
S5,high,2030,NC,180.98311680302658,94.57088249149083,0.0,94.57088249149083,86.41223431153576,52.253980460739484,0.0
S5,high,2030,NE,73.03137809136499,59.12714911452768,0.0,59.12714911452768,13.904228976837306,80.96129452816488,0.0
S5,high,2030,EC,532.4888426367969,119.6632860501754,126.1306,245.7938860501754,286.69495658662146,46.159443422897766,51.31559699343058
S5,high,2030,CC,162.01058151206502,101.66601957253206,51.6665,153.33251957253205,8.678061939532967,94.64352151659507,33.695722306030326
S5,high,2030,SC,285.0823762483461,49.827349387052216,0.0,49.827349387052216,235.2550268612939,17.478228588794178,0.0
S5,high,2030,SW,147.62371337067825,76.36336965921686,68.06669999999998,144.43006965921685,3.193643711461384,97.8366323143205,47.12779005134011
S5,high,2030,NW,71.77999133772232,71.77999133772232,0.0,71.77999133772232,6.938893903907228e-18,100.0,0.0
S5,high,2035,NC,364.9518591765359,188.92032657573247,0.0,188.92032657573247,176.03153260080342,51.7658211146,0.0
S5,high,2035,NE,142.41800341237115,93.14195625199442,0.0,93.14195625199442,49.27604716037674,65.4004086704558,0.0
S5,high,2035,EC,1080.7283625818268,185.82986482784014,164.1863,350.0161648278401,730.7121977539867,32.38706199878592,46.90820496269282
S5,high,2035,CC,337.13345332009123,157.75284161717497,155.25189999999998,313.00474161717494,24.128711702916313,92.84297910358742,49.60049461163854
S5,high,2035,SC,573.5185494026784,77.34490893136291,0.0,77.34490893136291,496.17364047131554,13.486034411950214,0.0
S5,high,2035,SW,299.0135894080999,142.70947969881865,136.36059999999998,279.07007969881863,19.94350970928126,93.33023300086138,48.862493660074456
S5,high,2035,NW,142.0032152843283,142.0032152843283,0.0,142.0032152843283,0.0,100.0,0.0
S5,high,2040,NC,576.3712228383707,299.6191385692928,0.0,299.6191385692928,276.7520842690779,51.9837088836258,0.0
S5,high,2040,NE,216.31150270085178,133.81777610290615,0.0,133.81777610290615,82.4937265979456,61.86345822208521,0.0
S5,high,2040,EC,1719.2528211381996,255.1703424677418,192.74680000000004,447.91714246774177,1271.3356786704578,26.05301192242375,43.03179801024948
S5,high,2040,CC,541.4468976978318,219.65696087366095,282.8562,502.513160873661,38.933736824170815,92.80931574458872,56.28831680910226
S5,high,2040,SC,901.1308852371492,107.00973306928228,0.0,107.00973306928228,794.121152167867,11.875048877180665,0.0
S5,high,2040,SW,466.65962608814925,214.25814370952423,205.6657,419.92384370952425,46.73578237862495,89.98503839502993,48.97690452230334
S5,high,2040,NW,215.83625097615638,215.83625097615638,0.0,215.83625097615638,0.0,100.0,0.0
S5,high,2045,NC,811.3186768672235,423.81576487635016,0.0,423.81576487635016,387.50291199087343,52.237890851082895,0.0
S5,high,2045,NE,293.39063201376206,167.71610946293129,0.0,167.71610946293129,125.67452255083077,57.164780044873496,0.0
S5,high,2045,EC,2433.428623496335,309.14027711113033,185.33889999999997,494.4791771111303,1938.9494463852052,20.32026632450249,37.48163898079504
S5,high,2045,CC,771.3245928777513,268.5128715596608,447.16140000000007,715.6742715596608,55.65032131809048,92.78509698355869,62.48113391382735
S5,high,2045,SC,1261.348166971033,130.27712884232454,0.0,130.27712884232454,1131.0710381287083,10.328403548971613,0.0
S5,high,2045,SW,647.0823945924413,289.31745720266775,276.0361,565.3535572026677,81.72883738977362,87.36963977497027,48.825393682107254
S5,high,2045,NW,291.8986252705557,291.8986252705557,0.0,291.8986252705557,0.0,100.0,0.0
S5,high,2050,NC,1063.587968710931,556.8002658917898,0.0,556.8002658917898,506.7877028191411,52.35112489723176,0.0
S5,high,2050,NE,371.46999897975604,187.87758511817643,0.0,187.87758511817643,183.59241386157964,50.57678564465045,0.0
S5,high,2050,EC,3202.0611303486517,335.37069977938324,125.8108,461.1814997793832,2740.8796305692686,14.402645077833606,27.280105568021373
S5,high,2050,CC,1023.550284921068,293.12364991214906,655.6379999999999,948.761649912149,74.7886350089191,92.6932134052714,69.10460599463616
S5,high,2050,SC,1644.6781629896318,141.8146144079283,0.0,141.8146144079283,1502.8635485817035,8.622636184950814,0.0
S5,high,2050,SW,837.1283368660625,322.8656408597572,347.50309999999996,670.3687408597572,166.7595960063053,80.07956621912966,51.837605010389126
S5,high,2050,NW,368.91462889130406,368.91462889130406,0.0,368.91462889130406,0.0,100.00000000000001,0.0
S5,high,2055,NC,1323.940455879669,693.1653852384554,0.0,693.1653852384554,630.7750706412135,52.35623567208648,0.0
S5,high,2055,NE,447.22637361766886,203.88265185398933,0.0,203.88265185398933,243.34372176367953,45.58824431680038,0.0
S5,high,2055,EC,3995.1783534824253,353.6941059119034,52.508799999999994,406.2029059119035,3588.975447570522,10.167328463767678,12.926741595341516
S5,high,2055,CC,1295.3640374619838,310.5674447657548,771.4003,1081.9677447657548,213.396292696229,83.52615276286826,71.29605330027722
S5,high,2055,SC,2037.7258877008953,149.9408078673743,0.0,149.9408078673743,1887.785079833521,7.358242282358595,0.0
S5,high,2055,SW,1034.0065191456588,330.81307467000784,417.6159,748.4289746700078,285.57754447565094,72.38145609453144,55.799002194447695
S5,high,2055,NW,445.72513228366233,435.7911000045014,9.934,445.7251000045014,3.22791609370654e-05,99.9999927580568,2.228727976032688
S5,high,2060,NC,1579.2834364516661,798.1939450151236,0.0,798.1939450151236,781.0894914365426,50.54152576997234,0.0
S5,high,2060,NE,515.8997464619995,215.7140563860483,0.0,215.7140563860483,300.1856900759512,41.81317356044437,0.0
S5,high,2060,EC,4771.588775038002,364.23600370767014,0.0,364.23600370767014,4407.352771330332,7.633432403335498,0.0
S5,high,2060,CC,1584.4998212422247,320.9580177633168,746.9841,1067.942117763317,516.5577034789079,67.39932081065594,69.94612232023147
S5,high,2060,SC,2422.112528408476,154.70985671441076,0.0,154.70985671441076,2267.4026716940652,6.387393438572718,0.0
S5,high,2060,SW,1235.3185034330331,333.12238688216354,485.5873000000001,818.7096868821636,416.6088165508695,66.27519013168785,59.3112928526874
S5,high,2060,NW,521.2971889646,475.40453625716043,45.8926,521.2971362571604,5.270743950802626e-05,99.99998988917635,8.803539633749452
S6,low,2025,NC,1.7545641752616574,1.3195173331291108,0.4349999999999999,1.7545173331291108,4.684213254643049e-05,99.99733026963578,24.79314349230138
S6,low,2025,NE,0.4861328755642006,0.4861328755642006,0.0,0.4861328755642006,0.0,100.0,0.0
S6,low,2025,EC,5.340310395192933,3.836471386583388,0.6994999999999998,4.5359713865833875,0.8043390086095451,84.9383472291504,15.421173115619705
S6,low,2025,CC,2.1599463594421837,2.1599463594421837,0.0,2.1599463594421837,0.0,100.0,0.0
S6,low,2025,SC,2.6988698096619492,2.6988698096619492,0.0,2.6988698096619492,0.0,100.0,0.0
S6,low,2025,SW,1.5551447708090755,1.5551447708090755,0.0,1.5551447708090755,0.0,100.00000000000001,0.0
S6,low,2025,NW,0.6050316140679994,0.6050316140679994,0.0,0.6050316140679994,8.673617379884035e-19,100.0,0.0
S6,low,2030,NC,25.83776011515455,17.45727790069716,8.3804,25.83767790069716,8.221445739070576e-05,99.9996818050132,32.43480328305307
S6,low,2030,NE,7.158806044267341,7.158806044267342,0.0,7.158806044267341,0.0,100.0,0.0
S6,low,2030,EC,78.64155718948498,45.65433733801939,5.986699999999999,51.64103733801939,27.00051985146559,65.6663463740825,11.592911971953058
S6,low,2030,CC,31.807429265758188,31.807429265758188,0.0,31.807429265758188,0.0,100.0,0.0
S6,low,2030,SC,39.743630758720485,21.861663962373175,0.0,21.861663962373175,17.88196679634731,55.00671062262303,0.0
S6,low,2030,SW,22.9011045016405,22.9011045016405,0.0,22.9011045016405,0.0,99.99999999999999,0.0
S6,low,2030,NW,8.909712124973971,8.90971212497397,0.0,8.90971212497397,2.220446049250313e-16,99.99999999999999,0.0
S6,low,2035,NC,58.95433635127525,38.389885079431195,19.3098,57.69968507943119,1.2546512718440561,97.87182529819637,33.466040539766425
S6,low,2035,NE,16.334336162512,16.334336162512,0.0,16.334336162512,0.0,100.0,0.0
S6,low,2035,EC,179.4374122630565,99.30294242075261,3.8503000000000007,103.15324242075262,76.2841698423039,57.48703189585081,3.7326020100221187
S6,low,2035,CC,72.5754041776654,72.5754041776654,0.0,72.5754041776654,0.0,100.0,0.0
S6,low,2035,SC,90.68353313630419,41.391350270249724,0.0,41.391350270249724,49.29218286605447,45.64373358505496,0.0
S6,low,2035,SW,52.25373297020185,48.94856043032218,3.3051000000000004,52.253660430322185,7.253987967437148e-05,99.9998611776125,6.325107127006341
S6,low,2035,NW,20.329400190563266,20.329400190563266,0.0,20.329400190563266,0.0,100.0,0.0
S6,low,2040,NC,101.40936421859877,61.98750814353707,33.33559999999999,95.32310814353707,6.086256075061692,93.99832932396448,34.97116349773594
S6,low,2040,NE,28.09724861125295,28.09724861125295,0.0,28.09724861125295,0.0,100.00000000000001,0.0
S6,low,2040,EC,308.65641139955846,153.29346848465727,23.5718,176.86526848465726,131.7911429149012,57.30166682191598,13.327545991340187
S6,low,2040,CC,124.83942744621676,124.83942744621677,0.0,124.83942744621676,0.0,100.0,0.0
S6,low,2040,SC,155.98783752995158,65.66931321568882,0.0,65.66931321568882,90.31852431426275,42.09899582913283,0.0
S6,low,2040,SW,89.88342786157034,78.2140461746977,11.6693,89.8833461746977,8.168687263365726e-05,99.99990911909507,12.982716483784985
S6,low,2040,NW,34.9692944720238,34.9692944720238,0.0,34.9692944720238,0.0,100.0,0.0
S6,low,2045,NC,152.02197623601666,88.75753732298767,50.121500000000005,138.87903732298767,13.142938913028985,91.35457962168289,36.09003991252735
S6,low,2045,NE,42.12036327798968,42.12036327798969,0.0,42.12036327798968,0.0,100.0,0.0
S6,low,2045,EC,462.7043863299572,205.52413994936208,54.6293,260.15343994936205,202.55094638059515,56.22454587319281,20.998876667029045
S6,low,2045,CC,187.14579880056095,187.14579880056095,0.0,187.14579880056095,0.0,100.0,0.0
S6,low,2045,SC,233.84013412182293,91.69554431682762,0.0,91.69554431682762,142.1445898049953,39.21291982712313,0.0
S6,low,2045,SW,134.74353615834326,110.80145910022596,23.942,134.74345910022595,7.70581173106244e-05,99.99994281126983,17.76858050095869
S6,low,2045,NW,52.42219290278602,52.42219290278602,0.0,52.42219290278602,0.0,99.99999999999999,0.0
S6,low,2050,NC,209.36082547462723,117.51684938414441,69.2195,186.7363493841444,22.624476090482844,89.1935484877878,37.06803749151442
S6,low,2050,NE,58.00710031213155,58.00710031213155,0.0,58.00710031213155,0.0,100.0,0.0
S6,low,2050,EC,637.2247925679837,247.26790206794058,98.99719999999999,346.2651020679406,290.9596905000431,54.339552714593815,28.59000211363367
S6,low,2050,CC,257.7324666544578,253.96233993395683,3.7700000000000005,257.73233993395684,0.0001267205010018202,99.99995083254251,1.4627578366634362
S6,low,2050,SC,322.0387257223646,117.54004234137597,0.0,117.54004234137597,204.4986833809886,36.49872917541891,0.0
S6,low,2050,SW,185.5653942669743,144.99240243388854,40.5729,185.56530243388858,9.183308573312843e-05,99.9999505117395,21.864486230907804
S6,low,2050,NW,72.1945198388838,72.1945198388838,0.0,72.1945198388838,0.0,100.0,0.0
S6,low,2055,NC,271.9128083694141,148.50644844783497,90.0799,238.58634844783495,33.32645992157917,87.74369617914333,37.75568073614877
S6,low,2055,NE,75.33822774857919,75.33822774857919,0.0,75.33822774857919,0.0,100.0,0.0
S6,low,2055,EC,827.612245590695,288.5931258188798,150.107,438.7001258188798,388.9121197718151,53.00793072554946,34.21631113504003
S6,low,2055,CC,334.73673337461696,297.62347276616174,35.653800000000004,333.2772727661618,1.4594606084551973,99.56399747534674,10.697939197616957
S6,low,2055,SC,418.25615712184873,143.60196761795962,0.9782,144.5801676179596,273.67598950388907,34.56737340410262,0.6765796555062846
S6,low,2055,SW,241.00787421391587,176.5706226648218,64.4371,241.00772266482178,0.00015154909409714756,99.99993711861299,26.736529140028853
S6,low,2055,NW,93.76450725091041,93.76450725091041,0.0,93.76450725091041,0.0,100.0,0.0
S6,low,2060,NC,338.2943940658608,181.05742682571324,101.8179,282.8753268257132,55.41906724014752,83.61809470914308,35.99391334074627
S6,low,2060,NE,93.7304140214538,93.7304140214538,0.0,93.7304140214538,0.0,100.0,0.0
S6,low,2060,EC,1029.65573715535,328.8061136321988,206.6884,535.4945136321987,494.1612235231511,52.00714125204798,38.59766902149117
S6,low,2060,CC,416.4554110842293,320.9580177633168,90.5154,411.4734177633168,4.981993320912517,98.80371507049408,21.9978730319987
S6,low,2060,SC,520.3642817944101,150.0518169803975,4.658,154.70981698039748,365.6544648140126,29.731060027198705,3.0107979512316225
S6,low,2060,SW,299.84469382380473,199.98348732588585,80.1375,280.1209873258859,19.723706497918847,93.4220258339776,28.608174191093365
S6,low,2060,NW,116.65506805489176,116.65506805489176,0.0,116.65506805489176,0.0,100.0,0.0
S6,mid,2025,NC,8.4843993680461,5.799602048288357,2.6846999999999994,8.484302048288356,9.731975774379675e-05,99.99885295642599,31.64314500733289
S6,mid,2025,NE,2.3507521243036016,2.3507521243036016,0.0,2.3507521243036016,0.0,100.0,0.0
S6,mid,2025,EC,25.823692732919255,15.367097024266062,3.3829,18.74999702426606,7.073695708653194,72.60772972396832,18.04213619672517
S6,mid,2025,CC,10.444672121686178,10.444672121686178,0.0,10.444672121686178,2.775557561562892e-17,100.0,0.0
S6,mid,2025,SC,13.050699216584496,10.193264527393154,0.0,10.193264527393154,2.8574346891913445,78.1051218653466,0.0
S6,mid,2025,SW,7.520083617747997,7.520083617747997,0.0,7.520083617747997,2.775557561562892e-17,100.0,0.0
S6,mid,2025,NW,2.925700818712383,2.925700818712383,0.0,2.925700818712383,0.0,100.0,0.0
S6,mid,2030,NC,87.24750624931258,48.70450349265019,28.9094,77.6139034926502,9.63360275666239,88.95830589228069,37.24770781917654
S6,mid,2030,NE,24.173456689014376,24.173456689014373,0.0,24.173456689014373,8.881784197001252e-16,99.99999999999999,0.0
S6,mid,2030,EC,265.55242102123765,94.3762494821829,46.5483,140.92454948218287,124.62787153905478,53.06844838402448,33.03065375836814
S6,mid,2030,CC,107.40555184623463,98.39228627894073,8.3537,106.74598627894073,0.6595655672938991,99.38591110426195,7.825774337004791
S6,mid,2030,SC,134.20407409688872,46.2291896810321,0.0,46.2291896810321,87.97488441585662,34.44693463453048,0.0
S6,mid,2030,SW,77.33117147995816,59.37469119672558,17.956400000000002,77.3310911967256,8.028323257613934e-05,99.99989618257291,23.2201559839884
S6,mid,2030,NW,30.085818617353972,30.085818617353972,0.0,30.085818617353972,8.881784197001252e-16,100.0,0.0
S6,mid,2035,NC,182.63202275175826,98.62330787838258,40.57130000000001,139.19460787838258,43.437414873375666,76.21588250576528,29.147177910403006
S6,mid,2035,NE,50.601415235882456,50.601415235882456,0.0,50.601415235882456,0.0,100.0,0.0
S6,mid,2035,EC,555.8711977297033,171.91521409394494,114.44049999999999,286.3557140939449,269.5154836357584,51.51476012131638,39.96445482574006
S6,mid,2035,CC,224.8281243981254,157.75284161717494,62.538500000000006,220.29134161717494,4.536782780950446,97.98211064870304,28.388995927347974
S6,mid,2035,SC,280.9244936331317,74.41213193820705,2.9327,77.34483193820705,203.57966169492465,27.53224930226773,3.7917206961455627
S6,mid,2035,SW,161.87452084636647,115.44292789234059,42.9866,158.4295278923406,3.4449929540258637,97.8718127250579,27.132947103908034
S6,mid,2035,NW,62.97754682556504,62.97754682556504,0.0,62.97754682556504,2.220446049250313e-15,100.0,0.0
S6,mid,2040,NC,296.26341301569084,156.88519459667657,48.5073,205.39249459667658,90.87091841901427,69.32766098451667,23.61688049763085
S6,mid,2040,NE,82.08499120432805,82.08499120432805,0.0,82.08499120432805,2.220446049250313e-16,100.0,0.0
S6,mid,2040,EC,901.7273956406224,255.1703424677418,195.2467,450.4170424677418,451.3103531728806,49.95046669816967,43.34798233439031
S6,mid,2040,CC,364.7134082648915,219.65696087366098,135.6216,355.2785608736609,9.434847391230507,97.41307909788223,38.17331382633804
S6,mid,2040,SC,455.71224602042065,104.74759714184512,2.2621,107.00969714184512,348.70254887857556,23.4818568244159,2.113920570209172
S6,mid,2040,SW,262.5908496420156,169.10475727496768,74.18740000000001,243.2921572749677,19.298692367047916,92.65066075479882,30.493132549338096
S6,mid,2040,NW,102.1613991061037,102.1613991061037,0.0,102.1613991061037,2.3592239273284576e-15,100.00000000000001,0.0
S6,mid,2045,NC,425.3232133446507,221.86052012730156,45.2568,267.1173201273016,158.20589321734917,62.80337205833374,16.9426677305806
S6,mid,2045,NE,117.84327963758096,117.84327963758096,0.0,117.84327963758096,0.0,100.0,0.0
S6,mid,2045,EC,1294.542547697107,309.14027711113033,202.5655,511.70577711113026,782.8367705859768,39.52792266437407,39.586322660572115
S6,mid,2045,CC,523.5917495654029,268.5128715596608,238.57530000000003,507.08817155966085,16.503578005742067,96.84800648225635,47.048090131191465
S6,mid,2045,SC,654.2319716935411,129.82358047761807,0.4535,130.27708047761803,523.954891215923,19.91297981668238,0.34810420861243707
S6,mid,2045,SW,376.9820337509206,223.71489148168985,111.6296,335.34449148168983,41.63754226923077,88.95503272266245,33.288037476558664
S6,mid,2045,NW,146.66547618990688,146.66547618990688,0.0,146.66547618990688,0.0,100.0,0.0
S6,mid,2050,NC,566.4924984170754,291.4468740903253,24.8304,316.2772740903253,250.2152243267501,55.83079651965114,7.850832808464357
S6,mid,2050,NE,156.9567138802275,156.9567138802275,0.0,156.9567138802275,8.881784197001252e-16,100.0,0.0
S6,mid,2050,EC,1724.2149479339332,335.3706997793832,217.86649999999997,553.2371997793832,1170.97774815455,32.08632429746118,39.38030560614499
S6,mid,2050,CC,697.3774039497841,293.123649912149,377.9411,671.0647499121491,26.312654037635085,96.22691330567835,56.31961745114422
S6,mid,2050,SC,871.3785012450807,141.8146144079283,0.0,141.8146144079283,729.5638868371524,16.27474331823595,0.0
S6,mid,2050,SW,502.10636865676537,275.7849011875877,155.1572,430.94210118758775,71.16426746917762,85.8268542461319,36.004187006193796
S6,mid,2050,NW,195.34530312838706,195.34530312838706,0.0,195.34530312838706,0.0,100.0,0.0
S6,mid,2055,NC,716.2560112025624,364.9101731862102,0.0,364.9101731862102,351.3458380163521,50.94689154141158,0.0
S6,mid,2055,NE,198.45133012254723,196.26489840276622,0.0,196.26489840276622,2.186431719781007,98.89825292759144,0.0
S6,mid,2055,EC,2180.045321895418,353.6941059119034,234.66240000000002,588.3565059119035,1591.6888159835146,26.988269464066136,39.884389420712345
S6,mid,2055,CC,881.7429340222563,310.5674447657548,533.7946000000001,844.3620447657547,37.38088925650162,95.76056832278985,63.218687209949955
S6,mid,2055,SC,1101.7446679231361,149.9408078673743,0.0,149.9408078673743,951.8038600557618,13.609397189098537,0.0
S6,mid,2055,SW,634.8481327085792,329.3240312490893,202.0216,531.3456312490893,103.50250145948984,83.69649430677278,38.02075111167977
S6,mid,2055,NW,246.98870332238897,246.98870332238897,0.0,246.98870332238897,0.0,100.0,0.0
S6,mid,2060,NC,871.2733062087,440.62845448927266,0.0,440.62845448927266,430.6448517194274,50.572931748207026,0.0
S6,mid,2060,NE,241.40159916715453,206.53413753412792,0.0,206.53413753412792,34.867461633026615,85.55624248003294,0.0
S6,mid,2060,EC,2651.866463366354,364.2360037076701,270.0537,634.28970370767,2017.5767596586838,23.918614020348702,42.575765998002346
S6,mid,2060,CC,1072.57610314766,320.9580177633168,702.1967999999999,1023.1548177633168,49.421285384343115,95.39228170016953,68.6305520737368
S6,mid,2060,SC,1340.1922000033653,154.70985671441076,0.0,154.70985671441076,1185.4823432889546,11.54385592708436,0.0
S6,mid,2060,SW,772.2465471483425,332.0207966199331,251.1417,583.1624966199331,189.08405052840942,75.51506688807663,43.06547513868636
S6,mid,2060,NW,300.4437809584246,300.4437809584246,0.0,300.4437809584246,0.0,100.0,0.0
S6,high,2025,NC,18.266695523272055,12.3117251878234,5.954899999999999,18.2666251878234,7.033544865536756e-05,99.9996149525317,32.59989154411269
S6,high,2025,NE,5.061109389435516,5.061109389435516,0.0,5.061109389435516,5.551115123125783e-17,100.0,0.0
S6,high,2025,EC,55.59775205954287,32.1276850047548,1.7802000000000002,33.9078850047548,21.689867054788067,60.987870460015856,5.250106279853101
S6,high,2025,CC,22.487112783233695,22.487112783233698,0.0,22.487112783233695,0.0,99.99999999999999,0.0
S6,high,2025,SC,28.097822675932626,14.074901696666805,0.0,14.074901696666805,14.022920979265821,50.09249954702986,0.0
S6,high,2025,SW,16.190548298834216,16.012687476438767,0.1777999999999999,16.190487476438765,6.0822395449192795e-05,99.99962433393652,1.0981757050783287
S6,high,2025,NW,6.298959269749041,6.29895926974904,0.0,6.29895926974904,2.498001805406602e-16,99.99999999999999,0.0
S6,high,2030,NC,174.61518812706774,91.25425255948394,11.6259,102.88015255948395,71.7350355675838,58.91821534139281,11.30043036559268
S6,high,2030,NE,48.380210150327656,48.380210150327656,0.0,48.380210150327656,0.0,100.0,0.0
S6,high,2030,EC,531.4706167270775,119.6632860501754,137.82770000000002,257.4909860501754,273.9796306769021,48.44877175635149,53.52719414152328
S6,high,2030,CC,214.9590452239379,101.66601957253206,105.6339,207.29991957253205,7.659125651405843,96.43693725778006,50.95703858343264
S6,high,2030,SC,268.59300229032965,49.62228877559964,0.2049999999999999,49.82728877559965,218.76571351472998,18.55122372910518,0.4114211409800569
S6,high,2030,SW,154.76885972504024,93.79992428481208,45.988,139.78792428481208,14.980935440228139,90.32044594316773,32.89840680823142
S6,high,2030,NW,60.213077756219434,60.213077756219434,0.0,60.213077756219434,0.0,100.0,0.0
S6,high,2035,NC,353.2883506157909,181.73623672365085,0.0,181.73623672365085,171.55211389214006,51.44133295277917,0.0
S6,high,2035,NE,97.88475349587924,94.69033804298583,0.0,94.69033804298583,3.1944154528934092,96.73655463306868,0.0
S6,high,2035,EC,1075.2923591482286,185.82986482784014,186.6026,372.43246482784014,702.8598943203883,34.635460919935774,50.10374165051871
S6,high,2035,CC,434.9136369617902,157.75284161717497,258.3948,416.14764161717494,18.765995344615206,95.68512142417279,62.09209764973367
S6,high,2035,SC,543.42797888258,77.34490893136291,0.0,77.34490893136291,466.0830699512171,14.232780043898888,0.0
S6,high,2035,SW,313.1344745289676,174.11004738802018,97.741,271.85104738802016,41.283427140947396,86.81607088997531,35.95388023666199
S6,high,2035,NW,121.82547895269595,121.82547895269595,0.0,121.82547895269595,1.7763568394002505e-15,100.0,0.0
S6,high,2040,NC,557.2554955063996,283.99338128232483,0.0,283.99338128232483,273.26211422407476,50.96286776395971,0.0
S6,high,2040,NE,154.39743970270015,135.97191693808242,0.0,135.97191693808242,18.425522764617735,88.06617337690508,0.0
S6,high,2040,EC,1696.100580069929,255.1703424677418,195.2467,450.4170424677418,1245.6835376021872,26.556033749435507,43.34798233439031
S6,high,2040,CC,686.0062434699483,219.65696087366098,435.1532,654.8101608736611,31.19608259628731,95.45250748178448,66.45486371491391
S6,high,2040,SC,857.1701476044025,107.00973306928226,0.0,107.00973306928226,750.1604145351203,12.484071379334706,0.0
S6,high,2040,SW,493.919220544988,258.82691339160436,157.92569999999998,416.7526133916043,77.1666071533837,84.37667457681877,37.89435145103795
S6,high,2040,NW,192.1600797783414,192.1600797783414,0.0,192.1600797783414,7.105427357601002e-15,100.0,0.0
S6,high,2045,NC,782.3183100306021,395.72402955783906,0.0,395.72402955783906,386.59428047276305,50.58350603379837,0.0
S6,high,2045,NE,216.75505235081354,170.45851441560202,0.0,170.45851441560202,46.296537935211504,78.64108013487892,0.0
S6,high,2045,EC,2381.1170103157697,309.1402771111303,202.56550000000001,511.7057771111303,1869.4112332046393,21.490156716123366,39.586322660572115
S6,high,2045,CC,963.0685554283396,268.51287155966077,648.286,916.7988715596608,46.26968386867874,95.19559811107116,70.71191077025803
S6,high,2045,SC,1203.3616656811541,130.27712884232452,0.0,130.27712884232452,1073.0845368388295,10.826099298134288,0.0
S6,high,2045,SW,693.4019548021663,309.528385050599,226.1701,535.698485050599,157.7034697515673,77.25655824022569,42.21966391759299
S6,high,2045,NW,269.7691634802574,269.7691634802574,0.0,269.7691634802574,0.0,100.0,0.0
S6,high,2050,NC,1022.8617036646441,513.7074943536009,0.0,513.7074943536009,509.15420931104325,50.22257579036562,0.0
S6,high,2050,NE,283.4018318154915,191.19384245081415,0.0,191.19384245081415,92.20798936467736,67.46386966732477,0.0
S6,high,2050,EC,3113.251179946408,335.3706997793832,194.5831,529.9537997793832,2583.2973801670246,17.02251984012758,36.71699308147311
S6,high,2050,CC,1259.1881472296682,293.12364991214906,678.4568,971.5804499121491,287.6076973175192,77.15927536720521,69.83022353541043
S6,high,2050,SC,1573.36540344454,141.8146144079283,0.0,141.8146144079283,1431.5507890366118,9.013457020057526,0.0
S6,high,2050,SW,906.6057840134079,323.2635917396737,301.58140000000003,624.8449917396737,281.7607922737342,68.92135509808669,48.264994356495784
S6,high,2050,NW,352.7164615932459,345.47684597068945,7.239599999999999,352.71644597068945,1.5622556519545583e-05,99.99999557078895,2.0525269186346944
S6,high,2055,NC,1271.358013730406,635.2555732977182,0.0,635.2555732977182,636.1024404326878,49.96669438797634,0.0
S6,high,2055,NE,352.2521067057485,207.7066716069831,0.0,207.7066716069831,144.54543509876535,58.96534545937848,0.0
S6,high,2055,EC,3869.5913848371024,353.6941059119034,148.0716,501.76570591190347,3367.8256789251986,12.966891229861115,29.51010765689861
S6,high,2055,CC,1565.0981320732349,310.5674447657547,738.5269,1049.0943447657548,516.00378730748,67.03057931428577,70.39661434500447
S6,high,2055,SC,1955.6023136156168,149.94080786737433,0.0,149.94080786737433,1805.6615057482425,7.667244348374499,0.0
S6,high,2055,SW,1126.8586209359955,331.27195704036717,380.12379999999996,711.3957570403671,415.4628638956284,63.13087940432713,53.43352082692143
S6,high,2055,NW,438.4061876738601,395.59872204793373,42.8074,438.40612204793376,6.562592631453867e-05,99.99998503079378,9.764325324663142
S6,high,2060,NC,1517.8181872297769,755.5083031544248,0.0,755.5083031544248,762.309884075352,49.77594217218661,0.0
S6,high,2060,NE,420.53823413533274,219.86073311710726,0.0,219.86073311710726,200.67750101822546,52.280795245445915,0.0
S6,high,2060,EC,4619.73426652649,364.2360037076701,81.89749999999998,446.13350370767006,4173.60076281882,9.657124803481635,18.357173204741756
S6,high,2060,CC,1868.501542448958,320.9580177633168,765.2799,1086.2379177633168,782.2636246856412,58.13417292338091,70.45232793712407
S6,high,2060,SC,2334.7072394541387,154.70985671441073,0.0,154.70985671441073,2179.997382739728,6.6265206232273615,0.0
S6,high,2060,SW,1345.3067435149746,333.6199880898906,458.5831,792.2030880898906,553.1036554250841,58.88642808851515,57.887062912832896
S6,high,2060,NW,523.3937866903315,442.2889352774393,81.1048,523.3937352774393,5.1412892133839705e-05,99.99999017701519,15.49594397743568
S7,low,2025,NC,1.8578081192662022,1.4790336072818575,0.3785999999999999,1.8576336072818573,0.00017451198434484394,99.99060656574083,20.38076822662453
S7,low,2025,NE,0.7126912856961559,0.7126912856961559,0.0,0.7126912856961559,0.0,100.0,0.0
S7,low,2025,EC,5.475117715691169,3.6486901284292936,0.8348999999999998,4.483590128429293,0.9915275872618755,81.89029645115664,18.621238250707027
S7,low,2025,CC,1.6098664340975755,1.6098664340975755,0.0,1.6098664340975755,0.0,99.99999999999999,0.0
S7,low,2025,SC,2.8754358212575806,2.8754358212575806,0.0,2.8754358212575806,0.0,100.0,0.0
S7,low,2025,SW,1.405176093657862,1.405176093657862,0.0,1.405176093657862,2.1684043449710093e-19,100.00000000000001,0.0
S7,low,2025,NW,0.6639045303334516,0.6639045303334516,0.0,0.6639045303334516,1.3877787807814457e-17,100.0,0.0
S7,low,2030,NC,27.35813326316669,19.80631892417939,7.551699999999999,27.35801892417939,0.00011433898730089931,99.99958206582957,27.603241378438057
S7,low,2030,NE,10.495111398950247,10.495111398950247,0.0,10.495111398950247,0.0,100.0,0.0
S7,low,2030,EC,80.62673348449326,42.8890653857502,8.3117,51.2007653857502,29.42596809874306,63.5034599232493,16.233546388182017
S7,low,2030,CC,23.706937214450605,23.706937214450605,0.0,23.706937214450605,2.220446049250313e-16,100.0,0.0
S7,low,2030,SC,42.34374668290273,21.16645117323153,0.0,21.16645117323153,21.177295509671207,49.98719487847771,0.0
S7,low,2030,SW,20.69266165318085,20.222022917330804,0.47059999999999985,20.692622917330805,3.8735850043995074e-05,99.99981280392686,2.2742404473328306
S7,low,2030,NW,9.776676302855629,9.776676302855629,0.0,9.776676302855629,6.938893903907228e-18,100.0,0.0
S7,low,2035,NC,62.42339053971409,41.09004130157438,17.418999999999997,58.50904130157438,3.9143492381397116,93.72935496727084,29.771467131407743
S7,low,2035,NE,23.946825293687603,23.946825293687603,0.0,23.946825293687603,0.0,100.0,0.0
S7,low,2035,EC,183.96701353231873,96.84394767755441,3.9717,100.81564767755441,83.15136585476434,54.80093726685596,3.9395670131515295
S7,low,2035,CC,54.09241142306059,54.09241142306059,0.0,54.09241142306059,3.1086244689504383e-15,100.00000000000001,0.0
S7,low,2035,SC,96.61624975196158,39.80507466338217,0.0,39.80507466338217,56.811175088579404,41.199151038848946,0.0
S7,low,2035,SW,47.21470164858608,38.850439889636085,8.364199999999999,47.21463988963609,6.17589499893878e-05,99.99986919550939,17.71526801761331
S7,low,2035,NW,22.307563062249805,22.307563062249805,0.0,22.307563062249805,0.0,100.0,0.0
S7,low,2040,NC,107.37660261804923,66.63213893281251,30.083299999999998,96.7154389328125,10.661163685236732,90.07124138285535,31.104961453877745
S7,low,2040,NE,41.191750741066386,41.191750741066386,0.0,41.191750741066386,1.7763568394002505e-15,100.00000000000001,0.0
S7,low,2040,EC,316.44793299591174,162.11434527168177,3.8977000000000004,166.01204527168179,150.43588772422996,52.461093267380114,2.3478416843918417
S7,low,2040,CC,93.04620136470734,93.04620136470733,0.0,93.04620136470733,3.552713678800501e-15,99.99999999999997,0.0
S7,low,2040,SC,166.19290567791856,62.94070645452679,0.0,62.94070645452679,103.25219922339176,37.87207775072284,0.0
S7,low,2040,SW,81.21561826130828,60.84392470081567,20.371499999999997,81.21542470081567,0.0001935604926117801,99.99976167085008,25.083289381352454
S7,low,2040,NW,38.371999880210964,38.371999880210964,0.0,38.371999880210964,3.469446951953614e-18,100.0,0.0
S7,low,2045,NC,160.96741614825635,95.72026662232788,45.2459,140.9661666223279,20.001249525928458,87.5743488933769,32.09699255085895
S7,low,2045,NE,61.75022790577596,61.75022790577596,0.0,61.75022790577596,1.1102230246251563e-16,100.0,0.0
S7,low,2045,EC,474.3845947613004,222.9707428615232,25.1359,248.1066428615232,226.27795189977715,52.300737756116405,10.13108706405302
S7,low,2045,CC,139.4848249144522,139.4848249144522,0.0,139.4848249144522,0.0,100.0,0.0
S7,low,2045,SC,249.13847110905587,87.60511149142654,0.0,87.60511149142654,161.53335961762932,35.163221120145266,0.0
S7,low,2045,SW,121.74969130759636,84.76204731348963,36.9876,121.74964731348962,4.399410673983084e-05,99.99996386511845,30.380046937435235
S7,low,2045,NW,57.52316168103937,57.52316168103937,0.0,57.52316168103937,1.8388068845354155e-15,99.99999999999999,0.0
S7,low,2050,NC,221.6802593527436,127.10574429104328,62.5049,189.6106442910433,32.06961506170031,85.53339158148931,32.96486873598613
S7,low,2050,NE,85.0408540113211,85.0408540113211,0.0,85.0408540113211,0.0,100.0,0.0
S7,low,2050,EC,653.310480568153,282.1978885107484,58.3798,340.5776885107484,312.73279205740465,52.131061515278944,17.14140472773735
S7,low,2050,CC,192.09497737311315,192.09497737311315,0.0,192.09497737311315,0.0,100.0,0.0
S7,low,2050,SC,343.1072089728625,111.90680158186277,0.0,111.90680158186277,231.20040739099977,32.61569522741035,0.0
S7,low,2050,SW,167.6705993735167,109.13158229771891,58.539,167.6705822977189,1.7075797795307324e-05,99.99998981586643,34.9131011521491
S7,low,2050,NW,79.21944518571276,79.21944518571274,0.0,79.21944518571274,1.7832957333041577e-15,99.99999999999997,0.0
S7,low,2055,NC,287.9129930062763,160.960274694379,75.1428,236.103074694379,51.80991831189731,82.0050086066217,31.826269139979548
S7,low,2055,NE,110.44901732656795,110.44901732656797,0.0,110.44901732656795,0.0,100.0,0.0
S7,low,2055,EC,848.5039505635065,333.959352707016,97.35390000000001,431.31325270701603,417.1906978564905,50.83220324673483,22.57150676196145
S7,low,2055,CC,249.48833982082505,247.68036704008193,1.8078999999999998,249.48826704008192,7.278074311400928e-05,99.99997082799814,0.7246432954338285
S7,low,2055,SC,445.619396809787,137.26393620895735,0.0,137.26393620895735,308.3554606008297,30.802953639728695,0.0
S7,low,2055,SW,217.76654468799458,134.97682840722615,82.7896,217.76642840722613,0.00011628076845404679,99.99994660301535,38.01761392035247
S7,low,2055,NW,102.88831145502232,102.88831145502232,0.0,102.88831145502232,1.1102230246251563e-16,100.0,0.0
S7,low,2060,NC,358.20067505029874,196.55158331337816,56.251700000000014,252.80328331337816,105.39739173692057,70.57588132068132,22.251174614005976
S7,low,2060,NE,137.41273761881368,137.41273761881368,0.0,137.41273761881368,0.0,100.0,0.0
S7,low,2060,EC,1055.6476965527838,364.2360037076701,160.3805,524.6165037076701,531.0311928451138,49.69617282553683,30.57099783680618
S7,low,2060,CC,310.395480272923,293.6251579726763,16.7702,310.39535797267627,0.0001223002467369838,99.9999605985736,5.402851418118264
S7,low,2060,SC,554.4076600575404,154.70985671441076,0.0,154.70985671441076,399.69780334312975,27.905432745708072,0.0
S7,low,2060,SW,270.9295002497865,161.76158105743949,109.16790000000002,270.9294810574395,1.9192346975671626e-05,99.99999291611029,40.29384309670435
S7,low,2060,NW,128.00625019785394,128.00625019785394,0.0,128.00625019785394,0.0,100.0,0.0
S7,mid,2025,NC,8.983647480835202,6.570961565766707,2.4125,8.983461565766707,0.00018591506849502393,99.99793051687644,26.854904229716063
S7,mid,2025,NE,3.446301696585523,3.446301696585523,0.0,3.4463016965855227,2.220446049250313e-16,100.0,0.0
S7,mid,2025,EC,26.475569227931278,14.459058885520925,4.038,18.497058885520925,7.978510342410353,69.86463152605928,21.830497621223742
S7,mid,2025,CC,7.78469659228006,7.78469659228006,0.0,7.78469659228006,0.0,100.0,0.0
S7,mid,2025,SC,13.90450472471132,9.964976048726173,0.0,9.964976048726173,3.939528675985145,71.66724918303814,0.0
S7,mid,2025,SW,6.794892617277061,6.794892617277061,0.0,6.794892617277061,0.0,100.0,0.0
S7,mid,2025,NW,3.2103876603795696,3.2103876603795696,0.0,3.2103876603795696,0.0,100.0,0.0
S7,mid,2030,NC,92.38141743748379,52.700509748438726,22.2802,74.98070974843873,17.40070768904507,81.16427721969038,29.714576021953334
S7,mid,2030,NE,35.439306398315715,35.439306398315715,0.0,35.439306398315715,0.0,100.0,0.0
S7,mid,2030,EC,272.2558535336842,108.93271774002616,29.621699999999997,138.55441774002617,133.70143579365808,50.89125392225363,21.37910900508426
S7,mid,2030,CC,80.05226240786577,80.05226240786577,0.0,80.05226240786577,8.881784197001252e-16,100.0,0.0
S7,mid,2030,SC,142.98400042691807,43.88163393723287,0.0,43.88163393723287,99.10236648968522,30.689891041104026,0.0
S7,mid,2030,SW,69.87382493120603,44.43031408203411,25.443400000000004,69.87371408203411,0.00011084917192327737,99.99984135808792,36.41340715068987
S7,mid,2030,NW,33.01333486452645,33.01333486452645,0.0,33.01333486452645,4.440892098500626e-16,100.0,0.0
S7,mid,2035,NC,193.3786517986025,106.98800203179385,15.9719,122.95990203179385,70.41874976680867,63.58504462005068,12.989519132725182
S7,mid,2035,NE,74.18380754572824,74.18380754572824,0.0,74.18380754572824,3.552713678800501e-15,100.0,0.0
S7,mid,2035,EC,569.9032485212714,185.82986482784014,94.2343,280.0641648278401,289.8390836934313,49.142405409080034,33.64739650212919
S7,mid,2035,CC,167.5704812424739,153.1605015624421,12.500499999999999,165.66100156244212,1.9094796800317866,98.86049161769203,7.545831476388981
S7,mid,2035,SC,299.30319319942805,77.34490893136291,0.0,77.34490893136291,221.95828426806517,25.84165845495253,0.0
S7,mid,2035,SW,146.26432929925647,87.60533030098705,58.6589,146.26423030098704,9.899826942305623e-05,99.9999323155072,40.10474733247487
S7,mid,2035,NW,69.10560981377176,69.10560981377176,0.0,69.10560981377176,6.938893903907228e-18,100.0,0.0
S7,mid,2040,NC,313.69646200600545,170.4542982039363,8.6024,179.0566982039363,134.63976380206915,57.079603977334116,4.804288298783613
S7,mid,2040,NE,120.34005692347853,120.34005692347853,0.0,120.34005692347853,0.0,100.0,0.0
S7,mid,2040,EC,924.4900152320954,255.17034246774176,191.31640000000002,446.48674246774175,478.0032727643536,48.29546399759116,42.84929020346499
S7,mid,2040,CC,271.83076628930996,219.65696087366095,46.223499999999994,265.8804608736609,5.950305415649,97.8110257728089,17.38506840559605
S7,mid,2040,SC,485.52594560202124,107.00973306928226,0.0,107.00973306928226,378.51621253273896,22.039961826673757,0.0
S7,mid,2040,SW,237.2681895964571,137.65719693933292,99.6109,237.2680969393329,9.265712416262062e-05,99.99996094835791,41.98242464323786
S7,mid,2040,NW,112.10226724470498,112.10226724470498,0.0,112.10226724470498,0.0,100.0,0.0
S7,mid,2045,NC,450.35053730436834,241.3406668308722,0.0,241.3406668308722,209.00987047349614,53.58951457578981,0.0
S7,mid,2045,NE,172.76321495041057,160.7315792061088,0.0,160.7315792061088,12.031635744301777,93.03576531164039,0.0
S7,mid,2045,EC,1327.2211373691782,309.1402771111303,202.5655,511.70577711113026,815.5153602580481,38.554673573496196,39.586322660572115
S7,mid,2045,CC,390.2470906793501,268.5128715596608,107.30600000000001,375.8188715596608,14.42821911968925,96.3027990562153,28.552584268766637
S7,mid,2045,SC,697.0332692910504,130.27712884232452,0.0,130.27712884232452,566.7561404487259,18.690231095400772,0.0
S7,mid,2045,SW,340.6281855609629,179.93401783190066,148.1282,328.0622178319007,12.565967729062246,96.31094305705561,45.15247168020458
S7,mid,2045,NW,160.93683672378899,160.93683672378899,0.0,160.93683672378899,0.0,100.0,0.0
S7,mid,2050,NC,599.826656614421,317.392688072255,0.0,317.392688072255,282.43396854216604,52.91406851834538,0.0
S7,mid,2050,NE,230.10515815067544,178.63246086593816,0.0,178.63246086593816,51.47269728473729,77.63079380818036,0.0
S7,mid,2050,EC,1767.7399080754276,335.37069977938324,217.8665,553.2371997793832,1214.5027082960444,31.29630084448923,39.380305606144994
S7,mid,2050,CC,519.7742386560018,293.12364991214906,198.8165,491.940149912149,27.83408874385269,94.64496570360541,40.41477404019671
S7,mid,2050,SC,928.386003424037,141.81461440792827,0.0,141.81461440792827,786.5713890161087,15.275393412319138,0.0
S7,mid,2050,SW,453.68629271908975,217.47269127617142,203.77,421.24269127617146,32.44360144291829,92.84889097079102,48.37353958181938
S7,mid,2050,NW,214.3534795716007,214.3534795716007,0.0,214.3534795716007,0.0,100.0,0.0
S7,mid,2055,NC,758.4027143874076,397.7152770172911,0.0,397.7152770172911,360.6874373701166,52.44117267414341,0.0
S7,mid,2055,NE,290.938014527413,192.27620272149895,0.0,192.27620272149895,98.66181180591401,66.08837385304359,0.0
S7,mid,2055,EC,2235.0769673731747,353.6941059119034,234.6624,588.3565059119035,1646.7204614612713,26.323769360094246,39.88438942071234
S7,mid,2055,CC,657.1868540993459,310.5674447657548,303.2457,613.8131447657547,43.37370933359108,93.40009480362575,49.40358520926194
S7,mid,2055,SC,1173.823232482094,149.9408078673743,0.0,149.9408078673743,1023.8824246147198,12.77371274636631,0.0
S7,mid,2055,SW,573.6272506136656,255.59583362553067,263.4862,519.0820336255307,54.54521698813494,90.49117402811973,50.76003077195323
S7,mid,2055,NW,271.0220677137864,271.0220677137864,0.0,271.0220677137864,3.552713678800501e-15,100.0,0.0
S7,mid,2060,NC,922.5417030602721,480.53347563867607,0.0,480.53347563867607,442.008227421596,52.08799494317078,0.0
S7,mid,2060,NE,353.90491926692687,201.68217954798368,0.0,201.68217954798368,152.22273971894322,56.987673402716474,0.0
S7,mid,2060,EC,2718.8084547096564,364.2360037076701,216.85320000000002,581.0892037076701,2137.7192510019863,21.372936467851503,37.31840113641017
S7,mid,2060,CC,799.419975836125,320.9580177633168,417.84159999999997,738.7996177633167,60.620358072808266,92.41695730590114,56.55682406347163
S7,mid,2060,SC,1427.8705276792782,154.70985671441073,0.0,154.70985671441073,1273.1606709648674,10.835005955747338,0.0
S7,mid,2060,SW,697.7757999328426,293.52251580511376,325.90889999999996,619.4314158051137,78.34438412772893,88.77226981284403,52.61420258712513
S7,mid,2060,NW,329.67861951489914,329.67861951489914,0.0,329.67861951489914,0.0,99.99999999999999,0.0
S7,high,2025,NC,19.341563981401567,13.188462812155626,5.369,18.557462812155627,0.7841011692459405,95.9460301659167,28.93175675116085
S7,high,2025,NE,7.419799686699709,7.419799686699709,0.0,7.419799686699709,0.0,100.0,0.0
S7,high,2025,EC,57.00122553322314,30.17270204315054,3.4239999999999995,33.596702043150536,23.404523490072602,58.94031528071043,10.19147651933908
S7,high,2025,CC,16.76025328649531,16.76025328649531,0.0,16.76025328649531,0.0,100.0,0.0
S7,high,2025,SC,29.93604416651728,13.583402422482942,0.0,13.583402422482942,16.35264174403434,45.37474072033753,0.0
S7,high,2025,SW,14.629230564109251,12.88383717143449,1.7453,14.62913717143449,9.33926747626046e-05,99.99936160227736,11.930300328360795
S7,high,2025,NW,6.9118827815537465,6.9118827815537465,0.0,6.9118827815537465,1.1102230246251563e-16,100.0,0.0
S7,high,2030,NC,184.89008200642417,99.2517692119092,0.0,99.2517692119092,85.63831279451497,53.681499913262314,0.0
S7,high,2030,NE,70.92742726825445,59.0338070717556,0.0,59.0338070717556,11.893620196498857,83.23128209413825,0.0
S7,high,2030,EC,544.8867151300869,119.6632860501754,121.45920000000001,241.1224860501754,303.76422907991156,44.25185627669588,50.372406982700674
S7,high,2030,CC,160.21478963998476,101.66601957253205,50.8666,152.53261957253207,7.682170067452707,95.20508057669637,33.34801443950288
S7,high,2030,SC,286.16494851282636,49.82734938705221,0.0,49.82734938705221,236.33759912577418,17.412107823128053,0.0
S7,high,2030,SW,139.84389480033383,75.82581600934739,60.972300000000004,136.79811600934738,3.0457787909864464,97.82201518676582,44.571008562598756
S7,high,2030,NW,66.07214264208943,66.07214264208943,0.0,66.07214264208943,0.0,100.0,0.0
S7,high,2035,NC,374.07692204720934,197.91712853187985,0.0,197.91712853187985,176.15979351532948,52.90813650003843,0.0
S7,high,2035,NE,143.5031743904686,92.72294133523977,0.0,92.72294133523977,50.780233055228834,64.61386079372916,0.0
S7,high,2035,EC,1102.4363397339791,185.8298648278401,153.48510000000002,339.31496482784013,763.121374906139,30.77864477051961,45.23381398102335
S7,high,2035,CC,324.15289519361136,157.75284161717494,144.35139999999998,302.1042416171749,22.04865357643641,93.19806982958856,47.78198386996545
S7,high,2035,SC,578.9802350444993,77.34490893136291,0.0,77.34490893136291,501.63532611313644,13.358816804069024,0.0
S7,high,2035,SW,282.9376955557031,137.74412106431672,128.0579,265.8020210643167,17.135674491386375,93.94365799942949,48.1779256181854
S7,high,2035,NW,133.67977062046089,133.67977062046089,0.0,133.67977062046089,0.0,100.0,0.0
S7,high,2040,NC,590.0461200874057,309.51613307024377,0.0,309.51613307024377,280.52998701716194,52.45626105030468,0.0
S7,high,2040,NE,226.35315433502305,132.86866537226732,0.0,132.86866537226732,93.48448896275575,58.69971892488395,0.0
S7,high,2040,EC,1738.915839404021,255.17034246774182,177.93120000000002,433.10154246774187,1305.8142969362789,24.90641195241392,41.083021544134226
S7,high,2040,CC,511.29900523494945,219.65696087366098,253.6899,473.34686087366094,37.952144361288454,92.57730917277084,53.59492604044359
S7,high,2040,SC,913.2481079711922,107.00973306928226,0.0,107.00973306928226,806.2383749019099,11.717487519027832,0.0
S7,high,2040,SW,446.28866323928224,201.46551934127137,205.7459,407.2114193412714,39.07724389801086,91.24395327132494,50.525572277129754
S7,high,2040,NW,210.85831640483514,210.85831640483514,0.0,210.85831640483514,0.0,100.0,0.0
S7,high,2045,NC,828.3523217432171,431.55484003358066,0.0,431.55484003358066,396.79748170963643,52.0979815841404,0.0
S7,high,2045,NE,317.77204280157287,166.10193015551843,0.0,166.10193015551843,151.67011264605446,52.27078149830753,0.0
S7,high,2045,EC,2441.2243786519584,309.14027711113033,168.1061,477.24637711113036,1963.978001540828,19.549467934392222,35.22417519805609
S7,high,2045,CC,717.8010390588242,268.5128715596608,391.08660000000003,659.5994715596609,58.20156749916347,91.89168525369135,59.291527186226105
S7,high,2045,SC,1282.0882382100492,130.27712884232452,0.0,130.27712884232452,1151.8111093677248,10.1613231413937,0.0
S7,high,2045,SW,626.5344992136775,265.91198188275206,293.30370000000005,559.215681882752,67.31881733092541,89.25536943050815,52.44911927586029
S7,high,2045,NW,296.0191924098023,296.0191924098023,0.0,296.0191924098023,0.0,100.0,0.0
S7,high,2050,NC,1083.0500273215985,560.5553865440168,0.0,560.5553865440168,522.4946407775818,51.75710931195671,0.0
S7,high,2050,NE,415.4790306062202,185.49771704854226,0.0,185.49771704854226,229.98131355767794,44.6467097937253,0.0
S7,high,2050,EC,3191.8400668366403,335.37069977938324,106.5518,441.92249977938326,2749.9175670572567,13.845383556995152,24.110969695635056
S7,high,2050,CC,938.5069789242699,293.12364991214906,561.5908999999999,854.7145499121491,83.79242901212089,91.07173085615571,65.70508248136439
S7,high,2050,SC,1676.2984360325593,141.8146144079283,0.0,141.8146144079283,1534.483821624631,8.45998608359817,0.0
S7,high,2050,SW,819.1782514272332,322.58005669140107,389.35699999999997,711.9370566914012,107.24119473583215,86.90868629031733,54.68980668171233
S7,high,2050,NW,387.03772055888385,387.03772055888385,0.0,387.03772055888385,0.0,100.00000000000001,0.0
S7,high,2055,NC,1346.1686233564328,693.48479719893,0.0,693.48479719893,652.6838261575031,51.5154480030777,0.0
S7,high,2055,NE,516.4164355803686,200.62671675927868,0.0,200.62671675927868,315.78971882108993,38.84979310036999,0.0
S7,high,2055,EC,3967.2728316838084,353.6941059119034,28.8935,382.58760591190344,3584.685225771905,9.64359201253935,7.5521265073738855
S7,high,2055,CC,1166.509963490118,310.5674447657548,744.5042000000001,1055.0716447657549,111.43831872436317,90.44686096028299,70.56432647901306
S7,high,2055,SC,2083.5421273651173,149.9408078673743,0.0,149.9408078673743,1933.6013194977427,7.196437542493657,0.0
S7,high,2055,SW,1018.1912480390711,330.42236245864257,489.2237,819.6460624586426,198.5451855804284,80.50020701289611,59.68718967947035
S7,high,2055,NW,481.0655300570474,481.0655300570474,0.0,481.0655300570474,0.0,100.0,0.0
S7,high,2060,NC,1607.1312702967223,764.6416137119729,0.0,764.6416137119729,842.4896565847492,47.57804342708099,0.0
S7,high,2060,NE,616.5267765987982,211.40828768745183,0.0,211.40828768745183,405.1184889113463,34.29020372054737,0.0
S7,high,2060,EC,4736.3518321355805,364.2360037076701,0.0,364.2360037076701,4372.115828427911,7.690222699174761,0.0
S7,high,2060,CC,1392.6447303186562,320.9580177633168,607.8797,928.8377177633167,463.80701255533967,66.69595608571225,65.44519977761043
S7,high,2060,SC,2487.448933046798,154.70985671441076,0.0,154.70985671441076,2332.7390763323874,6.219619412444038,0.0
S7,high,2060,SW,1215.5735659519726,332.60569463833195,588.8327,921.4383946383319,294.1351713136408,75.80276673067586,63.90364276399825
S7,high,2060,NW,574.3228916514726,563.0676030172407,11.255200000000002,574.3228030172406,8.863423187227548e-05,99.99998456717759,1.9597341322458568
S8,low,2025,NC,1.7659486017388992,1.402430745957978,0.3634999999999999,1.7659307459579778,1.7855780921387232e-05,99.99898888444976,20.58404616557085
S8,low,2025,NE,0.6783248720827268,0.6783248720827268,0.0,0.6783248720827268,0.0,100.0,0.0
S8,low,2025,EC,5.385903726769798,3.6611638405852482,0.8093999999999999,4.470563840585248,0.9153398861845499,83.00489699370236,18.105098794295266
S8,low,2025,CC,1.7139223964502301,1.7139223964502301,0.0,1.7139223964502301,0.0,100.0,0.0
S8,low,2025,SC,2.8158114478664458,2.8158114478664458,0.0,2.8158114478664458,2.775557561562892e-17,100.0,0.0
S8,low,2025,SW,1.5295716287261398,1.5295716287261398,0.0,1.5295716287261398,0.0,100.0,0.0
S8,low,2025,NW,0.7105173263657568,0.7105173263657568,0.0,0.7105173263657568,1.3877787807814457e-17,100.0,0.0
S8,low,2030,NC,26.00540749136051,18.678263089615406,7.327100000000001,26.005363089615408,4.440174510533801e-05,99.99982925956796,28.175342042910735
S8,low,2030,NE,9.98903065053331,9.98903065053331,0.0,9.98903065053331,0.0,100.0,0.0
S8,low,2030,EC,79.31296583941828,43.072753612704325,7.7681000000000004,50.84085361270432,28.472112226713953,64.10156659081406,15.279247785994835
S8,low,2030,CC,25.239268166904083,25.239268166904083,0.0,25.239268166904083,0.0,100.00000000000001,0.0
S8,low,2030,SC,41.465716526800406,21.30211590314601,0.0,21.30211590314601,20.163600623654396,51.37283926922589,0.0
S8,low,2030,SW,22.52451371069316,21.808673561925442,0.7156999999999999,22.52437356192544,0.00014014876772039386,99.99937779447974,3.177446857877543
S8,low,2030,NW,10.463097614290263,10.463097614290263,0.0,10.463097614290263,0.0,100.00000000000001,0.0
S8,low,2035,NC,59.33685944001071,39.394299326852185,16.9064,56.30069932685218,3.0361601131585303,94.88318030004929,30.028756662240294
S8,low,2035,NE,22.792094599923725,22.792094599923725,0.0,22.792094599923725,0.0,100.0,0.0
S8,low,2035,EC,180.96937367151105,97.26307137354658,2.7314000000000003,99.99447137354657,80.97490229796449,55.25491377068744,2.731551017252129
S8,low,2035,CC,57.5887498815722,57.5887498815722,0.0,57.5887498815722,1.7763568394002505e-15,100.00000000000001,0.0
S8,low,2035,SC,94.61283750110401,40.11462255308846,0.0,40.11462255308846,54.498214948015544,42.39870995584545,0.0
S8,low,2035,SW,51.39446111159827,42.47072026055478,8.9236,51.394320260554785,0.0001408510434890431,99.99972594119981,17.363008119885333
S8,low,2035,NW,23.87377904585844,23.87377904585844,0.0,23.87377904585844,0.0,100.0,0.0
S8,low,2040,NC,102.06735522703727,63.71523533965301,29.201499999999992,92.91673533965302,9.150619887384256,91.03472421027298,31.427600090828847
S8,low,2040,NE,39.20545910001455,39.20545910001455,0.0,39.20545910001455,0.0,100.0,0.0
S8,low,2040,EC,311.2915904559918,157.77575542163734,8.9572,166.73295542163734,144.55863503435444,53.5616638976339,5.372183307942254
S8,low,2040,CC,99.06037236746565,99.06037236746565,0.0,99.06037236746565,0.0,100.0,0.0
S8,low,2040,SC,162.74676795165067,63.473170334762536,0.0,63.473170334762536,99.27359761688813,39.00118640366446,0.0
S8,low,2040,SW,88.40536503761255,67.071292413352,21.334,88.40529241335199,7.26242605564309e-05,99.99991785084475,24.132039403534502
S8,low,2040,NW,41.066101399400125,41.066101399400125,0.0,41.066101399400125,2.775557561562892e-17,100.0,0.0
S8,low,2045,NC,153.0083653551983,91.34755950460872,43.924,135.27155950460872,17.736805850589565,88.40795023892007,32.47097923677261
S8,low,2045,NE,58.77259380876227,58.77259380876227,0.0,58.77259380876227,1.1102230246251563e-16,100.0,0.0
S8,low,2045,EC,466.6547624217667,216.46679711486095,32.7206,249.18739711486094,217.46736530690578,53.39866153335068,13.130920896821157
S8,low,2045,CC,148.50062112129774,148.50062112129774,0.0,148.50062112129774,8.881784197001252e-16,100.0,0.0
S8,low,2045,SC,243.97239328611008,88.4033238850399,0.0,88.4033238850399,155.56906940107018,36.23497015146628,0.0
S8,low,2045,SW,132.5277838633709,94.09744502259497,38.4302,132.52764502259495,0.00013884077593132038,99.99989523647653,28.99787436307945
S8,low,2045,NW,61.56186797097069,61.56186797097069,0.0,61.56186797097069,1.7763568394002505e-15,100.0,0.0
S8,low,2050,NC,210.71925565258022,121.08376250662563,60.68450000000001,181.76826250662563,28.95099314595457,86.2608696788076,33.38564123524479
S8,low,2050,NE,80.94013155035042,80.94013155035042,0.0,80.94013155035042,3.552713678800501e-15,100.0,0.0
S8,low,2050,EC,642.6651507319406,268.7016393353196,68.82520000000001,337.52683933531966,305.1383113966209,52.519860295973025,20.391030276447108
S8,low,2050,CC,204.51130416290397,204.51130416290394,0.0,204.51130416290394,3.552713678800501e-15,99.99999999999999,0.0
S8,low,2050,SC,335.99261709439,113.00607952685883,0.0,113.00607952685883,222.98653756753123,33.63350079061772,0.0
S8,low,2050,SW,182.5139161780267,121.98805620303041,60.525800000000004,182.51385620303043,5.997499628218605e-05,99.99996713949406,33.16230408976206
S8,low,2050,NW,84.781449467231,84.781449467231,0.0,84.781449467231,4.440892098500626e-16,100.0,0.0
S8,low,2055,NC,273.6771048361651,153.13906948448218,78.9948,232.13386948448215,41.54323535168294,84.82034681836008,34.029846732590094
S8,low,2055,NE,105.12309755061061,105.12309755061061,0.0,105.12309755061061,6.661338147750939e-16,99.99999999999999,0.0
S8,low,2055,EC,834.6780520210209,316.43074864546503,110.92030000000001,427.351048645465,407.3270033755558,51.19950711663165,25.955312465378004
S8,low,2055,CC,265.61436664265557,257.2865306059132,8.3277,265.6142306059132,0.00013603674239703878,99.99994878411732,3.1352612324283373
S8,low,2055,SC,436.37913586941295,138.69165198398264,0.0,138.69165198398264,297.6874838854303,31.782374679225338,0.0
S8,low,2055,SW,237.04468781090836,151.6745077242434,85.3701,237.04460772424338,8.008666496905903e-05,99.99996621452868,36.014360680717104
S8,low,2055,NW,110.1121089392065,110.1121089392065,0.0,110.1121089392065,0.0,100.0,0.0
S8,low,2060,NC,340.4894050613016,186.8210013183138,64.1252,250.94620131831377,89.54320374298783,73.70161819664652,25.553365487553297
S8,low,2060,NE,130.78661061047103,130.78661061047103,0.0,130.78661061047103,0.0,100.0,0.0
S8,low,2060,EC,1038.446506223081,363.439685337874,157.93509999999998,521.374785337874,517.0717208852071,50.207187583899604,30.292047955033162
S8,low,2060,CC,330.45832506899995,305.01622456444,25.342,330.35822456444004,0.10010050455995587,99.96970858442164,7.671066774078985
S8,low,2060,SC,542.9115908043867,154.70985671441076,0.0,154.70985671441076,388.20173408997596,28.496325982871372,0.0
S8,low,2060,SW,294.9139818400058,178.65635138758506,112.3783,291.03465138758503,3.87933045242076,98.68458917131797,38.613374546366416
S8,low,2060,NW,136.9935803917539,136.9935803917539,0.0,136.9935803917539,1.790234627208065e-15,100.0,0.0
S8,mid,2025,NC,8.53945008786071,6.2005395103238365,2.3388999999999998,8.539439510323836,1.0577536872002913e-05,99.99987613327832,27.389385417770857
S8,mid,2025,NE,3.280118901989078,3.280118901989078,0.0,3.280118901989078,6.938893903907228e-18,100.0,0.0
S8,mid,2025,EC,26.044164596571772,14.51937697306958,3.9144,18.43377697306958,7.6103876235021914,70.77891442713445,21.23493197144924
S8,mid,2025,CC,8.287871314341528,8.287871314341528,0.0,8.287871314341528,0.0,100.0,0.0
S8,mid,2025,SC,13.616184124614461,10.009524560037628,0.0,10.009524560037628,3.606659564576833,73.51196538201224,0.0
S8,mid,2025,SW,7.396421711511336,7.396421711511336,0.0,7.396421711511336,1.1102230246251563e-16,100.0,0.0
S8,mid,2025,NW,3.435789263111128,3.435789263111128,0.0,3.435789263111128,5.551115123125783e-17,100.0,0.0
S8,mid,2030,NC,87.81360855222201,50.19095289997807,24.3108,74.50175289997807,13.311855652243938,84.8407827992543,32.63117853433373
S8,mid,2030,NE,33.73040117342876,33.73040117342876,0.0,33.73040117342876,0.0,100.0,0.0
S8,mid,2030,EC,267.81959627636127,103.30838911213678,33.9746,137.2829891121368,130.53660716422448,51.25950117947134,24.747858580095855
S8,mid,2030,CC,85.22655204266216,85.22655204266216,0.0,85.22655204266216,0.0,100.00000000000001,0.0
S8,mid,2030,SC,140.01911720212604,44.33973902522317,0.0,44.33973902522317,95.67937817690286,31.666917997501788,0.0
S8,mid,2030,SW,76.05952071610807,49.788027421456,26.2714,76.05942742145601,9.329465207086329e-05,99.99987733994222,34.54062289271055
S8,mid,2030,NW,35.33120403709177,35.33120403709177,0.0,35.33120403709177,3.469446951953614e-18,100.0,0.0
S8,mid,2035,NC,183.8170240556275,101.73483820914869,20.222499999999997,121.95733820914869,61.859685846478826,66.3471399538279,16.581618045254285
S8,mid,2035,NE,70.60661856544596,70.60661856544596,0.0,70.60661856544596,0.0,100.0,0.0
S8,mid,2035,EC,560.6169930031266,185.8298648278401,92.48020000000001,278.3100648278401,282.3069281752865,49.64352995027533,33.22919710331258
S8,mid,2035,CC,178.40163301896115,157.08604001333165,19.0148,176.10084001333163,2.3007930056295223,98.71032962720415,10.797677057395349
S8,mid,2035,SC,293.096911279814,76.93229906971824,0.41259999999999986,77.34489906971825,215.7520122100957,26.388848224974492,0.5334547009080516
S8,mid,2035,SW,159.21262068188364,98.82043622856087,60.391999999999996,159.21243622856085,0.00018445332278727022,99.99988414654442,37.93171025490933
S8,mid,2035,NW,73.9575208156737,73.95752081567372,0.0,73.9575208156737,0.0,100.0,0.0
S8,mid,2040,NC,298.18570750393377,161.93268069251647,15.497699999999998,177.43038069251645,120.75532681141729,59.503314956896695,8.734524459403163
S8,mid,2040,NE,114.53718511418433,114.53718511418433,0.0,114.53718511418433,0.0,100.0,0.0
S8,mid,2040,EC,909.4259661541255,255.1703424677418,188.23970000000003,443.4100424677418,466.0159236863837,48.75713460688615,42.45273718934647
S8,mid,2040,CC,289.40092700835714,219.65696087366098,62.2652,281.92216087366097,7.478766134696135,97.41577671778495,22.0859544375808
S8,mid,2040,SC,475.45819167837504,107.00973306928228,0.0,107.00973306928228,368.44845860909277,22.506654621205747,0.0
S8,mid,2040,SW,258.272748051975,150.42738574956053,102.42250000000001,252.8498857495605,5.4228623024144635,97.900335074716,40.50723602123599
S8,mid,2040,NW,119.97297738312189,119.97297738312189,0.0,119.97297738312189,0.0,100.0,0.0
S8,mid,2045,NC,428.08290770046665,229.1068182231159,0.0,229.1068182231159,198.97608947735074,53.51926323193076,0.0
S8,mid,2045,NE,164.43246610959648,162.29984435939383,0.0,162.29984435939383,2.1326217502026488,98.70304095008754,0.0
S8,mid,2045,EC,1305.594809316702,309.1402771111303,202.56550000000001,511.70577711113026,793.8890322055715,39.19330664150981,39.58632266057212
S8,mid,2045,CC,415.47125568824816,268.5128715596608,130.6343,399.1471715596608,16.32408412858735,96.07094741089952,32.72835417812149
S8,mid,2045,SC,682.579748330156,130.27712884232454,0.0,130.27712884232454,552.3026194878315,19.08599385801159,0.0
S8,mid,2045,SW,370.7828584118872,196.90118676818432,152.1645,349.0656867681843,21.71717164370294,94.14288682688286,43.59193864307063
S8,mid,2045,NW,172.23622632205337,172.23622632205337,0.0,172.23622632205337,0.0,100.0,0.0
S8,mid,2050,NC,570.1681645962144,301.0982953713134,0.0,301.0982953713134,269.0698692249011,52.80868243223423,0.0
S8,mid,2050,NE,219.0093454217949,180.72124985508972,0.0,180.72124985508972,38.28809556670518,82.51759736874914,0.0
S8,mid,2050,EC,1738.935572394583,335.37069977938324,217.8665,553.2371997793833,1185.6983726151998,31.814703693567772,39.38030560614499
S8,mid,2050,CC,553.370571534255,293.12364991214906,230.3223,523.4459499121491,29.924621622105867,94.59229977858455,44.00116192295602
S8,mid,2050,SC,909.1352055762696,141.8146144079283,0.0,141.8146144079283,767.3205911683414,15.598847513339546,0.0
S8,mid,2050,SW,493.84962128029696,240.0714435196593,209.14600000000002,449.21744351965935,44.63217776063763,90.96239506169319,46.55785366688394
S8,mid,2050,NW,229.40325640783885,229.40325640783885,0.0,229.40325640783885,3.608224830031759e-15,100.0,0.0
S8,mid,2055,NC,720.9034125421014,377.11313885384465,0.0,377.11313885384465,343.79027368825666,52.31118791961897,0.0
S8,mid,2055,NE,276.90880392277876,194.91720445372675,0.0,194.91720445372675,81.991599469052,70.39039629382209,0.0
S8,mid,2055,EC,2198.6576350117575,353.6941059119034,234.6624,588.3565059119035,1610.3011290998538,26.759805462334164,39.88438942071234
S8,mid,2055,CC,699.6650430350352,310.5674447657548,343.493,654.0604447657547,45.60459826928046,93.4819384327885,52.51701165371935
S8,mid,2055,SC,1149.4831049121135,149.9408078673743,0.0,149.9408078673743,999.5422970447394,13.04419414488379,0.0
S8,mid,2055,SW,624.4085506171983,284.1690136505174,270.28340000000003,554.4524136505173,69.95613696668092,88.79641592070885,48.747808350306
S8,mid,2055,NW,290.0505511559031,290.0505511559031,0.0,290.0505511559031,3.552713678800501e-15,100.0,0.0
S8,mid,2060,NC,876.9265316854126,455.4724740528087,0.0,455.47247405280865,421.454057632604,51.93963890879336,0.0
S8,mid,2060,NE,336.8394056575186,204.8947659346273,0.0,204.8947659346273,131.9446397228913,60.82862114504322,0.0
S8,mid,2060,EC,2674.5069876082907,364.23600370767,252.71479999999997,616.95080370767,2057.5561839006205,23.06783293392647,40.961904657756776
S8,mid,2060,CC,851.0916009769982,320.9580177633168,467.195,788.1530177633168,62.93858321368142,92.60495778110936,59.27719484293076
S8,mid,2060,SC,1398.2625340432696,154.70985671441073,0.0,154.70985671441073,1243.5526773288589,11.06443553679764,0.0
S8,mid,2060,SW,759.5475553605834,328.2797096574472,334.17729999999995,662.4570096574472,97.09054570313619,87.21731838672774,50.44513004289911
S8,mid,2060,NW,352.82538466792744,352.82538466792744,0.0,352.82538466792744,0.0,100.0,0.0
S8,high,2025,NC,18.385218319473477,12.663045951320887,5.2101,17.873145951320886,0.5120723681525907,97.2147604708604,29.150436158190473
S8,high,2025,NE,7.062012366888667,7.062012366888666,0.0,7.062012366888666,4.579669976578771e-16,99.99999999999999,0.0
S8,high,2025,EC,56.07242236089106,30.302565347787873,3.0397,33.34226534778787,22.730157013103188,59.462858824239355,9.116657096611078
S8,high,2025,CC,17.843575634276377,17.843575634276377,0.0,17.843575634276377,0.0,100.0,0.0
S8,high,2025,SC,29.315297265458895,13.679314231538763,0.0,13.679314231538763,15.63598303392013,46.66271710523154,0.0
S8,high,2025,SW,15.924307367559816,14.005562278310698,1.9185999999999999,15.924162278310698,0.00014508924911782461,99.99908888188497,12.048357498926046
S8,high,2025,NW,7.39716668545172,7.39716668545172,0.0,7.39716668545172,0.0,100.0,0.0
S8,high,2030,NC,175.74817248812477,94.22919882511398,0.0,94.22919882511398,81.51897366301078,53.61603337951125,0.0
S8,high,2030,NE,67.50726295453443,59.67765369517535,0.0,59.67765369517535,7.8296092593590725,88.4018268306445,0.0
S8,high,2030,EC,536.0080900682547,119.6632860501754,128.6463,248.3095860501754,287.6985040180793,46.325716094799226,51.80883349948669
S8,high,2030,CC,170.57049603028668,101.66601957253206,60.5303,162.19631957253205,8.374176457754608,95.09048947347395,37.319157524367654
S8,high,2030,SC,280.2310982020511,49.827349387052216,0.0,49.827349387052216,230.40374881499892,17.780806522453087,0.0
S8,high,2030,SW,152.22380661226586,82.79163706692539,62.6295,145.42113706692538,6.802669545340484,95.53113951310667,43.06767314793914
S8,high,2030,NW,70.71107364448257,70.71107364448257,0.0,70.71107364448257,1.7763568394002505e-15,100.0,0.0
S8,high,2035,NC,355.5806493584412,187.75526559867754,0.0,187.75526559867754,167.82538375976364,52.802441847562925,0.0
S8,high,2035,NE,136.5833627624569,94.0255972730038,0.0,94.0255972730038,42.55776548945308,68.84117902158499,0.0
S8,high,2035,EC,1084.4727545643536,185.8298648278401,168.02640000000002,353.85626482784016,730.6164897365135,32.62933654520336,47.484364896506506
S8,high,2035,CC,345.10496969144276,157.75284161717497,164.2311,321.98394161717493,23.121028074267773,93.30029118533406,51.005990912200126
S8,high,2035,SC,566.97463454903,77.3449089313629,0.0,77.3449089313629,489.62972561766713,13.641687690822854,0.0
S8,high,2035,SW,307.9852224731422,151.83764556532202,131.4106,283.248245565322,24.736976907820164,91.9681286299451,46.394144379508404
S8,high,2035,NW,143.06543918706524,143.06543918706524,0.0,143.06543918706524,5.329070518200751e-15,100.0,0.0
S8,high,2040,NC,560.8712277247355,293.4874303002842,0.0,293.4874303002842,267.38379742445136,52.32706114928791,0.0
S8,high,2040,NE,215.43826554557577,134.9233953932481,0.0,134.9233953932481,80.51487015232769,62.62740514159271,0.0
S8,high,2040,EC,1710.5811758428736,255.17034246774182,195.2467,450.4170424677418,1260.1641333751318,26.331228755969608,43.34798233439031
S8,high,2040,CC,544.3475295800772,219.65696087366098,285.21,504.86696087366096,39.48056870641624,92.74717591960552,56.492110219779576
S8,high,2040,SC,894.3112060289304,107.00973306928228,0.0,107.00973306928228,787.3014729596481,11.965603511158573,0.0
S8,high,2040,SW,485.7971044297672,223.69578525734272,211.0342,434.7299852573427,51.067119172424405,89.48797374320138,48.543741438740696
S8,high,2040,NW,225.66269752474906,225.66269752474906,0.0,225.66269752474906,0.0,100.0,0.0
S8,high,2045,NC,787.3943542174815,409.0525089411212,0.0,409.0525089411212,378.34184527636023,51.950145025822636,0.0
S8,high,2045,NE,302.44887879370117,168.98651887746917,0.0,168.98651887746917,133.46235991623203,55.87275428213242,0.0
S8,high,2045,EC,2401.445989221633,309.1402771111303,200.30629999999996,509.44657711113024,1891.9994121105028,21.2141592772717,39.318411193546076
S8,high,2045,CC,764.1971103818906,268.5128715596608,435.5867,704.0995715596608,60.09753882222988,92.13585892883088,61.864360893605685
S8,high,2045,SC,1255.503152474425,130.27712884232452,0.0,130.27712884232452,1125.2260236321006,10.376487592688726,0.0
S8,high,2045,SW,681.9995008032915,297.12054636211684,300.728,597.8485463621168,84.15095444117472,87.66114134364355,50.30170296974328
S8,high,2045,NW,316.8027261966791,316.8027261966791,0.0,316.8027261966791,1.7763568394002505e-15,100.0,0.0
S8,high,2050,NC,1029.4985050002351,531.1341491492807,0.0,531.1341491492807,498.3643558509543,51.591541568014165,0.0
S8,high,2050,NE,395.4443753493194,189.26924495051728,0.0,189.26924495051728,206.17513039880205,47.862419280417015,0.0
S8,high,2050,EC,3139.830813493015,335.37069977938324,148.6527,484.02339977938317,2655.807413713632,15.415588562904585,30.711882951889432
S8,high,2050,CC,999.1686865033776,293.12364991214906,620.1621,913.2857499121492,85.88293659122839,91.40456083629097,67.90449758573969
S8,high,2050,SC,1641.5390986388738,141.8146144079283,0.0,141.8146144079283,1499.7244842309456,8.63912498493138,0.0
S8,high,2050,SW,891.6973594326378,323.0326400396381,399.06390000000005,722.0965400396382,169.60081939299965,80.98000206023804,55.26461876940917
S8,high,2050,NW,414.21167328994665,414.21167328994665,0.0,414.21167328994665,0.0,100.0,0.0
S8,high,2055,NC,1279.6071744266271,656.9158985866832,0.0,656.9158985866832,622.6912758399441,51.337309739689246,0.0
S8,high,2055,NE,491.5145163649651,205.3145080853247,0.0,205.3145080853247,286.20000827964043,41.771809631126374,0.0
S8,high,2055,EC,3902.6283340067,353.6941059119035,81.22250000000001,434.91660591190345,3467.7117280947964,11.14419741490958,18.675419355326344
S8,high,2055,CC,1241.908961987137,310.5674447657548,715.8959,1026.4633447657548,215.4456172213823,82.65206035097331,69.74393227489013
S8,high,2055,SC,2040.3382788007473,149.9408078673743,0.0,149.9408078673743,1890.397470933373,7.34882099822708,0.0
S8,high,2055,SW,1108.328310342735,330.9848974177681,501.289,832.273897417768,276.05441292496687,75.09272204374162,60.23125338368904
S8,high,2055,NW,514.8411836430523,498.41380985323696,16.4273,514.841109853237,7.378981538863627e-05,99.99998566746063,3.190751415457643
S8,high,2060,NC,1527.6664958878293,781.3676089595916,0.0,781.3676089595916,746.2988869282376,51.147787233854764,0.0
S8,high,2060,NE,586.7974749592358,217.00483473066686,0.0,217.00483473066686,369.79264022856904,36.981214812783904,0.0
S8,high,2060,EC,4659.175621171408,364.2360037076701,2.0893,366.32530370767006,4292.850317463738,7.862448928584681,0.5703400717487086
S8,high,2060,CC,1482.660264874412,320.9580177633168,554.9196000000001,875.8776177633168,606.7826471110951,59.074734685596205,63.35583747613844
S8,high,2060,SC,2435.869766202275,154.70985671441076,0.0,154.70985671441076,2281.1599094878643,6.351318894836336,0.0
S8,high,2060,SW,1323.184224028161,333.27728028351777,603.2369,936.5141802835177,386.6700437446433,70.7773085014945,64.41300224812161
S8,high,2060,NW,614.6461528766791,565.0353281165592,49.6108,614.6461281165592,2.4760119970324013e-05,99.99999597164648,8.071441066751825
