scenario,tier,year,province_key,demand_10kt,supply_10kt,local_direct_10kt,pipeline_served_10kt,served_10kt,unserved_10kt
S1,high,2025,上海,4.143473615537,0,0,0,0,4.143473615537
S1,high,2025,云南,0,55.42463688618,0,0,0,0
S1,high,2025,内蒙古,0,249.9712308819,0,0,0,0
S1,high,2025,北京,0,0.1514952466769,0,0,0,0
S1,high,2025,四川,0,5.682936472736,0,0,0,0
S1,high,2025,天津,3.037158552613,3.304104513969,3.037158552613,0,3.037158552613,0
S1,high,2025,宁夏,0,49.19439301438,0,0,0,0
S1,high,2025,安徽,0,6.102839052569,0,0,0,0
S1,high,2025,山东,11.1882416346,41.55364391617,11.1882416346,0,11.1882416346,0
S1,high,2025,山西,0,43.61439242789,0,0,0,0
S1,high,2025,广东,10.14773975776,6.826635729473,6.826635729473,0,6.826635729473,3.321104028287
S1,high,2025,广西,2.478997380937,19.06381496691,2.478997380937,0,2.478997380937,0
S1,high,2025,新疆,0,229.8525943639,0,0,0,0
S1,high,2025,江苏,3.101746357422,12.04392863904,3.101746357422,0,3.101746357422,0
S1,high,2025,江西,0,8.474082760956,0,0,0,0
S1,high,2025,河北,7.396299272903,112.8684626215,7.396299272903,0,7.396299272903,0
S1,high,2025,河南,0,26.39369296253,0,0,0,0
S1,high,2025,浙江,9.070527500165,0.8302725596161,0.8302725596161,0,0.8302725596161,8.240254940549
S1,high,2025,海南,1.231303953178,2.991317349124,1.231303953178,0,1.231303953178,0
S1,high,2025,湖北,0,13.64348342791,0,0,0,0
S1,high,2025,湖南,0,19.15037681832,0,0,0,0
S1,high,2025,甘肃,0,86.26073717587,0,0,0,0
S1,high,2025,福建,3.860563713208,0,0,0,0,3.860563713208
S1,high,2025,西藏,0,16.08768591622,0,0,0,0
S1,high,2025,贵州,0,12.85981034489,0,0,0,0
S1,high,2025,辽宁,3.743948261679,33.35094620209,3.743948261679,0,3.743948261679,0
S1,high,2025,陕西,0,35.8170385815,0,0,0,0
S1,high,2025,青海,0,111.5778280558,0,0,0,0
S1,high,2025,黑龙江,0,27.37151708563,0,0,0,0
S1,high,2030,上海,27.62315743691,0,0,0,0,27.62315743691
S1,high,2030,云南,0,176.5043695686,0,0,0,0
S1,high,2030,内蒙古,0,750.2788870267,0,0,0,0
S1,high,2030,北京,0,0.4472879549939,0,0,0,0
S1,high,2030,四川,0,17.47101124782,0,0,0,0
S1,high,2030,天津,20.24772368409,10.36842564131,10.36842564131,0,10.36842564131,9.87929804278
S1,high,2030,宁夏,0,155.1158315936,0,0,0,0
S1,high,2030,安徽,0,19.08215470382,0,0,0,0
S1,high,2030,山东,74.58827756399,125.7877869537,74.58827756399,0,74.58827756399,0
S1,high,2030,山西,0,129.690007386,0,0,0,0
S1,high,2030,广东,67.65159838507,20.20857693682,20.20857693682,0,20.20857693682,47.44302144825
S1,high,2030,广西,16.52664920624,57.25788989098,16.52664920624,0,16.52664920624,0
S1,high,2030,新疆,0,717.0514552634,0,0,0,0
S1,high,2030,江苏,20.67830904948,35.69280120139,20.67830904948,0,20.67830904948,0
S1,high,2030,江西,0,25.32913880717,0,0,0,0
S1,high,2030,河北,49.30866181935,341.7664060064,49.30866181935,0,49.30866181935,0
S1,high,2030,河南,0,77.37817705485,0,0,0,0
S1,high,2030,浙江,60.47018333444,2.41087553233,2.41087553233,0,2.41087553233,58.05930780211
S1,high,2030,海南,8.208693021189,9.270030253372,8.208693021189,0,8.208693021189,0
S1,high,2030,湖北,0,43.12595000117,0,0,0,0
S1,high,2030,湖南,0,56.47005516283,0,0,0,0
S1,high,2030,甘肃,0,267.4644876623,0,0,0,0
S1,high,2030,福建,25.73709142139,0,0,0,0,25.73709142139
S1,high,2030,西藏,0,51.4812545177,0,0,0,0
S1,high,2030,贵州,0,41.31703024709,0,0,0,0
S1,high,2030,辽宁,24.95965507786,98.19002344218,24.95965507786,0,24.95965507786,0
S1,high,2030,陕西,0,112.4865164869,0,0,0,0
S1,high,2030,青海,0,358.2380829362,0,0,0,0
S1,high,2030,黑龙江,0,81.41589509663,0,0,0,0
S1,high,2035,上海,54.46271503562,0,0,0,0,54.46271503562
S1,high,2035,云南,0,252.7839930999,0,0,0,0
S1,high,2035,内蒙古,0,1069.269927867,0,0,0,0
S1,high,2035,北京,0,0.636554552692,0,0,0,0
S1,high,2035,四川,0,24.94946651348,0,0,0,0
S1,high,2035,天津,39.92107012549,14.83167667759,14.83167667759,0,14.83167667759,25.0893934479
S1,high,2035,宁夏,0,221.974286849,0,0,0,0
S1,high,2035,安徽,0,27.2883473815,0,0,0,0
S1,high,2035,山东,147.0606723812,179.3980181491,147.0606723812,0,147.0606723812,0
S1,high,2035,山西,0,184.6811923047,0,0,0,0
S1,high,2035,广东,133.3840902498,28.76625265731,28.76625265731,0,28.76625265731,104.6178375925
S1,high,2035,广西,32.58447873923,81.6065444244,32.58447873923,0,32.58447873923,0
S1,high,2035,新疆,0,1025.223875703,0,0,0,0
S1,high,2035,江苏,40.77002622717,50.81244787465,40.77002622717,0,40.77002622717,0
S1,high,2035,江西,0,36.08530771583,0,0,0,0
S1,high,2035,河北,97.21856031804,487.4379338881,97.21856031804,0,97.21856031804,0
S1,high,2035,河南,0,110.0522043736,0,0,0,0
S1,high,2035,浙江,119.2249789191,3.4260047149,3.4260047149,0,3.4260047149,115.7989742042
S1,high,2035,海南,16.18452596699,13.24684368893,13.24684368893,0,13.24684368893,2.93768227806
S1,high,2035,湖北,0,61.72655582619,0,0,0,0
S1,high,2035,湖南,0,80.35612341052,0,0,0,0
S1,high,2035,甘肃,0,382.2229213555,0,0,0,0
S1,high,2035,福建,50.74408597677,0,0,0,0,50.74408597677
S1,high,2035,西藏,0,73.75838251998,0,0,0,0
S1,high,2035,贵州,0,59.21472967143,0,0,0,0
S1,high,2035,辽宁,49.21126721294,139.7039467858,49.21126721294,0,49.21126721294,0
S1,high,2035,陕西,0,160.9187090153,0,0,0,0
S1,high,2035,青海,0,513.3913168894,0,0,0,0
S1,high,2035,黑龙江,0,115.9409608293,0,0,0,0
S1,high,2040,上海,86.27765536413,0,0,0,0,86.27765536413
S1,high,2040,云南,0,296.2227766589,0,0,0,0
S1,high,2040,内蒙古,0,1367.491403567,0,0,0,0
S1,high,2040,北京,0,0.8338736028958,0,0,0,0
S1,high,2040,四川,0,30.80427679114,0,0,0,0
S1,high,2040,天津,63.24136297284,17.76492844429,17.76492844429,0,17.76492844429,45.47643452855
S1,high,2040,宁夏,0,263.9894967975,0,0,0,0
S1,high,2040,安徽,0,32.8600237229,0,0,0,0
S1,high,2040,山东,232.9676366855,226.5896400961,226.5896400961,6.377,232.9666400961,0.000996589399989
S1,high,2040,山西,0,239.4339179385,0,0,0,0
S1,high,2040,广东,211.3017421571,37.53930069684,37.53930069684,0,37.53930069684,173.7624414603
S1,high,2040,广西,51.61902826629,104.2638607086,51.61902826629,0,51.61902826629,0
S1,high,2040,新疆,0,1238.745535366,0,0,0,0
S1,high,2040,江苏,64.58624528201,66.20159050468,64.58624528201,0,64.58624528201,0
S1,high,2040,江西,0,46.43085425481,0,0,0,0
S1,high,2040,河北,154.0097557867,615.3962940736,154.0097557867,0,154.0097557867,0
S1,high,2040,河南,0,145.6561572436,0,0,0,0
S1,high,2040,浙江,188.871444166,4.597920778617,4.597920778617,0,4.597920778617,184.2735233874
S1,high,2040,海南,25.63887886783,16.16358741116,16.16358741116,0,16.16358741116,9.47529145667
S1,high,2040,湖北,0,73.1411568655,0,0,0,0
S1,high,2040,湖南,0,105.4581995615,0,0,0,0
S1,high,2040,甘肃,0,466.010761282,0,0,0,0
S1,high,2040,福建,80.38675190557,0,0,0,0,80.38675190557
S1,high,2040,西藏,0,85.81122762457,0,0,0,0
S1,high,2040,贵州,0,68.4802397852,0,0,0,0
S1,high,2040,辽宁,77.95852171258,183.7646872735,77.95852171258,0,77.95852171258,0
S1,high,2040,陕西,0,192.5121006176,0,0,0,0
S1,high,2040,青海,0,594.3378207529,0,0,0,0
S1,high,2040,黑龙江,0,150.2466852331,0,0,0,0
S1,high,2045,上海,122.2440992206,0,0,0,0,122.2440992206
S1,high,2045,云南,0,339.661560218,0,0,0,0
S1,high,2045,内蒙古,0,1665.712879267,0,0,0,0
S1,high,2045,北京,0,1.0311926531,0,0,0,0
S1,high,2045,四川,0,36.65908706881,0,0,0,0
S1,high,2045,天津,89.60470028385,20.69818021098,20.69818021098,0,20.69818021098,68.90652007287
S1,high,2045,宁夏,0,306.0047067459,0,0,0,0
S1,high,2045,安徽,0,38.43170006431,0,0,0,0
S1,high,2045,山东,330.0845250601,273.7812620432,273.7812620432,56.303,330.0842620432,0.0002630169000213
S1,high,2045,山西,0,294.1866435724,0,0,0,0
S1,high,2045,广东,299.3867998002,46.31234873637,46.31234873637,0,46.31234873637,253.0744510638
S1,high,2045,广西,73.13737938778,126.9211769927,73.13737938778,0,73.13737938778,0
S1,high,2045,新疆,0,1452.267195029,0,0,0,0
S1,high,2045,江苏,91.5102217743,81.5907331347,81.5907331347,9.919,91.5097331347,0.0004886396000074
S1,high,2045,江西,0,56.77640079379,0,0,0,0
S1,high,2045,河北,218.2115843073,743.354654259,218.2115843073,0,218.2115843073,0
S1,high,2045,河南,0,181.2601101137,0,0,0,0
S1,high,2045,浙江,267.60601529,5.769836842334,5.769836842334,0,5.769836842334,261.8361784477
S1,high,2045,海南,36.32692194747,19.08033113339,19.08033113339,0,19.08033113339,17.24659081408
S1,high,2045,湖北,0,84.5557579048,0,0,0,0
S1,high,2045,湖南,0,130.5602757125,0,0,0,0
S1,high,2045,甘肃,0,549.7986012085,0,0,0,0
S1,high,2045,福建,113.8974631901,0,0,0,0,113.8974631901
S1,high,2045,西藏,0,97.86407272917,0,0,0,0
S1,high,2045,贵州,0,77.74574989896,0,0,0,0
S1,high,2045,辽宁,110.4569801196,227.8254277612,110.4569801196,0,110.4569801196,0
S1,high,2045,陕西,0,224.1054922199,0,0,0,0
S1,high,2045,青海,0,675.2843246163,0,0,0,0
S1,high,2045,黑龙江,0,184.5524096369,0,0,0,0
S1,high,2050,上海,160.5543434097,0,0,0,0,160.5543434097
S1,high,2050,云南,0,383.100343777,0,0,0,0
S1,high,2050,内蒙古,0,1963.934354967,0,0,0,0
S1,high,2050,北京,0,1.228511703303,0,0,0,0
S1,high,2050,四川,0,42.51389734647,0,0,0,0
S1,high,2050,天津,117.6860389355,23.63143197768,23.63143197768,0,23.63143197768,94.05460695782
S1,high,2050,宁夏,0,348.0199166943,0,0,0,0
S1,high,2050,安徽,0,44.00337640572,0,0,0,0
S1,high,2050,山东,433.5301624263,320.9728839903,320.9728839903,112.557,433.5298839903,0.0002784360000305
S1,high,2050,山西,0,348.9393692062,0,0,0,0
S1,high,2050,广东,393.212035378,55.0853967759,55.0853967759,0,55.0853967759,338.1266386021
S1,high,2050,广西,96.05800199097,149.5784932769,96.05800199097,0,96.05800199097,0
S1,high,2050,新疆,0,1665.788854692,0,0,0,0
S1,high,2050,江苏,120.1887343923,96.97987576473,96.97987576473,23.208,120.1878757647,0.0008586275700111
S1,high,2050,江西,0,67.12194733277,0,0,0,0
S1,high,2050,河北,286.5972089143,871.3130144445,286.5972089143,0,286.5972089143,0
S1,high,2050,河南,0,216.8640629837,0,0,0,0
S1,high,2050,浙江,351.4714276708,6.941752906051,6.941752906051,0,6.941752906051,344.5296747647
S1,high,2050,海南,47.71146532685,21.99707485562,21.99707485562,0,21.99707485562,25.71439047123
S1,high,2050,湖北,0,95.97035894411,0,0,0,0
S1,high,2050,湖南,0,155.6623518634,0,0,0,0
S1,high,2050,甘肃,0,633.5864411351,0,0,0,0
S1,high,2050,福建,149.5919437839,0,0,0,0,149.5919437839
S1,high,2050,西藏,0,109.9169178338,0,0,0,0
S1,high,2050,贵州,0,87.01126001273,0,0,0,0
S1,high,2050,辽宁,145.0732430539,271.8861682489,145.0732430539,0,145.0732430539,0
S1,high,2050,陕西,0,255.6988838222,0,0,0,0
S1,high,2050,青海,0,756.2308284798,0,0,0,0
S1,high,2050,黑龙江,0,218.8581340408,0,0,0,0
S1,high,2055,上海,198.1108684323,0,0,0,0,198.1108684323
S1,high,2055,云南,0,426.5391273361,0,0,0,0
S1,high,2055,内蒙古,0,2262.155830667,0,0,0,0
S1,high,2055,北京,0,1.425830753507,0,0,0,0
S1,high,2055,四川,0,48.36870762413,0,0,0,0
S1,high,2055,天津,145.2149028218,26.56468374437,26.56468374437,0,26.56468374437,118.6502190774
S1,high,2055,宁夏,0,390.0351266428,0,0,0,0
S1,high,2055,安徽,0,49.57505274713,0,0,0,0
S1,high,2055,山东,534.9406010816,368.1645059373,368.1645059373,166.776,534.9405059373,9.514429996216e-05
S1,high,2055,山西,0,403.69209484,0,0,0,0
S1,high,2055,广东,485.1913448892,63.85844481543,63.85844481543,0,63.85844481543,421.3329000738
S1,high,2055,广西,118.5276822175,172.235809561,118.5276822175,0,118.5276822175,0
S1,high,2055,新疆,0,1879.310514354,0,0,0,0
S1,high,2055,江苏,148.3030233912,112.3690183948,112.3690183948,35.934,148.3030183948,4.996400008395e-06
S1,high,2055,江西,0,77.46749387175,0,0,0,0
S1,high,2055,河北,353.6374086336,999.27137463,353.6374086336,0,353.6374086336,0
S1,high,2055,河南,0,252.4680158537,0,0,0,0
S1,high,2055,浙江,433.6868644364,8.113668969769,8.113668969769,0,8.113668969769,425.5731954666
S1,high,2055,海南,58.87202818274,24.91381857785,24.91381857785,0,24.91381857785,33.95820960489
S1,high,2055,湖北,0,107.3849599834,0,0,0,0
S1,high,2055,湖南,0,180.7644280144,0,0,0,0
S1,high,2055,甘肃,0,717.3742810616,0,0,0,0
S1,high,2055,福建,184.5841679778,0,0,0,0,184.5841679778
S1,high,2055,西藏,0,121.9697629384,0,0,0,0
S1,high,2055,贵州,0,96.27677012649,0,0,0,0
S1,high,2055,辽宁,179.0084625387,315.9469087366,179.0084625387,0,179.0084625387,0
S1,high,2055,陕西,0,287.2922754245,0,0,0,0
S1,high,2055,青海,0,837.1773323433,0,0,0,0
S1,high,2055,黑龙江,0,253.1638584446,0,0,0,0
S1,high,2060,上海,230.1929786409,0,0,0,0,230.1929786409
S1,high,2060,云南,0,469.9779108951,0,0,0,0
S1,high,2060,内蒙古,0,2560.377306366,0,0,0,0
S1,high,2060,北京,0,1.623149803711,0,0,0,0
S1,high,2060,四川,0,54.22351790179,0,0,0,0
S1,high,2060,天津,168.7310307007,29.49793551107,29.49793551107,0,29.49793551107,139.2330951896
S1,high,2060,宁夏,0,432.0503365912,0,0,0,0
S1,high,2060,安徽,0,55.14672908854,0,0,0,0
S1,high,2060,山东,621.5689796999,415.3561278844,415.3561278844,206.212,621.5681278844,0.0008518155000274
S1,high,2060,山西,0,458.4448204738,0,0,0,0
S1,high,2060,广东,563.7633198756,72.63149285495,72.63149285495,0,72.63149285495,491.1318270207
S1,high,2060,广西,137.7220767187,194.8931258452,137.7220767187,0,137.7220767187,0
S1,high,2060,新疆,0,2092.832174017,0,0,0,0
S1,high,2060,江苏,172.319242079,127.7581610248,127.7581610248,44.561,172.3191610248,8.105419999538e-05
S1,high,2060,江西,0,87.81304041073,0,0,0,0
S1,high,2060,河北,410.9055151613,1127.229734815,410.9055151613,0,410.9055151613,0
S1,high,2060,河南,0,288.0719687237,0,0,0,0
S1,high,2060,浙江,503.9181944536,9.285585033486,9.285585033486,0,9.285585033486,494.6326094201
S1,high,2060,海南,68.40577517657,27.83056230008,27.83056230008,0,27.83056230008,40.57521287649
S1,high,2060,湖北,0,118.7995610227,0,0,0,0
S1,high,2060,湖南,0,205.8665041654,0,0,0,0
S1,high,2060,甘肃,0,801.1621209882,0,0,0,0
S1,high,2060,福建,214.4757618449,0,0,0,0,214.4757618449
S1,high,2060,西藏,0,134.022608043,0,0,0,0
S1,high,2060,贵州,0,105.5422802403,0,0,0,0
S1,high,2060,辽宁,207.9971256489,360.0076492244,207.9971256489,0,207.9971256489,0
S1,high,2060,陕西,0,318.8856670268,0,0,0,0
S1,high,2060,青海,0,918.1238362067,0,0,0,0
S1,high,2060,黑龙江,0,287.4695828485,0,0,0,0
S1,low,2025,上海,0.4603859572818,0,0,0,0,0.4603859572818
S1,low,2025,云南,0,55.42463688618,0,0,0,0
S1,low,2025,内蒙古,0,249.9712308819,0,0,0,0
S1,low,2025,北京,0,0.1514952466769,0,0,0,0
S1,low,2025,四川,0,5.682936472736,0,0,0,0
S1,low,2025,天津,0.3374620614014,3.304104513969,0.3374620614014,0,0.3374620614014,0
S1,low,2025,宁夏,0,49.19439301438,0,0,0,0
S1,low,2025,安徽,0,6.102839052569,0,0,0,0
S1,low,2025,山东,1.2431379594,41.55364391617,1.2431379594,0,1.2431379594,0
S1,low,2025,山西,0,43.61439242789,0,0,0,0
S1,low,2025,广东,1.127526639751,6.826635729473,1.127526639751,0,1.127526639751,0
S1,low,2025,广西,0.2754441534374,19.06381496691,0.2754441534374,0,0.2754441534374,0
S1,low,2025,新疆,0,229.8525943639,0,0,0,0
S1,low,2025,江苏,0.344638484158,12.04392863904,0.344638484158,0,0.344638484158,0
S1,low,2025,江西,0,8.474082760956,0,0,0,0
S1,low,2025,河北,0.8218110303225,112.8684626215,0.8218110303225,0,0.8218110303225,0
S1,low,2025,河南,0,26.39369296253,0,0,0,0
S1,low,2025,浙江,1.007836388907,0.8302725596161,0.8302725596161,0,0.8302725596161,0.1775638292909
S1,low,2025,海南,0.1368115503531,2.991317349124,0.1368115503531,0,0.1368115503531,0
S1,low,2025,湖北,0,13.64348342791,0,0,0,0
S1,low,2025,湖南,0,19.15037681832,0,0,0,0
S1,low,2025,甘肃,0,86.26073717587,0,0,0,0
S1,low,2025,福建,0.4289515236898,0,0,0,0,0.4289515236898
S1,low,2025,西藏,0,16.08768591622,0,0,0,0
S1,low,2025,贵州,0,12.85981034489,0,0,0,0
S1,low,2025,辽宁,0.4159942512977,33.35094620209,0.4159942512977,0,0.4159942512977,0
S1,low,2025,陕西,0,35.8170385815,0,0,0,0
S1,low,2025,青海,0,111.5778280558,0,0,0,0
S1,low,2025,黑龙江,0,27.37151708563,0,0,0,0
S1,low,2030,上海,4.603859572818,0,0,0,0,4.603859572818
S1,low,2030,云南,0,66.18913858822,0,0,0,0
S1,low,2030,内蒙古,0,281.354582635,0,0,0,0
S1,low,2030,北京,0,0.1677329831227,0,0,0,0
S1,low,2030,四川,0,6.551629217933,0,0,0,0
S1,low,2030,天津,3.374620614014,3.888159615492,3.374620614014,0,3.374620614014,0
S1,low,2030,宁夏,0,58.16843684761,0,0,0,0
S1,low,2030,安徽,0,7.155808013932,0,0,0,0
S1,low,2030,山东,12.431379594,47.17042010766,12.431379594,0,12.431379594,0
S1,low,2030,山西,0,48.63375276975,0,0,0,0
S1,low,2030,广东,11.27526639751,7.578216351306,7.578216351306,0,7.578216351306,3.697050046204
S1,low,2030,广西,2.754441534374,21.47170870912,2.754441534374,0,2.754441534374,0
S1,low,2030,新疆,0,268.8942957238,0,0,0,0
S1,low,2030,江苏,3.44638484158,13.38480045052,3.44638484158,0,3.44638484158,0
S1,low,2030,江西,0,9.498427052688,0,0,0,0
S1,low,2030,河北,8.218110303225,128.1624022524,8.218110303225,0,8.218110303225,0
S1,low,2030,河南,0,29.01681639557,0,0,0,0
S1,low,2030,浙江,10.07836388907,0.9040783246239,0.9040783246239,0,0.9040783246239,9.174285564446
S1,low,2030,海南,1.368115503531,3.476261345015,1.368115503531,0,1.368115503531,0
S1,low,2030,湖北,0,16.17223125044,0,0,0,0
S1,low,2030,湖南,0,21.17627068606,0,0,0,0
S1,low,2030,甘肃,0,100.2991828734,0,0,0,0
S1,low,2030,福建,4.289515236898,0,0,0,0,4.289515236898
S1,low,2030,西藏,0,19.30547044414,0,0,0,0
S1,low,2030,贵州,0,15.49388634266,0,0,0,0
S1,low,2030,辽宁,4.159942512977,36.82125879082,4.159942512977,0,4.159942512977,0
S1,low,2030,陕西,0,42.18244368258,0,0,0,0
S1,low,2030,青海,0,134.3392811011,0,0,0,0
S1,low,2030,黑龙江,0,30.53096066124,0,0,0,0
S1,low,2035,上海,9.441022840205,0,0,0,0,9.441022840205
S1,low,2035,云南,0,94.79399741247,0,0,0,0
S1,low,2035,内蒙古,0,400.9762229502,0,0,0,0
S1,low,2035,北京,0,0.2387079572595,0,0,0,0
S1,low,2035,四川,0,9.356049942556,0,0,0,0
S1,low,2035,天津,6.920252407793,5.561878754096,5.561878754096,0,5.561878754096,1.358373653697
S1,low,2035,宁夏,0,83.24035756838,0,0,0,0
S1,low,2035,安徽,0,10.23313026806,0,0,0,0
S1,low,2035,山东,25.4927277485,67.2742568059,25.4927277485,0,25.4927277485,0
S1,low,2035,山西,0,69.25544711427,0,0,0,0
S1,low,2035,广东,23.12191453814,10.78734474649,10.78734474649,0,10.78734474649,12.33456979165
S1,low,2035,广西,5.648466254612,30.60245415915,5.648466254612,0,5.648466254612,0
S1,low,2035,新疆,0,384.4589533887,0,0,0,0
S1,low,2035,江苏,7.067417563645,19.054667953,7.067417563645,0,7.067417563645,0
S1,low,2035,江西,0,13.53199039343,0,0,0,0
S1,low,2035,河北,16.85267889884,182.789225208,16.85267889884,0,16.85267889884,0
S1,low,2035,河南,0,41.26957664012,0,0,0,0
S1,low,2035,浙江,20.66745567793,1.284751768088,1.284751768088,0,1.284751768088,19.38270390984
S1,low,2035,海南,2.805561184607,4.967566383347,2.805561184607,0,2.805561184607,0
S1,low,2035,湖北,0,23.14745843482,0,0,0,0
S1,low,2035,湖南,0,30.13354627895,0,0,0,0
S1,low,2035,甘肃,0,143.3335955083,0,0,0,0
S1,low,2035,福建,8.796404556746,0,0,0,0,8.796404556746
S1,low,2035,西藏,0,27.65939344499,0,0,0,0
S1,low,2035,贵州,0,22.20552362679,0,0,0,0
S1,low,2035,辽宁,8.530692923571,52.38898004468,8.530692923571,0,8.530692923571,0
S1,low,2035,陕西,0,60.34451588073,0,0,0,0
S1,low,2035,青海,0,192.5217438335,0,0,0,0
S1,low,2035,黑龙江,0,43.47786031097,0,0,0,0
S1,low,2040,上海,15.03097936207,0,0,0,0,15.03097936207
S1,low,2040,云南,0,111.0835412471,0,0,0,0
S1,low,2040,内蒙古,0,512.8092763377,0,0,0,0
S1,low,2040,北京,0,0.3127026010859,0,0,0,0
S1,low,2040,四川,0,11.55160379668,0,0,0,0
S1,low,2040,天津,11.01768027494,6.661848166607,6.661848166607,0,6.661848166607,4.355832108333
S1,low,2040,宁夏,0,98.99606129904,0,0,0,0
S1,low,2040,安徽,0,12.32250889609,0,0,0,0
S1,low,2040,山东,40.58677445824,84.97111503605,40.58677445824,0,40.58677445824,0
S1,low,2040,山西,0,89.78771922695,0,0,0,0
S1,low,2040,广东,36.81222110323,14.07723776132,14.07723776132,0,14.07723776132,22.73498334191
S1,low,2040,广西,8.992879387902,39.09894776571,8.992879387902,0,8.992879387902,0
S1,low,2040,新疆,0,464.5295757623,0,0,0,0
S1,low,2040,江苏,11.25198078008,24.82559643925,11.25198078008,0,11.25198078008,0
S1,low,2040,江西,0,17.41157034555,0,0,0,0
S1,low,2040,河北,26.83101958458,230.7736102776,26.83101958458,0,26.83101958458,0
S1,low,2040,河南,0,54.62105896637,0,0,0,0
S1,low,2040,浙江,32.90449615676,1.724220291982,1.724220291982,0,1.724220291982,31.18027586478
S1,low,2040,海南,4.466712238557,6.061345279184,4.466712238557,0,4.466712238557,0
S1,low,2040,湖北,0,27.42793382456,0,0,0,0
S1,low,2040,湖南,0,39.54682483556,0,0,0,0
S1,low,2040,甘肃,0,174.7540354808,0,0,0,0
S1,low,2040,福建,14.00468758425,0,0,0,0,14.00468758425
S1,low,2040,西藏,0,32.17921035921,0,0,0,0
S1,low,2040,贵州,0,25.68008991945,0,0,0,0
S1,low,2040,辽宁,13.58165015048,68.91175772757,13.58165015048,0,13.58165015048,0
S1,low,2040,陕西,0,72.19203773159,0,0,0,0
S1,low,2040,青海,0,222.8766827823,0,0,0,0
S1,low,2040,黑龙江,0,56.34250696241,0,0,0,0
S1,low,2045,上海,21.4297220251,0,0,0,0,21.4297220251
S1,low,2045,云南,0,127.3730850817,0,0,0,0
S1,low,2045,内蒙古,0,624.6423297251,0,0,0,0
S1,low,2045,北京,0,0.3866972449123,0,0,0,0
S1,low,2045,四川,0,13.7471576508,0,0,0,0
S1,low,2045,天津,15.70794689861,7.761817579118,7.761817579118,0,7.761817579118,7.946129319492
S1,low,2045,宁夏,0,114.7517650297,0,0,0,0
S1,low,2045,安徽,0,14.41188752412,0,0,0,0
S1,low,2045,山东,57.86471217774,102.6679732662,57.86471217774,0,57.86471217774,0
S1,low,2045,山西,0,110.3199913396,0,0,0,0
S1,low,2045,广东,52.48331771112,17.36713077614,17.36713077614,0,17.36713077614,35.11618693498
S1,low,2045,广西,12.82118089885,47.59544137227,12.82118089885,0,12.82118089885,0
S1,low,2045,新疆,0,544.6001981358,0,0,0,0
S1,low,2045,江苏,16.04198998219,30.59652492551,16.04198998219,0,16.04198998219,0
S1,low,2045,江西,0,21.29115029767,0,0,0,0
S1,low,2045,河北,38.25308235062,278.7579953471,38.25308235062,0,38.25308235062,0
S1,low,2045,河南,0,67.97254129262,0,0,0,0
S1,low,2045,浙江,46.9120600215,2.163688815875,2.163688815875,0,2.163688815875,44.74837120562
S1,low,2045,海南,6.368207907992,7.15512417502,6.368207907992,0,6.368207907992,0
S1,low,2045,湖北,0,31.7084092143,0,0,0,0
S1,low,2045,湖南,0,48.96010339218,0,0,0,0
S1,low,2045,甘肃,0,206.1744754532,0,0,0,0
S1,low,2045,福建,19.96653409932,0,0,0,0,19.96653409932
S1,low,2045,西藏,0,36.69902727344,0,0,0,0
S1,low,2045,贵州,0,29.15465621211,0,0,0,0
S1,low,2045,辽宁,19.36340808912,85.43453541046,19.36340808912,0,19.36340808912,0
S1,low,2045,陕西,0,84.03955958245,0,0,0,0
S1,low,2045,青海,0,253.2316217311,0,0,0,0
S1,low,2045,黑龙江,0,69.20715361386,0,0,0,0
S1,low,2050,上海,28.693243716,0,0,0,0,28.693243716
S1,low,2050,云南,0,143.6626289164,0,0,0,0
S1,low,2050,内蒙古,0,736.4753831125,0,0,0,0
S1,low,2050,北京,0,0.4606918887387,0,0,0,0
S1,low,2050,四川,0,15.94271150492,0,0,0,0
S1,low,2050,天津,21.03209496194,8.861786991629,8.861786991629,0,8.861786991629,12.17030797031
S1,low,2050,宁夏,0,130.5074687604,0,0,0,0
S1,low,2050,安徽,0,16.50126615215,0,0,0,0
S1,low,2050,山东,77.47773336151,120.3648314963,77.47773336151,0,77.47773336151,0
S1,low,2050,山西,0,130.8522634523,0,0,0,0
S1,low,2050,广东,70.27233598017,20.65702379096,20.65702379096,0,20.65702379096,49.61531218921
S1,low,2050,广西,17.16687075207,56.09193497883,17.16687075207,0,17.16687075207,0
S1,low,2050,新疆,0,624.6708205094,0,0,0,0
S1,low,2050,江苏,21.47936066131,36.36745341177,21.47936066131,0,21.47936066131,0
S1,low,2050,江西,0,25.17073024979,0,0,0,0
S1,low,2050,河北,51.21881718713,326.7423804167,51.21881718713,0,51.21881718713,0
S1,low,2050,河南,0,81.32402361887,0,0,0,0
S1,low,2050,浙江,62.81272196811,2.603157339769,2.603157339769,0,2.603157339769,60.20956462834
S1,low,2050,海南,8.526687435523,8.248903070857,8.248903070857,0,8.248903070857,0.277784364666
S1,low,2050,湖北,0,35.98888460404,0,0,0,0
S1,low,2050,湖南,0,58.37338194879,0,0,0,0
S1,low,2050,甘肃,0,237.5949154257,0,0,0,0
S1,low,2050,福建,26.73411388185,0,0,0,0,26.73411388185
S1,low,2050,西藏,0,41.21884418766,0,0,0,0
S1,low,2050,贵州,0,32.62922250477,0,0,0,0
S1,low,2050,辽宁,25.92656063493,101.9573130934,25.92656063493,0,25.92656063493,0
S1,low,2050,陕西,0,95.88708143331,0,0,0,0
S1,low,2050,青海,0,283.5865606799,0,0,0,0
S1,low,2050,黑龙江,0,82.0718002653,0,0,0,0
S1,low,2055,上海,36.87753732146,0,0,0,0,36.87753732146
S1,low,2055,云南,0,159.952172751,0,0,0,0
S1,low,2055,内蒙古,0,848.3084365,0,0,0,0
S1,low,2055,北京,0,0.5346865325651,0,0,0,0
S1,low,2055,四川,0,18.13826535905,0,0,0,0
S1,low,2055,天津,27.03116714807,9.96175640414,9.96175640414,0,9.96175640414,17.06941074393
S1,low,2055,宁夏,0,146.263172491,0,0,0,0
S1,low,2055,安徽,0,18.59064478017,0,0,0,0
S1,low,2055,山东,99.57703046408,138.0616897265,99.57703046408,0,99.57703046408,0
S1,low,2055,山西,0,151.384535565,0,0,0,0
S1,low,2055,广东,90.31640752871,23.94691680578,23.94691680578,0,23.94691680578,66.36949072293
S1,low,2055,广西,22.06344891216,64.58842858539,22.06344891216,0,22.06344891216,0
S1,low,2055,新疆,0,704.7414428829,0,0,0,0
S1,low,2055,江苏,27.60600830874,42.13838189803,27.60600830874,0,27.60600830874,0
S1,low,2055,江西,0,29.05031020191,0,0,0,0
S1,low,2055,河北,65.82817408428,374.7267654862,65.82817408428,0,65.82817408428,0
S1,low,2055,河南,0,94.67550594512,0,0,0,0
S1,low,2055,浙江,80.72905669254,3.042625863663,3.042625863663,0,3.042625863663,77.68643082888
S1,low,2055,海南,10.95879006376,9.342681966693,9.342681966693,0,9.342681966693,1.616108097067
S1,low,2055,湖北,0,40.26935999378,0,0,0,0
S1,low,2055,湖南,0,67.78666050541,0,0,0,0
S1,low,2055,甘肃,0,269.0153553981,0,0,0,0
S1,low,2055,福建,34.35959671177,0,0,0,0,34.35959671177
S1,low,2055,西藏,0,45.73866110188,0,0,0,0
S1,low,2055,贵州,0,36.10378879744,0,0,0,0
S1,low,2055,辽宁,33.32170168334,118.4800907762,33.32170168334,0,33.32170168334,0
S1,low,2055,陕西,0,107.7346032842,0,0,0,0
S1,low,2055,青海,0,313.9414996287,0,0,0,0
S1,low,2055,黑龙江,0,94.93644691674,0,0,0,0
S1,low,2060,上海,46.03859572818,0,0,0,0,46.03859572818
S1,low,2060,云南,0,176.2417165857,0,0,0,0
S1,low,2060,内蒙古,0,960.1414898874,0,0,0,0
S1,low,2060,北京,0,0.6086811763915,0,0,0,0
S1,low,2060,四川,0,20.33381921317,0,0,0,0
S1,low,2060,天津,33.74620614014,11.06172581665,11.06172581665,0,11.06172581665,22.68448032349
S1,low,2060,宁夏,0,162.0188762217,0,0,0,0
S1,low,2060,安徽,0,20.6800234082,0,0,0,0
S1,low,2060,山东,124.31379594,155.7585479566,124.31379594,0,124.31379594,0
S1,low,2060,山西,0,171.9168076777,0,0,0,0
S1,low,2060,广东,112.7526639751,27.23680982061,27.23680982061,0,27.23680982061,85.51585415449
S1,low,2060,广西,27.54441534374,73.08492219195,27.54441534374,0,27.54441534374,0
S1,low,2060,新疆,0,784.8120652565,0,0,0,0
S1,low,2060,江苏,34.4638484158,47.90931038429,34.4638484158,0,34.4638484158,0
S1,low,2060,江西,0,32.92989015402,0,0,0,0
S1,low,2060,河北,82.18110303225,422.7111505558,82.18110303225,0,82.18110303225,0
S1,low,2060,河南,0,108.0269882714,0,0,0,0
S1,low,2060,浙江,100.7836388907,3.482094387557,3.482094387557,0,3.482094387557,97.30154450314
S1,low,2060,海南,13.68115503531,10.43646086253,10.43646086253,0,10.43646086253,3.24469417278
S1,low,2060,湖北,0,44.54983538352,0,0,0,0
S1,low,2060,湖南,0,77.19993906203,0,0,0,0
S1,low,2060,甘肃,0,300.4357953706,0,0,0,0
S1,low,2060,福建,42.89515236898,0,0,0,0,42.89515236898
S1,low,2060,西藏,0,50.25847801611,0,0,0,0
S1,low,2060,贵州,0,39.5783550901,0,0,0,0
S1,low,2060,辽宁,41.59942512977,135.0028684591,41.59942512977,0,41.59942512977,0
S1,low,2060,陕西,0,119.582125135,0,0,0,0
S1,low,2060,青海,0,344.2964385775,0,0,0,0
S1,low,2060,黑龙江,0,107.8010935682,0,0,0,0
S1,mid,2025,上海,1.841543829127,0,0,0,0,1.841543829127
S1,mid,2025,云南,0,55.42463688618,0,0,0,0
S1,mid,2025,内蒙古,0,249.9712308819,0,0,0,0
S1,mid,2025,北京,0,0.1514952466769,0,0,0,0
S1,mid,2025,四川,0,5.682936472736,0,0,0,0
S1,mid,2025,天津,1.349848245606,3.304104513969,1.349848245606,0,1.349848245606,0
S1,mid,2025,宁夏,0,49.19439301438,0,0,0,0
S1,mid,2025,安徽,0,6.102839052569,0,0,0,0
S1,mid,2025,山东,4.972551837599,41.55364391617,4.972551837599,0,4.972551837599,0
S1,mid,2025,山西,0,43.61439242789,0,0,0,0
S1,mid,2025,广东,4.510106559005,6.826635729473,4.510106559005,0,4.510106559005,0
S1,mid,2025,广西,1.10177661375,19.06381496691,1.10177661375,0,1.10177661375,0
S1,mid,2025,新疆,0,229.8525943639,0,0,0,0
S1,mid,2025,江苏,1.378553936632,12.04392863904,1.378553936632,0,1.378553936632,0
S1,mid,2025,江西,0,8.474082760956,0,0,0,0
S1,mid,2025,河北,3.28724412129,112.8684626215,3.28724412129,0,3.28724412129,0
S1,mid,2025,河南,0,26.39369296253,0,0,0,0
S1,mid,2025,浙江,4.031345555629,0.8302725596161,0.8302725596161,0,0.8302725596161,3.201072996013
S1,mid,2025,海南,0.5472462014126,2.991317349124,0.5472462014126,0,0.5472462014126,0
S1,mid,2025,湖北,0,13.64348342791,0,0,0,0
S1,mid,2025,湖南,0,19.15037681832,0,0,0,0
S1,mid,2025,甘肃,0,86.26073717587,0,0,0,0
S1,mid,2025,福建,1.715806094759,0,0,0,0,1.715806094759
S1,mid,2025,西藏,0,16.08768591622,0,0,0,0
S1,mid,2025,贵州,0,12.85981034489,0,0,0,0
S1,mid,2025,辽宁,1.663977005191,33.35094620209,1.663977005191,0,1.663977005191,0
S1,mid,2025,陕西,0,35.8170385815,0,0,0,0
S1,mid,2025,青海,0,111.5778280558,0,0,0,0
S1,mid,2025,黑龙江,0,27.37151708563,0,0,0,0
S1,mid,2030,上海,13.81157871846,0,0,0,0,13.81157871846
S1,mid,2030,云南,0,101.396127199,0,0,0,0
S1,mid,2030,内蒙古,0,431.011275526,0,0,0,0
S1,mid,2030,北京,0,0.2569526549965,0,0,0,0
S1,mid,2030,四川,0,10.03653837641,0,0,0,0
S1,mid,2030,天津,10.12386184204,5.956329623732,5.956329623732,0,5.956329623732,4.167532218308
S1,mid,2030,宁夏,0,89.10909474527,0,0,0,0
S1,mid,2030,安徽,0,10.96208887241,0,0,0,0
S1,mid,2030,山东,37.29413878199,72.26106910109,37.29413878199,0,37.29413878199,0
S1,mid,2030,山西,0,74.50277020047,0,0,0,0
S1,mid,2030,广东,33.82579919253,11.60918249562,11.60918249562,0,11.60918249562,22.21661669691
S1,mid,2030,广西,8.263324603122,32.8928303629,8.263324603122,0,8.263324603122,0
S1,mid,2030,新疆,0,411.9231764279,0,0,0,0
S1,mid,2030,江苏,10.33915452474,20.50437515824,10.33915452474,0,10.33915452474,0
S1,mid,2030,江西,0,14.55078186795,0,0,0,0
S1,mid,2030,河北,24.65433090968,196.3338928122,24.65433090968,0,24.65433090968,0
S1,mid,2030,河南,0,44.45129320172,0,0,0,0
S1,mid,2030,浙江,30.23509166722,1.384971050488,1.384971050488,0,1.384971050488,28.85012061673
S1,mid,2030,海南,4.104346510594,5.325336528533,4.104346510594,0,4.104346510594,0
S1,mid,2030,湖北,0,24.77448191556,0,0,0,0
S1,mid,2030,湖南,0,32.44024445524,0,0,0,0
S1,mid,2030,甘肃,0,153.6498120613,0,0,0,0
S1,mid,2030,福建,12.86854571069,0,0,0,0,12.86854571069
S1,mid,2030,西藏,0,29.57433770166,0,0,0,0
S1,mid,2030,贵州,0,23.73531524833,0,0,0,0
S1,mid,2030,辽宁,12.47982753893,56.40703474338,12.47982753893,0,12.47982753893,0
S1,mid,2030,陕西,0,64.6199137265,0,0,0,0
S1,mid,2030,青海,0,205.7963455165,0,0,0,0
S1,mid,2030,黑龙江,0,46.77083335338,0,0,0,0
S1,mid,2035,上海,27.61563126012,0,0,0,0,27.61563126012
S1,mid,2035,云南,0,158.1589689449,0,0,0,0
S1,mid,2035,内蒙古,0,669.0084575426,0,0,0,0
S1,mid,2035,北京,0,0.3982720998127,0,0,0,0
S1,mid,2035,四川,0,15.61009402181,0,0,0,0
S1,mid,2035,天津,20.24220701031,9.279712145871,9.279712145871,0,9.279712145871,10.96249486444
S1,mid,2035,宁夏,0,138.8823078146,0,0,0,0
S1,mid,2035,安徽,0,17.07345798735,0,0,0,0
S1,mid,2035,山东,74.56795531933,112.2436798045,74.56795531933,0,74.56795531933,0
S1,mid,2035,山西,0,115.5491951853,0,0,0,0
S1,mid,2035,广东,67.63316610082,17.99813668933,17.99813668933,0,17.99813668933,49.63502941149
S1,mid,2035,广西,16.52214637256,51.05864009441,16.52214637256,0,16.52214637256,0
S1,mid,2035,新疆,0,641.4502323919,0,0,0,0
S1,mid,2035,江苏,20.67267505887,31.79174546168,20.67267505887,0,20.67267505887,0
S1,mid,2035,江西,0,22.57743851739,0,0,0,0
S1,mid,2035,河北,49.29522723255,304.974536176,49.29522723255,0,49.29522723255,0
S1,mid,2035,河南,0,68.85619204126,0,0,0,0
S1,mid,2035,浙江,60.45370769107,2.143543056916,2.143543056916,0,2.143543056916,58.31016463415
S1,mid,2035,海南,8.206456489212,8.288132147617,8.206456489212,0,8.206456489212,0
S1,mid,2035,湖北,0,38.6203584581,0,0,0,0
S1,mid,2035,湖南,0,50.27629111781,0,0,0,0
S1,mid,2035,甘肃,0,239.1448224524,0,0,0,0
S1,mid,2035,福建,25.73007912018,0,0,0,0,25.73007912018
S1,mid,2035,西藏,0,46.14829280662,0,0,0,0
S1,mid,2035,贵州,0,37.04878808319,0,0,0,0
S1,mid,2035,辽宁,24.95285459616,87.40835173231,24.95285459616,0,24.95285459616,0
S1,mid,2035,陕西,0,100.6817591165,0,0,0,0
S1,mid,2035,青海,0,321.2127490698,0,0,0,0
S1,mid,2035,黑龙江,0,72.54060116055,0,0,0,0
S1,mid,2040,上海,43.97695624086,0,0,0,0,43.97695624086
S1,mid,2040,云南,0,200.6670422528,0,0,0,0
S1,mid,2040,内蒙古,0,926.3651443519,0,0,0,0
S1,mid,2040,北京,0,0.5648821180907,0,0,0,0
S1,mid,2040,四川,0,20.86741331013,0,0,0,0
S1,mid,2040,天津,32.23502818118,12.03430636548,12.03430636548,0,12.03430636548,20.2007218157
S1,mid,2040,宁夏,0,178.8315946047,0,0,0,0
S1,mid,2040,安徽,0,22.26001607035,0,0,0,0
S1,mid,2040,山东,118.7469399906,153.4962078071,118.7469399906,0,118.7469399906,0
S1,mid,2040,山西,0,162.1971702164,0,0,0,0
S1,mid,2040,广东,107.7035233427,25.42984885915,25.42984885915,0,25.42984885915,82.27367448355
S1,mid,2040,广西,26.31095777559,70.63035725419,26.31095777559,0,26.31095777559,0
S1,mid,2040,新疆,0,839.150201377,0,0,0,0
S1,mid,2040,江苏,32.92053394985,44.84623872898,32.92053394985,0,32.92053394985,0
S1,mid,2040,江西,0,31.4531593339,0,0,0,0
S1,mid,2040,河北,78.50097759742,416.8813605015,78.50097759742,0,78.50097759742,0
S1,mid,2040,河南,0,98.67030006828,0,0,0,0
S1,mid,2040,浙江,96.27047930523,3.11472052745,3.11472052745,0,3.11472052745,93.15575877778
S1,mid,2040,海南,13.06850364995,10.94952695595,10.94952695595,0,10.94952695595,2.118976694
S1,mid,2040,湖北,0,49.54723529598,0,0,0,0
S1,mid,2040,湖南,0,71.4394255094,0,0,0,0
S1,mid,2040,甘肃,0,315.6847092556,0,0,0,0
S1,mid,2040,福建,40.97427840356,0,0,0,0,40.97427840356
S1,mid,2040,西藏,0,58.13018645536,0,0,0,0
S1,mid,2040,贵州,0,46.38983985449,0,0,0,0
S1,mid,2040,辽宁,39.7365747074,124.485755895,39.7365747074,0,39.7365747074,0
S1,mid,2040,陕西,0,130.411422999,0,0,0,0
S1,mid,2040,青海,0,402.6159430907,0,0,0,0
S1,mid,2040,黑龙江,0,101.7800125773,0,0,0,0
S1,mid,2045,上海,63.05159399218,0,0,0,0,63.05159399218
S1,mid,2045,云南,0,230.0933149864,0,0,0,0
S1,mid,2045,内蒙古,0,1128.38614402,0,0,0,0
S1,mid,2045,北京,0,0.6985498617771,0,0,0,0
S1,mid,2045,四川,0,24.83357511113,0,0,0,0
S1,mid,2045,天津,46.21670263114,14.02134788486,14.02134788486,0,14.02134788486,32.19535474628
S1,mid,2045,宁夏,0,207.2935110214,0,0,0,0
S1,mid,2045,安徽,0,26.03437746292,0,0,0,0
S1,mid,2045,山东,170.2524341861,185.4647259002,170.2524341861,0,170.2524341861,0
S1,mid,2045,山西,0,199.2877262909,0,0,0,0
S1,mid,2045,广东,154.4190277321,31.37288140206,31.37288140206,0,31.37288140206,123.04614633
S1,mid,2045,广西,37.72311612759,85.97886183378,37.72311612759,0,37.72311612759,0
S1,mid,2045,新疆,0,983.7939063099,0,0,0,0
S1,mid,2045,江苏,47.19954080595,55.27114180093,47.19954080595,0,47.19954080595,0
S1,mid,2045,江西,0,38.46143279579,0,0,0,0
S1,mid,2045,河北,112.5501214853,503.5628303045,112.5501214853,0,112.5501214853,0
S1,mid,2045,河南,0,122.7891068512,0,0,0,0
S1,mid,2045,浙江,138.0269962601,3.908599151259,3.908599151259,0,3.908599151259,134.1183971088
S1,mid,2045,海南,18.73685804241,12.92538560649,12.92538560649,0,12.92538560649,5.81147243592
S1,mid,2045,湖北,0,57.27970696777,0,0,0,0
S1,mid,2045,湖南,0,88.44405774071,0,0,0,0
S1,mid,2045,甘肃,0,372.4442137219,0,0,0,0
S1,mid,2045,福建,58.74652970238,0,0,0,0,58.74652970238
S1,mid,2045,西藏,0,66.29501701008,0,0,0,0
S1,mid,2045,贵州,0,52.66647573801,0,0,0,0
S1,mid,2045,辽宁,56.97198235751,154.3333542899,56.97198235751,0,56.97198235751,0
S1,mid,2045,陕西,0,151.8133979554,0,0,0,0
S1,mid,2045,青海,0,457.4506715143,0,0,0,0
S1,mid,2045,黑龙江,0,125.0193742702,0,0,0,0
S1,mid,2050,上海,84.99558484557,0,0,0,0,84.99558484557
S1,mid,2050,云南,0,239.6937979781,0,0,0,0
S1,mid,2050,内蒙古,0,1228.771762198,0,0,0,0
S1,mid,2050,北京,0,0.7686410122272,0,0,0,0
S1,mid,2050,四川,0,26.59960422212,0,0,0,0
S1,mid,2050,天津,62.30160763667,14.7854413978,14.7854413978,0,14.7854413978,47.51616623887
S1,mid,2050,宁夏,0,217.7450815681,0,0,0,0
S1,mid,2050,安徽,0,27.53152427524,0,0,0,0
S1,mid,2050,山东,229.505779296,200.8226065608,200.8226065608,28.683,229.5056065608,0.0001727351999818
S1,mid,2050,山西,0,218.3203539953,0,0,0,0
S1,mid,2050,广东,208.161836083,34.46519477422,34.46519477422,0,34.46519477422,173.6966413088
S1,mid,2050,广西,50.85197874394,93.5865439219,50.85197874394,0,50.85197874394,0
S1,mid,2050,新疆,0,1042.231529406,0,0,0,0
S1,mid,2050,江苏,63.6265052354,60.67724847312,60.67724847312,2.949,63.62624847312,0.0002567622800029
S1,mid,2050,江西,0,41.99608469483,0,0,0,0
S1,mid,2050,河北,151.7211983771,545.1530625134,151.7211983771,0,151.7211983771,0
S1,mid,2050,河南,0,135.6850019737,0,0,0,0
S1,mid,2050,浙江,186.0648483059,4.343235775444,4.343235775444,0,4.343235775444,181.7216125305
S1,mid,2050,海南,25.25788971616,13.7628757118,13.7628757118,0,13.7628757118,11.49501400436
S1,mid,2050,湖北,0,60.04562564952,0,0,0,0
S1,mid,2050,湖南,0,97.3930222889,0,0,0,0
S1,mid,2050,甘肃,0,396.4150460578,0,0,0,0
S1,mid,2050,福建,79.19221915818,0,0,0,0,79.19221915818
S1,mid,2050,西藏,0,68.77154752166,0,0,0,0
S1,mid,2050,贵州,0,54.44020011492,0,0,0,0
S1,mid,2050,辽宁,76.8000720313,170.1105972467,76.8000720313,0,76.8000720313,0
S1,mid,2050,陕西,0,159.9827241026,0,0,0,0
S1,mid,2050,青海,0,473.1497696906,0,0,0,0
S1,mid,2050,黑龙江,0,136.9326293196,0,0,0,0
S1,mid,2055,上海,109.9649691325,0,0,0,0,109.9649691325
S1,mid,2055,云南,0,245.0331157037,0,0,0,0
S1,mid,2055,内蒙古,0,1299.536328255,0,0,0,0
S1,mid,2055,北京,0,0.8190942626529,0,0,0,0
S1,mid,2055,四川,0,27.7862788479,0,0,0,0
S1,mid,2055,天津,80.60412047427,15.26056300209,15.26056300209,0,15.26056300209,65.34355747218
S1,mid,2055,宁夏,0,224.0627323267,0,0,0,0
S1,mid,2055,安徽,0,28.47928562069,0,0,0,0
S1,mid,2055,山东,296.9283167106,211.49875873,211.49875873,85.429,296.92775873,0.0005579805999787
S1,mid,2055,山西,0,231.9082246953,0,0,0,0
S1,mid,2055,广东,269.3141052094,36.68463851099,36.68463851099,0,36.68463851099,232.6294666984
S1,mid,2055,广西,65.79090294003,98.94397570528,65.79090294003,0,65.79090294003,0
S1,mid,2055,新疆,0,1079.603912502,0,0,0,0
S1,mid,2055,江苏,82.31823684647,64.55241482252,64.55241482252,17.765,82.31741482252,0.0008220239499934
S1,mid,2055,江西,0,44.5026028625,0,0,0,0
S1,mid,2055,河北,196.292747754,574.0495130853,196.292747754,0,196.292747754,0
S1,mid,2055,河南,0,145.0348176181,0,0,0,0
S1,mid,2055,浙江,240.7256251932,4.66104387625,4.66104387625,0,4.66104387625,236.0645813169
S1,mid,2055,海南,32.67796872081,14.3121936511,14.3121936511,0,14.3121936511,18.36577506971
S1,mid,2055,湖北,0,61.6892323309,0,0,0,0
S1,mid,2055,湖南,0,103.8433948168,0,0,0,0
S1,mid,2055,甘肃,0,412.108629546,0,0,0,0
S1,mid,2055,福建,102.4567329125,0,0,0,0,102.4567329125
S1,mid,2055,西藏,0,70.06773615608,0,0,0,0
S1,mid,2055,贵州,0,55.30793177479,0,0,0,0
S1,mid,2055,辽宁,99.36183821363,181.5014156572,99.36183821363,0,99.36183821363,0
S1,mid,2055,陕西,0,165.040243329,0,0,0,0
S1,mid,2055,青海,0,480.9316590057,0,0,0,0
S1,mid,2055,黑龙江,0,145.4345569788,0,0,0,0
S1,mid,2060,上海,138.1157871846,0,0,0,0,138.1157871846
S1,mid,2060,云南,0,246.178905707,0,0,0,0
S1,mid,2060,内蒙古,0,1341.150017621,0,0,0,0
S1,mid,2060,北京,0,0.8502213257532,0,0,0,0
S1,mid,2060,四川,0,28.40279509141,0,0,0,0
S1,mid,2060,天津,101.2386184204,15.45129955342,15.45129955342,0,15.45129955342,85.78731886698
S1,mid,2060,宁夏,0,226.3120810716,0,0,0,0
S1,mid,2060,安徽,0,28.88638190352,0,0,0,0
S1,mid,2060,山东,372.9413878199,217.5674955585,217.5674955585,155.373,372.9404955585,0.0008922613999971
S1,mid,2060,山西,0,240.1377631053,0,0,0,0
S1,mid,2060,广东,338.2579919253,38.04506768593,38.04506768593,0,38.04506768593,300.2129242394
S1,mid,2060,广西,82.63324603122,102.0868754427,82.63324603122,0,82.63324603122,0
S1,mid,2060,新疆,0,1096.245424485,0,0,0,0
S1,mid,2060,江苏,103.3915452474,66.92094148917,66.92094148917,36.47,103.3909414892,0.0006037582299996
S1,mid,2060,江西,0,45.99730688181,0,0,0,0
S1,mid,2060,河北,246.5433090968,590.4536706176,246.5433090968,0,246.5433090968,0
S1,mid,2060,河南,0,150.89484076,0,0,0,0
S1,mid,2060,浙江,302.3509166722,4.863877874683,4.863877874683,0,4.863877874683,297.4870387975
S1,mid,2060,海南,41.04346510594,14.57791358576,14.57791358576,0,14.57791358576,26.46555152018
S1,mid,2060,湖北,0,62.22834148809,0,0,0,0
S1,mid,2060,湖南,0,107.8348355152,0,0,0,0
S1,mid,2060,甘肃,0,419.656349089,0,0,0,0
S1,mid,2060,福建,128.6854571069,0,0,0,0,128.6854571069
S1,mid,2060,西藏,0,70.20231849869,0,0,0,0
S1,mid,2060,贵州,0,55.28405155442,0,0,0,0
S1,mid,2060,辽宁,124.7982753893,188.575435308,124.7982753893,0,124.7982753893,0
S1,mid,2060,陕西,0,167.035349395,0,0,0,0
S1,mid,2060,青海,0,480.9220094416,0,0,0,0
S1,mid,2060,黑龙江,0,150.5793053016,0,0,0,0
S2,high,2025,上海,2.557309812958,0,0,0,0,2.557309812958
S2,high,2025,云南,4.611099501508,55.42463688618,4.611099501508,0,4.611099501508,0
S2,high,2025,内蒙古,0.3630350129401,249.9712308819,0.3630350129401,0,0.3630350129401,0
S2,high,2025,北京,3.958820038234,0.1514952466769,0.1514952466769,0,0.1514952466769,3.807324791557
S2,high,2025,四川,1.14816032816,5.682936472736,1.14816032816,0,1.14816032816,0
S2,high,2025,天津,1.102464529655,3.304104513969,1.102464529655,0,1.102464529655,0
S2,high,2025,宁夏,0,49.19439301438,0,0,0,0
S2,high,2025,安徽,4.742997414618,6.102839052569,4.742997414618,0,4.742997414618,0
S2,high,2025,山东,3.078322857251,41.55364391617,3.078322857251,0,3.078322857251,0
S2,high,2025,山西,1.827110628907,43.61439242789,1.827110628907,0,1.827110628907,0
S2,high,2025,广东,9.122504420342,6.826635729473,6.826635729473,0,6.826635729473,2.295868690869
S2,high,2025,广西,4.284222891686,19.06381496691,4.284222891686,0,4.284222891686,0
S2,high,2025,新疆,0,229.8525943639,0,0,0,0
S2,high,2025,江苏,6.83224557094,12.04392863904,6.83224557094,0,6.83224557094,0
S2,high,2025,江西,3.892303862201,8.474082760956,3.892303862201,0,3.892303862201,0
S2,high,2025,河北,2.14550024018,112.8684626215,2.14550024018,0,2.14550024018,0
S2,high,2025,河南,8.545615833081,26.39369296253,8.545615833081,0,8.545615833081,0
S2,high,2025,浙江,6.005997337712,0.8302725596161,0.8302725596161,0,0.8302725596161,5.175724778096
S2,high,2025,海南,0,2.991317349124,0,0,0,0
S2,high,2025,湖北,3.908074924126,13.64348342791,3.908074924126,0,3.908074924126,0
S2,high,2025,湖南,4.48851748037,19.15037681832,4.48851748037,0,4.48851748037,0
S2,high,2025,甘肃,0.01273396731137,86.26073717587,0.01273396731137,0,0.01273396731137,0
S2,high,2025,福建,1.679360546302,0,0,0,0,1.679360546302
S2,high,2025,西藏,0.02926473590298,16.08768591622,0.02926473590298,0,0.02926473590298,0
S2,high,2025,贵州,3.104636518215,12.85981034489,3.104636518215,0,3.104636518215,0
S2,high,2025,辽宁,0.1950982393532,33.35094620209,0.1950982393532,0,0.1950982393532,0
S2,high,2025,陕西,2.039712157768,35.8170385815,2.039712157768,0,2.039712157768,0
S2,high,2025,青海,0.081018351085,111.5778280558,0.081018351085,0,0.081018351085,0
S2,high,2025,黑龙江,0.2438727991915,27.37151708563,0.2438727991915,0,0.2438727991915,0
S2,high,2030,上海,12.78654906479,0,0,0,0,12.78654906479
S2,high,2030,云南,23.05549750754,176.5043695686,23.05549750754,0,23.05549750754,0
S2,high,2030,内蒙古,1.8151750647,750.2788870267,1.8151750647,0,1.8151750647,0
S2,high,2030,北京,19.79410019117,0.4472879549939,0.4472879549939,0,0.4472879549939,19.34681223618
S2,high,2030,四川,5.740801640802,17.47101124782,5.740801640802,0,5.740801640802,0
S2,high,2030,天津,5.512322648277,10.36842564131,5.512322648277,0,5.512322648277,0
S2,high,2030,宁夏,0,155.1158315936,0,0,0,0
S2,high,2030,安徽,23.71498707309,19.08215470382,19.08215470382,4.632,23.71415470382,0.0008323692700003
S2,high,2030,山东,15.39161428625,125.7877869537,15.39161428625,0,15.39161428625,0
S2,high,2030,山西,9.135553144536,129.690007386,9.135553144536,0,9.135553144536,0
S2,high,2030,广东,45.61252210171,20.20857693682,20.20857693682,0,20.20857693682,25.40394516489
S2,high,2030,广西,21.42111445843,57.25788989098,21.42111445843,0,21.42111445843,0
S2,high,2030,新疆,0,717.0514552634,0,0,0,0
S2,high,2030,江苏,34.1612278547,35.69280120139,34.1612278547,0,34.1612278547,0
S2,high,2030,江西,19.461519311,25.32913880717,19.461519311,0,19.461519311,0
S2,high,2030,河北,10.7275012009,341.7664060064,10.7275012009,0,10.7275012009,0
S2,high,2030,河南,42.72807916541,77.37817705485,42.72807916541,0,42.72807916541,0
S2,high,2030,浙江,30.02998668856,2.41087553233,2.41087553233,0,2.41087553233,27.61911115623
S2,high,2030,海南,0,9.270030253372,0,0,0,0
S2,high,2030,湖北,19.54037462063,43.12595000117,19.54037462063,0,19.54037462063,0
S2,high,2030,湖南,22.44258740185,56.47005516283,22.44258740185,0,22.44258740185,0
S2,high,2030,甘肃,0.06366983655687,267.4644876623,0.06366983655687,0,0.06366983655687,0
S2,high,2030,福建,8.39680273151,0,0,0,0,8.39680273151
S2,high,2030,西藏,0.1463236795149,51.4812545177,0.1463236795149,0,0.1463236795149,0
S2,high,2030,贵州,15.52318259108,41.31703024709,15.52318259108,0,15.52318259108,0
S2,high,2030,辽宁,0.9754911967661,98.19002344218,0.9754911967661,0,0.9754911967661,0
S2,high,2030,陕西,10.19856078884,112.4865164869,10.19856078884,0,10.19856078884,0
S2,high,2030,青海,0.405091755425,358.2380829362,0.405091755425,0,0.405091755425,0
S2,high,2030,黑龙江,1.219363995958,81.41589509663,1.219363995958,0,1.219363995958,0
S2,high,2035,上海,27.42241422278,0,0,0,0,27.42241422278
S2,high,2035,云南,49.44550711537,252.7839930999,49.44550711537,0,49.44550711537,0
S2,high,2035,内蒙古,3.892878544387,1069.269927867,3.892878544387,0,3.892878544387,0
S2,high,2035,北京,42.45101722593,0.636554552692,0.636554552692,0,0.636554552692,41.81446267324
S2,high,2035,四川,12.31189430136,24.94946651348,12.31189430136,0,12.31189430136,0
S2,high,2035,天津,11.82189144426,14.83167667759,11.82189144426,0,11.82189144426,0
S2,high,2035,宁夏,0,221.974286849,0,0,0,0
S2,high,2035,安徽,50.85986809349,27.2883473815,27.2883473815,23.571,50.8593473815,0.0005207119899993
S2,high,2035,山东,33.00931473975,179.3980181491,33.00931473975,0,33.00931473975,0
S2,high,2035,山西,19.5923795556,184.6811923047,19.5923795556,0,19.5923795556,0
S2,high,2035,广东,97.82197436391,28.76625265731,28.76625265731,0,28.76625265731,69.0557217066
S2,high,2035,广西,45.94036051605,81.6065444244,45.94036051605,0,45.94036051605,0
S2,high,2035,新疆,0,1025.223875703,0,0,0,0
S2,high,2035,江苏,73.26318742013,50.81244787465,50.81244787465,22.45,73.26244787465,0.0007395454800019
S2,high,2035,江西,41.73775435786,36.08530771583,36.08530771583,0,36.08530771583,5.65244664203
S2,high,2035,河北,23.00651880471,487.4379338881,23.00651880471,0,23.00651880471,0
S2,high,2035,河南,91.63591207294,110.0522043736,91.63591207294,0,91.63591207294,0
S2,high,2035,浙江,64.40320448509,3.4260047149,3.4260047149,0,3.4260047149,60.97719977019
S2,high,2035,海南,0,13.24684368893,0,0,0,0
S2,high,2035,湖北,41.90686980515,61.72655582619,41.90686980515,0,41.90686980515,0
S2,high,2035,湖南,48.13104183514,80.35612341052,48.13104183514,0,48.13104183514,0
S2,high,2035,甘肃,0.1365482291361,382.2229213555,0.1365482291361,0,0.1365482291361,0
S2,high,2035,福建,18.00803340164,0,0,0,0,18.00803340164
S2,high,2035,西藏,0.3138101242116,73.75838251998,0.3138101242116,0,0.3138101242116,0
S2,high,2035,贵州,33.29148004762,59.21472967143,33.29148004762,0,33.29148004762,0
S2,high,2035,辽宁,2.092067494744,139.7039467858,2.092067494744,0,2.092067494744,0
S2,high,2035,陕西,21.87213743213,160.9187090153,21.87213743213,0,21.87213743213,0
S2,high,2035,青海,0.8687718522965,513.3913168894,0.8687718522965,0,0.8687718522965,0
S2,high,2035,黑龙江,2.61508436843,115.9409608293,2.61508436843,0,2.61508436843,0
S2,high,2040,上海,45.3786401201,0,0,0,0,45.3786401201
S2,high,2040,云南,81.8224775804,296.2227766589,81.8224775804,0,81.8224775804,0
S2,high,2040,内蒙古,6.441939541203,1367.491403567,6.441939541203,0,6.441939541203,0
S2,high,2040,北京,70.24798829809,0.8338736028958,0.8338736028958,0,0.8338736028958,69.41411469519
S2,high,2040,四川,20.37373573892,30.80427679114,20.37373573892,0,20.37373573892,0
S2,high,2040,天津,19.56287849165,17.76492844429,17.76492844429,0,17.76492844429,1.79795004736
S2,high,2040,宁夏,0,263.9894967975,0,0,0,0
S2,high,2040,安徽,84.16296362604,32.8600237229,32.8600237229,51.302,84.1620237229,0.0009399031399937
S2,high,2040,山东,54.62384901697,226.5896400961,54.62384901697,0,54.62384901697,0
S2,high,2040,山西,32.42149045402,239.4339179385,32.42149045402,0,32.42149045402,0
S2,high,2040,广东,161.8759068561,37.53930069684,37.53930069684,0,37.53930069684,124.3366061593
S2,high,2040,广西,76.02215727285,104.2638607086,76.02215727285,0,76.02215727285,0
S2,high,2040,新疆,0,1238.745535366,0,0,0,0
S2,high,2040,江苏,121.2360001924,66.20159050468,66.20159050468,55.034,121.2355905047,0.0004096877199942
S2,high,2040,江西,69.06768014805,46.43085425481,46.43085425481,0,46.43085425481,22.63682589324
S2,high,2040,河北,38.07121170199,615.3962940736,38.07121170199,0,38.07121170199,0
S2,high,2040,河南,151.6392044206,145.6561572436,145.6561572436,5.983,151.6391572436,4.717699999901e-05
S2,high,2040,浙江,106.5744910411,4.597920778617,4.597920778617,0,4.597920778617,101.9765702625
S2,high,2040,海南,0,16.16358741116,0,0,0,0
S2,high,2040,湖北,69.34753256946,73.1411568655,69.34753256946,0,69.34753256946,0
S2,high,2040,湖南,79.64729904151,105.4581995615,79.64729904151,0,79.64729904151,0
S2,high,2040,甘肃,0.2259601542981,466.010761282,0.2259601542981,0,0.2259601542981,0
S2,high,2040,福建,29.79971275924,0,0,0,0,29.79971275924
S2,high,2040,西藏,0.5192933261438,85.81122762457,0.5192933261438,0,0.5192933261438,0
S2,high,2040,贵州,55.0907764675,68.4802397852,55.0907764675,0,55.0907764675,0
S2,high,2040,辽宁,3.461955507625,183.7646872735,3.461955507625,0,3.461955507625,0
S2,high,2040,陕西,36.19403620435,192.5121006176,36.19403620435,0,36.19403620435,0
S2,high,2040,青海,1.437644581967,594.3378207529,1.437644581967,0,1.437644581967,0
S2,high,2040,黑龙江,4.327444384531,150.2466852331,4.327444384531,0,4.327444384531,0
S2,high,2045,上海,66.80679864048,0,0,0,0,66.80679864048
S2,high,2045,云南,120.4597090065,339.661560218,120.4597090065,0,120.4597090065,0
S2,high,2045,内蒙古,9.483875158981,1665.712879267,9.483875158981,0,9.483875158981,0
S2,high,2045,北京,103.4196528743,1.0311926531,1.0311926531,0,1.0311926531,102.3884602212
S2,high,2045,四川,29.994377475,36.65908706881,29.994377475,0,29.994377475,0
S2,high,2045,天津,28.80062691965,20.69818021098,20.69818021098,0,20.69818021098,8.10244670867
S2,high,2045,宁夏,0,306.0047067459,0,0,0,0
S2,high,2045,安徽,123.9053913707,38.43170006431,38.43170006431,85.473,123.9047000643,0.00069130639001
S2,high,2045,山东,80.41766947152,273.7812620432,80.41766947152,0,80.41766947152,0
S2,high,2045,山西,47.73117878044,294.1866435724,47.73117878044,0,47.73117878044,0
S2,high,2045,广东,238.3150108831,46.31234873637,46.31234873637,0,46.31234873637,192.0026621467
S2,high,2045,广西,111.9204308393,126.9211769927,111.9204308393,0,111.9204308393,0
S2,high,2045,新疆,0,1452.267195029,0,0,0,0
S2,high,2045,江苏,178.4846137168,81.5907331347,81.5907331347,96.893,178.4837331347,0.0008805820999953
S2,high,2045,江西,101.6819937311,56.77640079379,56.77640079379,0,56.77640079379,44.90559293731
S2,high,2045,河北,56.04874380198,743.354654259,56.04874380198,0,56.04874380198,0
S2,high,2045,河南,223.244455297,181.2601101137,181.2601101137,41.984,223.2441101137,0.0003451832999986
S2,high,2045,浙江,156.8998221266,5.769836842334,5.769836842334,0,5.769836842334,151.1299852843
S2,high,2045,海南,0,19.08033113339,0,0,0,0
S2,high,2045,湖北,102.0939947147,84.5557579048,84.5557579048,17.538,102.0937579048,0.0002368099000023
S2,high,2045,湖南,117.2573936822,130.5602757125,117.2573936822,0,117.2573936822,0
S2,high,2045,甘肃,0.3326603549382,549.7986012085,0.3326603549382,0,0.3326603549382,0
S2,high,2045,福建,43.87137658999,0,0,0,0,43.87137658999
S2,high,2045,西藏,0.764507807709,97.86407272917,0.764507807709,0,0.764507807709,0
S2,high,2045,贵州,81.10508381633,77.74574989896,77.74574989896,3.359,81.10474989896,0.0003339173699999
S2,high,2045,辽宁,5.09671871806,227.8254277612,5.09671871806,0,5.09671871806,0
S2,high,2045,陕西,53.28515094968,224.1054922199,53.28515094968,0,53.28515094968,0
S2,high,2045,青海,2.116511906259,675.2843246163,2.116511906259,0,2.116511906259,0
S2,high,2045,黑龙江,6.370898397575,184.5524096369,6.370898397575,0,6.370898397575,0
S2,high,2050,上海,91.85846166768,0,0,0,0,91.85846166768
S2,high,2050,云南,165.6305014977,383.100343777,165.6305014977,0,165.6305014977,0
S2,high,2050,内蒙古,13.04020250155,1963.934354967,13.04020250155,0,13.04020250155,0
S2,high,2050,北京,142.2006504213,1.228511703303,1.228511703303,0,1.228511703303,140.972138718
S2,high,2050,四川,41.24187103113,42.51389734647,41.24187103113,0,41.24187103113,0
S2,high,2050,天津,39.60047985746,23.63143197768,23.63143197768,0,23.63143197768,15.96904787978
S2,high,2050,宁夏,0,348.0199166943,0,0,0,0
S2,high,2050,安徽,170.3682690274,44.00337640572,44.00337640572,126.364,170.3673764057,0.0008926216800091
S2,high,2050,山东,110.573228457,320.9728839903,110.573228457,0,110.573228457,0
S2,high,2050,山西,65.62973747555,348.9393692062,65.62973747555,0,65.62973747555,0
S2,high,2050,广东,327.6799777497,55.0853967759,55.0853967759,0,55.0853967759,272.5945809738
S2,high,2050,广西,153.8891073258,149.5784932769,149.5784932769,0,149.5784932769,4.3106140489
S2,high,2050,新疆,0,1665.788854692,0,0,0,0
S2,high,2050,江苏,245.4139755388,96.97987576473,96.97987576473,148.434,245.4138757647,9.977407000861e-05
S2,high,2050,江西,139.8113921564,67.12194733277,67.12194733277,0,67.12194733277,72.68944482363
S2,high,2050,河北,77.06627901395,871.3130144445,77.06627901395,0,77.06627901395,0
S2,high,2050,河南,306.9581637908,216.8640629837,216.8640629837,90.094,306.9580629837,0.0001008071000115
S2,high,2050,浙江,215.735173512,6.941752906051,6.941752906051,0,6.941752906051,208.7934206059
S2,high,2050,海南,0,21.99707485562,0,0,0,0
S2,high,2050,湖北,140.377888042,95.97035894411,95.97035894411,44.407,140.3773589441,0.000529097889995
S2,high,2050,湖南,161.2273604184,155.6623518634,155.6623518634,5.565,161.2273518634,8.554999993748e-06
S2,high,2050,甘肃,0.4574035739519,633.5864411351,0.4574035739519,0,0.4574035739519,0
S2,high,2050,福建,60.32256067959,0,0,0,0,60.32256067959
S2,high,2050,西藏,1.051188091305,109.9169178338,1.051188091305,0,1.051188091305,0
S2,high,2050,贵州,111.5184140598,87.01126001273,87.01126001273,0,87.01126001273,24.50715404707
S2,high,2050,辽宁,7.007920608699,271.8861682489,7.007920608699,0,7.007920608699,0
S2,high,2050,陕西,73.26637551229,255.6988838222,73.26637551229,0,73.26637551229,0
S2,high,2050,青海,2.910175786997,756.2308284798,2.910175786997,0,2.910175786997,0
S2,high,2050,黑龙江,8.759900760874,218.8581340408,8.759900760874,0,8.759900760874,0
S2,high,2055,上海,120.6852010854,0,0,0,0,120.6852010854
S2,high,2055,云南,217.6081551577,426.5391273361,217.6081551577,0,217.6081551577,0
S2,high,2055,内蒙古,17.13243867275,2262.155830667,17.13243867275,0,17.13243867275,0
S2,high,2055,北京,186.8256204056,1.425830753507,1.425830753507,0,1.425830753507,185.3997896521
S2,high,2055,四川,54.18426792883,48.36870762413,48.36870762413,5.815,54.18370762413,0.0005603047000022
S2,high,2055,天津,52.02778043428,26.56468374437,26.56468374437,0,26.56468374437,25.46309668991
S2,high,2055,宁夏,0,390.0351266428,0,0,0,0
S2,high,2055,安徽,223.8327142962,49.57505274713,49.57505274713,174.257,223.8320527471,0.0006615490700028
S2,high,2055,山东,145.272978327,368.1645059373,145.272978327,0,145.272978327,0
S2,high,2055,山西,86.22545947999,403.69209484,86.22545947999,0,86.22545947999,0
S2,high,2055,广东,430.5114987606,63.85844481543,63.85844481543,0,63.85844481543,366.6530539452
S2,high,2055,广西,202.182112843,172.235809561,172.235809561,0,172.235809561,29.946303282
S2,high,2055,新疆,0,1879.310514354,0,0,0,0
S2,high,2055,江苏,322.4290332035,112.3690183948,112.3690183948,210.06,322.4290183948,1.480870002979e-05
S2,high,2055,江西,183.6865724736,77.46749387175,77.46749387175,0,77.46749387175,106.2190786019
S2,high,2055,河北,101.2509812471,999.27137463,101.2509812471,0,101.2509812471,0
S2,high,2055,河南,403.2868289905,252.4680158537,252.4680158537,150.818,403.2860158537,0.0008131367999908
S2,high,2055,浙江,283.4365209673,8.113668969769,8.113668969769,0,8.113668969769,275.3228519975
S2,high,2055,海南,0,24.91381857785,0,0,0,0
S2,high,2055,湖北,184.4308443526,107.3849599834,107.3849599834,77.045,184.4299599834,0.00088436919998
S2,high,2055,湖南,211.8232339113,180.7644280144,180.7644280144,31.058,211.8224280144,0.0008058969000047
S2,high,2055,甘肃,0.6009445542349,717.3742810616,0.6009445542349,0,0.6009445542349,0
S2,high,2055,福建,79.25280081374,0,0,0,0,79.25280081374
S2,high,2055,西藏,1.381068699329,121.9697629384,1.381068699329,0,1.381068699329,0
S2,high,2055,贵州,146.5147791634,96.27677012649,96.27677012649,0,96.27677012649,50.23800903691
S2,high,2055,辽宁,9.207124662194,315.9469087366,9.207124662194,0,9.207124662194,0
S2,high,2055,陕西,96.25860373637,287.2922754245,96.25860373637,0,96.25860373637,0
S2,high,2055,青海,3.823438186003,837.1773323433,3.823438186003,0,3.823438186003,0
S2,high,2055,黑龙江,11.50890582774,253.1638584446,11.50890582774,0,11.50890582774,0
S2,high,2060,上海,153.4385887775,0,0,0,0,153.4385887775
S2,high,2060,云南,276.6659700905,469.9779108951,276.6659700905,0,276.6659700905,0
S2,high,2060,内蒙古,21.7821007764,2560.377306366,21.7821007764,0,21.7821007764,0
S2,high,2060,北京,237.5292022941,1.623149803711,1.623149803711,0,1.623149803711,235.9060524904
S2,high,2060,四川,68.88961968962,54.22351790179,54.22351790179,14.666,68.88951790179,0.0001017878300047
S2,high,2060,天津,66.14787177933,29.49793551107,29.49793551107,0,29.49793551107,36.64993626826
S2,high,2060,宁夏,0,432.0503365912,0,0,0,0
S2,high,2060,安徽,284.5798448771,55.14672908854,55.14672908854,218.533,273.6797290885,10.90011578856
S2,high,2060,山东,184.699371435,415.3561278844,184.699371435,0,184.699371435,0
S2,high,2060,山西,109.6266377344,458.4448204738,109.6266377344,0,109.6266377344,0
S2,high,2060,广东,547.3502652205,72.63149285495,72.63149285495,0,72.63149285495,474.7187723655
S2,high,2060,广西,257.0533735012,194.8931258452,194.8931258452,0,194.8931258452,62.160247656
S2,high,2060,新疆,0,2092.832174017,0,0,0,0
S2,high,2060,江苏,409.9347342564,127.7581610248,127.7581610248,282.176,409.9341610248,0.0005732316000149
S2,high,2060,江西,233.538231732,87.81304041073,87.81304041073,0,87.81304041073,145.7251913213
S2,high,2060,河北,128.7300144108,1127.229734815,128.7300144108,0,128.7300144108,0
S2,high,2060,河南,512.7369499849,288.0719687237,288.0719687237,224.664,512.7359687237,0.0009812611999678
S2,high,2060,浙江,360.3598402627,9.285585033486,9.285585033486,0,9.285585033486,351.0742552292
S2,high,2060,海南,0,27.83056230008,0,0,0,0
S2,high,2060,湖北,234.4844954476,118.7995610227,118.7995610227,115.684,234.4835610227,0.0009344249000094
S2,high,2060,湖南,269.3110488222,205.8665041654,205.8665041654,63.444,269.3105041654,0.0005446568000025
S2,high,2060,甘肃,0.7640380386825,801.1621209882,0.7640380386825,0,0.7640380386825,0
S2,high,2060,福建,100.7616327781,0,0,0,0,100.7616327781
S2,high,2060,西藏,1.755884154179,134.022608043,1.755884154179,0,1.755884154179,0
S2,high,2060,贵州,186.2781910929,105.5422802403,105.5422802403,0,105.5422802403,80.7359108526
S2,high,2060,辽宁,11.70589436119,360.0076492244,11.70589436119,0,11.70589436119,0
S2,high,2060,陕西,122.3827294661,318.8856670268,122.3827294661,0,122.3827294661,0
S2,high,2060,青海,4.8611010651,918.1238362067,4.8611010651,0,4.8611010651,0
S2,high,2060,黑龙江,14.63236795149,287.4695828485,14.63236795149,0,14.63236795149,0
S2,low,2025,上海,0.2557309812958,0,0,0,0,0.2557309812958
S2,low,2025,云南,0.4611099501508,55.42463688618,0.4611099501508,0,0.4611099501508,0
S2,low,2025,内蒙古,0.03630350129401,249.9712308819,0.03630350129401,0,0.03630350129401,0
S2,low,2025,北京,0.3958820038234,0.1514952466769,0.1514952466769,0,0.1514952466769,0.2443867571465
S2,low,2025,四川,0.114816032816,5.682936472736,0.114816032816,0,0.114816032816,0
S2,low,2025,天津,0.1102464529655,3.304104513969,0.1102464529655,0,0.1102464529655,0
S2,low,2025,宁夏,0,49.19439301438,0,0,0,0
S2,low,2025,安徽,0.4742997414618,6.102839052569,0.4742997414618,0,0.4742997414618,0
S2,low,2025,山东,0.3078322857251,41.55364391617,0.3078322857251,0,0.3078322857251,0
S2,low,2025,山西,0.1827110628907,43.61439242789,0.1827110628907,0,0.1827110628907,0
S2,low,2025,广东,0.9122504420342,6.826635729473,0.9122504420342,0,0.9122504420342,0
S2,low,2025,广西,0.4284222891686,19.06381496691,0.4284222891686,0,0.4284222891686,0
S2,low,2025,新疆,0,229.8525943639,0,0,0,0
S2,low,2025,江苏,0.683224557094,12.04392863904,0.683224557094,0,0.683224557094,0
S2,low,2025,江西,0.3892303862201,8.474082760956,0.3892303862201,0,0.3892303862201,0
S2,low,2025,河北,0.214550024018,112.8684626215,0.214550024018,0,0.214550024018,0
S2,low,2025,河南,0.8545615833081,26.39369296253,0.8545615833081,0,0.8545615833081,0
S2,low,2025,浙江,0.6005997337712,0.8302725596161,0.6005997337712,0,0.6005997337712,0
S2,low,2025,海南,0,2.991317349124,0,0,0,0
S2,low,2025,湖北,0.3908074924126,13.64348342791,0.3908074924126,0,0.3908074924126,0
S2,low,2025,湖南,0.448851748037,19.15037681832,0.448851748037,0,0.448851748037,0
S2,low,2025,甘肃,0.001273396731137,86.26073717587,0.001273396731137,0,0.001273396731137,0
S2,low,2025,福建,0.1679360546302,0,0,0,0,0.1679360546302
S2,low,2025,西藏,0.002926473590298,16.08768591622,0.002926473590298,0,0.002926473590298,0
S2,low,2025,贵州,0.3104636518215,12.85981034489,0.3104636518215,0,0.3104636518215,0
S2,low,2025,辽宁,0.01950982393532,33.35094620209,0.01950982393532,0,0.01950982393532,0
S2,low,2025,陕西,0.2039712157768,35.8170385815,0.2039712157768,0,0.2039712157768,0
S2,low,2025,青海,0.0081018351085,111.5778280558,0.0081018351085,0,0.0081018351085,0
S2,low,2025,黑龙江,0.02438727991915,27.37151708563,0.02438727991915,0,0.02438727991915,0
S2,low,2030,上海,2.557309812958,0,0,0,0,2.557309812958
S2,low,2030,云南,4.611099501508,66.18913858822,4.611099501508,0,4.611099501508,0
S2,low,2030,内蒙古,0.3630350129401,281.354582635,0.3630350129401,0,0.3630350129401,0
S2,low,2030,北京,3.958820038234,0.1677329831227,0.1677329831227,0,0.1677329831227,3.791087055111
S2,low,2030,四川,1.14816032816,6.551629217933,1.14816032816,0,1.14816032816,0
S2,low,2030,天津,1.102464529655,3.888159615492,1.102464529655,0,1.102464529655,0
S2,low,2030,宁夏,0,58.16843684761,0,0,0,0
S2,low,2030,安徽,4.742997414618,7.155808013932,4.742997414618,0,4.742997414618,0
S2,low,2030,山东,3.078322857251,47.17042010766,3.078322857251,0,3.078322857251,0
S2,low,2030,山西,1.827110628907,48.63375276975,1.827110628907,0,1.827110628907,0
S2,low,2030,广东,9.122504420342,7.578216351306,7.578216351306,0,7.578216351306,1.544288069036
S2,low,2030,广西,4.284222891686,21.47170870912,4.284222891686,0,4.284222891686,0
S2,low,2030,新疆,0,268.8942957238,0,0,0,0
S2,low,2030,江苏,6.83224557094,13.38480045052,6.83224557094,0,6.83224557094,0
S2,low,2030,江西,3.892303862201,9.498427052688,3.892303862201,0,3.892303862201,0
S2,low,2030,河北,2.14550024018,128.1624022524,2.14550024018,0,2.14550024018,0
S2,low,2030,河南,8.545615833081,29.01681639557,8.545615833081,0,8.545615833081,0
S2,low,2030,浙江,6.005997337712,0.9040783246239,0.9040783246239,0,0.9040783246239,5.101919013088
S2,low,2030,海南,0,3.476261345015,0,0,0,0
S2,low,2030,湖北,3.908074924126,16.17223125044,3.908074924126,0,3.908074924126,0
S2,low,2030,湖南,4.48851748037,21.17627068606,4.48851748037,0,4.48851748037,0
S2,low,2030,甘肃,0.01273396731137,100.2991828734,0.01273396731137,0,0.01273396731137,0
S2,low,2030,福建,1.679360546302,0,0,0,0,1.679360546302
S2,low,2030,西藏,0.02926473590298,19.30547044414,0.02926473590298,0,0.02926473590298,0
S2,low,2030,贵州,3.104636518215,15.49388634266,3.104636518215,0,3.104636518215,0
S2,low,2030,辽宁,0.1950982393532,36.82125879082,0.1950982393532,0,0.1950982393532,0
S2,low,2030,陕西,2.039712157768,42.18244368258,2.039712157768,0,2.039712157768,0
S2,low,2030,青海,0.081018351085,134.3392811011,0.081018351085,0,0.081018351085,0
S2,low,2030,黑龙江,0.2438727991915,30.53096066124,0.2438727991915,0,0.2438727991915,0
S2,low,2035,上海,6.539226547016,0,0,0,0,6.539226547016
S2,low,2035,云南,11.79091564049,94.79399741247,11.79091564049,0,11.79091564049,0
S2,low,2035,内蒙古,0.9283068410737,400.9762229502,0.9283068410737,0,0.9283068410737,0
S2,low,2035,北京,10.12298977531,0.2387079572595,0.2387079572595,0,0.2387079572595,9.88428181805
S2,low,2035,四川,2.935929178425,9.356049942556,2.935929178425,0,2.935929178425,0
S2,low,2035,天津,2.81908170959,5.561878754096,2.81908170959,0,2.81908170959,0
S2,low,2035,宁夏,0,83.24035756838,0,0,0,0
S2,low,2035,安徽,12.12818816435,10.23313026806,10.23313026806,1.895,12.12813026806,5.789629000041e-05
S2,low,2035,山东,7.871494664596,67.2742568059,7.871494664596,0,7.871494664596,0
S2,low,2035,山西,4.672054308142,69.25544711427,4.672054308142,0,4.672054308142,0
S2,low,2035,广东,23.32690500717,10.78734474649,10.78734474649,0,10.78734474649,12.53956026068
S2,low,2035,广西,10.95506845697,30.60245415915,10.95506845697,0,10.95506845697,0
S2,low,2035,新疆,0,384.4589533887,0,0,0,0
S2,low,2035,江苏,17.47054712997,19.054667953,17.47054712997,0,17.47054712997,0
S2,low,2035,江西,9.952903092063,13.53199039343,9.952903092063,0,9.952903092063,0
S2,low,2035,河北,5.486199621227,182.789225208,5.486199621227,0,5.486199621227,0
S2,low,2035,河南,21.85175907632,41.26957664012,21.85175907632,0,21.85175907632,0
S2,low,2035,浙江,15.35777051066,1.284751768088,1.284751768088,0,1.284751768088,14.07301874257
S2,low,2035,海南,0,4.967566383347,0,0,0,0
S2,low,2035,湖北,9.993230840503,23.14745843482,9.993230840503,0,9.993230840503,0
S2,low,2035,湖南,11.47746452763,30.13354627895,11.47746452763,0,11.47746452763,0
S2,low,2035,甘肃,0.03256167738044,143.3335955083,0.03256167738044,0,0.03256167738044,0
S2,low,2035,福建,4.29424663791,0,0,0,0,4.29424663791
S2,low,2035,西藏,0.07483205082877,27.65939344499,0.07483205082877,0,0.07483205082877,0
S2,low,2035,贵州,7.938780602912,22.20552362679,7.938780602912,0,7.938780602912,0
S2,low,2035,辽宁,0.4988803388584,52.38898004468,0.4988803388584,0,0.4988803388584,0
S2,low,2035,陕西,5.21569182692,60.34451588073,5.21569182692,0,5.21569182692,0
S2,low,2035,青海,0.2071697959809,192.5217438335,0.2071697959809,0,0.2071697959809,0
S2,low,2035,黑龙江,0.6236004235731,43.47786031097,0.6236004235731,0,0.6236004235731,0
S2,low,2040,上海,12.15989956967,0,0,0,0,12.15989956967
S2,low,2040,云南,21.92558232873,111.0835412471,21.92558232873,0,21.92558232873,0
S2,low,2040,内蒙古,1.726216070988,512.8092763377,1.726216070988,0,1.726216070988,0
S2,low,2040,北京,18.82402117858,0.3127026010859,0.3127026010859,0,0.3127026010859,18.51131857749
S2,low,2040,四川,5.459453606115,11.55160379668,5.459453606115,0,5.459453606115,0
S2,low,2040,天津,5.242172024603,6.661848166607,5.242172024603,0,5.242172024603,0
S2,low,2040,宁夏,0,98.99606129904,0,0,0,0
S2,low,2040,安徽,22.55275130479,12.32250889609,12.32250889609,10.23,22.55250889609,0.0002424087000001
S2,low,2040,山东,14.63729447152,84.97111503605,14.63729447152,0,14.63729447152,0
S2,low,2040,山西,8.687833455926,89.78771922695,8.687833455926,0,8.687833455926,0
S2,low,2040,广东,43.37712115017,14.07723776132,14.07723776132,0,14.07723776132,29.29988338885
S2,low,2040,广西,20.37129792918,39.09894776571,20.37129792918,0,20.37129792918,0
S2,low,2040,新疆,0,464.5295757623,0,0,0,0
S2,low,2040,江苏,32.48703757244,24.82559643925,24.82559643925,7.661,32.48659643925,0.0004411331900016
S2,low,2040,江西,18.50773958602,17.41157034555,17.41157034555,0,17.41157034555,1.09616924047
S2,low,2040,河北,10.20176253776,230.7736102776,10.20176253776,0,10.20176253776,0
S2,low,2040,河南,40.63404041415,54.62105896637,40.63404041415,0,40.63404041415,0
S2,low,2040,浙江,28.55826230839,1.724220291982,1.724220291982,0,1.724220291982,26.83404201641
S2,low,2040,海南,0,6.061345279184,0,0,0,0
S2,low,2040,湖北,18.58273031579,27.42793382456,18.58273031579,0,18.58273031579,0
S2,low,2040,湖南,21.34271002342,39.54682483556,21.34271002342,0,21.34271002342,0
S2,low,2040,甘肃,0.06054947384363,174.7540354808,0.06054947384363,0,0.06054947384363,0
S2,low,2040,福建,7.985288087044,0,0,0,0,7.985288087044
S2,low,2040,西藏,0.1391525765513,32.17921035921,0.1391525765513,0,0.1391525765513,0
S2,low,2040,贵州,14.76241481205,25.68008991945,14.76241481205,0,14.76241481205,0
S2,low,2040,辽宁,0.9276838436756,68.91175772757,0.9276838436756,0,0.9276838436756,0
S2,low,2040,陕西,9.69874469797,72.19203773159,9.69874469797,0,9.69874469797,0
S2,low,2040,青海,0.3852388191301,222.8766827823,0.3852388191301,0,0.3852388191301,0
S2,low,2040,黑龙江,1.159604804594,56.34250696241,1.159604804594,0,1.159604804594,0
S2,low,2045,上海,19.42513096656,0,0,0,0,19.42513096656
S2,low,2045,云南,35.02556133903,127.3730850817,35.02556133903,0,35.02556133903,0
S2,low,2045,内蒙古,2.757586365201,624.6423297251,2.757586365201,0,2.757586365201,0
S2,low,2045,北京,30.0708961136,0.3866972449123,0.3866972449123,0,0.3866972449123,29.68419886869
S2,low,2045,四川,8.721338584834,13.7471576508,8.721338584834,0,8.721338584834,0
S2,low,2045,天津,8.374236772578,7.761817579118,7.761817579118,0,7.761817579118,0.61241919346
S2,low,2045,宁夏,0,114.7517650297,0,0,0,0
S2,low,2045,安徽,36.02744786188,14.41188752412,14.41188752412,21.615,36.02688752412,0.0005603377599996
S2,low,2045,山东,23.38270645053,102.6679732662,23.38270645053,0,23.38270645053,0
S2,low,2045,山西,13.87859346454,110.3199913396,13.87859346454,0,13.87859346454,0
S2,low,2045,广东,69.29385020551,17.36713077614,17.36713077614,0,17.36713077614,51.92671942937
S2,low,2045,广西,32.54263145562,47.59544137227,32.54263145562,0,32.54263145562,0
S2,low,2045,新疆,0,544.6001981358,0,0,0,0
S2,low,2045,江苏,51.89721806046,30.59652492551,30.59652492551,21.3,51.89652492551,0.0006931349499979
S2,low,2045,江西,29.56564429612,21.29115029767,21.29115029767,0,21.29115029767,8.27449399845
S2,low,2045,河北,16.29705675202,278.7579953471,16.29705675202,0,16.29705675202,0
S2,low,2045,河南,64.91184834407,67.97254129262,64.91184834407,0,64.91184834407,0
S2,low,2045,浙江,45.62109928126,2.163688815875,2.163688815875,0,2.163688815875,43.45741046539
S2,low,2045,海南,0,7.15512417502,0,0,0,0
S2,low,2045,湖北,29.68544008381,31.7084092143,29.68544008381,0,29.68544008381,0
S2,low,2045,湖南,34.09443762351,48.96010339218,34.09443762351,0,34.09443762351,0
S2,low,2045,甘肃,0.09672624783043,206.1744754532,0.09672624783043,0,0.09672624783043,0
S2,low,2045,福建,12.75629506706,0,0,0,0,12.75629506706
S2,low,2045,西藏,0.2222927096032,36.69902727344,0.2222927096032,0,0.2222927096032,0
S2,low,2045,贵州,23.5825830192,29.15465621211,23.5825830192,0,23.5825830192,0
S2,low,2045,辽宁,1.481951397355,85.43453541046,1.481951397355,0,1.481951397355,0
S2,low,2045,陕西,15.49349851863,84.03955958245,15.49349851863,0,15.49349851863,0
S2,low,2045,青海,0.6154092369046,253.2316217311,0.6154092369046,0,0.6154092369046,0
S2,low,2045,黑龙江,1.852439246693,69.20715361386,1.852439246693,0,1.852439246693,0
S2,low,2050,上海,28.34072282335,0,0,0,0,28.34072282335
S2,low,2050,云南,51.10131444416,143.6626289164,51.10131444416,0,51.10131444416,0
S2,low,2050,内蒙古,4.02324138623,736.4753831125,4.02324138623,0,4.02324138623,0
S2,low,2050,北京,43.87259644592,0.4606918887387,0.4606918887387,0,0.4606918887387,43.41190455718
S2,low,2050,四川,12.72418908819,15.94271150492,12.72418908819,0,12.72418908819,0
S2,low,2050,天津,12.2177772514,8.861786991629,8.861786991629,0,8.861786991629,3.355990259771
S2,low,2050,宁夏,0,130.5074687604,0,0,0,0
S2,low,2050,安徽,52.56303886155,16.50126615215,16.50126615215,36.061,52.56226615215,0.0007727093999961
S2,low,2050,山东,34.11471477411,120.3648314963,34.11471477411,0,34.11471477411,0
S2,low,2050,山西,20.24847972626,130.8522634523,20.24847972626,0,20.24847972626,0
S2,low,2050,广东,101.0977895293,20.65702379096,20.65702379096,0,20.65702379096,80.44076573834
S2,low,2050,广西,47.47878918365,56.09193497883,47.47878918365,0,47.47878918365,0
S2,low,2050,新疆,0,624.6708205094,0,0,0,0
S2,low,2050,江苏,75.71658975612,36.36745341177,36.36745341177,39.349,75.71645341177,0.0001363443499969
S2,low,2050,江西,43.13544817445,25.17073024979,25.17073024979,0,25.17073024979,17.96471792466
S2,low,2050,河北,23.77695002625,326.7423804167,23.77695002625,0,23.77695002625,0
S2,low,2050,河南,94.70457136361,81.32402361887,81.32402361887,13.38,94.70402361887,0.000547744740004
S2,low,2050,浙江,66.55990797962,2.603157339769,2.603157339769,0,2.603157339769,63.95675063985
S2,low,2050,海南,0,8.248903070857,0,0,0,0
S2,low,2050,湖北,43.31022687838,35.98888460404,35.98888460404,7.321,43.30988460404,0.0003422743399994
S2,low,2050,湖南,49.74283098369,58.37338194879,49.74283098369,0,49.74283098369,0
S2,low,2050,甘肃,0.1411208904704,237.5949154257,0.1411208904704,0,0.1411208904704,0
S2,low,2050,福建,18.61107775133,0,0,0,0,18.61107775133
S2,low,2050,西藏,0.3243188465169,41.21884418766,0.3243188465169,0,0.3243188465169,0
S2,low,2050,贵州,34.40632909792,32.62922250477,32.62922250477,1.777,34.40622250477,0.0001065931500008
S2,low,2050,辽宁,2.162125643446,101.9573130934,2.162125643446,0,2.162125643446,0
S2,low,2050,陕西,22.60458103661,95.88708143331,22.60458103661,0,22.60458103661,0
S2,low,2050,青海,0.8978648656764,283.5865606799,0.8978648656764,0,0.8978648656764,0
S2,low,2050,黑龙江,2.702657054307,82.0718002653,2.702657054307,0,2.702657054307,0
S2,low,2055,上海,38.91247722566,0,0,0,0,38.91247722566
S2,low,2055,云南,70.16330341695,159.952172751,70.16330341695,0,70.16330341695,0
S2,low,2055,内蒙古,5.524004796591,848.3084365,5.524004796591,0,5.524004796591,0
S2,low,2055,北京,60.2381040411,0.5346865325651,0.5346865325651,0,0.5346865325651,59.70341750853
S2,low,2055,四川,17.47061008978,18.13826535905,17.47061008978,0,17.47061008978,0
S2,low,2055,天津,16.77529475895,9.96175640414,9.96175640414,0,9.96175640414,6.81353835481
S2,low,2055,宁夏,0,146.263172491,0,0,0,0
S2,low,2055,安徽,72.17028532973,18.59064478017,18.59064478017,53.579,72.16964478017,0.0006405495600035
S2,low,2055,山东,46.84030361478,138.0616897265,46.84030361478,0,46.84030361478,0
S2,low,2055,山西,27.80163763337,151.384535565,27.80163763337,0,27.80163763337,0
S2,low,2055,广东,138.8096364777,23.94691680578,23.94691680578,0,23.94691680578,114.8627196719
S2,low,2055,广西,65.18949126057,64.58842858539,64.58842858539,0,64.58842858539,0.60106267518
S2,low,2055,新疆,0,704.7414428829,0,0,0,0
S2,low,2055,江苏,103.9606538215,42.13838189803,42.13838189803,61.822,103.960381898,0.0002719234700095
S2,low,2055,江西,59.22598217306,29.05031020191,29.05031020191,0,29.05031020191,30.17567197115
S2,low,2055,河北,32.6463101227,374.7267654862,32.6463101227,0,32.6463101227,0
S2,low,2055,河南,130.0315979703,94.67550594512,94.67550594512,35.356,130.0315059451,9.202518000961e-05
S2,low,2055,浙江,91.38831495383,3.042625863663,3.042625863663,0,3.042625863663,88.34568909017
S2,low,2055,海南,0,9.342681966693,0,0,0,0
S2,low,2055,湖北,59.46595743335,40.26935999378,40.26935999378,19.196,59.46535999378,0.0005974395700008
S2,low,2055,湖南,68.29807375973,67.78666050541,67.78666050541,0.511,68.29766050541,0.0004132543200086
S2,low,2055,甘肃,0.1937622928929,269.0153553981,0.1937622928929,0,0.1937622928929,0
S2,low,2055,福建,25.5534463132,0,0,0,0,25.5534463132
S2,low,2055,西藏,0.4452973838248,45.73866110188,0.4452973838248,0,0.4452973838248,0
S2,low,2055,贵州,47.24069692177,36.10378879744,36.10378879744,0,36.10378879744,11.13690812433
S2,low,2055,辽宁,2.968649225499,118.4800907762,2.968649225499,0,2.968649225499,0
S2,low,2055,陕西,31.03661999961,107.7346032842,31.03661999961,0,31.03661999961,0
S2,low,2055,青海,1.232789521818,313.9414996287,1.232789521818,0,1.232789521818,0
S2,low,2055,黑龙江,3.710811531874,94.93644691674,3.710811531874,0,3.710811531874,0
S2,low,2060,上海,51.14619625916,0,0,0,0,51.14619625916
S2,low,2060,云南,92.22199003017,176.2417165857,92.22199003017,0,92.22199003017,0
S2,low,2060,内蒙古,7.260700258802,960.1414898874,7.260700258802,0,7.260700258802,0
S2,low,2060,北京,79.17640076469,0.6086811763915,0.6086811763915,0,0.6086811763915,78.5677195883
S2,low,2060,四川,22.96320656321,20.33381921317,20.33381921317,2.629,22.96281921317,0.0003873500400005
S2,low,2060,天津,22.04929059311,11.06172581665,11.06172581665,0,11.06172581665,10.98756477646
S2,low,2060,宁夏,0,162.0188762217,0,0,0,0
S2,low,2060,安徽,94.85994829236,20.6800234082,20.6800234082,74.179,94.8590234082,0.0009248841599998
S2,low,2060,山东,61.56645714501,155.7585479566,61.56645714501,0,61.56645714501,0
S2,low,2060,山西,36.54221257814,171.9168076777,36.54221257814,0,36.54221257814,0
S2,low,2060,广东,182.4500884068,27.23680982061,27.23680982061,0,27.23680982061,155.2132785862
S2,low,2060,广西,85.68445783372,73.08492219195,73.08492219195,0,73.08492219195,12.59953564177
S2,low,2060,新疆,0,784.8120652565,0,0,0,0
S2,low,2060,江苏,136.6449114188,47.90931038429,47.90931038429,88.735,136.6443103843,0.000601034509998
S2,low,2060,江西,77.84607724401,32.92989015402,32.92989015402,0,32.92989015402,44.91618708999
S2,low,2060,河北,42.91000480359,422.7111505558,42.91000480359,0,42.91000480359,0
S2,low,2060,河南,170.9123166616,108.0269882714,108.0269882714,62.885,170.9119882714,0.0003283901999964
S2,low,2060,浙江,120.1199467542,3.482094387557,3.482094387557,0,3.482094387557,116.6378523666
S2,low,2060,海南,0,10.43646086253,0,0,0,0
S2,low,2060,湖北,78.16149848253,44.54983538352,44.54983538352,33.611,78.16083538352,0.000663099010012
S2,low,2060,湖南,89.7703496074,77.19993906203,77.19993906203,12.57,89.76993906203,0.0004105453699879
S2,low,2060,甘肃,0.2546793462275,300.4357953706,0.2546793462275,0,0.2546793462275,0
S2,low,2060,福建,33.58721092604,0,0,0,0,33.58721092604
S2,low,2060,西藏,0.5852947180596,50.25847801611,0.5852947180596,0,0.5852947180596,0
S2,low,2060,贵州,62.09273036431,39.5783550901,39.5783550901,0,39.5783550901,22.51437527421
S2,low,2060,辽宁,3.901964787064,135.0028684591,3.901964787064,0,3.901964787064,0
S2,low,2060,陕西,40.79424315537,119.582125135,40.79424315537,0,40.79424315537,0
S2,low,2060,青海,1.6203670217,344.2964385775,1.6203670217,0,1.6203670217,0
S2,low,2060,黑龙江,4.87745598383,107.8010935682,4.87745598383,0,4.87745598383,0
S2,mid,2025,上海,1.278654906479,0,0,0,0,1.278654906479
S2,mid,2025,云南,2.305549750754,55.42463688618,2.305549750754,0,2.305549750754,0
S2,mid,2025,内蒙古,0.18151750647,249.9712308819,0.18151750647,0,0.18151750647,0
S2,mid,2025,北京,1.979410019117,0.1514952466769,0.1514952466769,0,0.1514952466769,1.82791477244
S2,mid,2025,四川,0.5740801640802,5.682936472736,0.5740801640802,0,0.5740801640802,0
S2,mid,2025,天津,0.5512322648277,3.304104513969,0.5512322648277,0,0.5512322648277,0
S2,mid,2025,宁夏,0,49.19439301438,0,0,0,0
S2,mid,2025,安徽,2.371498707309,6.102839052569,2.371498707309,0,2.371498707309,0
S2,mid,2025,山东,1.539161428625,41.55364391617,1.539161428625,0,1.539161428625,0
S2,mid,2025,山西,0.9135553144536,43.61439242789,0.9135553144536,0,0.9135553144536,0
S2,mid,2025,广东,4.561252210171,6.826635729473,4.561252210171,0,4.561252210171,0
S2,mid,2025,广西,2.142111445843,19.06381496691,2.142111445843,0,2.142111445843,0
S2,mid,2025,新疆,0,229.8525943639,0,0,0,0
S2,mid,2025,江苏,3.41612278547,12.04392863904,3.41612278547,0,3.41612278547,0
S2,mid,2025,江西,1.9461519311,8.474082760956,1.9461519311,0,1.9461519311,0
S2,mid,2025,河北,1.07275012009,112.8684626215,1.07275012009,0,1.07275012009,0
S2,mid,2025,河南,4.272807916541,26.39369296253,4.272807916541,0,4.272807916541,0
S2,mid,2025,浙江,3.002998668856,0.8302725596161,0.8302725596161,0,0.8302725596161,2.17272610924
S2,mid,2025,海南,0,2.991317349124,0,0,0,0
S2,mid,2025,湖北,1.954037462063,13.64348342791,1.954037462063,0,1.954037462063,0
S2,mid,2025,湖南,2.244258740185,19.15037681832,2.244258740185,0,2.244258740185,0
S2,mid,2025,甘肃,0.006366983655687,86.26073717587,0.006366983655687,0,0.006366983655687,0
S2,mid,2025,福建,0.839680273151,0,0,0,0,0.839680273151
S2,mid,2025,西藏,0.01463236795149,16.08768591622,0.01463236795149,0,0.01463236795149,0
S2,mid,2025,贵州,1.552318259108,12.85981034489,1.552318259108,0,1.552318259108,0
S2,mid,2025,辽宁,0.09754911967661,33.35094620209,0.09754911967661,0,0.09754911967661,0
S2,mid,2025,陕西,1.019856078884,35.8170385815,1.019856078884,0,1.019856078884,0
S2,mid,2025,青海,0.0405091755425,111.5778280558,0.0405091755425,0,0.0405091755425,0
S2,mid,2025,黑龙江,0.1219363995958,27.37151708563,0.1219363995958,0,0.1219363995958,0
S2,mid,2030,上海,7.671929438874,0,0,0,0,7.671929438874
S2,mid,2030,云南,13.83329850453,101.396127199,13.83329850453,0,13.83329850453,0
S2,mid,2030,内蒙古,1.08910503882,431.011275526,1.08910503882,0,1.08910503882,0
S2,mid,2030,北京,11.8764601147,0.2569526549965,0.2569526549965,0,0.2569526549965,11.6195074597
S2,mid,2030,四川,3.444480984481,10.03653837641,3.444480984481,0,3.444480984481,0
S2,mid,2030,天津,3.307393588966,5.956329623732,3.307393588966,0,3.307393588966,0
S2,mid,2030,宁夏,0,89.10909474527,0,0,0,0
S2,mid,2030,安徽,14.22899224385,10.96208887241,10.96208887241,3.266,14.22808887241,0.0009033714399997
S2,mid,2030,山东,9.234968571752,72.26106910109,9.234968571752,0,9.234968571752,0
S2,mid,2030,山西,5.481331886722,74.50277020047,5.481331886722,0,5.481331886722,0
S2,mid,2030,广东,27.36751326103,11.60918249562,11.60918249562,0,11.60918249562,15.75833076541
S2,mid,2030,广西,12.85266867506,32.8928303629,12.85266867506,0,12.85266867506,0
S2,mid,2030,新疆,0,411.9231764279,0,0,0,0
S2,mid,2030,江苏,20.49673671282,20.50437515824,20.49673671282,0,20.49673671282,0
S2,mid,2030,江西,11.6769115866,14.55078186795,11.6769115866,0,11.6769115866,0
S2,mid,2030,河北,6.436500720539,196.3338928122,6.436500720539,0,6.436500720539,0
S2,mid,2030,河南,25.63684749924,44.45129320172,25.63684749924,0,25.63684749924,0
S2,mid,2030,浙江,18.01799201314,1.384971050488,1.384971050488,0,1.384971050488,16.63302096265
S2,mid,2030,海南,0,5.325336528533,0,0,0,0
S2,mid,2030,湖北,11.72422477238,24.77448191556,11.72422477238,0,11.72422477238,0
S2,mid,2030,湖南,13.46555244111,32.44024445524,13.46555244111,0,13.46555244111,0
S2,mid,2030,甘肃,0.03820190193412,153.6498120613,0.03820190193412,0,0.03820190193412,0
S2,mid,2030,福建,5.038081638906,0,0,0,0,5.038081638906
S2,mid,2030,西藏,0.08779420770895,29.57433770166,0.08779420770895,0,0.08779420770895,0
S2,mid,2030,贵州,9.313909554646,23.73531524833,9.313909554646,0,9.313909554646,0
S2,mid,2030,辽宁,0.5852947180596,56.40703474338,0.5852947180596,0,0.5852947180596,0
S2,mid,2030,陕西,6.119136473305,64.6199137265,6.119136473305,0,6.119136473305,0
S2,mid,2030,青海,0.243055053255,205.7963455165,0.243055053255,0,0.243055053255,0
S2,mid,2030,黑龙江,0.7316183975745,46.77083335338,0.7316183975745,0,0.7316183975745,0
S2,mid,2035,上海,17.11421884055,0,0,0,0,17.11421884055
S2,mid,2035,云南,30.85874287288,158.1589689449,30.85874287288,0,30.85874287288,0
S2,mid,2035,内蒙古,2.4295299016,669.0084575426,2.4295299016,0,2.4295299016,0
S2,mid,2035,北京,26.49350975834,0.3982720998127,0.3982720998127,0,0.3982720998127,26.09523765853
S2,mid,2035,四川,7.68380390229,15.61009402181,7.68380390229,0,7.68380390229,0
S2,mid,2035,天津,7.377995082513,9.279712145871,7.377995082513,0,7.377995082513,0
S2,mid,2035,宁夏,0,138.8823078146,0,0,0,0
S2,mid,2035,安徽,31.74143989227,17.07345798735,17.07345798735,14.667,31.74045798735,0.0009819049200033
S2,mid,2035,山东,20.60098106764,112.2436798045,20.60098106764,0,20.60098106764,0
S2,mid,2035,山西,12.22752557808,115.5491951853,12.22752557808,0,12.22752557808,0
S2,mid,2035,广东,61.05030224829,17.99813668933,17.99813668933,0,17.99813668933,43.05216555896
S2,mid,2035,广西,28.67119492463,51.05864009441,28.67119492463,0,28.67119492463,0
S2,mid,2035,新疆,0,641.4502323919,0,0,0,0
S2,mid,2035,江苏,45.7232617186,31.79174546168,31.79174546168,13.931,45.72274546168,0.000516256920001
S2,mid,2035,江西,26.04836526027,22.57743851739,22.57743851739,0,22.57743851739,3.47092674288
S2,mid,2035,河北,14.3582762037,304.974536176,14.3582762037,0,14.3582762037,0
S2,mid,2035,河南,57.18960555875,68.85619204126,57.18960555875,0,57.18960555875,0
S2,mid,2035,浙江,40.19378186895,2.143543056916,2.143543056916,0,2.143543056916,38.05023881203
S2,mid,2035,海南,0,8.288132147617,0,0,0,0
S2,mid,2035,湖北,26.15390953331,38.6203584581,26.15390953331,0,26.15390953331,0
S2,mid,2035,湖南,30.03839035827,50.27629111781,30.03839035827,0,30.03839035827,0
S2,mid,2035,甘肃,0.08521920268361,239.1448224524,0.08521920268361,0,0.08521920268361,0
S2,mid,2035,福建,11.23874149153,0,0,0,0,11.23874149153
S2,mid,2035,西藏,0.1958476411488,46.14829280662,0.1958476411488,0,0.1958476411488,0
S2,mid,2035,贵州,20.77707930571,37.04878808319,20.77707930571,0,20.77707930571,0
S2,mid,2035,辽宁,1.305650940992,87.40835173231,1.305650940992,0,1.305650940992,0
S2,mid,2035,陕西,13.65031333431,100.6817591165,13.65031333431,0,13.65031333431,0
S2,mid,2035,青海,0.5421970320308,321.2127490698,0.5421970320308,0,0.5421970320308,0
S2,mid,2035,黑龙江,1.63206367624,72.54060116055,1.63206367624,0,1.63206367624,0
S2,mid,2040,上海,28.96924626598,0,0,0,0,28.96924626598
S2,mid,2040,云南,52.23460854812,200.6670422528,52.23460854812,0,52.23460854812,0
S2,mid,2040,内蒙古,4.112466405026,926.3651443519,4.112466405026,0,4.112466405026,0
S2,mid,2040,北京,44.84557640579,0.5648821180907,0.5648821180907,0,0.5648821180907,44.2806942877
S2,mid,2040,四川,13.00637847271,20.86741331013,13.00637847271,0,13.00637847271,0
S2,mid,2040,天津,12.4887357399,12.03430636548,12.03430636548,0,12.03430636548,0.45442937442
S2,mid,2040,宁夏,0,178.8315946047,0,0,0,0
S2,mid,2040,安徽,53.72875020724,22.26001607035,22.26001607035,31.468,53.72801607035,0.0007341368899958
S2,mid,2040,山东,34.87129032471,153.4962078071,34.87129032471,0,34.87129032471,0
S2,mid,2040,山西,20.69753828644,162.1971702164,20.69753828644,0,20.69753828644,0
S2,mid,2040,广东,103.3398752768,25.42984885915,25.42984885915,0,25.42984885915,77.91002641765
S2,mid,2040,广西,48.53174510914,70.63035725419,48.53174510914,0,48.53174510914,0
S2,mid,2040,新疆,0,839.150201377,0,0,0,0
S2,mid,2040,江苏,77.39578657669,44.84623872898,44.84623872898,32.549,77.39523872898,0.0005478477100098
S2,mid,2040,江西,44.09208010494,31.4531593339,31.4531593339,0,31.4531593339,12.63892077104
S2,mid,2040,河北,24.30426087076,416.8813605015,24.30426087076,0,24.30426087076,0
S2,mid,2040,河南,96.804872178,98.67030006828,96.804872178,0,96.804872178,0
S2,mid,2040,浙江,68.03603343927,3.11472052745,3.11472052745,0,3.11472052745,64.92131291182
S2,mid,2040,海南,0,10.94952695595,0,0,0,0
S2,mid,2040,湖北,44.27073494547,49.54723529598,44.27073494547,0,44.27073494547,0
S2,mid,2040,湖南,50.84599746152,71.4394255094,50.84599746152,0,50.84599746152,0
S2,mid,2040,甘肃,0.1442505843902,315.6847092556,0.1442505843902,0,0.1442505843902,0
S2,mid,2040,福建,19.02382299895,0,0,0,0,19.02382299895
S2,mid,2040,西藏,0.3315113941168,58.13018645536,0.3315113941168,0,0.3315113941168,0
S2,mid,2040,贵州,35.16937189495,46.38983985449,35.16937189495,0,35.16937189495,0
S2,mid,2040,辽宁,2.210075960779,124.485755895,2.210075960779,0,2.210075960779,0
S2,mid,2040,陕西,23.10589178937,130.411422999,23.10589178937,0,23.10589178937,0
S2,mid,2040,青海,0.9177771706627,402.6159430907,0.9177771706627,0,0.9177771706627,0
S2,mid,2040,黑龙江,2.762594950973,101.7800125773,2.762594950973,0,2.762594950973,0
S2,mid,2045,上海,43.32579453081,0,0,0,0,43.32579453081
S2,mid,2045,云南,78.12098031736,230.0933149864,78.12098031736,0,78.12098031736,0
S2,mid,2045,内蒙古,6.150518133718,1128.38614402,6.150518133718,0,6.150518133718,0
S2,mid,2045,北京,67.07009948185,0.6985498617771,0.6985498617771,0,0.6985498617771,66.37154962007
S2,mid,2045,四川,19.45206568803,24.83357511113,19.45206568803,0,19.45206568803,0
S2,mid,2045,天津,18.67789012005,14.02134788486,14.02134788486,0,14.02134788486,4.65654223519
S2,mid,2045,宁夏,0,207.2935110214,0,0,0,0
S2,mid,2045,安徽,80.35558711137,26.03437746292,26.03437746292,54.321,80.35537746292,0.00020964845001
S2,mid,2045,山东,52.1527673092,185.4647259002,52.1527673092,0,52.1527673092,0
S2,mid,2045,山西,30.95480230514,199.2877262909,30.95480230514,0,30.95480230514,0
S2,mid,2045,广东,154.5529407972,31.37288140206,31.37288140206,0,31.37288140206,123.1800593951
S2,mid,2045,广西,72.58305575213,85.97886183378,72.58305575213,0,72.58305575213,0
S2,mid,2045,新疆,0,983.7939063099,0,0,0,0
S2,mid,2045,江苏,115.7515082024,55.27114180093,55.27114180093,60.48,115.7511418009,0.0003664014700036
S2,mid,2045,江西,65.94318628533,38.46143279579,38.46143279579,0,38.46143279579,27.48175348954
S2,mid,2045,河北,36.34894063317,503.5628303045,36.34894063317,0,36.34894063317,0
S2,mid,2045,河南,144.7793278105,122.7891068512,122.7891068512,21.99,144.7791068512,0.0002209593000089
S2,mid,2045,浙江,101.7532585562,3.908599151259,3.908599151259,0,3.908599151259,97.84465940494
S2,mid,2045,海南,0,12.92538560649,0,0,0,0
S2,mid,2045,湖北,66.21037870178,57.27970696777,57.27970696777,8.93,66.20970696777,0.0006717340100124
S2,mid,2045,湖南,76.04420282481,88.44405774071,76.04420282481,0,76.04420282481,0
S2,mid,2045,甘肃,0.2157381356374,372.4442137219,0.2157381356374,0,0.2157381356374,0
S2,mid,2045,福建,28.45162897493,0,0,0,0,28.45162897493
S2,mid,2045,西藏,0.4958014583554,66.29501701008,0.4958014583554,0,0.4958014583554,0
S2,mid,2045,贵州,52.59857182712,52.66647573801,52.59857182712,0,52.59857182712,0
S2,mid,2045,辽宁,3.305343055702,154.3333542899,3.305343055702,0,3.305343055702,0
S2,mid,2045,陕西,34.55668507651,151.8133979554,34.55668507651,0,34.55668507651,0
S2,mid,2045,青海,1.372608205133,457.4506715143,1.372608205133,0,1.372608205133,0
S2,mid,2045,黑龙江,4.131678819628,125.0193742702,4.131678819628,0,4.131678819628,0
S2,mid,2050,上海,60.27264645071,0,0,0,0,60.27264645071
S2,mid,2050,云南,108.6779429677,239.6937979781,108.6779429677,0,108.6779429677,0
S2,mid,2050,内蒙古,8.556288672297,1228.771762198,8.556288672297,0,8.556288672297,0
S2,mid,2050,北京,93.30451841128,0.7686410122272,0.7686410122272,0,0.7686410122272,92.53587739905
S2,mid,2050,四川,27.06072654056,26.59960422212,26.59960422212,0.461,27.06060422212,0.0001223184400025
S2,mid,2050,天津,25.98373278188,14.7854413978,14.7854413978,0,14.7854413978,11.19829138408
S2,mid,2050,宁夏,0,217.7450815681,0,0,0,0
S2,mid,2050,安徽,111.7866145273,27.53152427524,27.53152427524,84.255,111.7865242752,9.025206000501e-05
S2,mid,2050,山东,72.55228298741,200.8226065608,72.55228298741,0,72.55228298741,0
S2,mid,2050,山西,43.06274992746,218.3203539953,43.06274992746,0,43.06274992746,0
S2,mid,2050,广东,215.0062072598,34.46519477422,34.46519477422,0,34.46519477422,180.5410124856
S2,mid,2050,广西,100.9738633771,93.5865439219,93.5865439219,0,93.5865439219,7.3873194552
S2,mid,2050,新疆,0,1042.231529406,0,0,0,0
S2,mid,2050,江苏,161.0276235109,60.67724847312,60.67724847312,100.35,161.0272484731,0.0003750377800316
S2,mid,2050,江西,91.73681396616,41.99608469483,41.99608469483,0,41.99608469483,49.74072927133
S2,mid,2050,河北,50.56680140241,545.1530625134,50.56680140241,0,50.56680140241,0
S2,mid,2050,河南,201.4096529099,135.6850019737,135.6850019737,65.724,201.4090019737,0.0006509361999747
S2,mid,2050,浙江,141.553969052,4.343235775444,4.343235775444,0,4.343235775444,137.2107332766
S2,mid,2050,海南,0,13.7628757118,0,0,0,0
S2,mid,2050,湖北,92.10851849518,60.04562564952,60.04562564952,32.062,92.10762564952,0.0008928456599904
S2,mid,2050,湖南,105.7888355221,97.3930222889,97.3930222889,8.395,105.7880222889,0.0008132332000059
S2,mid,2050,甘肃,0.3001239450083,396.4150460578,0.3001239450083,0,0.3001239450083,0
S2,mid,2050,福建,39.58046223326,0,0,0,0,39.58046223326
S2,mid,2050,西藏,0.689733825607,68.77154752166,0.689733825607,0,0.689733825607,0
S2,mid,2050,贵州,73.17246360695,54.44020011492,54.44020011492,0,54.44020011492,18.73226349203
S2,mid,2050,辽宁,4.598225504047,170.1105972467,4.598225504047,0,4.598225504047,0
S2,mid,2050,陕西,48.07350643377,159.9827241026,48.07350643377,0,48.07350643377,0
S2,mid,2050,青海,1.909502871425,473.1497696906,1.909502871425,0,1.909502871425,0
S2,mid,2050,黑龙江,5.747781880058,136.9326293196,5.747781880058,0,5.747781880058,0
S2,mid,2055,上海,79.89858484133,0,0,0,0,79.89858484133
S2,mid,2055,云南,144.0655812864,245.0331157037,144.0655812864,0,144.0655812864,0
S2,mid,2055,内蒙古,11.34238160539,1299.536328255,11.34238160539,0,11.34238160539,0
S2,mid,2055,北京,123.6862726189,0.8190942626529,0.8190942626529,0,0.8190942626529,122.8671783562
S2,mid,2055,四川,35.87222202259,27.7862788479,27.7862788479,8.085,35.8712788479,0.0009431746900006
S2,mid,2055,天津,34.44453828429,15.26056300209,15.26056300209,0,15.26056300209,19.1839752822
S2,mid,2055,宁夏,0,224.0627323267,0,0,0,0
S2,mid,2055,安徽,148.1864963775,28.47928562069,28.47928562069,119.707,148.1862856207,0.0002107568099916
S2,mid,2055,山东,96.17670832559,211.49875873,96.17670832559,0,96.17670832559,0
S2,mid,2055,山西,57.08481344674,231.9082246953,57.08481344674,0,57.08481344674,0
S2,mid,2055,广东,285.0163831151,36.68463851099,36.68463851099,0,36.68463851099,248.3317446041
S2,mid,2055,广西,133.8529045077,98.94397570528,98.94397570528,0,98.94397570528,34.90892880242
S2,mid,2055,新疆,0,1079.603912502,0,0,0,0
S2,mid,2055,江苏,213.4613294175,64.55241482252,64.55241482252,148.908,213.4604148225,0.0009145949800029
S2,mid,2055,江西,121.6080933122,44.5026028625,44.5026028625,0,44.5026028625,77.1054904497
S2,mid,2055,河北,67.03232908992,574.0495130853,67.03232908992,0,67.03232908992,0
S2,mid,2055,河南,266.9925279296,145.0348176181,145.0348176181,121.957,266.9918176181,0.0007103115000291
S2,mid,2055,浙江,187.6466767587,4.66104387625,4.66104387625,0,4.66104387625,182.9856328825
S2,mid,2055,海南,0,14.3121936511,0,0,0,0
S2,mid,2055,湖北,122.1008320186,61.6892323309,61.6892323309,60.411,122.1002323309,0.000599687700003
S2,mid,2055,湖南,140.2357246275,103.8433948168,103.8433948168,36.392,140.2353948168,0.0003298106999807
S2,mid,2055,甘肃,0.3978501010864,412.108629546,0.3978501010864,0,0.3978501010864,0
S2,mid,2055,福建,52.46862558772,0,0,0,0,52.46862558772
S2,mid,2055,西藏,0.9143244876142,70.06773615608,0.9143244876142,0,0.9143244876142,0
S2,mid,2055,贵州,96.9988317392,55.30793177479,55.30793177479,0,55.30793177479,41.69089996441
S2,mid,2055,辽宁,6.095496584094,181.5014156572,6.095496584094,0,6.095496584094,0
S2,mid,2055,陕西,63.72716909917,165.040243329,63.72716909917,0,63.72716909917,0
S2,mid,2055,青海,2.531273905519,480.9316590057,2.531273905519,0,2.531273905519,0
S2,mid,2055,黑龙江,7.619370730118,145.4345569788,7.619370730118,0,7.619370730118,0
S2,mid,2060,上海,102.2923925183,0,0,0,0,102.2923925183
S2,mid,2060,云南,184.4439800603,246.178905707,184.4439800603,0,184.4439800603,0
S2,mid,2060,内蒙古,14.5214005176,1341.150017621,14.5214005176,0,14.5214005176,0
S2,mid,2060,北京,158.3528015294,0.8502213257532,0.8502213257532,0,0.8502213257532,157.5025802036
S2,mid,2060,四川,45.92641312641,28.40279509141,28.40279509141,17.523,45.92579509141,0.0006180350000022
S2,mid,2060,天津,44.09858118622,15.45129955342,15.45129955342,0,15.45129955342,28.6472816328
S2,mid,2060,宁夏,0,226.3120810716,0,0,0,0
S2,mid,2060,安徽,189.7198965847,28.88638190352,28.88638190352,158.119,187.0053819035,2.71451468118
S2,mid,2060,山东,123.13291429,217.5674955585,123.13291429,0,123.13291429,0
S2,mid,2060,山西,73.08442515629,240.1377631053,73.08442515629,0,73.08442515629,0
S2,mid,2060,广东,364.9001768137,38.04506768593,38.04506768593,0,38.04506768593,326.8551091278
S2,mid,2060,广西,171.3689156674,102.0868754427,102.0868754427,0,102.0868754427,69.2820402247
S2,mid,2060,新疆,0,1096.245424485,0,0,0,0
S2,mid,2060,江苏,273.2898228376,66.92094148917,66.92094148917,206.368,273.2889414892,0.0008813484300276
S2,mid,2060,江西,155.692154488,45.99730688181,45.99730688181,0,45.99730688181,109.6948476062
S2,mid,2060,河北,85.82000960719,590.4536706176,85.82000960719,0,85.82000960719,0
S2,mid,2060,河南,341.8246333232,150.89484076,150.89484076,190.929,341.82384076,0.0007925631999797
S2,mid,2060,浙江,240.2398935085,4.863877874683,4.863877874683,0,4.863877874683,235.3760156338
S2,mid,2060,海南,0,14.57791358576,0,0,0,0
S2,mid,2060,湖北,156.3229969651,62.22834148809,62.22834148809,94.094,156.3223414881,0.0006554770100138
S2,mid,2060,湖南,179.5406992148,107.8348355152,107.8348355152,71.705,179.5398355152,0.0008636995999893
S2,mid,2060,甘肃,0.509358692455,419.656349089,0.509358692455,0,0.509358692455,0
S2,mid,2060,福建,67.17442185208,0,0,0,0,67.17442185208
S2,mid,2060,西藏,1.170589436119,70.20231849869,1.170589436119,0,1.170589436119,0
S2,mid,2060,贵州,124.1854607286,55.28405155442,55.28405155442,0,55.28405155442,68.90140917418
S2,mid,2060,辽宁,7.803929574129,188.575435308,7.803929574129,0,7.803929574129,0
S2,mid,2060,陕西,81.58848631073,167.035349395,81.58848631073,0,81.58848631073,0
S2,mid,2060,青海,3.2407340434,480.9220094416,3.2407340434,0,3.2407340434,0
S2,mid,2060,黑龙江,9.754911967661,150.5793053016,9.754911967661,0,9.754911967661,0
S3,high,2025,上海,0,0,0,0,0,0
S3,high,2025,云南,0,55.42463688618,0,0,0,0
S3,high,2025,内蒙古,0,249.9712308819,0,0,0,0
S3,high,2025,北京,0,0.1514952466769,0,0,0,0
S3,high,2025,四川,0,5.682936472736,0,0,0,0
S3,high,2025,天津,0,3.304104513969,0,0,0,0
S3,high,2025,宁夏,0,49.19439301438,0,0,0,0
S3,high,2025,安徽,0,6.102839052569,0,0,0,0
S3,high,2025,山东,0,41.55364391617,0,0,0,0
S3,high,2025,山西,0,43.61439242789,0,0,0,0
S3,high,2025,广东,0,6.826635729473,0,0,0,0
S3,high,2025,广西,0,19.06381496691,0,0,0,0
S3,high,2025,新疆,0,229.8525943639,0,0,0,0
S3,high,2025,江苏,0,12.04392863904,0,0,0,0
S3,high,2025,江西,0,8.474082760956,0,0,0,0
S3,high,2025,河北,0,112.8684626215,0,0,0,0
S3,high,2025,河南,0,26.39369296253,0,0,0,0
S3,high,2025,浙江,0,0.8302725596161,0,0,0,0
S3,high,2025,海南,0,2.991317349124,0,0,0,0
S3,high,2025,湖北,0,13.64348342791,0,0,0,0
S3,high,2025,湖南,0,19.15037681832,0,0,0,0
S3,high,2025,甘肃,0,86.26073717587,0,0,0,0
S3,high,2025,福建,0,0,0,0,0,0
S3,high,2025,西藏,0,16.08768591622,0,0,0,0
S3,high,2025,贵州,0,12.85981034489,0,0,0,0
S3,high,2025,辽宁,0,33.35094620209,0,0,0,0
S3,high,2025,陕西,0,35.8170385815,0,0,0,0
S3,high,2025,青海,0,111.5778280558,0,0,0,0
S3,high,2025,黑龙江,0,27.37151708563,0,0,0,0
S3,high,2030,上海,35.11718910493,0,0,0,0,35.11718910493
S3,high,2030,云南,0,176.5043695686,0,0,0,0
S3,high,2030,内蒙古,0,750.2788870267,0,0,0,0
S3,high,2030,北京,31.31515441723,0.4472879549939,0.4472879549939,0,0.4472879549939,30.86786646224
S3,high,2030,四川,67.68016908231,17.47101124782,17.47101124782,50.209,67.68001124782,0.0001578344899968
S3,high,2030,天津,8.486580832094,10.36842564131,8.486580832094,0,8.486580832094,0
S3,high,2030,宁夏,6.669424733384,155.1158315936,6.669424733384,0,6.669424733384,0
S3,high,2030,安徽,0,19.08215470382,0,0,0,0
S3,high,2030,山东,18.32348402618,125.7877869537,18.32348402618,0,18.32348402618,0
S3,high,2030,山西,0,129.690007386,0,0,0,0
S3,high,2030,广东,85.44168902068,20.20857693682,20.20857693682,0,20.20857693682,65.23311208386
S3,high,2030,广西,0,57.25788989098,0,0,0,0
S3,high,2030,新疆,18.12402376085,717.0514552634,18.12402376085,0,18.12402376085,0
S3,high,2030,江苏,2.120928817855,35.69280120139,2.120928817855,0,2.120928817855,0
S3,high,2030,江西,3.227705231933,25.32913880717,3.227705231933,0,3.227705231933,0
S3,high,2030,河北,3.563805531551,341.7664060064,3.563805531551,0,3.563805531551,0
S3,high,2030,河南,15.53428378614,77.37817705485,15.53428378614,0,15.53428378614,0
S3,high,2030,浙江,24.18559252123,2.41087553233,2.41087553233,0,2.41087553233,21.7747169889
S3,high,2030,海南,0,9.270030253372,0,0,0,0
S3,high,2030,湖北,8.783723584726,43.12595000117,8.783723584726,0,8.783723584726,0
S3,high,2030,湖南,8.337210792238,56.47005516283,8.337210792238,0,8.337210792238,0
S3,high,2030,甘肃,21.23820954009,267.4644876623,21.23820954009,0,21.23820954009,0
S3,high,2030,福建,0,0,0,0,0,0
S3,high,2030,西藏,0,51.4812545177,0,0,0,0
S3,high,2030,贵州,0,41.31703024709,0,0,0,0
S3,high,2030,辽宁,43.17551714544,98.19002344218,43.17551714544,0,43.17551714544,0
S3,high,2030,陕西,0,112.4865164869,0,0,0,0
S3,high,2030,青海,3.67530807114,358.2380829362,3.67530807114,0,3.67530807114,0
S3,high,2030,黑龙江,0,81.41589509663,0,0,0,0
S3,high,2035,上海,67.41626365833,0,0,0,0,67.41626365833
S3,high,2035,云南,0,252.7839930999,0,0,0,0
S3,high,2035,内蒙古,0,1069.269927867,0,0,0,0
S3,high,2035,北京,60.11730324955,0.636554552692,0.636554552692,0,0.636554552692,59.48074869686
S3,high,2035,四川,129.9290814438,24.94946651348,24.94946651348,104.979,129.9284665135,0.0006149303199834
S3,high,2035,天津,16.29212318858,14.83167667759,14.83167667759,0,14.83167667759,1.46044651099
S3,high,2035,宁夏,12.80363570477,221.974286849,12.80363570477,0,12.80363570477,0
S3,high,2035,安徽,0,27.2883473815,0,0,0,0
S3,high,2035,山东,35.17652926482,179.3980181491,35.17652926482,0,35.17652926482,0
S3,high,2035,山西,0,184.6811923047,0,0,0,0
S3,high,2035,广东,164.026779513,28.76625265731,28.76625265731,0,28.76625265731,135.2605268557
S3,high,2035,广西,0,81.6065444244,0,0,0,0
S3,high,2035,新疆,34.79361519399,1025.223875703,34.79361519399,0,34.79361519399,0
S3,high,2035,江苏,4.071655506305,50.81244787465,4.071655506305,0,4.071655506305,0
S3,high,2035,江西,6.196390783932,36.08530771583,6.196390783932,0,6.196390783932,0
S3,high,2035,河北,6.84161971575,487.4379338881,6.84161971575,0,6.84161971575,0
S3,high,2035,河南,29.82195893698,110.0522043736,29.82195893698,0,29.82195893698,0
S3,high,2035,浙江,46.43031870439,3.4260047149,3.4260047149,0,3.4260047149,43.00431398949
S3,high,2035,海南,0,13.24684368893,0,0,0,0
S3,high,2035,湖北,16.86256332534,61.72655582619,16.86256332534,0,16.86256332534,0
S3,high,2035,湖南,16.00536988496,80.35612341052,16.00536988496,0,16.00536988496,0
S3,high,2035,甘肃,40.77207687971,382.2229213555,40.77207687971,0,40.77207687971,0
S3,high,2035,福建,0,0,0,0,0,0
S3,high,2035,西藏,0,73.75838251998,0,0,0,0
S3,high,2035,贵州,0,59.21472967143,0,0,0,0
S3,high,2035,辽宁,82.88624806399,139.7039467858,82.88624806399,0,82.88624806399,0
S3,high,2035,陕西,0,160.9187090153,0,0,0,0
S3,high,2035,青海,7.055676842734,513.3913168894,7.055676842734,0,7.055676842734,0
S3,high,2035,黑龙江,0,115.9409608293,0,0,0,0
S3,high,2040,上海,98.86811567643,0,0,0,0,98.86811567643
S3,high,2040,云南,0,296.2227766589,0,0,0,0
S3,high,2040,内蒙古,0,1367.491403567,0,0,0,0
S3,high,2040,北京,88.16395583645,0.8338736028958,0.8338736028958,0,0.8338736028958,87.33008223355
S3,high,2040,四川,190.5451705099,30.80427679114,30.80427679114,159.74,190.5442767911,0.0008937187599827
S3,high,2040,天津,23.89292186506,17.76492844429,17.76492844429,0,17.76492844429,6.12799342077
S3,high,2040,宁夏,18.77694293997,263.9894967975,18.77694293997,0,18.77694293997,0
S3,high,2040,安徽,0,32.8600237229,0,0,0,0
S3,high,2040,山东,51.58750983405,226.5896400961,51.58750983405,0,51.58750983405,0
S3,high,2040,山西,0,239.4339179385,0,0,0,0
S3,high,2040,广东,240.5505397497,37.53930069684,37.53930069684,0,37.53930069684,203.0112390529
S3,high,2040,广西,0,104.2638607086,0,0,0,0
S3,high,2040,新疆,51.02595405219,1238.745535366,51.02595405219,0,51.02595405219,0
S3,high,2040,江苏,5.971213558084,66.20159050468,5.971213558084,0,5.971213558084,0
S3,high,2040,江西,9.087206076963,46.43085425481,9.087206076963,0,9.087206076963,0
S3,high,2040,河北,10.03345502651,615.3962940736,10.03345502651,0,10.03345502651,0
S3,high,2040,河南,43.73486049037,145.6561572436,43.73486049037,0,43.73486049037,0
S3,high,2040,浙江,68.09155345398,4.597920778617,4.597920778617,0,4.597920778617,63.49363267536
S3,high,2040,海南,0,16.16358741116,0,0,0,0
S3,high,2040,湖北,24.72949064487,73.1411568655,24.72949064487,0,24.72949064487,0
S3,high,2040,湖南,23.47238893645,105.4581995615,23.47238893645,0,23.47238893645,0
S3,high,2040,甘肃,59.79356010801,466.010761282,59.79356010801,0,59.79356010801,0
S3,high,2040,福建,0,0,0,0,0,0
S3,high,2040,西藏,0,85.81122762457,0,0,0,0
S3,high,2040,贵州,0,68.4802397852,0,0,0,0
S3,high,2040,辽宁,121.555344614,183.7646872735,121.555344614,0,121.555344614,0
S3,high,2040,陕西,0,192.5121006176,0,0,0,0
S3,high,2040,青海,10.34737667751,594.3378207529,10.34737667751,0,10.34737667751,0
S3,high,2040,黑龙江,0,150.2466852331,0,0,0,0
S3,high,2045,上海,129.1977369709,0,0,0,0,129.1977369709
S3,high,2045,云南,0,339.661560218,0,0,0,0
S3,high,2045,内蒙古,0,1665.712879267,0,0,0,0
S3,high,2045,北京,115.2098783166,1.0311926531,1.0311926531,0,1.0311926531,114.1786856635
S3,high,2045,四川,248.9984223143,36.65908706881,36.65908706881,212.339,248.9980870688,0.0003352454899925
S3,high,2045,天津,31.22251712263,20.69818021098,20.69818021098,0,20.69818021098,10.52433691165
S3,high,2045,宁夏,24.53711713305,306.0047067459,24.53711713305,0,24.53711713305,0
S3,high,2045,安徽,0,38.43170006431,0,0,0,0
S3,high,2045,山东,67.41293167089,273.7812620432,67.41293167089,0,67.41293167089,0
S3,high,2045,山西,0,294.1866435724,0,0,0,0
S3,high,2045,广东,314.3438625301,46.31234873637,46.31234873637,0,46.31234873637,268.0315137937
S3,high,2045,广西,0,126.9211769927,0,0,0,0
S3,high,2045,新疆,66.67910827694,1452.267195029,66.67910827694,0,66.67910827694,0
S3,high,2045,江苏,7.802993648623,81.5907331347,7.802993648623,0,7.802993648623,0
S3,high,2045,江西,11.87487444764,56.77640079379,11.87487444764,0,11.87487444764,0
S3,high,2045,河北,13.11140274653,743.354654259,13.11140274653,0,13.11140274653,0
S3,high,2045,河南,57.15133704567,181.2601101137,57.15133704567,0,57.15133704567,0
S3,high,2045,浙江,88.97989562054,5.769836842334,5.769836842334,0,5.769836842334,83.21005877821
S3,high,2045,海南,0,19.08033113339,0,0,0,0
S3,high,2045,湖北,32.31571883312,84.5557579048,32.31571883312,0,32.31571883312,0
S3,high,2045,湖南,30.67297794786,130.5602757125,30.67297794786,0,30.67297794786,0
S3,high,2045,甘肃,78.13633949162,549.7986012085,78.13633949162,0,78.13633949162,0
S3,high,2045,福建,0,0,0,0,0,0
S3,high,2045,西藏,0,97.86407272917,0,0,0,0
S3,high,2045,贵州,0,77.74574989896,0,0,0,0
S3,high,2045,辽宁,158.8446925827,227.8254277612,158.8446925827,0,158.8446925827,0
S3,high,2045,陕西,0,224.1054922199,0,0,0,0
S3,high,2045,青海,13.52162566438,675.2843246163,13.52162566438,0,13.52162566438,0
S3,high,2045,黑龙江,0,184.5524096369,0,0,0,0
S3,high,2050,上海,158.1301193535,0,0,0,0,158.1301193535
S3,high,2050,云南,0,383.100343777,0,0,0,0
S3,high,2050,内蒙古,0,1963.934354967,0,0,0,0
S3,high,2050,北京,141.0098368287,1.228511703303,1.228511703303,0,1.228511703303,139.7813251254
S3,high,2050,四川,304.7588228907,42.51389734647,42.51389734647,262.244,304.7578973465,0.0009255442299718
S3,high,2050,天津,38.21444922234,23.63143197768,23.63143197768,0,23.63143197768,14.58301724466
S3,high,2050,宁夏,30.03192897808,348.0199166943,30.03192897808,0,30.03192897808,0
S3,high,2050,安徽,0,44.00337640572,0,0,0,0
S3,high,2050,山东,82.50930071233,320.9728839903,82.50930071233,0,82.50930071233,0
S3,high,2050,山西,0,348.9393692062,0,0,0,0
S3,high,2050,广东,384.7376406532,55.0853967759,55.0853967759,0,55.0853967759,329.6522438773
S3,high,2050,广西,0,149.5784932769,0,0,0,0
S3,high,2050,新疆,81.61114580969,1665.788854692,81.61114580969,0,81.61114580969,0
S3,high,2050,江苏,9.550386453355,96.97987576473,9.550386453355,0,9.550386453355,0
S3,high,2050,江西,14.53411923256,67.12194733277,14.53411923256,0,14.53411923256,0
S3,high,2050,河北,16.04755415853,871.3130144445,16.04755415853,0,16.04755415853,0
S3,high,2050,河南,69.94973720227,216.8640629837,69.94973720227,0,69.94973720227,0
S3,high,2050,浙江,108.9059440546,6.941752906051,6.941752906051,0,6.941752906051,101.9641911485
S3,high,2050,海南,0,21.99707485562,0,0,0,0
S3,high,2050,湖北,39.55246117992,95.97035894411,39.55246117992,0,39.55246117992,0
S3,high,2050,湖南,37.54184692039,155.6623518634,37.54184692039,0,37.54184692039,0
S3,high,2050,甘肃,95.63409529716,633.5864411351,95.63409529716,0,95.63409529716,0
S3,high,2050,福建,0,0,0,0,0,0
S3,high,2050,西藏,0,109.9169178338,0,0,0,0
S3,high,2050,贵州,0,87.01126001273,0,0,0,0
S3,high,2050,辽宁,194.4161777572,271.8861682489,194.4161777572,0,194.4161777572,0
S3,high,2050,陕西,0,255.6988838222,0,0,0,0
S3,high,2050,青海,16.54964189228,756.2308284798,16.54964189228,0,16.54964189228,0
S3,high,2050,黑龙江,0,218.8581340408,0,0,0,0
S3,high,2055,上海,185.3902546358,0,0,0,0,185.3902546358
S3,high,2055,云南,0,426.5391273361,0,0,0,0
S3,high,2055,内蒙古,0,2262.155830667,0,0,0,0
S3,high,2055,北京,165.3185975114,1.425830753507,1.425830753507,0,1.425830753507,163.8927667579
S3,high,2055,四川,357.2963582726,48.36870762413,48.36870762413,308.927,357.2957076241,0.0006506484699571
S3,high,2055,天津,44.8022584253,26.56468374437,26.56468374437,0,26.56468374437,18.23757468093
S3,high,2055,宁夏,35.20914916914,390.0351266428,35.20914916914,0,35.20914916914,0
S3,high,2055,安徽,0,49.57505274713,0,0,0,0
S3,high,2055,山东,96.73312289538,368.1645059373,96.73312289538,0,96.73312289538,0
S3,high,2055,山西,0,403.69209484,0,0,0,0
S3,high,2055,广东,451.0627669181,63.85844481543,63.85844481543,0,63.85844481543,387.2043221027
S3,high,2055,广西,0,172.235809561,0,0,0,0
S3,high,2055,新疆,95.68013459193,1879.310514354,95.68013459193,0,95.68013459193,0
S3,high,2055,江苏,11.19678264771,112.3690183948,11.19678264771,0,11.19678264771,0
S3,high,2055,江西,17.03966376835,77.46749387175,17.03966376835,0,17.03966376835,0
S3,high,2055,河北,18.81400054522,999.27137463,18.81400054522,0,18.81400054522,0
S3,high,2055,河南,82.00840955953,252.4680158537,82.00840955953,0,82.00840955953,0
S3,high,2055,浙江,127.6802976067,8.113668969769,8.113668969769,0,8.113668969769,119.5666286369
S3,high,2055,海南,0,24.91381857785,0,0,0,0
S3,high,2055,湖北,46.37093097506,107.3849599834,46.37093097506,0,46.37093097506,0
S3,high,2055,湖南,44.01370585518,180.7644280144,44.01370585518,0,44.01370585518,0
S3,high,2055,甘肃,112.1205077913,717.3742810616,112.1205077913,0,112.1205077913,0
S3,high,2055,福建,0,0,0,0,0,0
S3,high,2055,西藏,0,121.9697629384,0,0,0,0
S3,high,2055,贵州,0,96.27677012649,0,0,0,0
S3,high,2055,辽宁,227.9316859248,315.9469087366,227.9316859248,0,227.9316859248,0
S3,high,2055,陕西,0,287.2922754245,0,0,0,0
S3,high,2055,青海,19.40264345013,837.1773323433,19.40264345013,0,19.40264345013,0
S3,high,2055,黑龙江,0,253.1638584446,0,0,0,0
S3,high,2060,上海,210.7031346296,0,0,0,0,210.7031346296
S3,high,2060,云南,0,469.9779108951,0,0,0,0
S3,high,2060,内蒙古,0,2560.377306366,0,0,0,0
S3,high,2060,北京,187.8909265034,1.623149803711,1.623149803711,0,1.623149803711,186.2677766997
S3,high,2060,四川,406.0810144938,54.22351790179,54.22351790179,351.857,406.0805179018,0.0004965920099949
S3,high,2060,天津,50.91948499256,29.49793551107,29.49793551107,0,29.49793551107,21.42154948149
S3,high,2060,宁夏,40.01654840031,432.0503365912,40.01654840031,0,40.01654840031,0
S3,high,2060,安徽,0,55.14672908854,0,0,0,0
S3,high,2060,山东,109.9409041571,415.3561278844,109.9409041571,0,109.9409041571,0
S3,high,2060,山西,0,458.4448204738,0,0,0,0
S3,high,2060,广东,512.6501341241,72.63149285495,72.63149285495,0,72.63149285495,440.0186412691
S3,high,2060,广西,0,194.8931258452,0,0,0,0
S3,high,2060,新疆,108.7441425651,2092.832174017,108.7441425651,0,108.7441425651,0
S3,high,2060,江苏,12.72557290713,127.7581610248,12.72557290713,0,12.72557290713,0
S3,high,2060,江西,19.3662313916,87.81304041073,19.3662313916,0,19.3662313916,0
S3,high,2060,河北,21.38283318931,1127.229734815,21.38283318931,0,21.38283318931,0
S3,high,2060,河南,93.20570271681,288.0719687237,93.20570271681,0,93.20570271681,0
S3,high,2060,浙江,145.1135551274,9.285585033486,9.285585033486,0,9.285585033486,135.8279700939
S3,high,2060,海南,0,27.83056230008,0,0,0,0
S3,high,2060,湖北,52.70234150835,118.7995610227,52.70234150835,0,52.70234150835,0
S3,high,2060,湖南,50.02326475343,205.8665041654,50.02326475343,0,50.02326475343,0
S3,high,2060,甘肃,127.4292572406,801.1621209882,127.4292572406,0,127.4292572406,0
S3,high,2060,福建,0,0,0,0,0,0
S3,high,2060,西藏,0,134.022608043,0,0,0,0
S3,high,2060,贵州,0,105.5422802403,0,0,0,0
S3,high,2060,辽宁,259.0531028726,360.0076492244,259.0531028726,0,259.0531028726,0
S3,high,2060,陕西,0,318.8856670268,0,0,0,0
S3,high,2060,青海,22.05184842684,918.1238362067,22.05184842684,0,22.05184842684,0
S3,high,2060,黑龙江,0,287.4695828485,0,0,0,0
S3,low,2025,上海,0,0,0,0,0,0
S3,low,2025,云南,0,55.42463688618,0,0,0,0
S3,low,2025,内蒙古,0,249.9712308819,0,0,0,0
S3,low,2025,北京,0,0.1514952466769,0,0,0,0
S3,low,2025,四川,0,5.682936472736,0,0,0,0
S3,low,2025,天津,0,3.304104513969,0,0,0,0
S3,low,2025,宁夏,0,49.19439301438,0,0,0,0
S3,low,2025,安徽,0,6.102839052569,0,0,0,0
S3,low,2025,山东,0,41.55364391617,0,0,0,0
S3,low,2025,山西,0,43.61439242789,0,0,0,0
S3,low,2025,广东,0,6.826635729473,0,0,0,0
S3,low,2025,广西,0,19.06381496691,0,0,0,0
S3,low,2025,新疆,0,229.8525943639,0,0,0,0
S3,low,2025,江苏,0,12.04392863904,0,0,0,0
S3,low,2025,江西,0,8.474082760956,0,0,0,0
S3,low,2025,河北,0,112.8684626215,0,0,0,0
S3,low,2025,河南,0,26.39369296253,0,0,0,0
S3,low,2025,浙江,0,0.8302725596161,0,0,0,0
S3,low,2025,海南,0,2.991317349124,0,0,0,0
S3,low,2025,湖北,0,13.64348342791,0,0,0,0
S3,low,2025,湖南,0,19.15037681832,0,0,0,0
S3,low,2025,甘肃,0,86.26073717587,0,0,0,0
S3,low,2025,福建,0,0,0,0,0,0
S3,low,2025,西藏,0,16.08768591622,0,0,0,0
S3,low,2025,贵州,0,12.85981034489,0,0,0,0
S3,low,2025,辽宁,0,33.35094620209,0,0,0,0
S3,low,2025,陕西,0,35.8170385815,0,0,0,0
S3,low,2025,青海,0,111.5778280558,0,0,0,0
S3,low,2025,黑龙江,0,27.37151708563,0,0,0,0
S3,low,2030,上海,2.341145940329,0,0,0,0,2.341145940329
S3,low,2030,云南,0,66.18913858822,0,0,0,0
S3,low,2030,内蒙古,0,281.354582635,0,0,0,0
S3,low,2030,北京,2.087676961148,0.1677329831227,0.1677329831227,0,0.1677329831227,1.919943978025
S3,low,2030,四川,4.512011272154,6.551629217933,4.512011272154,0,4.512011272154,0
S3,low,2030,天津,0.5657720554729,3.888159615492,0.5657720554729,0,0.5657720554729,0
S3,low,2030,宁夏,0.4446283155589,58.16843684761,0.4446283155589,0,0.4446283155589,0
S3,low,2030,安徽,0,7.155808013932,0,0,0,0
S3,low,2030,山东,1.221565601745,47.17042010766,1.221565601745,0,1.221565601745,0
S3,low,2030,山西,0,48.63375276975,0,0,0,0
S3,low,2030,广东,5.696112601379,7.578216351306,5.696112601379,0,5.696112601379,0
S3,low,2030,广西,0,21.47170870912,0,0,0,0
S3,low,2030,新疆,1.208268250724,268.8942957238,1.208268250724,0,1.208268250724,0
S3,low,2030,江苏,0.1413952545237,13.38480045052,0.1413952545237,0,0.1413952545237,0
S3,low,2030,江西,0.2151803487956,9.498427052688,0.2151803487956,0,0.2151803487956,0
S3,low,2030,河北,0.2375870354367,128.1624022524,0.2375870354367,0,0.2375870354367,0
S3,low,2030,河南,1.035618919076,29.01681639557,1.035618919076,0,1.035618919076,0
S3,low,2030,浙江,1.612372834749,0.9040783246239,0.9040783246239,0,0.9040783246239,0.7082945101251
S3,low,2030,海南,0,3.476261345015,0,0,0,0
S3,low,2030,湖北,0.5855815723151,16.17223125044,0.5855815723151,0,0.5855815723151,0
S3,low,2030,湖南,0.5558140528158,21.17627068606,0.5558140528158,0,0.5558140528158,0
S3,low,2030,甘肃,1.415880636006,100.2991828734,1.415880636006,0,1.415880636006,0
S3,low,2030,福建,0,0,0,0,0,0
S3,low,2030,西藏,0,19.30547044414,0,0,0,0
S3,low,2030,贵州,0,15.49388634266,0,0,0,0
S3,low,2030,辽宁,2.878367809696,36.82125879082,2.878367809696,0,2.878367809696,0
S3,low,2030,陕西,0,42.18244368258,0,0,0,0
S3,low,2030,青海,0.245020538076,134.3392811011,0.245020538076,0,0.245020538076,0
S3,low,2030,黑龙江,0,30.53096066124,0,0,0,0
S3,low,2035,上海,4.276617121156,0,0,0,0,4.276617121156
S3,low,2035,云南,0,94.79399741247,0,0,0,0
S3,low,2035,内蒙古,0,400.9762229502,0,0,0,0
S3,low,2035,北京,3.813600374796,0.2387079572595,0.2387079572595,0,0.2387079572595,3.574892417537
S3,low,2035,四川,8.242179321223,9.356049942556,8.242179321223,0,8.242179321223,0
S3,low,2035,天津,1.033506889693,5.561878754096,1.033506889693,0,1.033506889693,0
S3,low,2035,宁夏,0.8122112483954,83.24035756838,0.8122112483954,0,0.8122112483954,0
S3,low,2035,安徽,0,10.23313026806,0,0,0,0
S3,low,2035,山东,2.231457798955,67.2742568059,2.231457798955,0,2.231457798955,0
S3,low,2035,山西,0,69.25544711427,0,0,0,0
S3,low,2035,广东,10.40520040014,10.78734474649,10.40520040014,0,10.40520040014,0
S3,low,2035,广西,0,30.60245415915,0,0,0,0
S3,low,2035,新疆,2.207167267526,384.4589533887,2.207167267526,0,2.207167267526,0
S3,low,2035,江苏,0.2582894794936,19.054667953,0.2582894794936,0,0.2582894794936,0
S3,low,2035,江西,0.3930741556702,13.53199039343,0.3930741556702,0,0.3930741556702,0
S3,low,2035,河北,0.434004888807,182.789225208,0.434004888807,0,0.434004888807,0
S3,low,2035,河南,1.891785353497,41.26957664012,1.891785353497,0,1.891785353497,0
S3,low,2035,浙江,2.945353022206,1.284751768088,1.284751768088,0,1.284751768088,1.660601254118
S3,low,2035,海南,0,4.967566383347,0,0,0,0
S3,low,2035,湖北,1.069693321914,23.14745843482,1.069693321914,0,1.069693321914,0
S3,low,2035,湖南,1.015316411295,30.13354627895,1.015316411295,0,1.015316411295,0
S3,low,2035,甘肃,2.586416876091,143.3335955083,2.586416876091,0,2.586416876091,0
S3,low,2035,福建,0,0,0,0,0,0
S3,low,2035,西藏,0,27.65939344499,0,0,0,0
S3,low,2035,贵州,0,22.20552362679,0,0,0,0
S3,low,2035,辽宁,5.257970826971,52.38898004468,5.257970826971,0,5.257970826971,0
S3,low,2035,陕西,0,60.34451588073,0,0,0,0
S3,low,2035,青海,0.4475838136018,192.5217438335,0.4475838136018,0,0.4475838136018,0
S3,low,2035,黑龙江,0,43.47786031097,0,0,0,0
S3,low,2040,上海,6.120672127171,0,0,0,0,6.120672127171
S3,low,2040,云南,0,111.0835412471,0,0,0,0
S3,low,2040,内蒙古,0,512.8092763377,0,0,0,0
S3,low,2040,北京,5.458004973771,0.3127026010859,0.3127026010859,0,0.3127026010859,5.145302372685
S3,low,2040,四川,11.796164073,11.55160379668,11.55160379668,0.244,11.79560379668,0.0005602763199999
S3,low,2040,天津,1.479149672224,6.661848166607,1.479149672224,0,1.479149672224,0
S3,low,2040,宁夏,1.162432504148,98.99606129904,1.162432504148,0,1.162432504148,0
S3,low,2040,安徽,0,12.32250889609,0,0,0,0
S3,low,2040,山东,3.193650767906,84.97111503605,3.193650767906,0,3.193650767906,0
S3,low,2040,山西,0,89.78771922695,0,0,0,0
S3,low,2040,广东,14.89186856399,14.07723776132,14.07723776132,0,14.07723776132,0.81463080267
S3,low,2040,广西,0,39.09894776571,0,0,0,0
S3,low,2040,新疆,3.158886285966,464.5295757623,3.158886285966,0,3.158886285966,0
S3,low,2040,江苏,0.3696625564298,24.82559643925,0.3696625564298,0,0.3696625564298,0
S3,low,2040,江西,0.5625656822585,17.41157034555,0.5625656822585,0,0.5625656822585,0
S3,low,2040,河北,0.621145534127,230.7736102776,0.621145534127,0,0.621145534127,0
S3,low,2040,河南,2.707513334887,54.62105896637,2.707513334887,0,2.707513334887,0
S3,low,2040,浙江,4.21537388945,1.724220291982,1.724220291982,0,1.724220291982,2.491153597468
S3,low,2040,海南,0,6.061345279184,0,0,0,0
S3,low,2040,湖北,1.530939505356,27.42793382456,1.530939505356,0,1.530939505356,0
S3,low,2040,湖南,1.453115554378,39.54682483556,1.453115554378,0,1.453115554378,0
S3,low,2040,甘肃,3.701666348484,174.7540354808,3.701666348484,0,3.701666348484,0
S3,low,2040,福建,0,0,0,0,0,0
S3,low,2040,西藏,0,32.17921035921,0,0,0,0
S3,low,2040,贵州,0,25.68008991945,0,0,0,0
S3,low,2040,辽宁,7.525180434534,68.91175772757,7.525180434534,0,7.525180434534,0
S3,low,2040,陕西,0,72.19203773159,0,0,0,0
S3,low,2040,青海,0.640579620498,222.8766827823,0.640579620498,0,0.640579620498,0
S3,low,2040,黑龙江,0,56.34250696241,0,0,0,0
S3,low,2045,上海,7.8294609233,0,0,0,0,7.8294609233
S3,low,2045,云南,0,127.3730850817,0,0,0,0
S3,low,2045,内蒙古,0,624.6423297251,0,0,0,0
S3,low,2045,北京,6.981788237212,0.3866972449123,0.3866972449123,0,0.3866972449123,6.5950909923
S3,low,2045,四川,15.08945484016,13.7471576508,13.7471576508,1.342,15.0891576508,0.0002971893599995
S3,low,2045,天津,1.89210340266,7.761817579118,1.89210340266,0,1.89210340266,0
S3,low,2045,宁夏,1.486964123891,114.7517650297,1.486964123891,0,1.486964123891,0
S3,low,2045,安徽,0,14.41188752412,0,0,0,0
S3,low,2045,山东,4.085264390979,102.6679732662,4.085264390979,0,4.085264390979,0
S3,low,2045,山西,0,110.3199913396,0,0,0,0
S3,low,2045,广东,19.04942799975,17.36713077614,17.36713077614,0,17.36713077614,1.68229722361
S3,low,2045,广西,0,47.59544137227,0,0,0,0
S3,low,2045,新疆,4.04079424992,544.6001981358,4.04079424992,0,4.04079424992,0
S3,low,2045,江苏,0.4728661297713,30.59652492551,0.4728661297713,0,0.4728661297713,0
S3,low,2045,江西,0.719624566472,21.29115029767,0.719624566472,0,0.719624566472,0
S3,low,2045,河北,0.7945589285105,278.7579953471,0.7945589285105,0,0.7945589285105,0
S3,low,2045,河南,3.463405556509,67.97254129262,3.463405556509,0,3.463405556509,0
S3,low,2045,浙江,5.392235437353,2.163688815875,2.163688815875,0,2.163688815875,3.228546621478
S3,low,2045,海南,0,7.15512417502,0,0,0,0
S3,low,2045,湖北,1.958352086842,31.7084092143,1.958352086842,0,1.958352086842,0
S3,low,2045,湖南,1.858800996631,48.96010339218,1.858800996631,0,1.858800996631,0
S3,low,2045,甘肃,4.73510938413,206.1744754532,4.73510938413,0,4.73510938413,0
S3,low,2045,福建,0,0,0,0,0,0
S3,low,2045,西藏,0,36.69902727344,0,0,0,0
S3,low,2045,贵州,0,29.15465621211,0,0,0,0
S3,low,2045,辽宁,9.626084346426,85.43453541046,9.626084346426,0,9.626084346426,0
S3,low,2045,陕西,0,84.03955958245,0,0,0,0
S3,low,2045,青海,0.8194186851942,253.2316217311,0.8194186851942,0,0.8194186851942,0
S3,low,2045,黑龙江,0,69.20715361386,0,0,0,0
S3,low,2050,上海,9.359133474471,0,0,0,0,9.359133474471
S3,low,2050,云南,0,143.6626289164,0,0,0,0
S3,low,2050,内蒙古,0,736.4753831125,0,0,0,0
S3,low,2050,北京,8.345847644261,0.4606918887387,0.4606918887387,0,0.4606918887387,7.885155755522
S3,low,2050,四川,18.03754093539,15.94271150492,15.94271150492,2.094,18.03671150492,0.0008294304699987
S3,low,2050,天津,2.261771080598,8.861786991629,2.261771080598,0,2.261771080598,0
S3,low,2050,宁夏,1.777478148697,130.5074687604,1.777478148697,0,1.777478148697,0
S3,low,2050,安徽,0,16.50126615215,0,0,0,0
S3,low,2050,山东,4.883418550553,120.3648314963,4.883418550553,0,4.883418550553,0
S3,low,2050,山西,0,130.8522634523,0,0,0,0
S3,low,2050,广东,22.77118961427,20.65702379096,20.65702379096,0,20.65702379096,2.11416582331
S3,low,2050,广西,0,56.09193497883,0,0,0,0
S3,low,2050,新疆,4.830260103263,624.6708205094,4.830260103263,0,4.830260103263,0
S3,low,2050,江苏,0.5652518439572,36.36745341177,0.5652518439572,0,0.5652518439572,0
S3,low,2050,江西,0.8602204462221,25.17073024979,0.8602204462221,0,0.8602204462221,0
S3,low,2050,河北,0.9497950290718,326.7423804167,0.9497950290718,0,0.9497950290718,0
S3,low,2050,河南,4.140064711623,81.32402361887,4.140064711623,0,4.140064711623,0
S3,low,2050,浙江,6.445737666787,2.603157339769,2.603157339769,0,2.603157339769,3.842580327018
S3,low,2050,海南,0,8.248903070857,0,0,0,0
S3,low,2050,湖北,2.340963030573,35.98888460404,2.340963030573,0,2.340963030573,0
S3,low,2050,湖南,2.221962252622,58.37338194879,2.221962252622,0,2.221962252622,0
S3,low,2050,甘肃,5.660226313973,237.5949154257,5.660226313973,0,5.660226313973,0
S3,low,2050,福建,0,0,0,0,0,0
S3,low,2050,西藏,0,41.21884418766,0,0,0,0
S3,low,2050,贵州,0,32.62922250477,0,0,0,0
S3,low,2050,辽宁,11.50677027669,101.9573130934,11.50677027669,0,11.50677027669,0
S3,low,2050,陕西,0,95.88708143331,0,0,0,0
S3,low,2050,青海,0.9795117341202,283.5865606799,0.9795117341202,0,0.9795117341202,0
S3,low,2050,黑龙江,0,82.0718002653,0,0,0,0
S3,low,2055,上海,10.66583974561,0,0,0,0,10.66583974561
S3,low,2055,云南,0,159.952172751,0,0,0,0
S3,low,2055,内蒙古,0,848.3084365,0,0,0,0
S3,low,2055,北京,9.511080674057,0.5346865325651,0.5346865325651,0,0.5346865325651,8.976394141492
S3,low,2055,四川,20.55591167137,18.13826535905,18.13826535905,2.417,20.55526535905,0.0006463123200042
S3,low,2055,天津,2.577555705635,9.96175640414,2.577555705635,0,2.577555705635,0
S3,low,2055,宁夏,2.02564661964,146.263172491,2.02564661964,0,2.02564661964,0
S3,low,2055,安徽,0,18.59064478017,0,0,0,0
S3,low,2055,山东,5.565233129008,138.0616897265,5.565233129008,0,5.565233129008,0
S3,low,2055,山西,0,151.384535565,0,0,0,0
S3,low,2055,广东,25.95046431438,23.94691680578,23.94691680578,0,23.94691680578,2.0035475086
S3,low,2055,广西,0,64.58842858539,0,0,0,0
S3,low,2055,新疆,5.504652789871,704.7414428829,5.504652789871,0,5.504652789871,0
S3,low,2055,江苏,0.6441713434265,42.13838189803,0.6441713434265,0,0.6441713434265,0
S3,low,2055,江西,0.9803229594202,29.05031020191,0.9803229594202,0,0.9803229594202,0
S3,low,2055,河北,1.082403792925,374.7267654862,1.082403792925,0,1.082403792925,0
S3,low,2055,河南,4.718093493493,94.67550594512,4.718093493493,0,4.718093493493,0
S3,low,2055,浙江,7.345680578627,3.042625863663,3.042625863663,0,3.042625863663,4.303054714964
S3,low,2055,海南,0,9.342681966693,0,0,0,0
S3,low,2055,湖北,2.667804300751,40.26935999378,2.667804300751,0,2.667804300751,0
S3,low,2055,湖南,2.532188836916,67.78666050541,2.532188836916,0,2.532188836916,0
S3,low,2055,甘肃,6.450497468959,269.0153553981,6.450497468959,0,6.450497468959,0
S3,low,2055,福建,0,0,0,0,0,0
S3,low,2055,西藏,0,45.73866110188,0,0,0,0
S3,low,2055,贵州,0,36.10378879744,0,0,0,0
S3,low,2055,辽宁,13.11332593936,118.4800907762,13.11332593936,0,13.11332593936,0
S3,low,2055,陕西,0,107.7346032842,0,0,0,0
S3,low,2055,青海,1.116269493706,313.9414996287,1.116269493706,0,1.116269493706,0
S3,low,2055,黑龙江,0,94.93644691674,0,0,0,0
S3,low,2060,上海,11.70572970164,0,0,0,0,11.70572970164
S3,low,2060,云南,0,176.2417165857,0,0,0,0
S3,low,2060,内蒙古,0,960.1414898874,0,0,0,0
S3,low,2060,北京,10.43838480574,0.6086811763915,0.6086811763915,0,0.6086811763915,9.829703629349
S3,low,2060,四川,22.56005636077,20.33381921317,20.33381921317,2.226,22.55981921317,0.0002371476000036
S3,low,2060,天津,2.828860277365,11.06172581665,2.828860277365,0,2.828860277365,0
S3,low,2060,宁夏,2.223141577795,162.0188762217,2.223141577795,0,2.223141577795,0
S3,low,2060,安徽,0,20.6800234082,0,0,0,0
S3,low,2060,山东,6.107828008725,155.7585479566,6.107828008725,0,6.107828008725,0
S3,low,2060,山西,0,171.9168076777,0,0,0,0
S3,low,2060,广东,28.48056300689,27.23680982061,27.23680982061,0,27.23680982061,1.24375318628
S3,low,2060,广西,0,73.08492219195,0,0,0,0
S3,low,2060,新疆,6.041341253618,784.8120652565,6.041341253618,0,6.041341253618,0
S3,low,2060,江苏,0.7069762726184,47.90931038429,0.7069762726184,0,0.7069762726184,0
S3,low,2060,江西,1.075901743978,32.92989015402,1.075901743978,0,1.075901743978,0
S3,low,2060,河北,1.187935177184,422.7111505558,1.187935177184,0,1.187935177184,0
S3,low,2060,河南,5.178094595379,108.0269882714,5.178094595379,0,5.178094595379,0
S3,low,2060,浙江,8.061864173744,3.482094387557,3.482094387557,0,3.482094387557,4.579769786187
S3,low,2060,海南,0,10.43646086253,0,0,0,0
S3,low,2060,湖北,2.927907861575,44.54983538352,2.927907861575,0,2.927907861575,0
S3,low,2060,湖南,2.779070264079,77.19993906203,2.779070264079,0,2.779070264079,0
S3,low,2060,甘肃,7.079403180032,300.4357953706,7.079403180032,0,7.079403180032,0
S3,low,2060,福建,0,0,0,0,0,0
S3,low,2060,西藏,0,50.25847801611,0,0,0,0
S3,low,2060,贵州,0,39.5783550901,0,0,0,0
S3,low,2060,辽宁,14.39183904848,135.0028684591,14.39183904848,0,14.39183904848,0
S3,low,2060,陕西,0,119.582125135,0,0,0,0
S3,low,2060,青海,1.22510269038,344.2964385775,1.22510269038,0,1.22510269038,0
S3,low,2060,黑龙江,0,107.8010935682,0,0,0,0
S3,mid,2025,上海,0,0,0,0,0,0
S3,mid,2025,云南,0,55.42463688618,0,0,0,0
S3,mid,2025,内蒙古,0,249.9712308819,0,0,0,0
S3,mid,2025,北京,0,0.1514952466769,0,0,0,0
S3,mid,2025,四川,0,5.682936472736,0,0,0,0
S3,mid,2025,天津,0,3.304104513969,0,0,0,0
S3,mid,2025,宁夏,0,49.19439301438,0,0,0,0
S3,mid,2025,安徽,0,6.102839052569,0,0,0,0
S3,mid,2025,山东,0,41.55364391617,0,0,0,0
S3,mid,2025,山西,0,43.61439242789,0,0,0,0
S3,mid,2025,广东,0,6.826635729473,0,0,0,0
S3,mid,2025,广西,0,19.06381496691,0,0,0,0
S3,mid,2025,新疆,0,229.8525943639,0,0,0,0
S3,mid,2025,江苏,0,12.04392863904,0,0,0,0
S3,mid,2025,江西,0,8.474082760956,0,0,0,0
S3,mid,2025,河北,0,112.8684626215,0,0,0,0
S3,mid,2025,河南,0,26.39369296253,0,0,0,0
S3,mid,2025,浙江,0,0.8302725596161,0,0,0,0
S3,mid,2025,海南,0,2.991317349124,0,0,0,0
S3,mid,2025,湖北,0,13.64348342791,0,0,0,0
S3,mid,2025,湖南,0,19.15037681832,0,0,0,0
S3,mid,2025,甘肃,0,86.26073717587,0,0,0,0
S3,mid,2025,福建,0,0,0,0,0,0
S3,mid,2025,西藏,0,16.08768591622,0,0,0,0
S3,mid,2025,贵州,0,12.85981034489,0,0,0,0
S3,mid,2025,辽宁,0,33.35094620209,0,0,0,0
S3,mid,2025,陕西,0,35.8170385815,0,0,0,0
S3,mid,2025,青海,0,111.5778280558,0,0,0,0
S3,mid,2025,黑龙江,0,27.37151708563,0,0,0,0
S3,mid,2030,上海,14.04687564197,0,0,0,0,14.04687564197
S3,mid,2030,云南,0,101.396127199,0,0,0,0
S3,mid,2030,内蒙古,0,431.011275526,0,0,0,0
S3,mid,2030,北京,12.52606176689,0.2569526549965,0.2569526549965,0,0.2569526549965,12.26910911189
S3,mid,2030,四川,27.07206763292,10.03653837641,10.03653837641,17.035,27.07153837641,0.0005292565099992
S3,mid,2030,天津,3.394632332837,5.956329623732,3.394632332837,0,3.394632332837,0
S3,mid,2030,宁夏,2.667769893354,89.10909474527,2.667769893354,0,2.667769893354,0
S3,mid,2030,安徽,0,10.96208887241,0,0,0,0
S3,mid,2030,山东,7.32939361047,72.26106910109,7.32939361047,0,7.32939361047,0
S3,mid,2030,山西,0,74.50277020047,0,0,0,0
S3,mid,2030,广东,34.17667560827,11.60918249562,11.60918249562,0,11.60918249562,22.56749311265
S3,mid,2030,广西,0,32.8928303629,0,0,0,0
S3,mid,2030,新疆,7.249609504342,411.9231764279,7.249609504342,0,7.249609504342,0
S3,mid,2030,江苏,0.8483715271421,20.50437515824,0.8483715271421,0,0.8483715271421,0
S3,mid,2030,江西,1.291082092773,14.55078186795,1.291082092773,0,1.291082092773,0
S3,mid,2030,河北,1.42552221262,196.3338928122,1.42552221262,0,1.42552221262,0
S3,mid,2030,河南,6.213713514454,44.45129320172,6.213713514454,0,6.213713514454,0
S3,mid,2030,浙江,9.674237008493,1.384971050488,1.384971050488,0,1.384971050488,8.289265958005
S3,mid,2030,海南,0,5.325336528533,0,0,0,0
S3,mid,2030,湖北,3.51348943389,24.77448191556,3.51348943389,0,3.51348943389,0
S3,mid,2030,湖南,3.334884316895,32.44024445524,3.334884316895,0,3.334884316895,0
S3,mid,2030,甘肃,8.495283816038,153.6498120613,8.495283816038,0,8.495283816038,0
S3,mid,2030,福建,0,0,0,0,0,0
S3,mid,2030,西藏,0,29.57433770166,0,0,0,0
S3,mid,2030,贵州,0,23.73531524833,0,0,0,0
S3,mid,2030,辽宁,17.27020685818,56.40703474338,17.27020685818,0,17.27020685818,0
S3,mid,2030,陕西,0,64.6199137265,0,0,0,0
S3,mid,2030,青海,1.470123228456,205.7963455165,1.470123228456,0,1.470123228456,0
S3,mid,2030,黑龙江,0,46.77083335338,0,0,0,0
S3,mid,2035,上海,25.65970272694,0,0,0,0,25.65970272694
S3,mid,2035,云南,0,158.1589689449,0,0,0,0
S3,mid,2035,内蒙古,0,669.0084575426,0,0,0,0
S3,mid,2035,北京,22.88160224878,0.3982720998127,0.3982720998127,0,0.3982720998127,22.48333014897
S3,mid,2035,四川,49.45307592734,15.61009402181,15.61009402181,33.842,49.45209402181,0.0009819055300042
S3,mid,2035,天津,6.201041338159,9.279712145871,6.201041338159,0,6.201041338159,0
S3,mid,2035,宁夏,4.873267490372,138.8823078146,4.873267490372,0,4.873267490372,0
S3,mid,2035,安徽,0,17.07345798735,0,0,0,0
S3,mid,2035,山东,13.38874679373,112.2436798045,13.38874679373,0,13.38874679373,0
S3,mid,2035,山西,0,115.5491951853,0,0,0,0
S3,mid,2035,广东,62.43120240082,17.99813668933,17.99813668933,0,17.99813668933,44.43306571149
S3,mid,2035,广西,0,51.05864009441,0,0,0,0
S3,mid,2035,新疆,13.24300360515,641.4502323919,13.24300360515,0,13.24300360515,0
S3,mid,2035,江苏,1.549736876962,31.79174546168,1.549736876962,0,1.549736876962,0
S3,mid,2035,江西,2.358444934021,22.57743851739,2.358444934021,0,2.358444934021,0
S3,mid,2035,河北,2.604029332842,304.974536176,2.604029332842,0,2.604029332842,0
S3,mid,2035,河南,11.35071212098,68.85619204126,11.35071212098,0,11.35071212098,0
S3,mid,2035,浙江,17.67211813324,2.143543056916,2.143543056916,0,2.143543056916,15.52857507632
S3,mid,2035,海南,0,8.288132147617,0,0,0,0
S3,mid,2035,湖北,6.418159931485,38.6203584581,6.418159931485,0,6.418159931485,0
S3,mid,2035,湖南,6.091898467767,50.27629111781,6.091898467767,0,6.091898467767,0
S3,mid,2035,甘肃,15.51850125655,239.1448224524,15.51850125655,0,15.51850125655,0
S3,mid,2035,福建,0,0,0,0,0,0
S3,mid,2035,西藏,0,46.14829280662,0,0,0,0
S3,mid,2035,贵州,0,37.04878808319,0,0,0,0
S3,mid,2035,辽宁,31.54782496183,87.40835173231,31.54782496183,0,31.54782496183,0
S3,mid,2035,陕西,0,100.6817591165,0,0,0,0
S3,mid,2035,青海,2.685502881611,321.2127490698,2.685502881611,0,2.685502881611,0
S3,mid,2035,黑龙江,0,72.54060116055,0,0,0,0
S3,mid,2040,上海,36.72403276303,0,0,0,0,36.72403276303
S3,mid,2040,云南,0,200.6670422528,0,0,0,0
S3,mid,2040,内蒙古,0,926.3651443519,0,0,0,0
S3,mid,2040,北京,32.74802984262,0.5648821180907,0.5648821180907,0,0.5648821180907,32.18314772453
S3,mid,2040,四川,70.77698443799,20.86741331013,20.86741331013,49.909,70.77641331013,0.0005711278599989
S3,mid,2040,天津,8.874898033342,12.03430636548,8.874898033342,0,8.874898033342,0
S3,mid,2040,宁夏,6.974595024888,178.8315946047,6.974595024888,0,6.974595024888,0
S3,mid,2040,安徽,0,22.26001607035,0,0,0,0
S3,mid,2040,山东,19.16190460744,153.4962078071,19.16190460744,0,19.16190460744,0
S3,mid,2040,山西,0,162.1971702164,0,0,0,0
S3,mid,2040,广东,89.35121138391,25.42984885915,25.42984885915,0,25.42984885915,63.92136252476
S3,mid,2040,广西,0,70.63035725419,0,0,0,0
S3,mid,2040,新疆,18.9533177158,839.150201377,18.9533177158,0,18.9533177158,0
S3,mid,2040,江苏,2.217975338579,44.84623872898,2.217975338579,0,2.217975338579,0
S3,mid,2040,江西,3.375394093551,31.4531593339,3.375394093551,0,3.375394093551,0
S3,mid,2040,河北,3.726873204762,416.8813605015,3.726873204762,0,3.726873204762,0
S3,mid,2040,河南,16.24508000932,98.67030006828,16.24508000932,0,16.24508000932,0
S3,mid,2040,浙江,25.2922433367,3.11472052745,3.11472052745,0,3.11472052745,22.17752280925
S3,mid,2040,海南,0,10.94952695595,0,0,0,0
S3,mid,2040,湖北,9.185637032137,49.54723529598,9.185637032137,0,9.185637032137,0
S3,mid,2040,湖南,8.718693326265,71.4394255094,8.718693326265,0,8.718693326265,0
S3,mid,2040,甘肃,22.2099980909,315.6847092556,22.2099980909,0,22.2099980909,0
S3,mid,2040,福建,0,0,0,0,0,0
S3,mid,2040,西藏,0,58.13018645536,0,0,0,0
S3,mid,2040,贵州,0,46.38983985449,0,0,0,0
S3,mid,2040,辽宁,45.15108260721,124.485755895,45.15108260721,0,45.15108260721,0
S3,mid,2040,陕西,0,130.411422999,0,0,0,0
S3,mid,2040,青海,3.843477722988,402.6159430907,3.843477722988,0,3.843477722988,0
S3,mid,2040,黑龙江,0,101.7800125773,0,0,0,0
S3,mid,2045,上海,46.9767655398,0,0,0,0,46.9767655398
S3,mid,2045,云南,0,230.0933149864,0,0,0,0
S3,mid,2045,内蒙古,0,1128.38614402,0,0,0,0
S3,mid,2045,北京,41.89072942327,0.6985498617771,0.6985498617771,0,0.6985498617771,41.19217956149
S3,mid,2045,四川,90.53672904096,24.83357511113,24.83357511113,65.703,90.53657511113,0.0001539298299917
S3,mid,2045,天津,11.35262041596,14.02134788486,11.35262041596,0,11.35262041596,0
S3,mid,2045,宁夏,8.921784743344,207.2935110214,8.921784743344,0,8.921784743344,0
S3,mid,2045,安徽,0,26.03437746292,0,0,0,0
S3,mid,2045,山东,24.51158634587,185.4647259002,24.51158634587,0,24.51158634587,0
S3,mid,2045,山西,0,199.2877262909,0,0,0,0
S3,mid,2045,广东,114.2965679985,31.37288140206,31.37288140206,0,31.37288140206,82.92368659644
S3,mid,2045,广西,0,85.97886183378,0,0,0,0
S3,mid,2045,新疆,24.24476549952,983.7939063099,24.24476549952,0,24.24476549952,0
S3,mid,2045,江苏,2.837196778628,55.27114180093,2.837196778628,0,2.837196778628,0
S3,mid,2045,江西,4.317747398832,38.46143279579,4.317747398832,0,4.317747398832,0
S3,mid,2045,河北,4.767353571063,503.5628303045,4.767353571063,0,4.767353571063,0
S3,mid,2045,河南,20.78043333905,122.7891068512,20.78043333905,0,20.78043333905,0
S3,mid,2045,浙江,32.35341262412,3.908599151259,3.908599151259,0,3.908599151259,28.44481347286
S3,mid,2045,海南,0,12.92538560649,0,0,0,0
S3,mid,2045,湖北,11.75011252105,57.27970696777,11.75011252105,0,11.75011252105,0
S3,mid,2045,湖南,11.15280597979,88.44405774071,11.15280597979,0,11.15280597979,0
S3,mid,2045,甘肃,28.41065630478,372.4442137219,28.41065630478,0,28.41065630478,0
S3,mid,2045,福建,0,0,0,0,0,0
S3,mid,2045,西藏,0,66.29501701008,0,0,0,0
S3,mid,2045,贵州,0,52.66647573801,0,0,0,0
S3,mid,2045,辽宁,57.75650607856,154.3333542899,57.75650607856,0,57.75650607856,0
S3,mid,2045,陕西,0,151.8133979554,0,0,0,0
S3,mid,2045,青海,4.916512111165,457.4506715143,4.916512111165,0,4.916512111165,0
S3,mid,2045,黑龙江,0,125.0193742702,0,0,0,0
S3,mid,2050,上海,56.15480084682,0,0,0,0,56.15480084682
S3,mid,2050,云南,0,239.6937979781,0,0,0,0
S3,mid,2050,内蒙古,0,1228.771762198,0,0,0,0
S3,mid,2050,北京,50.07508586556,0.7686410122272,0.7686410122272,0,0.7686410122272,49.30644485333
S3,mid,2050,四川,108.2252456123,26.59960422212,26.59960422212,81.625,108.2246042221,0.0006413901799931
S3,mid,2050,天津,13.57062648359,14.7854413978,13.57062648359,0,13.57062648359,0
S3,mid,2050,宁夏,10.66486889218,217.7450815681,10.66486889218,0,10.66486889218,0
S3,mid,2050,安徽,0,27.53152427524,0,0,0,0
S3,mid,2050,山东,29.30051130332,200.8226065608,29.30051130332,0,29.30051130332,0
S3,mid,2050,山西,0,218.3203539953,0,0,0,0
S3,mid,2050,广东,136.6271376856,34.46519477422,34.46519477422,0,34.46519477422,102.1619429114
S3,mid,2050,广西,0,93.5865439219,0,0,0,0
S3,mid,2050,新疆,28.98156061958,1042.231529406,28.98156061958,0,28.98156061958,0
S3,mid,2050,江苏,3.391511063743,60.67724847312,3.391511063743,0,3.391511063743,0
S3,mid,2050,江西,5.161322677333,41.99608469483,5.161322677333,0,5.161322677333,0
S3,mid,2050,河北,5.698770174431,545.1530625134,5.698770174431,0,5.698770174431,0
S3,mid,2050,河南,24.84038826974,135.6850019737,24.84038826974,0,24.84038826974,0
S3,mid,2050,浙江,38.67442600072,4.343235775444,4.343235775444,0,4.343235775444,34.33119022528
S3,mid,2050,海南,0,13.7628757118,0,0,0,0
S3,mid,2050,湖北,14.04577818344,60.04562564952,14.04577818344,0,14.04577818344,0
S3,mid,2050,湖南,13.33177351573,97.3930222889,13.33177351573,0,13.33177351573,0
S3,mid,2050,甘肃,33.96135788384,396.4150460578,33.96135788384,0,33.96135788384,0
S3,mid,2050,福建,0,0,0,0,0,0
S3,mid,2050,西藏,0,68.77154752166,0,0,0,0
S3,mid,2050,贵州,0,54.44020011492,0,0,0,0
S3,mid,2050,辽宁,69.04062166013,170.1105972467,69.04062166013,0,69.04062166013,0
S3,mid,2050,陕西,0,159.9827241026,0,0,0,0
S3,mid,2050,青海,5.877070404721,473.1497696906,5.877070404721,0,5.877070404721,0
S3,mid,2050,黑龙江,0,136.9326293196,0,0,0,0
S3,mid,2055,上海,63.99503847366,0,0,0,0,63.99503847366
S3,mid,2055,云南,0,245.0331157037,0,0,0,0
S3,mid,2055,内蒙古,0,1299.536328255,0,0,0,0
S3,mid,2055,北京,57.06648404434,0.8190942626529,0.8190942626529,0,0.8190942626529,56.24738978169
S3,mid,2055,四川,123.3354700282,27.7862788479,27.7862788479,95.549,123.3352788479,0.0001911802999928
S3,mid,2055,天津,15.46533423381,15.26056300209,15.26056300209,0,15.26056300209,0.20477123172
S3,mid,2055,宁夏,12.15387971784,224.0627323267,12.15387971784,0,12.15387971784,0
S3,mid,2055,安徽,0,28.47928562069,0,0,0,0
S3,mid,2055,山东,33.39139877405,211.49875873,33.39139877405,0,33.39139877405,0
S3,mid,2055,山西,0,231.9082246953,0,0,0,0
S3,mid,2055,广东,155.7027858863,36.68463851099,36.68463851099,0,36.68463851099,119.0181473753
S3,mid,2055,广西,0,98.94397570528,0,0,0,0
S3,mid,2055,新疆,33.02791673922,1079.603912502,33.02791673922,0,33.02791673922,0
S3,mid,2055,江苏,3.865028060559,64.55241482252,3.865028060559,0,3.865028060559,0
S3,mid,2055,江西,5.881937756521,44.5026028625,5.881937756521,0,5.881937756521,0
S3,mid,2055,河北,6.494422757549,574.0495130853,6.494422757549,0,6.494422757549,0
S3,mid,2055,河南,28.30856096096,145.0348176181,28.30856096096,0,28.30856096096,0
S3,mid,2055,浙江,44.07408347176,4.66104387625,4.66104387625,0,4.66104387625,39.41303959551
S3,mid,2055,海南,0,14.3121936511,0,0,0,0
S3,mid,2055,湖北,16.0068258045,61.6892323309,16.0068258045,0,16.0068258045,0
S3,mid,2055,湖南,15.19313302149,103.8433948168,15.19313302149,0,15.19313302149,0
S3,mid,2055,甘肃,38.70298481375,412.108629546,38.70298481375,0,38.70298481375,0
S3,mid,2055,福建,0,0,0,0,0,0
S3,mid,2055,西藏,0,70.06773615608,0,0,0,0
S3,mid,2055,贵州,0,55.30793177479,0,0,0,0
S3,mid,2055,辽宁,78.67995563615,181.5014156572,78.67995563615,0,78.67995563615,0
S3,mid,2055,陕西,0,165.040243329,0,0,0,0
S3,mid,2055,青海,6.697616962234,480.9316590057,6.697616962234,0,6.697616962234,0
S3,mid,2055,黑龙江,0,145.4345569788,0,0,0,0
S3,mid,2060,上海,70.23437820987,0,0,0,0,70.23437820987
S3,mid,2060,云南,0,246.178905707,0,0,0,0
S3,mid,2060,内蒙古,0,1341.150017621,0,0,0,0
S3,mid,2060,北京,62.63030883445,0.8502213257532,0.8502213257532,0,0.8502213257532,61.7800875087
S3,mid,2060,四川,135.3603381646,28.40279509141,28.40279509141,106.957,135.3597950914,0.0005430731900162
S3,mid,2060,天津,16.97316166419,15.45129955342,15.45129955342,0,15.45129955342,1.52186211077
S3,mid,2060,宁夏,13.33884946677,226.3120810716,13.33884946677,0,13.33884946677,0
S3,mid,2060,安徽,0,28.88638190352,0,0,0,0
S3,mid,2060,山东,36.64696805235,217.5674955585,36.64696805235,0,36.64696805235,0
S3,mid,2060,山西,0,240.1377631053,0,0,0,0
S3,mid,2060,广东,170.8833780414,38.04506768593,38.04506768593,0,38.04506768593,132.8383103555
S3,mid,2060,广西,0,102.0868754427,0,0,0,0
S3,mid,2060,新疆,36.24804752171,1096.245424485,36.24804752171,0,36.24804752171,0
S3,mid,2060,江苏,4.24185763571,66.92094148917,4.24185763571,0,4.24185763571,0
S3,mid,2060,江西,6.455410463867,45.99730688181,6.455410463867,0,6.455410463867,0
S3,mid,2060,河北,7.127611063102,590.4536706176,7.127611063102,0,7.127611063102,0
S3,mid,2060,河南,31.06856757227,150.89484076,31.06856757227,0,31.06856757227,0
S3,mid,2060,浙江,48.37118504246,4.863877874683,4.863877874683,0,4.863877874683,43.50730716778
S3,mid,2060,海南,0,14.57791358576,0,0,0,0
S3,mid,2060,湖北,17.56744716945,62.22834148809,17.56744716945,0,17.56744716945,0
S3,mid,2060,湖南,16.67442158448,107.8348355152,16.67442158448,0,16.67442158448,0
S3,mid,2060,甘肃,42.47641908019,419.656349089,42.47641908019,0,42.47641908019,0
S3,mid,2060,福建,0,0,0,0,0,0
S3,mid,2060,西藏,0,70.20231849869,0,0,0,0
S3,mid,2060,贵州,0,55.28405155442,0,0,0,0
S3,mid,2060,辽宁,86.35103429088,188.575435308,86.35103429088,0,86.35103429088,0
S3,mid,2060,陕西,0,167.035349395,0,0,0,0
S3,mid,2060,青海,7.350616142281,480.9220094416,7.350616142281,0,7.350616142281,0
S3,mid,2060,黑龙江,0,150.5793053016,0,0,0,0
S4,high,2025,上海,0.4202101050525,0,0,0,0,0.4202101050525
S4,high,2025,云南,0.9604802401201,55.42463688618,0.9604802401201,0,0.9604802401201,0
S4,high,2025,内蒙古,0.07503751875938,249.9712308819,0.07503751875938,0,0.07503751875938,0
S4,high,2025,北京,0.1800900450225,0.1514952466769,0.1514952466769,0,0.1514952466769,0.0285947983456
S4,high,2025,四川,0.2341170585293,5.682936472736,0.2341170585293,0,0.2341170585293,0
S4,high,2025,天津,0.1833916958479,3.304104513969,0.1833916958479,0,0.1833916958479,0
S4,high,2025,宁夏,0,49.19439301438,0,0,0,0
S4,high,2025,安徽,0.8104052026013,6.102839052569,0.8104052026013,0,0.8104052026013,0
S4,high,2025,山东,0.4529264632316,41.55364391617,0.4529264632316,0,0.4529264632316,0
S4,high,2025,山西,0.2851425712856,43.61439242789,0.2851425712856,0,0.2851425712856,0
S4,high,2025,广东,1.20060030015,6.826635729473,1.20060030015,0,1.20060030015,0
S4,high,2025,广西,0.8104052026013,19.06381496691,0.8104052026013,0,0.8104052026013,0
S4,high,2025,新疆,0,229.8525943639,0,0,0,0
S4,high,2025,江苏,1.185592796398,12.04392863904,1.185592796398,0,1.185592796398,0
S4,high,2025,江西,0.6348174087044,8.474082760956,0.6348174087044,0,0.6348174087044,0
S4,high,2025,河北,0.3301650825413,112.8684626215,0.3301650825413,0,0.3301650825413,0
S4,high,2025,河南,0.8824412206103,26.39369296253,0.8824412206103,0,0.8824412206103,0
S4,high,2025,浙江,1.050525262631,0.8302725596161,0.8302725596161,0,0.8302725596161,0.2202527030149
S4,high,2025,海南,0,2.991317349124,0,0,0,0
S4,high,2025,湖北,0.6708354177089,13.64348342791,0.6708354177089,0,0.6708354177089,0
S4,high,2025,湖南,0.6789394697349,19.15037681832,0.6789394697349,0,0.6789394697349,0
S4,high,2025,甘肃,0.003001500750375,86.26073717587,0.003001500750375,0,0.003001500750375,0
S4,high,2025,福建,0.2692346173087,0,0,0,0,0.2692346173087
S4,high,2025,西藏,0.009004502251126,16.08768591622,0.009004502251126,0,0.009004502251126,0
S4,high,2025,贵州,0.5702851425713,12.85981034489,0.5702851425713,0,0.5702851425713,0
S4,high,2025,辽宁,0.0600300150075,33.35094620209,0.0600300150075,0,0.0600300150075,0
S4,high,2025,陕西,0.5432716358179,35.8170385815,0.5432716358179,0,0.5432716358179,0
S4,high,2025,青海,0.024012006003,111.5778280558,0.024012006003,0,0.024012006003,0
S4,high,2025,黑龙江,0.07503751875938,27.37151708563,0.07503751875938,0,0.07503751875938,0
S4,high,2030,上海,8.404202101051,0,0,0,0,8.404202101051
S4,high,2030,云南,19.2096048024,176.5043695686,19.2096048024,0,19.2096048024,0
S4,high,2030,内蒙古,1.500750375188,750.2788870267,1.500750375188,0,1.500750375188,0
S4,high,2030,北京,3.60180090045,0.4472879549939,0.4472879549939,0,0.4472879549939,3.154512945456
S4,high,2030,四川,4.682341170585,17.47101124782,4.682341170585,0,4.682341170585,0
S4,high,2030,天津,3.667833916958,10.36842564131,3.667833916958,0,3.667833916958,0
S4,high,2030,宁夏,0,155.1158315936,0,0,0,0
S4,high,2030,安徽,16.20810405203,19.08215470382,16.20810405203,0,16.20810405203,0
S4,high,2030,山东,9.058529264632,125.7877869537,9.058529264632,0,9.058529264632,0
S4,high,2030,山西,5.702851425713,129.690007386,5.702851425713,0,5.702851425713,0
S4,high,2030,广东,24.012006003,20.20857693682,20.20857693682,0,20.20857693682,3.80342906618
S4,high,2030,广西,16.20810405203,57.25788989098,16.20810405203,0,16.20810405203,0
S4,high,2030,新疆,0,717.0514552634,0,0,0,0
S4,high,2030,江苏,23.71185592796,35.69280120139,23.71185592796,0,23.71185592796,0
S4,high,2030,江西,12.69634817409,25.32913880717,12.69634817409,0,12.69634817409,0
S4,high,2030,河北,6.603301650825,341.7664060064,6.603301650825,0,6.603301650825,0
S4,high,2030,河南,17.64882441221,77.37817705485,17.64882441221,0,17.64882441221,0
S4,high,2030,浙江,21.01050525263,2.41087553233,2.41087553233,0,2.41087553233,18.5996297203
S4,high,2030,海南,0,9.270030253372,0,0,0,0
S4,high,2030,湖北,13.41670835418,43.12595000117,13.41670835418,0,13.41670835418,0
S4,high,2030,湖南,13.5787893947,56.47005516283,13.5787893947,0,13.5787893947,0
S4,high,2030,甘肃,0.0600300150075,267.4644876623,0.0600300150075,0,0.0600300150075,0
S4,high,2030,福建,5.384692346173,0,0,0,0,5.384692346173
S4,high,2030,西藏,0.1800900450225,51.4812545177,0.1800900450225,0,0.1800900450225,0
S4,high,2030,贵州,11.40570285143,41.31703024709,11.40570285143,0,11.40570285143,0
S4,high,2030,辽宁,1.20060030015,98.19002344218,1.20060030015,0,1.20060030015,0
S4,high,2030,陕西,10.86543271636,112.4865164869,10.86543271636,0,10.86543271636,0
S4,high,2030,青海,0.48024012006,358.2380829362,0.48024012006,0,0.48024012006,0
S4,high,2030,黑龙江,1.500750375188,81.41589509663,1.500750375188,0,1.500750375188,0
S4,high,2035,上海,17.46371284704,0,0,0,0,17.46371284704
S4,high,2035,云南,39.91705793609,252.7839930999,39.91705793609,0,39.91705793609,0
S4,high,2035,内蒙古,3.118520151257,1069.269927867,3.118520151257,0,3.118520151257,0
S4,high,2035,北京,7.484448363016,0.636554552692,0.636554552692,0,0.636554552692,6.847893810324
S4,high,2035,四川,9.729782871921,24.94946651348,9.729782871921,0,9.729782871921,0
S4,high,2035,天津,7.621663249672,14.83167667759,7.621663249672,0,7.621663249672,0
S4,high,2035,宁夏,0,221.974286849,0,0,0,0
S4,high,2035,安徽,33.68001763357,27.2883473815,27.2883473815,6.391,33.6793473815,0.0006702520700017
S4,high,2035,山东,18.82338763299,179.3980181491,18.82338763299,0,18.82338763299,0
S4,high,2035,山西,11.85037657478,184.6811923047,11.85037657478,0,11.85037657478,0
S4,high,2035,广东,49.89632242011,28.76625265731,28.76625265731,0,28.76625265731,21.1300697628
S4,high,2035,广西,33.68001763357,81.6065444244,33.68001763357,0,33.68001763357,0
S4,high,2035,新疆,0,1025.223875703,0,0,0,0
S4,high,2035,江苏,49.27261838986,50.81244787465,49.27261838986,0,49.27261838986,0
S4,high,2035,江西,26.38268047963,36.08530771583,26.38268047963,0,26.38268047963,0
S4,high,2035,河北,13.72148866553,487.4379338881,13.72148866553,0,13.72148866553,0
S4,high,2035,河南,36.67379697878,110.0522043736,36.67379697878,0,36.67379697878,0
S4,high,2035,浙江,43.6592821176,3.4260047149,3.4260047149,0,3.4260047149,40.2332774027
S4,high,2035,海南,0,13.24684368893,0,0,0,0
S4,high,2035,湖北,27.87957015224,61.72655582619,27.87957015224,0,27.87957015224,0
S4,high,2035,湖南,28.21637032857,80.35612341052,28.21637032857,0,28.21637032857,0
S4,high,2035,甘肃,0.1247408060503,382.2229213555,0.1247408060503,0,0.1247408060503,0
S4,high,2035,福建,11.18925030271,0,0,0,0,11.18925030271
S4,high,2035,西藏,0.3742224181508,73.75838251998,0.3742224181508,0,0.3742224181508,0
S4,high,2035,贵州,23.70075314955,59.21472967143,23.70075314955,0,23.70075314955,0
S4,high,2035,辽宁,2.494816121005,139.7039467858,2.494816121005,0,2.494816121005,0
S4,high,2035,陕西,22.5780858951,160.9187090153,22.5780858951,0,22.5780858951,0
S4,high,2035,青海,0.9979264484022,513.3913168894,0.9979264484022,0,0.9979264484022,0
S4,high,2035,黑龙江,3.118520151257,115.9409608293,3.118520151257,0,3.118520151257,0
S4,high,2040,上海,28.02562461105,0,0,0,0,28.02562461105
S4,high,2040,云南,64.05857053955,296.2227766589,64.05857053955,0,64.05857053955,0
S4,high,2040,内蒙古,5.004575823403,1367.491403567,5.004575823403,0,5.004575823403,0
S4,high,2040,北京,12.01098197617,0.8338736028958,0.8338736028958,0,0.8338736028958,11.17710837327
S4,high,2040,四川,15.61427656902,30.80427679114,15.61427656902,0,15.61427656902,0
S4,high,2040,天津,12.2311833124,17.76492844429,12.2311833124,0,12.2311833124,0
S4,high,2040,宁夏,0,263.9894967975,0,0,0,0
S4,high,2040,安徽,54.04941889275,32.8600237229,32.8600237229,21.189,54.0490237229,0.0003951698499947
S4,high,2040,山东,30.20761967006,226.5896400961,30.20761967006,0,30.20761967006,0
S4,high,2040,山西,19.01738812893,239.4339179385,19.01738812893,0,19.01738812893,0
S4,high,2040,广东,80.07321317444,37.53930069684,37.53930069684,0,37.53930069684,42.5339124776
S4,high,2040,广西,54.04941889275,104.2638607086,54.04941889275,0,54.04941889275,0
S4,high,2040,新疆,0,1238.745535366,0,0,0,0
S4,high,2040,江苏,79.07229800976,66.20159050468,66.20159050468,12.87,79.07159050468,0.0007075050800012
S4,high,2040,江西,42.33871146599,46.43085425481,42.33871146599,0,42.33871146599,0
S4,high,2040,河北,22.02013362297,615.3962940736,22.02013362297,0,22.02013362297,0
S4,high,2040,河南,58.85381168321,145.6561572436,58.85381168321,0,58.85381168321,0
S4,high,2040,浙江,70.06406152764,4.597920778617,4.597920778617,0,4.597920778617,65.46614074902
S4,high,2040,海南,0,16.16358741116,0,0,0,0
S4,high,2040,湖北,44.74090786122,73.1411568655,44.74090786122,0,44.74090786122,0
S4,high,2040,湖南,45.28140205015,105.4581995615,45.28140205015,0,45.28140205015,0
S4,high,2040,甘肃,0.2001830329361,466.010761282,0.2001830329361,0,0.2001830329361,0
S4,high,2040,福建,17.95641805437,0,0,0,0,17.95641805437
S4,high,2040,西藏,0.6005490988083,85.81122762457,0.6005490988083,0,0.6005490988083,0
S4,high,2040,贵州,38.03477625786,68.4802397852,38.03477625786,0,38.03477625786,0
S4,high,2040,辽宁,4.003660658722,183.7646872735,4.003660658722,0,4.003660658722,0
S4,high,2040,陕西,36.23312896143,192.5121006176,36.23312896143,0,36.23312896143,0
S4,high,2040,青海,1.601464263489,594.3378207529,1.601464263489,0,1.601464263489,0
S4,high,2040,黑龙江,5.004575823403,150.2466852331,5.004575823403,0,5.004575823403,0
S4,high,2045,上海,39.26639794273,0,0,0,0,39.26639794273
S4,high,2045,云南,89.75176672623,339.661560218,89.75176672623,0,89.75176672623,0
S4,high,2045,内蒙古,7.011856775487,1665.712879267,7.011856775487,0,7.011856775487,0
S4,high,2045,北京,16.82845626117,1.0311926531,1.0311926531,0,1.0311926531,15.79726360807
S4,high,2045,四川,21.87699313952,36.65908706881,21.87699313952,0,21.87699313952,0
S4,high,2045,天津,17.13697795929,20.69818021098,17.13697795929,0,17.13697795929,0
S4,high,2045,宁夏,0,306.0047067459,0,0,0,0
S4,high,2045,安徽,75.72805317526,38.43170006431,38.43170006431,37.296,75.72770006431,0.0003531109500017
S4,high,2045,山东,42.32356749684,273.7812620432,42.32356749684,0,42.32356749684,0
S4,high,2045,山西,26.64505574685,294.1866435724,26.64505574685,0,26.64505574685,0
S4,high,2045,广东,112.1897084078,46.31234873637,46.31234873637,0,46.31234873637,65.87735967143
S4,high,2045,广西,75.72805317526,126.9211769927,75.72805317526,0,75.72805317526,0
S4,high,2045,新疆,0,1452.267195029,0,0,0,0
S4,high,2045,江苏,110.7873370527,81.5907331347,81.5907331347,29.196,110.7867331347,0.0006039179999959
S4,high,2045,江西,59.32030832062,56.77640079379,56.77640079379,0,56.77640079379,2.54390752683
S4,high,2045,河北,30.85216981214,743.354654259,30.85216981214,0,30.85216981214,0
S4,high,2045,河南,82.45943567972,181.2601101137,82.45943567972,0,82.45943567972,0
S4,high,2045,浙江,98.16599485682,5.769836842334,5.769836842334,0,5.769836842334,92.39615801449
S4,high,2045,海南,0,19.08033113339,0,0,0,0
S4,high,2045,湖北,62.68599957285,84.5557579048,62.68599957285,0,62.68599957285,0
S4,high,2045,湖南,63.4432801046,130.5602757125,63.4432801046,0,63.4432801046,0
S4,high,2045,甘肃,0.2804742710195,549.7986012085,0.2804742710195,0,0.2804742710195,0
S4,high,2045,福建,25.15854211045,0,0,0,0,25.15854211045
S4,high,2045,西藏,0.8414228130584,97.86407272917,0.8414228130584,0,0.8414228130584,0
S4,high,2045,贵州,53.2901114937,77.74574989896,53.2901114937,0,53.2901114937,0
S4,high,2045,辽宁,5.609485420389,227.8254277612,5.609485420389,0,5.609485420389,0
S4,high,2045,陕西,50.76584305452,224.1054922199,50.76584305452,0,50.76584305452,0
S4,high,2045,青海,2.243794168156,675.2843246163,2.243794168156,0,2.243794168156,0
S4,high,2045,黑龙江,7.011856775487,184.5524096369,7.011856775487,0,7.011856775487,0
S4,high,2050,上海,50.43968781958,0,0,0,0,50.43968781958
S4,high,2050,云南,115.2907150162,383.100343777,115.2907150162,0,115.2907150162,0
S4,high,2050,内蒙古,9.007087110639,1963.934354967,9.007087110639,0,9.007087110639,0
S4,high,2050,北京,21.61700906553,1.228511703303,1.228511703303,0,1.228511703303,20.38849736223
S4,high,2050,四川,28.10211178519,42.51389734647,28.10211178519,0,28.10211178519,0
S4,high,2050,天津,22.0133208984,23.63143197768,22.0133208984,0,22.0133208984,0
S4,high,2050,宁夏,0,348.0199166943,0,0,0,0
S4,high,2050,安徽,97.2765407949,44.00337640572,44.00337640572,53.273,97.27637640572,0.0001643891800001
S4,high,2050,山东,54.36677779982,320.9728839903,54.36677779982,0,54.36677779982,0
S4,high,2050,山西,34.22693102043,348.9393692062,34.22693102043,0,34.22693102043,0
S4,high,2050,广东,144.1133937702,55.0853967759,55.0853967759,0,55.0853967759,89.0279969943
S4,high,2050,广西,97.2765407949,149.5784932769,97.2765407949,0,97.2765407949,0
S4,high,2050,新疆,0,1665.788854692,0,0,0,0
S4,high,2050,江苏,142.3119763481,96.97987576473,96.97987576473,45.332,142.3118757647,0.0001005833699992
S4,high,2050,江西,76.19995695601,67.12194733277,67.12194733277,0,67.12194733277,9.07800962324
S4,high,2050,河北,39.63118328681,871.3130144445,39.63118328681,0,39.63118328681,0
S4,high,2050,河南,105.9233444211,216.8640629837,105.9233444211,0,105.9233444211,0
S4,high,2050,浙江,126.0992195489,6.941752906051,6.941752906051,0,6.941752906051,119.1574666428
S4,high,2050,海南,0,21.99707485562,0,0,0,0
S4,high,2050,湖北,80.52335876911,95.97035894411,80.52335876911,0,80.52335876911,0
S4,high,2050,湖南,81.49612417706,155.6623518634,81.49612417706,0,81.49612417706,0
S4,high,2050,甘肃,0.3602834844256,633.5864411351,0.3602834844256,0,0.3602834844256,0
S4,high,2050,福建,32.31742855297,0,0,0,0,32.31742855297
S4,high,2050,西藏,1.080850453277,109.9169178338,1.080850453277,0,1.080850453277,0
S4,high,2050,贵州,68.45386204086,87.01126001273,68.45386204086,0,68.45386204086,0
S4,high,2050,辽宁,7.205669688511,271.8861682489,7.205669688511,0,7.205669688511,0
S4,high,2050,陕西,65.21131068103,255.6988838222,65.21131068103,0,65.21131068103,0
S4,high,2050,青海,2.882267875404,756.2308284798,2.882267875404,0,2.882267875404,0
S4,high,2050,黑龙江,9.007087110639,218.8581340408,9.007087110639,0,9.007087110639,0
S4,high,2055,上海,60.88505006654,0,0,0,0,60.88505006654
S4,high,2055,云南,139.1658287235,426.5391273361,139.1658287235,0,139.1658287235,0
S4,high,2055,内蒙古,10.87233036903,2262.155830667,10.87233036903,0,10.87233036903,0
S4,high,2055,北京,26.09359288566,1.425830753507,1.425830753507,0,1.425830753507,24.66776213215
S4,high,2055,四川,33.92167075136,48.36870762413,33.92167075136,0,33.92167075136,0
S4,high,2055,天津,26.5719754219,26.56468374437,26.56468374437,0,26.56468374437,0.007291677529999
S4,high,2055,宁夏,0,390.0351266428,0,0,0,0
S4,high,2055,安徽,117.4211679855,49.57505274713,49.57505274713,67.846,117.4210527471,0.0001152383700003
S4,high,2055,山东,65.62538610744,368.1645059373,65.62538610744,0,65.62538610744,0
S4,high,2055,山西,41.3148554023,403.69209484,41.3148554023,0,41.3148554023,0
S4,high,2055,广东,173.9572859044,63.85844481543,63.85844481543,0,63.85844481543,110.098841089
S4,high,2055,广西,117.4211679855,172.235809561,117.4211679855,0,117.4211679855,0
S4,high,2055,新疆,0,1879.310514354,0,0,0,0
S4,high,2055,江苏,171.7828198306,112.3690183948,112.3690183948,59.413,171.7820183948,0.0008014358000139
S4,high,2055,江西,91.97991492195,77.46749387175,77.46749387175,0,77.46749387175,14.5124210502
S4,high,2055,河北,47.83825362371,999.27137463,47.83825362371,0,47.83825362371,0
S4,high,2055,河南,127.8586051397,252.4680158537,127.8586051397,0,127.8586051397,0
S4,high,2055,浙江,152.2126251664,8.113668969769,8.113668969769,0,8.113668969769,144.0989561966
S4,high,2055,海南,0,24.91381857785,0,0,0,0
S4,high,2055,湖北,97.19863349909,107.3849599834,97.19863349909,0,97.19863349909,0
S4,high,2055,湖南,98.37284517894,180.7644280144,98.37284517894,0,98.37284517894,0
S4,high,2055,甘肃,0.434893214761,717.3742810616,0.434893214761,0,0.434893214761,0
S4,high,2055,福建,39.00992136406,0,0,0,0,39.00992136406
S4,high,2055,西藏,1.304679644283,121.9697629384,1.304679644283,0,1.304679644283,0
S4,high,2055,贵州,82.62971080459,96.27677012649,82.62971080459,0,82.62971080459,0
S4,high,2055,辽宁,8.69786429522,315.9469087366,8.69786429522,0,8.69786429522,0
S4,high,2055,陕西,78.71567187174,287.2922754245,78.71567187174,0,78.71567187174,0
S4,high,2055,青海,3.479145718088,837.1773323433,3.479145718088,0,3.479145718088,0
S4,high,2055,黑龙江,10.87233036903,253.1638584446,10.87233036903,0,10.87233036903,0
S4,high,2060,上海,70.03501750875,0,0,0,0,70.03501750875
S4,high,2060,云南,160.08004002,469.9779108951,160.08004002,0,160.08004002,0
S4,high,2060,内蒙古,12.50625312656,2560.377306366,12.50625312656,0,12.50625312656,0
S4,high,2060,北京,30.01500750375,1.623149803711,1.623149803711,0,1.623149803711,28.39185770004
S4,high,2060,四川,39.01950975488,54.22351790179,39.01950975488,0,39.01950975488,0
S4,high,2060,天津,30.56528264132,29.49793551107,29.49793551107,0,29.49793551107,1.06734713025
S4,high,2060,宁夏,0,432.0503365912,0,0,0,0
S4,high,2060,安徽,135.0675337669,55.14672908854,55.14672908854,79.92,135.0667290885,0.000804678359998
S4,high,2060,山东,75.48774387194,415.3561278844,75.48774387194,0,75.48774387194,0
S4,high,2060,山西,47.52376188094,458.4448204738,47.52376188094,0,47.52376188094,0
S4,high,2060,广东,200.100050025,72.63149285495,72.63149285495,0,72.63149285495,127.4685571701
S4,high,2060,广西,135.0675337669,194.8931258452,135.0675337669,0,135.0675337669,0
S4,high,2060,新疆,0,2092.832174017,0,0,0,0
S4,high,2060,江苏,197.5987993997,127.7581610248,127.7581610248,69.84,197.5981610248,0.0006383749000065
S4,high,2060,江西,105.8029014507,87.81304041073,87.81304041073,0,87.81304041073,17.98986103997
S4,high,2060,河北,55.02751375688,1127.229734815,55.02751375688,0,55.02751375688,0
S4,high,2060,河南,147.0735367684,288.0719687237,147.0735367684,0,147.0735367684,0
S4,high,2060,浙江,175.0875437719,9.285585033486,9.285585033486,0,9.285585033486,165.8019587384
S4,high,2060,海南,0,27.83056230008,0,0,0,0
S4,high,2060,湖北,111.8059029515,118.7995610227,111.8059029515,0,111.8059029515,0
S4,high,2060,湖南,113.1565782891,205.8665041654,113.1565782891,0,113.1565782891,0
S4,high,2060,甘肃,0.5002501250625,801.1621209882,0.5002501250625,0,0.5002501250625,0
S4,high,2060,福建,44.87243621811,0,0,0,0,44.87243621811
S4,high,2060,西藏,1.500750375188,134.022608043,1.500750375188,0,1.500750375188,0
S4,high,2060,贵州,95.04752376188,105.5422802403,95.04752376188,0,95.04752376188,0
S4,high,2060,辽宁,10.00500250125,360.0076492244,10.00500250125,0,10.00500250125,0
S4,high,2060,陕西,90.54527263632,318.8856670268,90.54527263632,0,90.54527263632,0
S4,high,2060,青海,4.0020010005,918.1238362067,4.0020010005,0,4.0020010005,0
S4,high,2060,黑龙江,12.50625312656,287.4695828485,12.50625312656,0,12.50625312656,0
S4,low,2025,上海,0,0,0,0,0,0
S4,low,2025,云南,0,55.42463688618,0,0,0,0
S4,low,2025,内蒙古,0,249.9712308819,0,0,0,0
S4,low,2025,北京,0,0.1514952466769,0,0,0,0
S4,low,2025,四川,0,5.682936472736,0,0,0,0
S4,low,2025,天津,0,3.304104513969,0,0,0,0
S4,low,2025,宁夏,0,49.19439301438,0,0,0,0
S4,low,2025,安徽,0,6.102839052569,0,0,0,0
S4,low,2025,山东,0,41.55364391617,0,0,0,0
S4,low,2025,山西,0,43.61439242789,0,0,0,0
S4,low,2025,广东,0,6.826635729473,0,0,0,0
S4,low,2025,广西,0,19.06381496691,0,0,0,0
S4,low,2025,新疆,0,229.8525943639,0,0,0,0
S4,low,2025,江苏,0,12.04392863904,0,0,0,0
S4,low,2025,江西,0,8.474082760956,0,0,0,0
S4,low,2025,河北,0,112.8684626215,0,0,0,0
S4,low,2025,河南,0,26.39369296253,0,0,0,0
S4,low,2025,浙江,0,0.8302725596161,0,0,0,0
S4,low,2025,海南,0,2.991317349124,0,0,0,0
S4,low,2025,湖北,0,13.64348342791,0,0,0,0
S4,low,2025,湖南,0,19.15037681832,0,0,0,0
S4,low,2025,甘肃,0,86.26073717587,0,0,0,0
S4,low,2025,福建,0,0,0,0,0,0
S4,low,2025,西藏,0,16.08768591622,0,0,0,0
S4,low,2025,贵州,0,12.85981034489,0,0,0,0
S4,low,2025,辽宁,0,33.35094620209,0,0,0,0
S4,low,2025,陕西,0,35.8170385815,0,0,0,0
S4,low,2025,青海,0,111.5778280558,0,0,0,0
S4,low,2025,黑龙江,0,27.37151708563,0,0,0,0
S4,low,2030,上海,1.400700350175,0,0,0,0,1.400700350175
S4,low,2030,云南,3.2016008004,66.18913858822,3.2016008004,0,3.2016008004,0
S4,low,2030,内蒙古,0.2501250625313,281.354582635,0.2501250625313,0,0.2501250625313,0
S4,low,2030,北京,0.600300150075,0.1677329831227,0.1677329831227,0,0.1677329831227,0.4325671669523
S4,low,2030,四川,0.7803901950975,6.551629217933,0.7803901950975,0,0.7803901950975,0
S4,low,2030,天津,0.6113056528264,3.888159615492,0.6113056528264,0,0.6113056528264,0
S4,low,2030,宁夏,0,58.16843684761,0,0,0,0
S4,low,2030,安徽,2.701350675338,7.155808013932,2.701350675338,0,2.701350675338,0
S4,low,2030,山东,1.509754877439,47.17042010766,1.509754877439,0,1.509754877439,0
S4,low,2030,山西,0.9504752376188,48.63375276975,0.9504752376188,0,0.9504752376188,0
S4,low,2030,广东,4.0020010005,7.578216351306,4.0020010005,0,4.0020010005,0
S4,low,2030,广西,2.701350675338,21.47170870912,2.701350675338,0,2.701350675338,0
S4,low,2030,新疆,0,268.8942957238,0,0,0,0
S4,low,2030,江苏,3.951975987994,13.38480045052,3.951975987994,0,3.951975987994,0
S4,low,2030,江西,2.116058029015,9.498427052688,2.116058029015,0,2.116058029015,0
S4,low,2030,河北,1.100550275138,128.1624022524,1.100550275138,0,1.100550275138,0
S4,low,2030,河南,2.941470735368,29.01681639557,2.941470735368,0,2.941470735368,0
S4,low,2030,浙江,3.501750875438,0.9040783246239,0.9040783246239,0,0.9040783246239,2.597672550814
S4,low,2030,海南,0,3.476261345015,0,0,0,0
S4,low,2030,湖北,2.23611805903,16.17223125044,2.23611805903,0,2.23611805903,0
S4,low,2030,湖南,2.263131565783,21.17627068606,2.263131565783,0,2.263131565783,0
S4,low,2030,甘肃,0.01000500250125,100.2991828734,0.01000500250125,0,0.01000500250125,0
S4,low,2030,福建,0.8974487243622,0,0,0,0,0.8974487243622
S4,low,2030,西藏,0.03001500750375,19.30547044414,0.03001500750375,0,0.03001500750375,0
S4,low,2030,贵州,1.900950475238,15.49388634266,1.900950475238,0,1.900950475238,0
S4,low,2030,辽宁,0.200100050025,36.82125879082,0.200100050025,0,0.200100050025,0
S4,low,2030,陕西,1.810905452726,42.18244368258,1.810905452726,0,1.810905452726,0
S4,low,2030,青海,0.08004002001001,134.3392811011,0.08004002001001,0,0.08004002001001,0
S4,low,2030,黑龙江,0.2501250625313,30.53096066124,0.2501250625313,0,0.2501250625313,0
S4,low,2035,上海,3.379567571775,0,0,0,0,3.379567571775
S4,low,2035,云南,7.724725878343,94.79399741247,7.724725878343,0,7.724725878343,0
S4,low,2035,内蒙古,0.6034942092455,400.9762229502,0.6034942092455,0,0.6034942092455,0
S4,low,2035,北京,1.448386102189,0.2387079572595,0.2387079572595,0,0.2387079572595,1.20967814493
S4,low,2035,四川,1.882901932846,9.356049942556,1.882901932846,0,1.882901932846,0
S4,low,2035,天津,1.474939847396,5.561878754096,1.474939847396,0,1.474939847396,0
S4,low,2035,宁夏,0,83.24035756838,0,0,0,0
S4,low,2035,安徽,6.517737459852,10.23313026806,6.517737459852,0,6.517737459852,0
S4,low,2035,山东,3.642691047006,67.2742568059,3.642691047006,0,3.642691047006,0
S4,low,2035,山西,2.293277995133,69.25544711427,2.293277995133,0,2.293277995133,0
S4,low,2035,广东,9.655907347929,10.78734474649,9.655907347929,0,9.655907347929,0
S4,low,2035,广西,6.517737459852,30.60245415915,6.517737459852,0,6.517737459852,0
S4,low,2035,新疆,0,384.4589533887,0,0,0,0
S4,low,2035,江苏,9.53520850608,19.054667953,9.53520850608,0,9.53520850608,0
S4,low,2035,江西,5.105561010217,13.53199039343,5.105561010217,0,5.105561010217,0
S4,low,2035,河北,2.65537452068,182.789225208,2.65537452068,0,2.65537452068,0
S4,low,2035,河南,7.097091900728,41.26957664012,7.097091900728,0,7.097091900728,0
S4,low,2035,浙江,8.448918929438,1.284751768088,1.284751768088,0,1.284751768088,7.16416716135
S4,low,2035,海南,0,4.967566383347,0,0,0,0
S4,low,2035,湖北,5.395238230655,23.14745843482,5.395238230655,0,5.395238230655,0
S4,low,2035,湖南,5.460415605254,30.13354627895,5.460415605254,0,5.460415605254,0
S4,low,2035,甘肃,0.02413976836982,143.3335955083,0.02413976836982,0,0.02413976836982,0
S4,low,2035,福建,2.165337222773,0,0,0,0,2.165337222773
S4,low,2035,西藏,0.07241930510946,27.65939344499,0.07241930510946,0,0.07241930510946,0
S4,low,2035,贵州,4.586555990266,22.20552362679,4.586555990266,0,4.586555990266,0
S4,low,2035,辽宁,0.4827953673964,52.38898004468,0.4827953673964,0,0.4827953673964,0
S4,low,2035,陕西,4.369298074938,60.34451588073,4.369298074938,0,4.369298074938,0
S4,low,2035,青海,0.1931181469586,192.5217438335,0.1931181469586,0,0.1931181469586,0
S4,low,2035,黑龙江,0.6034942092455,43.47786031097,0.6034942092455,0,0.6034942092455,0
S4,low,2040,上海,5.915516293694,0,0,0,0,5.915516293694
S4,low,2040,云南,13.52118009987,111.0835412471,13.52118009987,0,13.52118009987,0
S4,low,2040,内蒙古,1.056342195302,512.8092763377,1.056342195302,0,1.056342195302,0
S4,low,2040,北京,2.535221268726,0.3127026010859,0.3127026010859,0,0.3127026010859,2.22251866764
S4,low,2040,四川,3.295787649344,11.55160379668,3.295787649344,0,3.295787649344,0
S4,low,2040,天津,2.581700325319,6.661848166607,2.581700325319,0,2.581700325319,0
S4,low,2040,宁夏,0,98.99606129904,0,0,0,0
S4,low,2040,安徽,11.40849570927,12.32250889609,11.40849570927,0,11.40849570927,0
S4,low,2040,山东,6.376081490846,84.97111503605,6.376081490846,0,6.376081490846,0
S4,low,2040,山西,4.014100342149,89.78771922695,4.014100342149,0,4.014100342149,0
S4,low,2040,广东,16.90147512484,14.07723776132,14.07723776132,0,14.07723776132,2.82423736352
S4,low,2040,广西,11.40849570927,39.09894776571,11.40849570927,0,11.40849570927,0
S4,low,2040,新疆,0,464.5295757623,0,0,0,0
S4,low,2040,江苏,16.69020668578,24.82559643925,16.69020668578,0,16.69020668578,0
S4,low,2040,江西,8.936654972259,17.41157034555,8.936654972259,0,8.936654972259,0
S4,low,2040,河北,4.647905659331,230.7736102776,4.647905659331,0,4.647905659331,0
S4,low,2040,河南,12.42258421676,54.62105896637,12.42258421676,0,12.42258421676,0
S4,low,2040,浙江,14.78879073423,1.724220291982,1.724220291982,0,1.724220291982,13.06457044225
S4,low,2040,海南,0,6.061345279184,0,0,0,0
S4,low,2040,湖北,9.443699226004,27.42793382456,9.443699226004,0,9.443699226004,0
S4,low,2040,湖南,9.557784183097,39.54682483556,9.557784183097,0,9.557784183097,0
S4,low,2040,甘肃,0.0422536878121,174.7540354808,0.0422536878121,0,0.0422536878121,0
S4,low,2040,福建,3.790155796745,0,0,0,0,3.790155796745
S4,low,2040,西藏,0.1267610634363,32.17921035921,0.1267610634363,0,0.1267610634363,0
S4,low,2040,贵州,8.028200684299,25.68008991945,8.028200684299,0,8.028200684299,0
S4,low,2040,辽宁,0.845073756242,68.91175772757,0.845073756242,0,0.845073756242,0
S4,low,2040,陕西,7.64791749399,72.19203773159,7.64791749399,0,7.64791749399,0
S4,low,2040,青海,0.3380295024968,222.8766827823,0.3380295024968,0,0.3380295024968,0
S4,low,2040,黑龙江,1.056342195302,56.34250696241,1.056342195302,0,1.056342195302,0
S4,low,2045,上海,8.664885506593,0,0,0,0,8.664885506593
S4,low,2045,云南,19.8054525865,127.3730850817,19.8054525865,0,19.8054525865,0
S4,low,2045,内蒙古,1.54730098332,624.6423297251,1.54730098332,0,1.54730098332,0
S4,low,2045,北京,3.713522359968,0.3866972449123,0.3866972449123,0,0.3866972449123,3.326825115056
S4,low,2045,四川,4.827579067959,13.7471576508,4.827579067959,0,4.827579067959,0
S4,low,2045,天津,3.781603603235,7.761817579118,3.781603603235,0,3.781603603235,0
S4,low,2045,宁夏,0,114.7517650297,0,0,0,0
S4,low,2045,安徽,16.71085061986,14.41188752412,14.41188752412,2.298,16.70988752412,0.0009630957400013
S4,low,2045,山东,9.339508735321,102.6679732662,9.339508735321,0,9.339508735321,0
S4,low,2045,山西,5.879743736617,110.3199913396,5.879743736617,0,5.879743736617,0
S4,low,2045,广东,24.75681573312,17.36713077614,17.36713077614,0,17.36713077614,7.38968495698
S4,low,2045,广西,16.71085061986,47.59544137227,16.71085061986,0,16.71085061986,0
S4,low,2045,新疆,0,544.6001981358,0,0,0,0
S4,low,2045,江苏,24.44735553646,30.59652492551,24.44735553646,0,24.44735553646,0
S4,low,2045,江西,13.09016631889,21.29115029767,13.09016631889,0,13.09016631889,0
S4,low,2045,河北,6.808124326609,278.7579953471,6.808124326609,0,6.808124326609,0
S4,low,2045,河南,18.19625956385,67.97254129262,18.19625956385,0,18.19625956385,0
S4,low,2045,浙江,21.66221376648,2.163688815875,2.163688815875,0,2.163688815875,19.49852495061
S4,low,2045,海南,0,7.15512417502,0,0,0,0
S4,low,2045,湖北,13.83287079088,31.7084092143,13.83287079088,0,13.83287079088,0
S4,low,2045,湖南,13.99997929708,48.96010339218,13.99997929708,0,13.99997929708,0
S4,low,2045,甘肃,0.06189203933281,206.1744754532,0.06189203933281,0,0.06189203933281,0
S4,low,2045,福建,5.551715928153,0,0,0,0,5.551715928153
S4,low,2045,西藏,0.1856761179984,36.69902727344,0.1856761179984,0,0.1856761179984,0
S4,low,2045,贵州,11.75948747323,29.15465621211,11.75948747323,0,11.75948747323,0
S4,low,2045,辽宁,1.237840786656,85.43453541046,1.237840786656,0,1.237840786656,0
S4,low,2045,陕西,11.20245911924,84.03955958245,11.20245911924,0,11.20245911924,0
S4,low,2045,青海,0.4951363146625,253.2316217311,0.4951363146625,0,0.4951363146625,0
S4,low,2045,黑龙江,1.54730098332,69.20715361386,1.54730098332,0,1.54730098332,0
S4,low,2050,上海,11.21450350433,0,0,0,0,11.21450350433
S4,low,2050,云南,25.63315086703,143.6626289164,25.63315086703,0,25.63315086703,0
S4,low,2050,内蒙古,2.002589911487,736.4753831125,2.002589911487,0,2.002589911487,0
S4,low,2050,北京,4.806215787569,0.4606918887387,0.4606918887387,0,0.4606918887387,4.34552389883
S4,low,2050,四川,6.248080523839,15.94271150492,6.248080523839,0,6.248080523839,0
S4,low,2050,天津,4.894329743674,8.861786991629,4.894329743674,0,4.894329743674,0
S4,low,2050,宁夏,0,130.5074687604,0,0,0,0
S4,low,2050,安徽,21.62797104406,16.50126615215,16.50126615215,5.126,21.62726615215,0.0007048919100008
S4,low,2050,山东,12.08763270573,120.3648314963,12.08763270573,0,12.08763270573,0
S4,low,2050,山西,7.60984166365,130.8522634523,7.60984166365,0,7.60984166365,0
S4,low,2050,广东,32.04143858379,20.65702379096,20.65702379096,0,20.65702379096,11.38441479283
S4,low,2050,广西,21.62797104406,56.09193497883,21.62797104406,0,21.62797104406,0
S4,low,2050,新疆,0,624.6708205094,0,0,0,0
S4,low,2050,江苏,31.64092060149,36.36745341177,31.64092060149,0,31.64092060149,0
S4,low,2050,江西,16.94191065118,25.17073024979,16.94191065118,0,16.94191065118,0
S4,low,2050,河北,8.811395610542,326.7423804167,8.811395610542,0,8.811395610542,0
S4,low,2050,河南,23.55045735909,81.32402361887,23.55045735909,0,23.55045735909,0
S4,low,2050,浙江,28.03625876082,2.603157339769,2.603157339769,0,2.603157339769,25.43310142105
S4,low,2050,海南,0,8.248903070857,0,0,0,0
S4,low,2050,湖北,17.90315380869,35.98888460404,17.90315380869,0,17.90315380869,0
S4,low,2050,湖南,18.11943351913,58.37338194879,18.11943351913,0,18.11943351913,0
S4,low,2050,甘肃,0.08010359645948,237.5949154257,0.08010359645948,0,0.08010359645948,0
S4,low,2050,福建,7.185292602415,0,0,0,0,7.185292602415
S4,low,2050,西藏,0.2403107893784,41.21884418766,0.2403107893784,0,0.2403107893784,0
S4,low,2050,贵州,15.2196833273,32.62922250477,15.2196833273,0,15.2196833273,0
S4,low,2050,辽宁,1.60207192919,101.9573130934,1.60207192919,0,1.60207192919,0
S4,low,2050,陕西,14.49875095917,95.88708143331,14.49875095917,0,14.49875095917,0
S4,low,2050,青海,0.6408287716758,283.5865606799,0.6408287716758,0,0.6408287716758,0
S4,low,2050,黑龙江,2.002589911487,82.0718002653,2.002589911487,0,2.002589911487,0
S4,low,2055,上海,13.12851024925,0,0,0,0,13.12851024925
S4,low,2055,云南,30.00802342686,159.952172751,30.00802342686,0,30.00802342686,0
S4,low,2055,内蒙古,2.344376830223,848.3084365,2.344376830223,0,2.344376830223,0
S4,low,2055,北京,5.626504392536,0.5346865325651,0.5346865325651,0,0.5346865325651,5.091817859971
S4,low,2055,四川,7.314455710297,18.13826535905,7.314455710297,0,7.314455710297,0
S4,low,2055,天津,5.729656973066,9.96175640414,5.729656973066,0,5.729656973066,0
S4,low,2055,宁夏,0,146.263172491,0,0,0,0
S4,low,2055,安徽,25.31926976641,18.59064478017,18.59064478017,6.728,25.31864478017,0.0006249862400018
S4,low,2055,山东,14.15065854723,138.0616897265,14.15065854723,0,14.15065854723,0
S4,low,2055,山西,8.908631954849,151.384535565,8.908631954849,0,8.908631954849,0
S4,low,2055,广东,37.51002928357,23.94691680578,23.94691680578,0,23.94691680578,13.56311247779
S4,low,2055,广西,25.31926976641,64.58842858539,25.31926976641,0,25.31926976641,0
S4,low,2055,新疆,0,704.7414428829,0,0,0,0
S4,low,2055,江苏,37.04115391753,42.13838189803,37.04115391753,0,37.04115391753,0
S4,low,2055,江西,19.83342798369,29.05031020191,19.83342798369,0,19.83342798369,0
S4,low,2055,河北,10.31525805298,374.7267654862,10.31525805298,0,10.31525805298,0
S4,low,2055,河南,27.56987152343,94.67550594512,27.56987152343,0,27.56987152343,0
S4,low,2055,浙江,32.82127562313,3.042625863663,3.042625863663,0,3.042625863663,29.77864975947
S4,low,2055,海南,0,9.342681966693,0,0,0,0
S4,low,2055,湖北,20.9587288622,40.26935999378,20.9587288622,0,20.9587288622,0
S4,low,2055,湖南,21.21192155986,67.78666050541,21.21192155986,0,21.21192155986,0
S4,low,2055,甘肃,0.09377507320894,269.0153553981,0.09377507320894,0,0.09377507320894,0
S4,low,2055,福建,8.411624066841,0,0,0,0,8.411624066841
S4,low,2055,西藏,0.2813252196268,45.73866110188,0.2813252196268,0,0.2813252196268,0
S4,low,2055,贵州,17.8172639097,36.10378879744,17.8172639097,0,17.8172639097,0
S4,low,2055,辽宁,1.875501464179,118.4800907762,1.875501464179,0,1.875501464179,0
S4,low,2055,陕西,16.97328825082,107.7346032842,16.97328825082,0,16.97328825082,0
S4,low,2055,青海,0.7502005856715,313.9414996287,0.7502005856715,0,0.7502005856715,0
S4,low,2055,黑龙江,2.344376830223,94.93644691674,2.344376830223,0,2.344376830223,0
S4,low,2060,上海,14.00700350175,0,0,0,0,14.00700350175
S4,low,2060,云南,32.016008004,176.2417165857,32.016008004,0,32.016008004,0
S4,low,2060,内蒙古,2.501250625313,960.1414898874,2.501250625313,0,2.501250625313,0
S4,low,2060,北京,6.00300150075,0.6086811763915,0.6086811763915,0,0.6086811763915,5.394320324358
S4,low,2060,四川,7.803901950975,20.33381921317,7.803901950975,0,7.803901950975,0
S4,low,2060,天津,6.113056528264,11.06172581665,6.113056528264,0,6.113056528264,0
S4,low,2060,宁夏,0,162.0188762217,0,0,0,0
S4,low,2060,安徽,27.01350675338,20.6800234082,20.6800234082,6.333,27.0130234082,0.000483345180001
S4,low,2060,山东,15.09754877439,155.7585479566,15.09754877439,0,15.09754877439,0
S4,low,2060,山西,9.504752376188,171.9168076777,9.504752376188,0,9.504752376188,0
S4,low,2060,广东,40.020010005,27.23680982061,27.23680982061,0,27.23680982061,12.78320018439
S4,low,2060,广西,27.01350675338,73.08492219195,27.01350675338,0,27.01350675338,0
S4,low,2060,新疆,0,784.8120652565,0,0,0,0
S4,low,2060,江苏,39.51975987994,47.90931038429,39.51975987994,0,39.51975987994,0
S4,low,2060,江西,21.16058029015,32.92989015402,21.16058029015,0,21.16058029015,0
S4,low,2060,河北,11.00550275138,422.7111505558,11.00550275138,0,11.00550275138,0
S4,low,2060,河南,29.41470735368,108.0269882714,29.41470735368,0,29.41470735368,0
S4,low,2060,浙江,35.01750875438,3.482094387557,3.482094387557,0,3.482094387557,31.53541436682
S4,low,2060,海南,0,10.43646086253,0,0,0,0
S4,low,2060,湖北,22.3611805903,44.54983538352,22.3611805903,0,22.3611805903,0
S4,low,2060,湖南,22.63131565783,77.19993906203,22.63131565783,0,22.63131565783,0
S4,low,2060,甘肃,0.1000500250125,300.4357953706,0.1000500250125,0,0.1000500250125,0
S4,low,2060,福建,8.974487243622,0,0,0,0,8.974487243622
S4,low,2060,西藏,0.3001500750375,50.25847801611,0.3001500750375,0,0.3001500750375,0
S4,low,2060,贵州,19.00950475238,39.5783550901,19.00950475238,0,19.00950475238,0
S4,low,2060,辽宁,2.00100050025,135.0028684591,2.00100050025,0,2.00100050025,0
S4,low,2060,陕西,18.10905452726,119.582125135,18.10905452726,0,18.10905452726,0
S4,low,2060,青海,0.8004002001001,344.2964385775,0.8004002001001,0,0.8004002001001,0
S4,low,2060,黑龙江,2.501250625313,107.8010935682,2.501250625313,0,2.501250625313,0
S4,mid,2025,上海,0.1400700350175,0,0,0,0,0.1400700350175
S4,mid,2025,云南,0.32016008004,55.42463688618,0.32016008004,0,0.32016008004,0
S4,mid,2025,内蒙古,0.02501250625313,249.9712308819,0.02501250625313,0,0.02501250625313,0
S4,mid,2025,北京,0.0600300150075,0.1514952466769,0.0600300150075,0,0.0600300150075,0
S4,mid,2025,四川,0.07803901950975,5.682936472736,0.07803901950975,0,0.07803901950975,0
S4,mid,2025,天津,0.06113056528264,3.304104513969,0.06113056528264,0,0.06113056528264,0
S4,mid,2025,宁夏,0,49.19439301438,0,0,0,0
S4,mid,2025,安徽,0.2701350675338,6.102839052569,0.2701350675338,0,0.2701350675338,0
S4,mid,2025,山东,0.1509754877439,41.55364391617,0.1509754877439,0,0.1509754877439,0
S4,mid,2025,山西,0.09504752376188,43.61439242789,0.09504752376188,0,0.09504752376188,0
S4,mid,2025,广东,0.40020010005,6.826635729473,0.40020010005,0,0.40020010005,0
S4,mid,2025,广西,0.2701350675338,19.06381496691,0.2701350675338,0,0.2701350675338,0
S4,mid,2025,新疆,0,229.8525943639,0,0,0,0
S4,mid,2025,江苏,0.3951975987994,12.04392863904,0.3951975987994,0,0.3951975987994,0
S4,mid,2025,江西,0.2116058029015,8.474082760956,0.2116058029015,0,0.2116058029015,0
S4,mid,2025,河北,0.1100550275138,112.8684626215,0.1100550275138,0,0.1100550275138,0
S4,mid,2025,河南,0.2941470735368,26.39369296253,0.2941470735368,0,0.2941470735368,0
S4,mid,2025,浙江,0.3501750875438,0.8302725596161,0.3501750875438,0,0.3501750875438,0
S4,mid,2025,海南,0,2.991317349124,0,0,0,0
S4,mid,2025,湖北,0.223611805903,13.64348342791,0.223611805903,0,0.223611805903,0
S4,mid,2025,湖南,0.2263131565783,19.15037681832,0.2263131565783,0,0.2263131565783,0
S4,mid,2025,甘肃,0.001000500250125,86.26073717587,0.001000500250125,0,0.001000500250125,0
S4,mid,2025,福建,0.08974487243622,0,0,0,0,0.08974487243622
S4,mid,2025,西藏,0.003001500750375,16.08768591622,0.003001500750375,0,0.003001500750375,0
S4,mid,2025,贵州,0.1900950475238,12.85981034489,0.1900950475238,0,0.1900950475238,0
S4,mid,2025,辽宁,0.0200100050025,33.35094620209,0.0200100050025,0,0.0200100050025,0
S4,mid,2025,陕西,0.1810905452726,35.8170385815,0.1810905452726,0,0.1810905452726,0
S4,mid,2025,青海,0.008004002001001,111.5778280558,0.008004002001001,0,0.008004002001001,0
S4,mid,2025,黑龙江,0.02501250625313,27.37151708563,0.02501250625313,0,0.02501250625313,0
S4,mid,2030,上海,4.202101050525,0,0,0,0,4.202101050525
S4,mid,2030,云南,9.604802401201,101.396127199,9.604802401201,0,9.604802401201,0
S4,mid,2030,内蒙古,0.7503751875938,431.011275526,0.7503751875938,0,0.7503751875938,0
S4,mid,2030,北京,1.800900450225,0.2569526549965,0.2569526549965,0,0.2569526549965,1.543947795228
S4,mid,2030,四川,2.341170585293,10.03653837641,2.341170585293,0,2.341170585293,0
S4,mid,2030,天津,1.833916958479,5.956329623732,1.833916958479,0,1.833916958479,0
S4,mid,2030,宁夏,0,89.10909474527,0,0,0,0
S4,mid,2030,安徽,8.104052026013,10.96208887241,8.104052026013,0,8.104052026013,0
S4,mid,2030,山东,4.529264632316,72.26106910109,4.529264632316,0,4.529264632316,0
S4,mid,2030,山西,2.851425712856,74.50277020047,2.851425712856,0,2.851425712856,0
S4,mid,2030,广东,12.0060030015,11.60918249562,11.60918249562,0,11.60918249562,0.39682050588
S4,mid,2030,广西,8.104052026013,32.8928303629,8.104052026013,0,8.104052026013,0
S4,mid,2030,新疆,0,411.9231764279,0,0,0,0
S4,mid,2030,江苏,11.85592796398,20.50437515824,11.85592796398,0,11.85592796398,0
S4,mid,2030,江西,6.348174087044,14.55078186795,6.348174087044,0,6.348174087044,0
S4,mid,2030,河北,3.301650825413,196.3338928122,3.301650825413,0,3.301650825413,0
S4,mid,2030,河南,8.824412206103,44.45129320172,8.824412206103,0,8.824412206103,0
S4,mid,2030,浙江,10.50525262631,1.384971050488,1.384971050488,0,1.384971050488,9.120281575822
S4,mid,2030,海南,0,5.325336528533,0,0,0,0
S4,mid,2030,湖北,6.708354177089,24.77448191556,6.708354177089,0,6.708354177089,0
S4,mid,2030,湖南,6.789394697349,32.44024445524,6.789394697349,0,6.789394697349,0
S4,mid,2030,甘肃,0.03001500750375,153.6498120613,0.03001500750375,0,0.03001500750375,0
S4,mid,2030,福建,2.692346173087,0,0,0,0,2.692346173087
S4,mid,2030,西藏,0.09004502251126,29.57433770166,0.09004502251126,0,0.09004502251126,0
S4,mid,2030,贵州,5.702851425713,23.73531524833,5.702851425713,0,5.702851425713,0
S4,mid,2030,辽宁,0.600300150075,56.40703474338,0.600300150075,0,0.600300150075,0
S4,mid,2030,陕西,5.432716358179,64.6199137265,5.432716358179,0,5.432716358179,0
S4,mid,2030,青海,0.24012006003,205.7963455165,0.24012006003,0,0.24012006003,0
S4,mid,2030,黑龙江,0.7503751875938,46.77083335338,0.7503751875938,0,0.7503751875938,0
S4,mid,2035,上海,9.755100768558,0,0,0,0,9.755100768558
S4,mid,2035,云南,22.29737318527,158.1589689449,22.29737318527,0,22.29737318527,0
S4,mid,2035,内蒙古,1.7419822801,669.0084575426,1.7419822801,0,1.7419822801,0
S4,mid,2035,北京,4.180757472239,0.3982720998127,0.3982720998127,0,0.3982720998127,3.782485372426
S4,mid,2035,四川,5.434984713911,15.61009402181,5.434984713911,0,5.434984713911,0
S4,mid,2035,天津,4.257404692563,9.279712145871,4.257404692563,0,4.257404692563,0
S4,mid,2035,宁夏,0,138.8823078146,0,0,0,0
S4,mid,2035,安徽,18.81340862508,17.07345798735,17.07345798735,1.739,18.81245798735,0.0009506377299999
S4,mid,2035,山东,10.51460504268,112.2436798045,10.51460504268,0,10.51460504268,0
S4,mid,2035,山西,6.619532664378,115.5491951853,6.619532664378,0,6.619532664378,0
S4,mid,2035,广东,27.87171648159,17.99813668933,17.99813668933,0,17.99813668933,9.87357979226
S4,mid,2035,广西,18.81340862508,51.05864009441,18.81340862508,0,18.81340862508,0
S4,mid,2035,新疆,0,641.4502323919,0,0,0,0
S4,mid,2035,江苏,27.52332002557,31.79174546168,27.52332002557,0,27.52332002557,0
S4,mid,2035,江西,14.73717008964,22.57743851739,14.73717008964,0,14.73717008964,0
S4,mid,2035,河北,7.664722032438,304.974536176,7.664722032438,0,7.664722032438,0
S4,mid,2035,河南,20.48571161397,68.85619204126,20.48571161397,0,20.48571161397,0
S4,mid,2035,浙江,24.38775192139,2.143543056916,2.143543056916,0,2.143543056916,22.24420886447
S4,mid,2035,海南,0,8.288132147617,0,0,0,0
S4,mid,2035,湖北,15.57332158409,38.6203584581,15.57332158409,0,15.57332158409,0
S4,mid,2035,湖南,15.76145567034,50.27629111781,15.76145567034,0,15.76145567034,0
S4,mid,2035,甘肃,0.06967929120398,239.1448224524,0.06967929120398,0,0.06967929120398,0
S4,mid,2035,福建,6.250232420997,0,0,0,0,6.250232420997
S4,mid,2035,西藏,0.2090378736119,46.14829280662,0.2090378736119,0,0.2090378736119,0
S4,mid,2035,贵州,13.23906532876,37.04878808319,13.23906532876,0,13.23906532876,0
S4,mid,2035,辽宁,1.39358582408,87.40835173231,1.39358582408,0,1.39358582408,0
S4,mid,2035,陕西,12.61195170792,100.6817591165,12.61195170792,0,12.61195170792,0
S4,mid,2035,青海,0.5574343296319,321.2127490698,0.5574343296319,0,0.5574343296319,0
S4,mid,2035,黑龙江,1.7419822801,72.54060116055,1.7419822801,0,1.7419822801,0
S4,mid,2040,上海,16.84296307539,0,0,0,0,16.84296307539
S4,mid,2040,云南,38.49820131518,200.6670422528,38.49820131518,0,38.49820131518,0
S4,mid,2040,内蒙古,3.007671977748,926.3651443519,3.007671977748,0,3.007671977748,0
S4,mid,2040,北京,7.218412746595,0.5648821180907,0.5648821180907,0,0.5648821180907,6.653530628504
S4,mid,2040,四川,9.383936570574,20.86741331013,9.383936570574,0,9.383936570574,0
S4,mid,2040,天津,7.350750313616,12.03430636548,7.350750313616,0,7.350750313616,0
S4,mid,2040,宁夏,0,178.8315946047,0,0,0,0
S4,mid,2040,安徽,32.48285735968,22.26001607035,22.26001607035,10.222,32.48201607035,0.0008412893299976
S4,mid,2040,山东,18.15430805769,153.4962078071,18.15430805769,0,18.15430805769,0
S4,mid,2040,山西,11.42915351544,162.1971702164,11.42915351544,0,11.42915351544,0
S4,mid,2040,广东,48.12275164397,25.42984885915,25.42984885915,0,25.42984885915,22.69290278482
S4,mid,2040,广西,32.48285735968,70.63035725419,32.48285735968,0,32.48285735968,0
S4,mid,2040,新疆,0,839.150201377,0,0,0,0
S4,mid,2040,江苏,47.52121724842,44.84623872898,44.84623872898,2.674,47.52023872898,0.0009785194400038
S4,mid,2040,江西,25.44490493175,31.4531593339,25.44490493175,0,25.44490493175,0
S4,mid,2040,河北,13.23375670209,416.8813605015,13.23375670209,0,13.23375670209,0
S4,mid,2040,河南,35.37022245832,98.67030006828,35.37022245832,0,35.37022245832,0
S4,mid,2040,浙江,42.10740768847,3.11472052745,3.11472052745,0,3.11472052745,38.99268716102
S4,mid,2040,海南,0,10.94952695595,0,0,0,0
S4,mid,2040,湖北,26.88858748107,49.54723529598,26.88858748107,0,26.88858748107,0
S4,mid,2040,湖南,27.21341605466,71.4394255094,27.21341605466,0,27.21341605466,0
S4,mid,2040,甘肃,0.1203068791099,315.6847092556,0.1203068791099,0,0.1203068791099,0
S4,mid,2040,福建,10.79152705616,0,0,0,0,10.79152705616
S4,mid,2040,西藏,0.3609206373298,58.13018645536,0.3609206373298,0,0.3609206373298,0
S4,mid,2040,贵州,22.85830703089,46.38983985449,22.85830703089,0,22.85830703089,0
S4,mid,2040,辽宁,2.406137582198,124.485755895,2.406137582198,0,2.406137582198,0
S4,mid,2040,陕西,21.7755451189,130.411422999,21.7755451189,0,21.7755451189,0
S4,mid,2040,青海,0.9624550328794,402.6159430907,0.9624550328794,0,0.9624550328794,0
S4,mid,2040,黑龙江,3.007671977748,101.7800125773,3.007671977748,0,3.007671977748,0
S4,mid,2045,上海,24.61749950735,0,0,0,0,24.61749950735
S4,mid,2045,云南,56.26857030253,230.0933149864,56.26857030253,0,56.26857030253,0
S4,mid,2045,内蒙古,4.395982054885,1128.38614402,4.395982054885,0,4.395982054885,0
S4,mid,2045,北京,10.55035693172,0.6985498617771,0.6985498617771,0,0.6985498617771,9.851807069943
S4,mid,2045,四川,13.71546401124,24.83357511113,13.71546401124,0,13.71546401124,0
S4,mid,2045,天津,10.74378014214,14.02134788486,10.74378014214,0,10.74378014214,0
S4,mid,2045,宁夏,0,207.2935110214,0,0,0,0
S4,mid,2045,安徽,47.47660619276,26.03437746292,26.03437746292,21.442,47.47637746292,0.0002287298400034
S4,mid,2045,山东,26.53414768328,185.4647259002,26.53414768328,0,26.53414768328,0
S4,mid,2045,山西,16.70473180856,199.2877262909,16.70473180856,0,16.70473180856,0
S4,mid,2045,广东,70.33571287816,31.37288140206,31.37288140206,0,31.37288140206,38.9628314761
S4,mid,2045,广西,47.47660619276,85.97886183378,47.47660619276,0,47.47660619276,0
S4,mid,2045,新疆,0,983.7939063099,0,0,0,0
S4,mid,2045,江苏,69.45651646718,55.27114180093,55.27114180093,14.185,69.45614180093,0.0003746662499964
S4,mid,2045,江西,37.19000818433,38.46143279579,37.19000818433,0,37.19000818433,0
S4,mid,2045,河北,19.34232104149,503.5628303045,19.34232104149,0,19.34232104149,0
S4,mid,2045,河南,51.69674896544,122.7891068512,51.69674896544,0,51.69674896544,0
S4,mid,2045,浙江,61.54374876839,3.908599151259,3.908599151259,0,3.908599151259,57.63514961713
S4,mid,2045,海南,0,12.92538560649,0,0,0,0
S4,mid,2045,湖北,39.30007957067,57.27970696777,39.30007957067,0,39.30007957067,0
S4,mid,2045,湖南,39.7748456326,88.44405774071,39.7748456326,0,39.7748456326,0
S4,mid,2045,甘肃,0.1758392821954,372.4442137219,0.1758392821954,0,0.1758392821954,0
S4,mid,2045,福建,15.77278361293,0,0,0,0,15.77278361293
S4,mid,2045,西藏,0.5275178465862,66.29501701008,0.5275178465862,0,0.5275178465862,0
S4,mid,2045,贵州,33.40946361712,52.66647573801,33.40946361712,0,33.40946361712,0
S4,mid,2045,辽宁,3.516785643908,154.3333542899,3.516785643908,0,3.516785643908,0
S4,mid,2045,陕西,31.82691007737,151.8133979554,31.82691007737,0,31.82691007737,0
S4,mid,2045,青海,1.406714257563,457.4506715143,1.406714257563,0,1.406714257563,0
S4,mid,2045,黑龙江,4.395982054885,125.0193742702,4.395982054885,0,4.395982054885,0
S4,mid,2050,上海,32.09163820499,0,0,0,0,32.09163820499
S4,mid,2050,云南,73.35231589713,239.6937979781,73.35231589713,0,73.35231589713,0
S4,mid,2050,内蒙古,5.730649679463,1228.771762198,5.730649679463,0,5.730649679463,0
S4,mid,2050,北京,13.75355923071,0.7686410122272,0.7686410122272,0,0.7686410122272,12.98491821848
S4,mid,2050,四川,17.87962699993,26.59960422212,17.87962699993,0,17.87962699993,0
S4,mid,2050,天津,14.00570781661,14.7854413978,14.00570781661,0,14.00570781661,0
S4,mid,2050,宁夏,0,217.7450815681,0,0,0,0
S4,mid,2050,安徽,61.8910165382,27.53152427524,27.53152427524,34.359,61.89052427524,0.0004922629600017
S4,mid,2050,山东,34.59020146524,200.8226065608,34.59020146524,0,34.59020146524,0
S4,mid,2050,山西,21.77646878196,218.3203539953,21.77646878196,0,21.77646878196,0
S4,mid,2050,广东,91.69039487141,34.46519477422,34.46519477422,0,34.46519477422,57.22520009719
S4,mid,2050,广西,61.8910165382,93.5865439219,61.8910165382,0,61.8910165382,0
S4,mid,2050,新疆,0,1042.231529406,0,0,0,0
S4,mid,2050,江苏,90.54426493552,60.67724847312,60.67724847312,29.867,90.54424847312,1.646239999786e-05
S4,mid,2050,江西,48.48129628826,41.99608469483,41.99608469483,0,41.99608469483,6.48521159343
S4,mid,2050,河北,25.21485858964,545.1530625134,25.21485858964,0,25.21485858964,0
S4,mid,2050,河南,67.39244023049,135.6850019737,67.39244023049,0,67.39244023049,0
S4,mid,2050,浙江,80.22909551249,4.343235775444,4.343235775444,0,4.343235775444,75.88585973705
S4,mid,2050,海南,0,13.7628757118,0,0,0,0
S4,mid,2050,湖北,51.2320081344,60.04562564952,51.2320081344,0,51.2320081344,0
S4,mid,2050,湖南,51.85091829978,97.3930222889,51.85091829978,0,51.85091829978,0
S4,mid,2050,甘肃,0.2292259871785,396.4150460578,0.2292259871785,0,0.2292259871785,0
S4,mid,2050,福建,20.56157104991,0,0,0,0,20.56157104991
S4,mid,2050,西藏,0.6876779615356,68.77154752166,0.6876779615356,0,0.6876779615356,0
S4,mid,2050,贵州,43.55293756392,54.44020011492,43.55293756392,0,43.55293756392,0
S4,mid,2050,辽宁,4.584519743571,170.1105972467,4.584519743571,0,4.584519743571,0
S4,mid,2050,陕西,41.48990367931,159.9827241026,41.48990367931,0,41.48990367931,0
S4,mid,2050,青海,1.833807897428,473.1497696906,1.833807897428,0,1.833807897428,0
S4,mid,2050,黑龙江,5.730649679463,136.9326293196,5.730649679463,0,5.730649679463,0
S4,mid,2055,上海,38.22382318248,0,0,0,0,38.22382318248
S4,mid,2055,云南,87.36873870281,245.0331157037,87.36873870281,0,87.36873870281,0
S4,mid,2055,内蒙古,6.825682711157,1299.536328255,6.825682711157,0,6.825682711157,0
S4,mid,2055,北京,16.38163850678,0.8190942626529,0.8190942626529,0,0.8190942626529,15.56254424413
S4,mid,2055,四川,21.29613005881,27.7862788479,21.29613005881,0,21.29613005881,0
S4,mid,2055,天津,16.68196854607,15.26056300209,15.26056300209,0,15.26056300209,1.42140554398
S4,mid,2055,宁夏,0,224.0627323267,0,0,0,0
S4,mid,2055,安徽,73.71737328049,28.47928562069,28.47928562069,45.238,73.71728562069,8.76597999877e-05
S4,mid,2055,山东,41.19982084454,211.49875873,41.19982084454,0,41.19982084454,0
S4,mid,2055,山西,25.9375943024,231.9082246953,25.9375943024,0,25.9375943024,0
S4,mid,2055,广东,109.2109233785,36.68463851099,36.68463851099,0,36.68463851099,72.52628486751
S4,mid,2055,广西,73.71737328049,98.94397570528,73.71737328049,0,73.71737328049,0
S4,mid,2055,新疆,0,1079.603912502,0,0,0,0
S4,mid,2055,江苏,107.8457868363,64.55241482252,64.55241482252,43.293,107.8454148225,0.0003720137799803
S4,mid,2055,江西,57.74527573639,44.5026028625,44.5026028625,0,44.5026028625,13.24267287389
S4,mid,2055,河北,30.03300392909,574.0495130853,30.03300392909,0,30.03300392909,0
S4,mid,2055,河南,80.2700286832,145.0348176181,80.2700286832,0,80.2700286832,0
S4,mid,2055,浙江,95.55955795619,4.66104387625,4.66104387625,0,4.66104387625,90.89851407994
S4,mid,2055,海南,0,14.3121936511,0,0,0,0
S4,mid,2055,湖北,61.02160343774,61.6892323309,61.02160343774,0,61.02160343774,0
S4,mid,2055,湖南,61.75877717055,103.8433948168,61.75877717055,0,61.75877717055,0
S4,mid,2055,甘肃,0.2730273084463,412.108629546,0.2730273084463,0,0.2730273084463,0
S4,mid,2055,福建,24.49054956763,0,0,0,0,24.49054956763
S4,mid,2055,西藏,0.8190819253388,70.06773615608,0.8190819253388,0,0.8190819253388,0
S4,mid,2055,贵州,51.87518860479,55.30793177479,51.87518860479,0,51.87518860479,0
S4,mid,2055,辽宁,5.460546168925,181.5014156572,5.460546168925,0,5.460546168925,0
S4,mid,2055,陕西,49.41794282877,165.040243329,49.41794282877,0,49.41794282877,0
S4,mid,2055,青海,2.18421846757,480.9316590057,2.18421846757,0,2.18421846757,0
S4,mid,2055,黑龙江,6.825682711157,145.4345569788,6.825682711157,0,6.825682711157,0
S4,mid,2060,上海,42.02101050525,0,0,0,0,42.02101050525
S4,mid,2060,云南,96.04802401201,246.178905707,96.04802401201,0,96.04802401201,0
S4,mid,2060,内蒙古,7.503751875938,1341.150017621,7.503751875938,0,7.503751875938,0
S4,mid,2060,北京,18.00900450225,0.8502213257532,0.8502213257532,0,0.8502213257532,17.1587831765
S4,mid,2060,四川,23.41170585293,28.40279509141,23.41170585293,0,23.41170585293,0
S4,mid,2060,天津,18.33916958479,15.45129955342,15.45129955342,0,15.45129955342,2.88787003137
S4,mid,2060,宁夏,0,226.3120810716,0,0,0,0
S4,mid,2060,安徽,81.04052026013,28.88638190352,28.88638190352,52.154,81.04038190352,0.0001383566099946
S4,mid,2060,山东,45.29264632316,217.5674955585,45.29264632316,0,45.29264632316,0
S4,mid,2060,山西,28.51425712856,240.1377631053,28.51425712856,0,28.51425712856,0
S4,mid,2060,广东,120.060030015,38.04506768593,38.04506768593,0,38.04506768593,82.01496232907
S4,mid,2060,广西,81.04052026013,102.0868754427,81.04052026013,0,81.04052026013,0
S4,mid,2060,新疆,0,1096.245424485,0,0,0,0
S4,mid,2060,江苏,118.5592796398,66.92094148917,66.92094148917,51.638,118.5589414892,0.0003381506300002
S4,mid,2060,江西,63.48174087044,45.99730688181,45.99730688181,0,45.99730688181,17.48443398863
S4,mid,2060,河北,33.01650825413,590.4536706176,33.01650825413,0,33.01650825413,0
S4,mid,2060,河南,88.24412206103,150.89484076,88.24412206103,0,88.24412206103,0
S4,mid,2060,浙江,105.0525262631,4.863877874683,4.863877874683,0,4.863877874683,100.1886483884
S4,mid,2060,海南,0,14.57791358576,0,0,0,0
S4,mid,2060,湖北,67.08354177089,62.22834148809,62.22834148809,4.855,67.08334148809,0.0002002827999945
S4,mid,2060,湖南,67.89394697349,107.8348355152,67.89394697349,0,67.89394697349,0
S4,mid,2060,甘肃,0.3001500750375,419.656349089,0.3001500750375,0,0.3001500750375,0
S4,mid,2060,福建,26.92346173087,0,0,0,0,26.92346173087
S4,mid,2060,西藏,0.9004502251126,70.20231849869,0.9004502251126,0,0.9004502251126,0
S4,mid,2060,贵州,57.02851425713,55.28405155442,55.28405155442,1.744,57.02805155442,0.0004627027099957
S4,mid,2060,辽宁,6.00300150075,188.575435308,6.00300150075,0,6.00300150075,0
S4,mid,2060,陕西,54.32716358179,167.035349395,54.32716358179,0,54.32716358179,0
S4,mid,2060,青海,2.4012006003,480.9220094416,2.4012006003,0,2.4012006003,0
S4,mid,2060,黑龙江,7.503751875938,150.5793053016,7.503751875938,0,7.503751875938,0
S5,high,2025,上海,3.000011612653,0,0,0,0,3.000011612653
S5,high,2025,云南,2.506513231225,55.42463688618,2.506513231225,0,2.506513231225,0
S5,high,2025,内蒙古,0.1972912748129,249.9712308819,0.1972912748129,0,0.1972912748129,0
S5,high,2025,北京,2.098518010698,0.1514952466769,0.1514952466769,0,0.1514952466769,1.947022764021
S5,high,2025,四川,0.6237019815151,5.682936472736,0.6237019815151,0,0.6237019815151,0
S5,high,2025,天津,1.78233628793,3.304104513969,1.78233628793,0,1.78233628793,0
S5,high,2025,宁夏,0,49.19439301438,0,0,0,0
S5,high,2025,安徽,2.563492754751,6.102839052569,2.563492754751,0,2.563492754751,0
S5,high,2025,山东,6.029962204683,41.55364391617,6.029962204683,0,6.029962204683,0
S5,high,2025,山西,0.9852739915183,43.61439242789,0.9852739915183,0,0.9852739915183,0
S5,high,2025,广东,8.866471440921,6.826635729473,6.826635729473,0,6.826635729473,2.039835711448
S5,high,2025,广西,3.290798561285,19.06381496691,3.290798561285,0,3.290798561285,0
S5,high,2025,新疆,0,229.8525943639,0,0,0,0
S5,high,2025,江苏,4.906327950925,12.04392863904,4.906327950925,0,4.906327950925,0
S5,high,2025,江西,2.101204002143,8.474082760956,2.101204002143,0,2.101204002143,0
S5,high,2025,河北,4.046975500427,112.8684626215,4.046975500427,0,4.046975500427,0
S5,high,2025,河南,4.570842276488,26.39369296253,4.570842276488,0,4.570842276488,0
S5,high,2025,浙江,6.792800913395,0.8302725596161,0.8302725596161,0,0.8302725596161,5.962528353779
S5,high,2025,海南,0.4811806238078,2.991317349124,0.4811806238078,0,0.4811806238078,0
S5,high,2025,湖北,2.112490264429,13.64348342791,2.112490264429,0,2.112490264429,0
S5,high,2025,湖南,2.418658129922,19.15037681832,2.418658129922,0,2.418658129922,0
S5,high,2025,甘肃,0.006950896673452,86.26073717587,0.006950896673452,0,0.006950896673452,0
S5,high,2025,福建,2.414859766097,0,0,0,0,2.414859766097
S5,high,2025,西藏,0.01614891842502,16.08768591622,0.01614891842502,0,0.01614891842502,0
S5,high,2025,贵州,1.681292856931,12.85981034489,1.681292856931,0,1.681292856931,0
S5,high,2025,辽宁,1.57075502685,33.35094620209,1.57075502685,0,1.57075502685,0
S5,high,2025,陕西,1.1185670739,35.8170385815,1.1185670739,0,1.1185670739,0
S5,high,2025,青海,0.04463170633183,111.5778280558,0.04463170633183,0,0.04463170633183,0
S5,high,2025,黑龙江,0.1345743202084,27.37151708563,0.1345743202084,0,0.1345743202084,0
S5,high,2030,上海,22.29436372188,0,0,0,0,22.29436372188
S5,high,2030,云南,9.678609369044,176.5043695686,9.678609369044,0,9.678609369044,0
S5,high,2030,内蒙古,0.7599856300258,750.2788870267,0.7599856300258,0,0.7599856300258,0
S5,high,2030,北京,14.80243044897,0.4472879549939,0.4472879549939,0,0.4472879549939,14.35514249398
S5,high,2030,四川,21.257218933,17.47101124782,17.47101124782,3.786,21.25701124782,0.0002076851805981
S5,high,2030,天津,10.03743084809,10.36842564131,10.03743084809,0,10.03743084809,0
S5,high,2030,宁夏,1.858993129402,155.1158315936,1.858993129402,0,1.858993129402,0
S5,high,2030,安徽,9.339598795834,19.08215470382,9.339598795834,0,9.339598795834,0
S5,high,2030,山东,31.24388440133,125.7877869537,31.24388440133,0,31.24388440133,0
S5,high,2030,山西,3.504019144594,129.690007386,3.504019144594,0,3.504019144594,0
S5,high,2030,广东,58.97450197336,20.20857693682,20.20857693682,0,20.20857693682,38.76592503654
S5,high,2030,广西,13.2122787957,57.25788989098,13.2122787957,0,13.2122787957,0
S5,high,2030,新疆,5.051775377251,717.0514552634,5.051775377251,0,5.051775377251,0
S5,high,2030,江苏,19.74361004167,35.69280120139,19.74361004167,0,19.74361004167,0
S5,high,2030,江西,8.459262273368,25.32913880717,8.459262273368,0,8.459262273368,0
S5,high,2030,河北,18.53035362498,341.7664060064,18.53035362498,0,18.53035362498,0
S5,high,2030,河南,19.15355839741,77.37817705485,19.15355839741,0,19.15355839741,0
S5,high,2030,浙江,35.13282833491,2.41087553233,2.41087553233,0,2.41087553233,32.72195280258
S5,high,2030,海南,2.237193693318,9.270030253372,2.237193693318,0,2.237193693318,0
S5,high,2030,湖北,10.15455499334,43.12595000117,10.15455499334,0,10.15455499334,0
S5,high,2030,湖南,10.85716466556,56.47005516283,10.85716466556,0,10.85716466556,0
S5,high,2030,甘肃,5.947742850752,267.4644876623,5.947742850752,0,5.947742850752,0
S5,high,2030,福建,10.25984292272,0,0,0,0,10.25984292272
S5,high,2030,西藏,0.07151559748909,51.4812545177,0.07151559748909,0,0.07151559748909,0
S5,high,2030,贵州,6.251555509284,41.31703024709,6.251555509284,0,6.251555509284,0
S5,high,2030,辽宁,19.3137340737,98.19002344218,19.3137340737,0,19.3137340737,0
S5,high,2030,陕西,4.69202571236,112.4865164869,4.69202571236,0,4.69202571236,0
S5,high,2030,青海,1.219240868022,358.2380829362,1.219240868022,0,1.219240868022,0
S5,high,2030,黑龙江,0.595963312409,81.41589509663,0.595963312409,0,0.595963312409,0
S5,high,2035,上海,43.40751704315,0,0,0,0,43.40751704315
S5,high,2035,云南,21.53894074883,252.7839930999,21.53894074883,0,21.53894074883,0
S5,high,2035,内蒙古,1.691468944478,1069.269927867,1.691468944478,0,1.691468944478,0
S5,high,2035,北京,29.62039802449,0.636554552692,0.636554552692,0,0.636554552692,28.9838434718
S5,high,2035,四川,39.68904144699,24.94946651348,24.94946651348,14.739,39.68846651348,0.0005749335049998
S5,high,2035,天津,19.7187930947,14.83167667759,14.83167667759,0,14.83167667759,4.887116417114
S5,high,2035,宁夏,3.38626038508,221.974286849,3.38626038508,0,3.38626038508,0
S5,high,2035,安徽,20.84068463143,27.2883473815,20.84068463143,0,20.84068463143,0
S5,high,2035,山东,61.34626459117,179.3980181491,61.34626459117,0,61.34626459117,0
S5,high,2035,山西,7.828104450357,184.6811923047,7.828104450357,0,7.828104450357,0
S5,high,2035,广东,116.2396416518,28.76625265731,28.76625265731,0,28.76625265731,87.4733889945
S5,high,2035,广西,28.05916800595,81.6065444244,28.05916800595,0,28.05916800595,0
S5,high,2035,新疆,9.202092554162,1025.223875703,9.202092554162,0,9.202092554162,0
S5,high,2035,江苏,42.06051762765,50.81244787465,42.06051762765,0,42.06051762765,0
S5,high,2035,江西,18.51771814313,36.08530771583,18.51771814313,0,18.51771814313,0
S5,high,2035,河北,36.78719472694,487.4379338881,36.78719472694,0,36.78719472694,0
S5,high,2035,河南,41.1599981648,110.0522043736,41.1599981648,0,41.1599981648,0
S5,high,2035,浙江,70.51476215505,3.4260047149,3.4260047149,0,3.4260047149,67.08875744015
S5,high,2035,海南,4.298413815262,13.24684368893,4.298413815262,0,4.298413815262,0
S5,high,2035,湖北,21.65465452476,61.72655582619,21.65465452476,0,21.65465452476,0
S5,high,2035,湖南,23.30421242571,80.35612341052,23.30421242571,0,23.30421242571,0
S5,high,2035,甘肃,10.8453206726,382.2229213555,10.8453206726,0,10.8453206726,0
S5,high,2035,福建,20.72502714229,0,0,0,0,20.72502714229
S5,high,2035,西藏,0.1582315771449,73.75838251998,0.1582315771449,0,0.1582315771449,0
S5,high,2035,贵州,13.93649413601,59.21472967143,13.93649413601,0,13.93649413601,0
S5,high,2035,辽宁,36.04625530062,139.7039467858,36.04625530062,0,36.04625530062,0
S5,high,2035,陕西,10.40424516476,160.9187090153,10.40424516476,0,10.40424516476,0
S5,high,2035,青海,2.297333194825,513.3913168894,2.297333194825,0,2.297333194825,0
S5,high,2035,黑龙江,1.318596476208,115.9409608293,1.318596476208,0,1.318596476208,0
S5,high,2040,上海,66.29598315366,0,0,0,0,66.29598315366
S5,high,2040,云南,36.65824038154,296.2227766589,36.65824038154,0,36.65824038154,0
S5,high,2040,内蒙古,2.879096865843,1367.491403567,2.879096865843,0,2.879096865843,0
S5,high,2040,北京,45.36169942255,0.8338736028958,0.8338736028958,0,0.8338736028958,44.52782581965
S5,high,2040,四川,55.92145840862,30.80427679114,30.80427679114,25.117,55.92127679114,0.0001816174849978
S5,high,2040,天津,30.94956808194,17.76492844429,17.76492844429,0,17.76492844429,13.18463963765
S5,high,2040,宁夏,4.617197611517,263.9894967975,4.617197611517,0,4.617197611517,0
S5,high,2040,安徽,35.56083467979,32.8600237229,32.8600237229,2.7,35.5600237229,0.0008109568849974
S5,high,2040,山东,97.02313236556,226.5896400961,97.02313236556,0,97.02313236556,0
S5,high,2040,山西,13.37196923155,239.4339179385,13.37196923155,0,13.37196923155,0
S5,high,2040,广东,179.5806411854,37.53930069684,37.53930069684,0,37.53930069684,142.0413404886
S5,high,2040,广西,46.83728018932,104.2638607086,46.83728018932,0,46.83728018932,0
S5,high,2040,新疆,12.54713900598,1238.745535366,12.54713900598,0,12.54713900598,0
S5,high,2040,江苏,70.14098741349,66.20159050468,66.20159050468,3.939,70.14059050468,0.0003969088139968
S5,high,2040,江西,31.05179318749,46.43085425481,31.05179318749,0,31.05179318749,0
S5,high,2040,河北,59.19295420717,615.3962940736,59.19295420717,0,59.19295420717,0
S5,high,2040,河南,67.84297719919,145.6561572436,67.84297719919,0,67.84297719919,0
S5,high,2040,浙江,112.4465828281,4.597920778617,4.597920778617,0,4.597920778617,107.8486620495
S5,high,2040,海南,6.838821589117,16.16358741116,6.838821589117,0,6.838821589117,0
S5,high,2040,湖北,35.41920246945,73.1411568655,35.41920246945,0,35.41920246945,0
S5,high,2040,湖南,38.36120759511,105.4581995615,38.36120759511,0,38.36120759511,0
S5,high,2040,甘肃,14.8085226471,466.010761282,14.8085226471,0,14.8085226471,0
S5,high,2040,福建,33.81913303905,0,0,0,0,33.81913303905
S5,high,2040,西藏,0.2678118234021,85.81122762457,0.2678118234021,0,0.2678118234021,0
S5,high,2040,贵州,23.7583980258,68.4802397852,23.7583980258,0,23.7583980258,0
S5,high,2040,辽宁,52.46990393464,183.7646872735,52.46990393464,0,52.46990393464,0
S5,high,2040,陕西,17.64684285482,192.5121006176,17.64684285482,0,17.64684285482,0
S5,high,2040,青海,3.274739061343,594.3378207529,3.274739061343,0,3.274739061343,0
S5,high,2040,黑龙江,2.231765195018,150.2466852331,2.231765195018,0,2.231765195018,0
S5,high,2045,上海,91.03018657693,0,0,0,0,91.03018657693
S5,high,2045,云南,54.90556341904,339.661560218,54.90556341904,0,54.90556341904,0
S5,high,2045,内蒙古,4.312920403968,1665.712879267,4.312920403968,0,4.312920403968,0
S5,high,2045,北京,62.61579248492,1.0311926531,1.0311926531,0,1.0311926531,61.58459983182
S5,high,2045,四川,70.57899225429,36.65908706881,36.65908706881,33.919,70.57808706881,0.0009051854800077
S5,high,2045,天津,43.61414965669,20.69818021098,20.69818021098,0,20.69818021098,22.91596944571
S5,high,2045,宁夏,5.616252521849,306.0047067459,5.616252521849,0,5.616252521849,0
S5,high,2045,安徽,53.47534865318,38.43170006431,38.43170006431,15.043,53.47470006431,0.0006485888699999
S5,high,2045,山东,137.7625927601,273.7812620432,137.7625927601,0,137.7625927601,0
S5,high,2045,山西,20.14285189143,294.1866435724,20.14285189143,0,20.14285189143,0
S5,high,2045,广东,249.3460832956,46.31234873637,46.31234873637,0,46.31234873637,203.0337345592
S5,high,2045,广西,69.31661564156,126.9211769927,69.31661564156,0,69.31661564156,0
S5,high,2045,新疆,15.26205006009,1452.267195029,15.26205006009,0,15.26205006009,0
S5,high,2045,江苏,103.7595494445,81.5907331347,81.5907331347,22.168,103.7587331347,0.0008163097519827
S5,high,2045,江西,46.09113765944,56.77640079379,46.09113765944,0,46.09113765944,0
S5,high,2045,河北,85.3186881498,743.354654259,85.3186881498,0,85.3186881498,0
S5,high,2045,河南,99.66597831209,181.2601101137,99.66597831209,0,99.66597831209,0
S5,high,2045,浙江,160.5334148933,5.769836842334,5.769836842334,0,5.769836842334,154.763578051
S5,high,2045,海南,9.779379048151,19.08033113339,9.779379048151,0,9.779379048151,0
S5,high,2045,湖北,51.51081212295,84.5557579048,51.51081212295,0,51.51081212295,0
S5,high,2045,湖南,56.1398445551,130.5602757125,56.1398445551,0,56.1398445551,0
S5,high,2045,甘肃,18.04199912639,549.7986012085,18.04199912639,0,18.04199912639,0
S5,high,2045,福建,49.29657281682,0,0,0,0,49.29657281682
S5,high,2045,西藏,0.3976233477749,97.86407272917,0.3976233477749,0,0.3976233477749,0
S5,high,2045,贵州,35.6764333371,77.74574989896,35.6764333371,0,35.6764333371,0
S5,high,2045,辽宁,68.74401285616,227.8254277612,68.74401285616,0,68.74401285616,0
S5,high,2045,陕西,26.28854474586,224.1054922199,26.28854474586,0,26.28854474586,0
S5,high,2045,青海,4.180252066554,675.2843246163,4.180252066554,0,4.180252066554,0
S5,high,2045,黑龙江,3.313527898124,184.5524096369,3.313527898124,0,3.313527898124,0
S5,high,2050,上海,117.2751129932,0,0,0,0,117.2751129932
S5,high,2050,云南,76.40641756088,383.100343777,76.40641756088,0,76.40641756088,0
S5,high,2050,内蒙古,6.003121041844,1963.934354967,6.003121041844,0,6.003121041844,0
S5,high,2050,北京,82.06404898984,1.228511703303,1.228511703303,0,1.228511703303,80.83553728653
S5,high,2050,四川,84.21646847671,42.51389734647,42.51389734647,41.702,84.21589734647,0.0005711302439977
S5,high,2050,天津,57.29446848721,23.63143197768,23.63143197768,0,23.63143197768,33.66303650952
S5,high,2050,宁夏,6.43476346052,348.0199166943,6.43476346052,0,6.43476346052,0
S5,high,2050,安徽,74.80493807052,44.00337640572,44.00337640572,30.801,74.80437640572,0.0005616648000029
S5,high,2050,山东,181.9074544637,320.9728839903,181.9074544637,0,181.9074544637,0
S5,high,2050,山西,28.23972998491,348.9393692062,28.23972998491,0,28.23972998491,0
S5,high,2050,广东,325.0078337207,55.0853967759,55.0853967759,0,55.0853967759,269.9224369448
S5,high,2050,广西,95.21756037662,149.5784932769,95.21756037662,0,95.21756037662,0
S5,high,2050,新疆,17.48633660564,1665.788854692,17.48633660564,0,17.48633660564,0
S5,high,2050,江苏,142.6923734646,96.97987576473,96.97987576473,45.712,142.6918757647,0.0004976998769735
S5,high,2050,江西,63.85732337589,67.12194733277,63.85732337589,0,63.85732337589,0
S5,high,2050,河北,114.0020723997,871.3130144445,114.0020723997,0,114.0020723997,0
S5,high,2050,河南,137.4443253325,216.8640629837,137.4443253325,0,137.4443253325,0
S5,high,2050,浙江,213.623807069,6.941752906051,6.941752906051,0,6.941752906051,206.6820541629
S5,high,2050,海南,12.90227113567,21.99707485562,12.90227113567,0,12.90227113567,0
S5,high,2050,湖北,70.17736248474,95.97035894411,70.17736248474,0,70.17736248474,0
S5,high,2050,湖南,76.95856822354,155.6623518634,76.95856822354,0,76.95856822354,0
S5,high,2050,甘肃,20.70939914881,633.5864411351,20.70939914881,0,20.70939914881,0
S5,high,2050,福建,66.56170518704,0,0,0,0,66.56170518704
S5,high,2050,西藏,0.5469618151326,109.9169178338,0.5469618151326,0,0.5469618151326,0
S5,high,2050,贵州,49.81452707366,87.01126001273,49.81452707366,0,49.81452707366,0
S5,high,2050,辽宁,84.53393643474,271.8861682489,84.53393643474,0,84.53393643474,0
S5,high,2050,陕西,36.3237731192,255.6988838222,36.3237731192,0,36.3237731192,0
S5,high,2050,青海,5.040686187516,756.2308284798,5.040686187516,0,5.040686187516,0
S5,high,2050,黑龙江,4.558015126105,218.8581340408,4.558015126105,0,4.558015126105,0
S5,high,2055,上海,144.2282139311,0,0,0,0,144.2282139311
S5,high,2055,云南,101.673405665,426.5391273361,101.673405665,0,101.673405665,0
S5,high,2055,内蒙古,7.990270745737,2262.155830667,7.990270745737,0,7.990270745737,0
S5,high,2055,北京,104.5865069732,1.425830753507,1.425830753507,0,1.425830753507,103.1606762197
S5,high,2055,四川,97.40086316912,48.36870762413,48.36870762413,49.032,97.40070762413,0.0001555449860007
S5,high,2055,天津,71.19156420934,26.56468374437,26.56468374437,0,26.56468374437,44.62688046497
S5,high,2055,宁夏,7.115841163077,390.0351266428,7.115841163077,0,7.115841163077,0
S5,high,2055,安徽,100.1423013049,49.57505274713,49.57505274713,50.567,100.1420527471,0.0002485577999778
S5,high,2055,山东,226.328211819,368.1645059373,226.328211819,0,226.328211819,0
S5,high,2055,山西,37.90089103811,403.69209484,37.90089103811,0,37.90089103811,0
S5,high,2055,广东,405.070921497,63.85844481543,63.85844481543,0,63.85844481543,341.2124766815
S5,high,2055,广西,124.2357432768,172.235809561,124.2357432768,0,124.2357432768,0
S5,high,2055,新疆,19.33715117475,1879.310514354,19.33715117475,0,19.33715117475,0
S5,high,2055,江苏,186.7856891594,112.3690183948,112.3690183948,74.416,186.7850183948,0.0006707646390112
S5,high,2055,江西,84.86875004575,77.46749387175,77.46749387175,0,77.46749387175,7.401256174
S5,high,2055,河北,143.1284305502,999.27137463,143.1284305502,0,143.1284305502,0
S5,high,2055,河南,182.5592144274,252.4680158537,182.5592144274,0,182.5592144274,0
S5,high,2055,浙江,269.6487934408,8.113668969769,8.113668969769,0,8.113668969769,261.535124471
S5,high,2055,海南,15.80475266732,24.91381857785,15.80475266732,0,15.80475266732,0
S5,high,2055,湖北,91.96285704621,107.3849599834,91.96285704621,0,91.96285704621,0
S5,high,2055,湖南,101.4645928523,180.7644280144,101.4645928523,0,101.4645928523,0
S5,high,2055,甘肃,22.94929210761,717.3742810616,22.94929210761,0,22.94929210761,0
S5,high,2055,福建,84.5681679218,0,0,0,0,84.5681679218
S5,high,2055,西藏,0.7180085372979,121.9697629384,0.7180085372979,0,0.7180085372979,0
S5,high,2055,贵州,66.54596984555,96.27677012649,66.54596984555,0,66.54596984555,0
S5,high,2055,辽宁,98.90869865719,315.9469087366,98.90869865719,0,98.90869865719,0
S5,high,2055,陕西,47.93564083396,287.2922754245,47.93564083396,0,47.93564083396,0
S5,high,2055,青海,5.886175071605,837.1773323433,5.886175071605,0,5.886175071605,0
S5,high,2055,黑龙江,5.983404477482,253.1638584446,5.983404477482,0,5.983404477482,0
S5,high,2060,上海,170.6432469965,0,0,0,0,170.6432469965
S5,high,2060,云南,131.7628456434,469.9779108951,131.7628456434,0,131.7628456434,0
S5,high,2060,内蒙古,10.35765758452,2560.377306366,10.35765758452,0,10.35765758452,0
S5,high,2060,北京,131.4130354848,1.623149803711,1.623149803711,0,1.623149803711,129.7898856811
S5,high,2060,四川,110.7987339838,54.22351790179,54.22351790179,56.575,110.7985179018,0.0002160820070003
S5,high,2060,天津,84.10480031132,29.49793551107,29.49793551107,0,29.49793551107,54.60686480025
S5,high,2060,宁夏,7.699145891745,432.0503365912,7.699145891745,0,7.699145891745,0
S5,high,2060,安徽,130.6116449976,55.14672908854,55.14672908854,75.464,130.6107290885,0.0009159090899971
S5,high,2060,山东,266.3036639058,415.3561278844,266.3036639058,0,266.3036639058,0
S5,high,2060,山西,49.56514339472,458.4448204738,49.56514339472,0,49.56514339472,0
S5,high,2060,广东,487.2248740793,72.63149285495,72.63149285495,0,72.63149285495,414.5933812244
S5,high,2060,广西,156.1346687955,194.8931258452,156.1346687955,0,156.1346687955,0
S5,high,2060,新疆,20.92226970968,2092.832174017,20.92226970968,0,20.92226970968,0
S5,high,2060,江苏,236.1219987486,127.7581610248,127.7581610248,108.363,236.1211610248,0.0008377238259811
S5,high,2060,江西,110.0735983881,87.81304041073,87.81304041073,0,87.81304041073,22.26055797738
S5,high,2060,河北,169.5495116978,1127.229734815,169.5495116978,0,169.5495116978,0
S5,high,2060,河南,237.2511199321,288.0719687237,237.2511199321,0,237.2511199321,0
S5,high,2060,浙江,325.6505982454,9.285585033486,9.285585033486,0,9.285585033486,316.3650132119
S5,high,2060,海南,17.87324292025,27.83056230008,17.87324292025,0,17.87324292025,0
S5,high,2060,湖北,117.8451832313,118.7995610227,117.8451832313,0,117.8451832313,0
S5,high,2060,湖南,130.7900540067,205.8665041654,130.7900540067,0,130.7900540067,0
S5,high,2060,甘肃,24.89081575162,801.1621209882,24.89081575162,0,24.89081575162,0
S5,high,2060,福建,101.7939800064,0,0,0,0,101.7939800064
S5,high,2060,西藏,0.9168503347548,134.022608043,0.9168503347548,0,0.9168503347548,0
S5,high,2060,贵州,86.59818821425,105.5422802403,86.59818821425,0,86.59818821425,0
S5,high,2060,辽宁,110.2999487576,360.0076492244,110.2999487576,0,110.2999487576,0
S5,high,2060,陕西,61.56628455847,318.8856670268,61.56628455847,0,61.56628455847,0
S5,high,2060,青海,6.755619864668,918.1238362067,6.755619864668,0,6.755619864668,0
S5,high,2060,黑龙江,7.64041945629,287.4695828485,7.64041945629,0,7.64041945629,0
S5,low,2025,上海,0.3482462444128,0,0,0,0,0.3482462444128
S5,low,2025,云南,0.252662986384,55.42463688618,0.252662986384,0,0.252662986384,0
S5,low,2025,内蒙古,0.01989232947617,249.9712308819,0.01989232947617,0,0.01989232947617,0
S5,low,2025,北京,0.2169216459307,0.1514952466769,0.1514952466769,0,0.1514952466769,0.0654263992538
S5,low,2025,四川,0.06291289469372,5.682936472736,0.06291289469372,0,0.06291289469372,0
S5,low,2025,天津,0.2129603581489,3.304104513969,0.2129603581489,0,0.2129603581489,0
S5,low,2025,宁夏,0,49.19439301438,0,0,0,0
S5,low,2025,安徽,0.2598902692941,6.102839052569,0.2598902692941,0,0.2598902692941,0
S5,low,2025,山东,0.730641699852,41.55364391617,0.730641699852,0,0.730641699852,0
S5,low,2025,山西,0.100115650899,43.61439242789,0.100115650899,0,0.100115650899,0
S5,low,2025,广东,1.009567079358,6.826635729473,1.009567079358,0,1.009567079358,0
S5,low,2025,广西,0.3592677894545,19.06381496691,0.3592677894545,0,0.3592677894545,0
S5,low,2025,新疆,0,229.8525943639,0,0,0,0
S5,low,2025,江苏,0.5301650994654,12.04392863904,0.5301650994654,0,0.5301650994654,0
S5,low,2025,江西,0.2132769239562,8.474082760956,0.2132769239562,0,0.2132769239562,0
S5,low,2025,河北,0.4890652734433,112.8684626215,0.4890652734433,0,0.4890652734433,0
S5,low,2025,河南,0.4682529223606,26.39369296253,0.4682529223606,0,0.4682529223606,0
S5,low,2025,浙江,0.78469301623,0.8302725596161,0.78469301623,0,0.78469301623,0
S5,low,2025,海南,0.06184631728293,2.991317349124,0.06184631728293,0,0.06184631728293,0
S5,low,2025,湖北,0.2141410917329,13.64348342791,0.2141410917329,0,0.2141410917329,0
S5,low,2025,湖南,0.2459461633079,19.15037681832,0.2459461633079,0,0.2459461633079,0
S5,low,2025,甘肃,0.0006977516335,86.26073717587,0.0006977516335,0,0.0006977516335,0
S5,low,2025,福建,0.2859293488626,0,0,0,0,0.2859293488626
S5,low,2025,西藏,0.001603547172766,16.08768591622,0.001603547172766,0,0.001603547172766,0
S5,low,2025,贵州,0.1701170694913,12.85981034489,0.1701170694913,0,0.1701170694913,0
S5,low,2025,辽宁,0.1987425102772,33.35094620209,0.1987425102772,0,0.1987425102772,0
S5,low,2025,陕西,0.1117650497407,35.8170385815,0.1117650497407,0,0.1117650497407,0
S5,low,2025,青海,0.004439361703288,111.5778280558,0.004439361703288,0,0.004439361703288,0
S5,low,2025,黑龙江,0.01336289310638,27.37151708563,0.01336289310638,0,0.01336289310638,0
S5,low,2030,上海,2.932464520646,0,0,0,0,2.932464520646
S5,low,2030,云南,2.341186947617,66.18913858822,2.341186947617,0,2.341186947617,0
S5,low,2030,内蒙古,0.183944435635,281.354582635,0.183944435635,0,0.183944435635,0
S5,low,2030,北京,1.852490638664,0.1677329831227,0.1677329831227,0,0.1677329831227,1.684757655542
S5,low,2030,四川,1.146295436256,6.551629217933,1.146295436256,0,1.146295436256,0
S5,low,2030,天津,1.63661770146,3.888159615492,1.63661770146,0,1.63661770146,0
S5,low,2030,宁夏,0.0558370442795,58.16843684761,0.0558370442795,0,0.0558370442795,0
S5,low,2030,安徽,2.292541960622,7.155808013932,2.292541960622,0,2.292541960622,0
S5,low,2030,山东,5.409901664574,47.17042010766,5.409901664574,0,5.409901664574,0
S5,low,2030,山西,0.865529350198,48.63375276975,0.865529350198,0,0.865529350198,0
S5,low,2030,广东,8.35277682847,7.578216351306,7.578216351306,0,7.578216351306,0.7745604771644
S5,low,2030,广西,2.967384655664,21.47170870912,2.967384655664,0,2.967384655664,0
S5,low,2030,新疆,0.1517360128816,268.8942957238,0.1517360128816,0,0.1517360128816,0
S5,low,2030,江苏,4.389961435289,13.38480045052,4.389961435289,0,4.389961435289,0
S5,low,2030,江西,1.888691235406,9.498427052688,1.888691235406,0,1.888691235406,0
S5,low,2030,河北,3.565922142976,128.1624022524,3.565922142976,0,3.565922142976,0
S5,low,2030,河南,3.88443138766,29.01681639557,3.88443138766,0,3.88443138766,0
S5,low,2030,浙江,6.21516003257,0.9040783246239,0.9040783246239,0,0.9040783246239,5.311081707946
S5,low,2030,海南,0.4199796429445,3.476261345015,0.4199796429445,0,0.4199796429445,0
S5,low,2030,湖北,1.964528627264,16.17223125044,1.964528627264,0,1.964528627264,0
S5,low,2030,湖南,2.182046063342,21.17627068606,2.182046063342,0,2.182046063342,0
S5,low,2030,甘肃,0.1845009519169,100.2991828734,0.1845009519169,0,0.1845009519169,0
S5,low,2030,福建,2.116975329128,0,0,0,0,2.116975329128
S5,low,2030,西藏,0.01675260087161,19.30547044414,0.01675260087161,0,0.01675260087161,0
S5,low,2030,贵州,1.526562053103,15.49388634266,1.526562053103,0,1.526562053103,0
S5,low,2030,辽宁,1.750159060315,36.82125879082,1.750159060315,0,1.750159060315,0
S5,low,2030,陕西,1.112720937842,42.18244368258,1.112720937842,0,1.112720937842,0
S5,low,2030,青海,0.07655210909429,134.3392811011,0.07655210909429,0,0.07655210909429,0
S5,low,2030,黑龙江,0.1396050072634,30.53096066124,0.1396050072634,0,0.1396050072634,0
S5,low,2035,上海,6.459643431053,0,0,0,0,6.459643431053
S5,low,2035,云南,6.512476272843,94.79399741247,6.512476272843,0,6.512476272843,0
S5,low,2035,内蒙古,0.5117652216052,400.9762229502,0.5117652216052,0,0.5117652216052,0
S5,low,2035,北京,4.903872817812,0.2387079572595,0.2387079572595,0,0.2387079572595,4.665164860552
S5,low,2035,四川,2.441889309128,9.356049942556,2.441889309128,0,2.441889309128,0
S5,low,2035,天津,3.493389189246,5.561878754096,3.493389189246,0,3.493389189246,0
S5,low,2035,宁夏,0.08165923255271,83.24035756838,0.08165923255271,0,0.08165923255271,0
S5,low,2035,安徽,6.403791358489,10.23313026806,6.403791358489,0,6.403791358489,0
S5,low,2035,山东,11.2924923391,67.2742568059,11.2924923391,0,11.2924923391,0
S5,low,2035,山西,2.421956849934,69.25544711427,2.421956849934,0,2.421956849934,0
S5,low,2035,广东,19.14720022862,10.78734474649,10.78734474649,0,10.78734474649,8.359855482133
S5,low,2035,广西,7.472978585757,30.60245415915,7.472978585757,0,7.472978585757,0
S5,low,2035,新疆,0.2219072754012,384.4589533887,0.2219072754012,0,0.2219072754012,0
S5,low,2035,江苏,11.23068304688,19.054667953,11.23068304688,0,11.23068304688,0
S5,low,2035,江西,5.244509561377,13.53199039343,5.244509561377,0,5.244509561377,0
S5,low,2035,河北,7.529431780873,182.789225208,7.529431780873,0,7.529431780873,0
S5,low,2035,河南,10.76837400727,41.26957664012,10.76837400727,0,10.76837400727,0
S5,low,2035,浙江,14.14758460945,1.284751768088,1.284751768088,0,1.284751768088,12.86283284136
S5,low,2035,海南,0.7740362619873,4.967566383347,0.7740362619873,0,0.7740362619873,0
S5,low,2035,湖北,5.389191454473,23.14745843482,5.389191454473,0,5.389191454473,0
S5,low,2035,湖南,6.016110130828,30.13354627895,6.016110130828,0,6.016110130828,0
S5,low,2035,甘肃,0.2786014846266,143.3335955083,0.2786014846266,0,0.2786014846266,0
S5,low,2035,福建,4.664854641667,0,0,0,0,4.664854641667
S5,low,2035,西藏,0.04616440111169,27.65939344499,0.04616440111169,0,0.04616440111169,0
S5,low,2035,贵州,4.257895133321,22.20552362679,4.257895133321,0,4.257895133321,0
S5,low,2035,辽宁,3.189959149305,52.38898004468,3.189959149305,0,3.189959149305,0
S5,low,2035,陕西,3.077494522123,60.34451588073,3.077494522123,0,3.077494522123,0
S5,low,2035,青海,0.1712814252078,192.5217438335,0.1712814252078,0,0.1712814252078,0
S5,low,2035,黑龙江,0.3847033425975,43.47786031097,0.3847033425975,0,0.3847033425975,0
S5,low,2040,上海,11.07528371485,0,0,0,0,11.07528371485
S5,low,2040,云南,12.72601651409,111.0835412471,12.72601651409,0,12.72601651409,0
S5,low,2040,内蒙古,1.000206519153,512.8092763377,1.000206519153,0,1.000206519153,0
S5,low,2040,北京,9.475169788229,0.3127026010859,0.3127026010859,0,0.3127026010859,9.162467187143
S5,low,2040,四川,4.140613894049,11.55160379668,4.140613894049,0,4.140613894049,0
S5,low,2040,天津,5.84297163177,6.661848166607,5.84297163177,0,5.84297163177,0
S5,low,2040,宁夏,0.09723899911227,98.99606129904,0.09723899911227,0,0.09723899911227,0
S5,low,2040,安徽,12.56464982151,12.32250889609,12.32250889609,0.242,12.56450889609,0.0001409254240006
S5,low,2040,山东,18.56987948436,84.97111503605,18.56987948436,0,18.56987948436,0
S5,low,2040,山西,4.76016317731,89.78771922695,4.76016317731,0,4.76016317731,0
S5,low,2040,广东,33.75268966017,14.07723776132,14.07723776132,0,14.07723776132,19.67545189885
S5,low,2040,广西,13.87766409524,39.09894776571,13.87766409524,0,13.87766409524,0
S5,low,2040,新疆,0.2642449687708,464.5295757623,0.2642449687708,0,0.2642449687708,0
S5,low,2040,江苏,21.05734851681,24.82559643925,21.05734851681,0,21.05734851681,0
S5,low,2040,江西,10.26867169066,17.41157034555,10.26867169066,0,10.26867169066,0
S5,low,2040,河北,12.47929885115,230.7736102776,12.47929885115,0,12.47929885115,0
S5,low,2040,河南,21.1551768313,54.62105896637,21.1551768313,0,21.1551768313,0
S5,low,2040,浙江,24.73742987139,1.724220291982,1.724220291982,0,1.724220291982,23.0132095794
S5,low,2040,海南,1.140605502304,6.061345279184,1.140605502304,0,1.140605502304,0
S5,low,2040,湖北,10.49006382877,27.42793382456,10.49006382877,0,10.49006382877,0
S5,low,2040,湖南,11.751707794,39.54682483556,11.751707794,0,11.751707794,0
S5,low,2040,甘肃,0.3458261450192,174.7540354808,0.3458261450192,0,0.3458261450192,0
S5,low,2040,福建,7.972581547832,0,0,0,0,7.972581547832
S5,low,2040,西藏,0.08937400986943,32.17921035921,0.08937400986943,0,0.08937400986943,0
S5,low,2040,贵州,8.342296545928,25.68008991945,8.342296545928,0,8.342296545928,0
S5,low,2040,辽宁,4.693485119891,68.91175772757,4.693485119891,0,4.693485119891,0
S5,low,2040,陕西,5.97970506701,72.19203773159,5.97970506701,0,5.97970506701,0
S5,low,2040,青海,0.2983015935302,222.8766827823,0.2983015935302,0,0.2983015935302,0
S5,low,2040,黑龙江,0.7447834155785,56.34250696241,0.7447834155785,0,0.7447834155785,0
S5,low,2045,上海,16.87422268837,0,0,0,0,16.87422268837
S5,low,2045,云南,20.89323242387,127.3730850817,20.89323242387,0,20.89323242387,0
S5,low,2045,内蒙古,1.642474648941,624.6423297251,1.642474648941,0,1.642474648941,0
S5,low,2045,北京,15.70639122847,0.3866972449123,0.3866972449123,0,0.3866972449123,15.31969398355
S5,low,2045,四川,6.258133070059,13.7471576508,6.258133070059,0,6.258133070059,0
S5,low,2045,天津,8.749299530244,7.761817579118,7.761817579118,0,7.761817579118,0.9874819511265
S5,low,2045,宁夏,0.1061396512248,114.7517650297,0.1061396512248,0,0.1061396512248,0
S5,low,2045,安徽,20.73891710774,14.41188752412,14.41188752412,6.327,20.73888752412,2.958362199834e-05
S5,low,2045,山东,27.49509070382,102.6679732662,27.49509070382,0,27.49509070382,0
S5,low,2045,山西,7.874566767899,110.3199913396,7.874566767899,0,7.874566767899,0
S5,low,2045,广东,52.47745206464,17.36713077614,17.36713077614,0,17.36713077614,35.1103212885
S5,low,2045,广西,22.17859535456,47.59544137227,22.17859535456,0,22.17859535456,0
S5,low,2045,新疆,0.2884323067832,544.6001981358,0.2884323067832,0,0.2884323067832,0
S5,low,2045,江苏,33.88099710647,30.59652492551,30.59652492551,3.284,33.88052492551,0.0004721809628094
S5,low,2045,江西,16.94254520161,21.29115029767,16.94254520161,0,16.94254520161,0
S5,low,2045,河北,18.57371332841,278.7579953471,18.57371332841,0,18.57371332841,0
S5,low,2045,河南,35.16657298148,67.97254129262,35.16657298148,0,35.16657298148,0
S5,low,2045,浙江,38.14218766605,2.163688815875,2.163688815875,0,2.163688815875,35.97849885017
S5,low,2045,海南,1.546556058362,7.15512417502,1.546556058362,0,1.546556058362,0
S5,low,2045,湖北,17.24105586411,31.7084092143,17.24105586411,0,17.24105586411,0
S5,low,2045,湖南,19.38624542936,48.96010339218,19.38624542936,0,19.38624542936,0
S5,low,2045,甘肃,0.3971694238948,206.1744754532,0.3971694238948,0,0.3971694238948,0
S5,low,2045,福建,12.11705721684,0,0,0,0,12.11705721684
S5,low,2045,西藏,0.1449197248434,36.69902727344,0.1449197248434,0,0.1449197248434,0
S5,low,2045,贵州,13.74375713016,29.15465621211,13.74375713016,0,13.74375713016,0
S5,low,2045,辽宁,6.355757836292,85.43453541046,6.355757836292,0,6.355757836292,0
S5,low,2045,陕西,9.743553698617,84.03955958245,9.743553698617,0,9.743553698617,0
S5,low,2045,青海,0.455813046009,253.2316217311,0.455813046009,0,0.455813046009,0
S5,low,2045,黑龙江,1.207664373695,69.20715361386,1.207664373695,0,1.207664373695,0
S5,low,2050,上海,23.94218768836,0,0,0,0,23.94218768836
S5,low,2050,云南,30.95356617213,143.6626289164,30.95356617213,0,30.95356617213,0
S5,low,2050,内蒙古,2.433998641479,736.4753831125,2.433998641479,0,2.433998641479,0
S5,low,2050,北京,23.77186478077,0.4606918887387,0.4606918887387,0,0.4606918887387,23.31117289203
S5,low,2050,四川,8.798998712424,15.94271150492,8.798998712424,0,8.798998712424,0
S5,low,2050,天津,12.26853739266,8.861786991629,8.861786991629,0,8.861786991629,3.406750401033
S5,low,2050,宁夏,0.1101275983521,130.5074687604,0.1101275983521,0,0.1101275983521,0
S5,low,2050,安徽,30.92436342017,16.50126615215,16.50126615215,14.423,30.92426615215,9.726802400678e-05
S5,low,2050,山东,38.29056408837,120.3648314963,38.29056408837,0,38.29056408837,0
S5,low,2050,山西,11.77345693017,130.8522634523,11.77345693017,0,11.77345693017,0
S5,low,2050,广东,75.63721566115,20.65702379096,20.65702379096,0,20.65702379096,54.98019187019
S5,low,2050,广西,32.39029802956,56.09193497883,32.39029802956,0,32.39029802956,0
S5,low,2050,新疆,0.299269470614,624.6708205094,0.299269470614,0,0.299269470614,0
S5,low,2050,江苏,49.74669067725,36.36745341177,36.36745341177,13.379,49.74645341177,0.0002372654825109
S5,low,2050,江西,25.27538291551,25.17073024979,25.17073024979,0,25.17073024979,0.104652665723
S5,low,2050,河北,25.95339358505,326.7423804167,25.95339358505,0,25.95339358505,0
S5,low,2050,河南,52.99807777953,81.32402361887,52.99807777953,0,52.99807777953,0
S5,low,2050,浙江,54.51475445492,2.603157339769,2.603157339769,0,2.603157339769,51.91159711515
S5,low,2050,海南,2.013273780396,8.248903070857,2.013273780396,0,2.013273780396,0
S5,low,2050,湖北,25.64161207356,35.98888460404,25.64161207356,0,25.64161207356,0
S5,low,2050,湖南,28.94958385318,58.37338194879,28.94958385318,0,28.94958385318,0
S5,low,2050,甘肃,0.4379709904772,237.5949154257,0.4379709904772,0,0.4379709904772,0
S5,low,2050,福建,17.17053393947,0,0,0,0,17.17053393947
S5,low,2050,西藏,0.2114332614608,41.21884418766,0.2114332614608,0,0.2114332614608,0
S5,low,2050,贵州,20.44734858355,32.62922250477,20.44734858355,0,20.44734858355,0
S5,low,2050,辽宁,8.24411712266,101.9573130934,8.24411712266,0,8.24411712266,0
S5,low,2050,陕西,14.3021994722,95.88708143331,14.3021994722,0,14.3021994722,0
S5,low,2050,青海,0.6413112209646,283.5865606799,0.6413112209646,0,0.6413112209646,0
S5,low,2050,黑龙江,1.761943845507,82.0718002653,1.761943845507,0,1.761943845507,0
S5,low,2055,上海,32.41542215559,0,0,0,0,32.41542215559
S5,low,2055,云南,42.96873468651,159.952172751,42.96873468651,0,42.96873468651,0
S5,low,2055,内蒙古,3.37979563027,848.3084365,3.37979563027,0,3.37979563027,0
S5,low,2055,北京,33.90408059224,0.5346865325651,0.5346865325651,0,0.5346865325651,33.36939405968
S5,low,2055,四川,11.78929325409,18.13826535905,11.78929325409,0,11.78929325409,0
S5,low,2055,天津,16.47799884563,9.96175640414,9.96175640414,0,9.96175640414,6.51624244149
S5,low,2055,宁夏,0.1101236889794,146.263172491,0.1101236889794,0,0.1101236889794,0
S5,low,2055,安徽,43.23272856881,18.59064478017,18.59064478017,24.642,43.23264478017,8.37886430034e-05
S5,low,2055,山东,51.23103188903,138.0616897265,51.23103188903,0,51.23103188903,0
S5,low,2055,山西,16.50722888572,151.384535565,16.50722888572,0,16.50722888572,0
S5,low,2055,广东,103.7191279837,23.94691680578,23.94691680578,0,23.94691680578,79.77221117797
S5,low,2055,广西,44.63224249297,64.58842858539,44.63224249297,0,44.63224249297,0
S5,low,2055,新疆,0.2992588469744,704.7414428829,0.2992588469744,0,0.2992588469744,0
S5,low,2055,江苏,68.86058624774,42.13838189803,42.13838189803,26.722,68.86038189803,0.0002043497116375
S5,low,2055,江西,35.36754678702,29.05031020191,29.05031020191,0,29.05031020191,6.317236585105
S5,low,2055,河北,34.79815622568,374.7267654862,34.79815622568,0,34.79815622568,0
S5,low,2055,河南,75.01017719999,94.67550594512,75.01017719999,0,75.01017719999,0
S5,low,2055,浙江,74.13914313337,3.042625863663,3.042625863663,0,3.042625863663,71.0965172697
S5,low,2055,海南,2.560549183502,9.342681966693,2.560549183502,0,2.560549183502,0
S5,low,2055,湖北,35.78417586602,40.26935999378,35.78417586602,0,35.78417586602,0
S5,low,2055,湖南,40.57253272648,67.78666050541,40.57253272648,0,40.57253272648,0
S5,low,2055,甘肃,0.4712387738594,269.0153553981,0.4712387738594,0,0.4712387738594,0
S5,low,2055,福建,23.2394383978,0,0,0,0,23.2394383978
S5,low,2055,西藏,0.2885157232517,45.73866110188,0.2885157232517,0,0.2885157232517,0
S5,low,2055,贵州,28.51539080592,36.10378879744,28.51539080592,0,28.51539080592,0
S5,low,2055,辽宁,10.42204069029,118.4800907762,10.42204069029,0,10.42204069029,0
S5,low,2055,陕西,19.65076055681,107.7346032842,19.65076055681,0,19.65076055681,0
S5,low,2055,青海,0.8544483765892,313.9414996287,0.8544483765892,0,0.8544483765892,0
S5,low,2055,黑龙江,2.404297693765,94.93644691674,2.404297693765,0,2.404297693765,0
S5,low,2060,上海,42.51602208729,0,0,0,0,42.51602208729
S5,low,2060,云南,57.19428327174,176.2417165857,57.19428327174,0,57.19428327174,0
S5,low,2060,内蒙古,4.500051750165,960.1414898874,4.500051750165,0,4.500051750165,0
S5,low,2060,北京,46.39882195474,0.6086811763915,0.6086811763915,0,0.6086811763915,45.79014077834
S5,low,2060,四川,15.29818008144,20.33381921317,15.29818008144,0,15.29818008144,0
S5,low,2060,天津,21.49227029513,11.06172581665,11.06172581665,0,11.06172581665,10.43054447848
S5,low,2060,宁夏,0.1066160259333,162.0188762217,0.1066160259333,0,0.1066160259333,0
S5,low,2060,安徽,57.94727890025,20.6800234082,20.6800234082,37.267,57.9470234082,0.0002554920489928
S5,low,2060,山东,66.68524476691,155.7585479566,66.68524476691,0,66.68524476691,0
S5,low,2060,山西,22.18811229948,171.9168076777,22.18811229948,0,22.18811229948,0
S5,low,2060,广东,137.4743090169,27.23680982061,27.23680982061,0,27.23680982061,110.2374991962
S5,low,2060,广西,59.19009573614,73.08492219195,59.19009573614,0,59.19009573614,0
S5,low,2060,新疆,0.2897268452002,784.8120652565,0.2897268452002,0,0.2897268452002,0
S5,low,2060,江苏,91.67734961665,47.90931038429,47.90931038429,43.768,91.67731038429,3.923236263859e-05
S5,low,2060,江西,47.45520925319,32.92989015402,32.92989015402,0,32.92989015402,14.52531909917
S5,low,2060,河北,45.356382981,422.7111505558,45.356382981,0,45.356382981,0
S5,low,2060,河南,101.7807909476,108.0269882714,101.7807909476,0,101.7807909476,0
S5,low,2060,浙江,97.51503439253,3.482094387557,3.482094387557,0,3.482094387557,94.03294000497
S5,low,2060,海南,3.207659795136,10.43646086253,3.207659795136,0,3.207659795136,0
S5,low,2060,湖北,47.90243729353,44.54983538352,44.54983538352,3.352,47.90183538352,0.0006019100059049
S5,low,2060,湖南,54.5338850564,77.19993906203,54.5338850564,0,54.5338850564,0
S5,low,2060,甘肃,0.4991926798485,300.4357953706,0.4991926798485,0,0.4991926798485,0
S5,low,2060,福建,30.48654447158,0,0,0,0,30.48654447158
S5,low,2060,西藏,0.3774545578725,50.25847801611,0.3774545578725,0,0.3774545578725,0
S5,low,2060,贵州,38.12872489481,39.5783550901,38.12872489481,0,38.12872489481,0
S5,low,2060,辽宁,12.95988729187,135.0028684591,12.95988729187,0,12.95988729187,0
S5,low,2060,陕西,25.88866499113,119.582125135,25.88866499113,0,25.88866499113,0
S5,low,2060,青海,1.099163119703,344.2964385775,1.099163119703,0,1.099163119703,0
S5,low,2060,黑龙江,3.145454648938,107.8010935682,3.145454648938,0,3.145454648938,0
S5,mid,2025,上海,1.421405771887,0,0,0,0,1.421405771887
S5,mid,2025,云南,1.325306832385,55.42463688618,1.325306832385,0,1.325306832385,0
S5,mid,2025,内蒙古,0.1043307759924,249.9712308819,0.1043307759924,0,0.1043307759924,0
S5,mid,2025,北京,1.125049955066,0.1514952466769,0.1514952466769,0,0.1514952466769,0.9735547083896
S5,mid,2025,四川,0.3299004312343,5.682936472736,0.3299004312343,0,0.3299004312343,0
S5,mid,2025,天津,0.8207086777803,3.304104513969,0.8207086777803,0,0.8207086777803,0
S5,mid,2025,宁夏,0,49.19439301438,0,0,0,0
S5,mid,2025,安徽,1.359695688045,6.102839052569,1.359695688045,0,1.359695688045,0
S5,mid,2025,山东,2.740452162977,41.55364391617,2.740452162977,0,2.740452162977,0
S5,mid,2025,山西,0.5232494642768,43.61439242789,0.5232494642768,0,0.5232494642768,0
S5,mid,2025,广东,4.29458558052,6.826635729473,4.29458558052,0,4.29458558052,0
S5,mid,2025,广西,1.641727021535,19.06381496691,1.641727021535,0,1.641727021535,0
S5,mid,2025,新疆,0,229.8525943639,0,0,0,0
S5,mid,2025,江苏,2.474483927207,12.04392863904,2.474483927207,0,2.474483927207,0
S5,mid,2025,江西,1.115224102212,8.474082760956,1.115224102212,0,1.115224102212,0
S5,mid,2025,河北,1.843562049875,112.8684626215,1.843562049875,0,1.843562049875,0
S5,mid,2025,河南,2.438353178052,26.39369296253,2.438353178052,0,2.438353178052,0
S5,mid,2025,浙江,3.229719614597,0.8302725596161,0.8302725596161,0,0.8302725596161,2.399447054981
S5,mid,2025,海南,0.2046359733328,2.991317349124,0.2046359733328,0,0.2046359733328,0
S5,mid,2025,湖北,1.120406063276,13.64348342791,1.120406063276,0,1.120406063276,0
S5,mid,2025,湖南,1.284998085907,19.15037681832,1.284998085907,0,1.284998085907,0
S5,mid,2025,甘肃,0.003666876023768,86.26073717587,0.003666876023768,0,0.003666876023768,0
S5,mid,2025,福建,1.122683006968,0,0,0,0,1.122683006968
S5,mid,2025,西藏,0.00846885299166,16.08768591622,0.00846885299166,0,0.00846885299166,0
S5,mid,2025,贵州,0.890809200622,12.85981034489,0.890809200622,0,0.890809200622,0
S5,mid,2025,辽宁,0.6786827159364,33.35094620209,0.6786827159364,0,0.6786827159364,0
S5,mid,2025,陕西,0.5885952329392,35.8170385815,0.5885952329392,0,0.5885952329392,0
S5,mid,2025,青海,0.02342753300431,111.5778280558,0.02342753300431,0,0.02342753300431,0
S5,mid,2025,黑龙江,0.0705737749305,27.37151708563,0.0705737749305,0,0.0705737749305,0
S5,mid,2030,上海,10.16668627817,0,0,0,0,10.16668627817
S5,mid,2030,云南,6.239940418233,101.396127199,6.239940418233,0,6.239940418233,0
S5,mid,2030,内蒙古,0.4902651280353,431.011275526,0.4902651280353,0,0.4902651280353,0
S5,mid,2030,北京,7.033727121891,0.2569526549965,0.2569526549965,0,0.2569526549965,6.776774466895
S5,mid,2030,四川,7.585864857514,10.03653837641,7.585864857514,0,7.585864857514,0
S5,mid,2030,天津,4.930169532734,5.956329623732,4.930169532734,0,4.930169532734,0
S5,mid,2030,宁夏,0.595287496864,89.10909474527,0.595287496864,0,0.595287496864,0
S5,mid,2030,安徽,6.110287457028,10.96208887241,6.110287457028,0,6.110287457028,0
S5,mid,2030,山东,15.64556617717,72.26106910109,15.64556617717,0,15.64556617717,0
S5,mid,2030,山西,2.306886078007,74.50277020047,2.306886078007,0,2.306886078007,0
S5,mid,2030,广东,27.9822165971,11.60918249562,11.60918249562,0,11.60918249562,16.37303410148
S5,mid,2030,广西,7.908938441749,32.8928303629,7.908938441749,0,7.908938441749,0
S5,mid,2030,新疆,1.617681459647,411.9231764279,1.617681459647,0,1.617681459647,0
S5,mid,2030,江苏,11.84249658104,20.50437515824,11.84249658104,0,11.84249658104,0
S5,mid,2030,江西,5.249977981793,14.55078186795,5.249977981793,0,5.249977981793,0
S5,mid,2030,河北,9.742782776159,196.3338928122,9.742782776159,0,9.742782776159,0
S5,mid,2030,河南,11.39303158007,44.45129320172,11.39303158007,0,11.39303158007,0
S5,mid,2030,浙江,18.18423479277,1.384971050488,1.384971050488,0,1.384971050488,16.79926374228
S5,mid,2030,海南,1.119367230162,5.325336528533,1.119367230162,0,1.119367230162,0
S5,mid,2030,湖北,5.824038374619,24.77448191556,5.824038374619,0,5.824038374619,0
S5,mid,2030,湖南,6.373894734256,32.44024445524,6.373894734256,0,6.373894734256,0
S5,mid,2030,甘肃,1.913479787338,153.6498120613,1.913479787338,0,1.913479787338,0
S5,mid,2030,福建,5.642351600363,0,0,0,0,5.642351600363
S5,mid,2030,西藏,0.04465052711648,29.57433770166,0.04465052711648,0,0.04465052711648,0
S5,mid,2030,贵州,4.068729439056,23.73531524833,4.068729439056,0,4.068729439056,0
S5,mid,2030,辽宁,7.554942031647,56.40703474338,7.554942031647,0,7.554942031647,0
S5,mid,2030,陕西,2.965723160776,64.6199137265,2.965723160776,0,2.965723160776,0
S5,mid,2030,青海,0.4500665335466,205.7963455165,0.4500665335466,0,0.4500665335466,0
S5,mid,2030,黑龙江,0.3720877259706,46.77083335338,0.3720877259706,0,0.3720877259706,0
S5,mid,2035,上海,20.09747869125,0,0,0,0,20.09747869125
S5,mid,2035,云南,15.16299498499,158.1589689449,15.16299498499,0,15.16299498499,0
S5,mid,2035,内蒙古,1.191193543505,669.0084575426,1.191193543505,0,1.191193543505,0
S5,mid,2035,北京,14.59382130029,0.3982720998127,0.3982720998127,0,0.3982720998127,14.19554920048
S5,mid,2035,四川,13.38289970639,15.61009402181,13.38289970639,0,13.38289970639,0
S5,mid,2035,天津,9.899366817825,9.279712145871,9.279712145871,0,9.279712145871,0.619654671954
S5,mid,2035,宁夏,0.9489571895678,138.8823078146,0.9489571895678,0,0.9489571895678,0
S5,mid,2035,安徽,14.80338482294,17.07345798735,14.80338482294,0,14.80338482294,0
S5,mid,2035,山东,31.31385895709,112.2436798045,31.31385895709,0,31.31385895709,0
S5,mid,2035,山西,5.581760910551,115.5491951853,5.581760910551,0,5.581760910551,0
S5,mid,2035,广东,56.64800848118,17.99813668933,17.99813668933,0,17.99813668933,38.64987179185
S5,mid,2035,广西,18.02586528618,51.05864009441,18.02586528618,0,18.02586528618,0
S5,mid,2035,新疆,2.578771534173,641.4502323919,2.578771534173,0,2.578771534173,0
S5,mid,2035,江苏,27.09263147914,31.79174546168,27.09263147914,0,27.09263147914,0
S5,mid,2035,江西,12.47243563398,22.57743851739,12.47243563398,0,12.47243563398,0
S5,mid,2035,河北,19.8823169574,304.974536176,19.8823169574,0,19.8823169574,0
S5,mid,2035,河南,26.30074690815,68.85619204126,26.30074690815,0,26.30074690815,0
S5,mid,2035,浙江,38.04374657688,2.143543056916,2.143543056916,0,2.143543056916,35.90020351996
S5,mid,2035,海南,2.137824186888,8.288132147617,2.137824186888,0,2.137824186888,0
S5,mid,2035,湖北,13.46109316756,38.6203584581,13.46109316756,0,13.46109316756,0
S5,mid,2035,湖南,14.80224523551,50.27629111781,14.80224523551,0,14.80224523551,0
S5,mid,2035,甘肃,3.065306189717,239.1448224524,3.065306189717,0,3.065306189717,0
S5,mid,2035,福建,11.86515678006,0,0,0,0,11.86515678006
S5,mid,2035,西藏,0.1092302764714,46.14829280662,0.1092302764714,0,0.1092302764714,0
S5,mid,2035,贵州,9.867800525413,37.04878808319,9.867800525413,0,9.867800525413,0
S5,mid,2035,辽宁,13.37176509886,87.40835173231,13.37176509886,0,13.37176509886,0
S5,mid,2035,陕西,7.23639153147,100.6817591165,7.23639153147,0,7.23639153147,0
S5,mid,2035,青海,0.821244425368,321.2127490698,0.821244425368,0,0.821244425368,0
S5,mid,2035,黑龙江,0.9102523039285,72.54060116055,0.9102523039285,0,0.9102523039285,0
S5,mid,2040,上海,31.65526403504,0,0,0,0,31.65526403504
S5,mid,2040,云南,27.08854882795,200.6670422528,27.08854882795,0,27.08854882795,0
S5,mid,2040,内蒙古,2.127923043253,926.3651443519,2.127923043253,0,2.127923043253,0
S5,mid,2040,北京,23.59038834392,0.5648821180907,0.5648821180907,0,0.5648821180907,23.02550622583
S5,mid,2040,四川,18.86313866143,20.86741331013,18.86313866143,0,18.86313866143,0
S5,mid,2040,天津,15.86506318498,12.03430636548,12.03430636548,0,12.03430636548,3.830756819497
S5,mid,2040,宁夏,1.1982378086,178.8315946047,1.1982378086,0,1.1982378086,0
S5,mid,2040,安徽,26.40548975826,22.26001607035,22.26001607035,4.145,26.40501607035,0.0004736879059983
S5,mid,2040,山东,50.19744626165,153.4962078071,50.19744626165,0,50.19744626165,0
S5,mid,2040,山西,9.949929384765,162.1971702164,9.949929384765,0,9.949929384765,0
S5,mid,2040,广东,90.74066543772,25.42984885915,25.42984885915,0,25.42984885915,65.31081657858
S5,mid,2040,广西,31.2236002627,70.63035725419,31.2236002627,0,31.2236002627,0
S5,mid,2040,新疆,3.256186460207,839.150201377,3.256186460207,0,3.256186460207,0
S5,mid,2040,江苏,46.98630143342,44.84623872898,44.84623872898,2.14,46.98623872898,6.270443640233e-05
S5,mid,2040,江西,22.00108149154,31.4531593339,22.00108149154,0,22.00108149154,0
S5,mid,2040,河北,32.36098111559,416.8813605015,32.36098111559,0,32.36098111559,0
S5,mid,2040,河南,45.62293806785,98.67030006828,45.62293806785,0,45.62293806785,0
S5,mid,2040,浙江,62.60130837425,3.11472052745,3.11472052745,0,3.11472052745,59.4865878468
S5,mid,2040,海南,3.34203718988,10.94952695595,3.34203718988,0,3.34203718988,0
S5,mid,2040,湖北,23.36071311733,49.54723529598,23.36071311733,0,23.36071311733,0
S5,mid,2040,湖南,25.76414086088,71.4394255094,25.76414086088,0,25.76414086088,0
S5,mid,2040,甘肃,3.893358876952,315.6847092556,3.893358876952,0,3.893358876952,0
S5,mid,2040,福建,19.68247920605,0,0,0,0,19.68247920605
S5,mid,2040,西藏,0.1958043149101,58.13018645536,0.1958043149101,0,0.1958043149101,0
S5,mid,2040,贵州,17.61125434383,46.38983985449,17.61125434383,0,17.61125434383,0
S5,mid,2040,辽宁,19.22425519285,124.485755895,19.22425519285,0,19.22425519285,0
S5,mid,2040,陕西,12.95483396328,130.411422999,12.95483396328,0,12.95483396328,0
S5,mid,2040,青海,1.194861136419,402.6159430907,1.194861136419,0,1.194861136419,0
S5,mid,2040,黑龙江,1.631702624251,101.7800125773,1.631702624251,0,1.631702624251,0
S5,mid,2045,上海,45.02065501059,0,0,0,0,45.02065501059
S5,mid,2045,云南,41.65276851263,230.0933149864,41.65276851263,0,41.65276851263,0
S5,mid,2045,内蒙古,3.272242762782,1128.38614402,3.272242762782,0,3.272242762782,0
S5,mid,2045,北京,34.29803962176,0.6985498617771,0.6985498617771,0,0.6985498617771,33.59948975998
S5,mid,2045,四川,24.16917898533,24.83357511113,24.16917898533,0,24.16917898533,0
S5,mid,2045,天津,22.93507389379,14.02134788486,14.02134788486,0,14.02134788486,8.913726008928
S5,mid,2045,宁夏,1.365738161186,207.2935110214,1.365738161186,0,1.365738161186,0
S5,mid,2045,安徽,40.67481541057,26.03437746292,26.03437746292,14.64,40.67437746292,0.0004379476499992
S5,mid,2045,山东,72.74055024729,185.4647259002,72.74055024729,0,72.74055024729,0
S5,mid,2045,山西,15.33842484318,199.2877262909,15.33842484318,0,15.33842484318,0
S5,mid,2045,广东,130.791410376,31.37288140206,31.37288140206,0,31.37288140206,99.41852897396
S5,mid,2045,广西,47.33262556875,85.97886183378,47.33262556875,0,47.33262556875,0
S5,mid,2045,新疆,3.711365203739,983.7939063099,3.711365203739,0,3.711365203739,0
S5,mid,2045,江苏,71.30314859386,55.27114180093,55.27114180093,16.032,71.30314180093,6.792925887567e-06
S5,mid,2045,江西,33.67099263752,38.46143279579,33.67099263752,0,33.67099263752,0
S5,mid,2045,河北,47.42897347661,503.5628303045,47.42897347661,0,47.42897347661,0
S5,mid,2045,河南,69.40759572432,122.7891068512,69.40759572432,0,69.40759572432,0
S5,mid,2045,浙江,92.00741843737,3.908599151259,3.908599151259,0,3.908599151259,88.09881928611
S5,mid,2045,海南,4.785331400997,12.92538560649,4.785331400997,0,4.785331400997,0
S5,mid,2045,湖北,35.35114617349,57.27970696777,35.35114617349,0,35.35114617349,0
S5,mid,2045,湖南,39.1246674893,88.44405774071,39.1246674893,0,39.1246674893,0
S5,mid,2045,甘肃,4.468368498434,372.4442137219,4.468368498434,0,4.468368498434,0
S5,mid,2045,福建,29.18911136828,0,0,0,0,29.18911136828
S5,mid,2045,西藏,0.2998935911421,66.29501701008,0.2998935911421,0,0.2998935911421,0
S5,mid,2045,贵州,27.11112055661,52.66647573801,27.11112055661,0,27.11112055661,0
S5,mid,2045,辽宁,25.39105591807,154.3333542899,25.39105591807,0,25.39105591807,0
S5,mid,2045,陕西,19.87177785642,151.8133979554,19.87177785642,0,19.87177785642,0
S5,mid,2045,青海,1.571659389338,457.4506715143,1.571659389338,0,1.571659389338,0
S5,mid,2045,黑龙江,2.499113259517,125.0193742702,2.499113259517,0,2.499113259517,0
S5,mid,2050,上海,60.34475430018,0,0,0,0,60.34475430018
S5,mid,2050,云南,58.44389051684,239.6937979781,58.44389051684,0,58.44389051684,0
S5,mid,2050,内蒙古,4.592258040021,1228.771762198,4.592258040021,0,4.592258040021,0
S5,mid,2050,北京,47.00810863266,0.7686410122272,0.7686410122272,0,0.7686410122272,46.23946762044
S5,mid,2050,四川,29.34258338211,26.59960422212,26.59960422212,2.742,29.34160422212,0.0009791599929976
S5,mid,2050,天津,31.22093678697,14.7854413978,14.7854413978,0,14.7854413978,16.43549538917
S5,mid,2050,宁夏,1.465210181365,217.7450815681,1.465210181365,0,1.465210181365,0
S5,mid,2050,安徽,57.34767192707,27.53152427524,27.53152427524,29.816,57.34752427524,0.0001476518300052
S5,mid,2050,山东,99.43127000128,200.8226065608,99.43127000128,0,99.43127000128,0
S5,mid,2050,山西,21.67001632625,218.3203539953,21.67001632625,0,21.67001632625,0
S5,mid,2050,广东,177.295670152,34.46519477422,34.46519477422,0,34.46519477422,142.8304753778
S5,mid,2050,广西,66.16730840934,93.5865439219,66.16730840934,0,66.16730840934,0
S5,mid,2050,新疆,3.981678361069,1042.231529406,3.981678361069,0,3.981678361069,0
S5,mid,2050,江苏,99.80536338201,60.67724847312,60.67724847312,39.128,99.80524847312,0.0001149088943038
S5,mid,2050,江西,47.29965099178,41.99608469483,41.99608469483,0,41.99608469483,5.303566296949
S5,mid,2050,河北,65.3745103965,545.1530625134,65.3745103965,0,65.3745103965,0
S5,mid,2050,河南,97.73176335768,135.6850019737,97.73176335768,0,97.73176335768,0
S5,mid,2050,浙江,126.4066544382,4.343235775444,4.343235775444,0,4.343235775444,122.0634186627
S5,mid,2050,海南,6.528862692679,13.7628757118,6.528862692679,0,6.528862692679,0
S5,mid,2050,湖北,49.23045178675,60.04562564952,49.23045178675,0,49.23045178675,0
S5,mid,2050,湖南,54.73068864115,97.3930222889,54.73068864115,0,54.73068864115,0
S5,mid,2050,甘肃,4.832675526669,396.4150460578,4.832675526669,0,4.832675526669,0
S5,mid,2050,福建,40.49937490372,0,0,0,0,40.49937490372
S5,mid,2050,西藏,0.4162660066314,68.77154752166,0.4162660066314,0,0.4162660066314,0
S5,mid,2050,贵州,38.1589475933,54.44020011492,38.1589475933,0,38.1589475933,0
S5,mid,2050,辽宁,32.11226462029,170.1105972467,32.11226462029,0,32.11226462029,0
S5,mid,2050,陕西,27.69847743171,159.9827241026,27.69847743171,0,27.69847743171,0
S5,mid,2050,青海,1.945557829265,473.1497696906,1.945557829265,0,1.945557829265,0
S5,mid,2050,黑龙江,3.468883388595,136.9326293196,3.468883388595,0,3.468883388595,0
S5,mid,2055,上海,77.8675795024,0,0,0,0,77.8675795024
S5,mid,2055,云南,77.21757455865,245.0331157037,77.21757455865,0,77.21757455865,0
S5,mid,2055,内蒙古,6.069216132495,1299.536328255,6.069216132495,0,6.069216132495,0
S5,mid,2055,北京,62.08673812548,0.8190942626529,0.8190942626529,0,0.8190942626529,61.26764386282
S5,mid,2055,四川,34.41169013564,27.7862788479,27.7862788479,6.625,34.4112788479,0.0004112877420042
S5,mid,2055,天津,40.88769747579,15.26056300209,15.26056300209,0,15.26056300209,25.6271344737
S5,mid,2055,宁夏,1.505028200143,224.0627323267,1.505028200143,0,1.505028200143,0
S5,mid,2055,安徽,76.32054878835,28.47928562069,28.47928562069,47.841,76.32028562069,0.0002631676600089
S5,mid,2055,山东,130.9283464104,211.49875873,130.9283464104,0,130.9283464104,0
S5,mid,2055,山西,28.9273447625,231.9082246953,28.9273447625,0,28.9273447625,0
S5,mid,2055,广东,231.042163402,36.68463851099,36.68463851099,0,36.68463851099,194.357524891
S5,mid,2055,广西,87.71115944709,98.94397570528,87.71115944709,0,87.71115944709,0
S5,mid,2055,新疆,4.089883003493,1079.603912502,4.089883003493,0,4.089883003493,0
S5,mid,2055,江苏,132.5093518969,64.55241482252,64.55241482252,67.956,132.5084148225,0.0009370744110697
S5,mid,2055,江西,62.83133675049,44.5026028625,44.5026028625,0,44.5026028625,18.32873388799
S5,mid,2055,河北,86.6100448858,574.0495130853,86.6100448858,0,86.6100448858,0
S5,mid,2055,河南,130.9094077471,145.0348176181,130.9094077471,0,130.9094077471,0
S5,mid,2055,浙江,166.1986256115,4.66104387625,4.66104387625,0,4.66104387625,161.5375817352
S5,mid,2055,海南,8.643296249294,14.3121936511,8.643296249294,0,8.643296249294,0
S5,mid,2055,湖北,64.92179885104,61.6892323309,61.6892323309,3.232,64.9212323309,0.0005665201399978
S5,mid,2055,湖南,72.5679676577,103.8433948168,72.5679676577,0,72.5679676577,0
S5,mid,2055,甘肃,5.011981930008,412.108629546,5.011981930008,0,5.011981930008,0
S5,mid,2055,福建,53.81292134198,0,0,0,0,53.81292134198
S5,mid,2055,西藏,0.540949160988,70.06773615608,0.540949160988,0,0.540949160988,0
S5,mid,2055,贵州,50.65383133399,55.30793177479,50.65383133399,0,50.65383133399,0
S5,mid,2055,辽宁,39.63047828144,181.5014156572,39.63047828144,0,39.63047828144,0
S5,mid,2055,陕西,36.22827089874,165.040243329,36.22827089874,0,36.22827089874,0
S5,mid,2055,青海,2.310936981097,480.9316590057,2.310936981097,0,2.310936981097,0
S5,mid,2055,黑龙江,4.5079096749,145.4345569788,4.5079096749,0,4.5079096749,0
S5,mid,2060,上海,98.01948058906,0,0,0,0,98.01948058906
S5,mid,2060,云南,98.10224088941,246.178905707,98.10224088941,0,98.10224088941,0
S5,mid,2060,内蒙古,7.713546071726,1341.150017621,7.713546071726,0,7.713546071726,0
S5,mid,2060,北京,80.02080837555,0.8502213257532,0.8502213257532,0,0.8502213257532,79.1705870498
S5,mid,2060,四川,39.46277866104,28.40279509141,28.40279509141,11.059,39.46179509141,0.0009835696280049
S5,mid,2060,天津,52.19635019216,15.45129955342,15.45129955342,0,15.45129955342,36.74505063874
S5,mid,2060,宁夏,1.490271457667,226.3120810716,1.490271457667,0,1.490271457667,0
S5,mid,2060,安徽,97.82272063432,28.88638190352,28.88638190352,68.936,97.82238190352,0.0003387307999958
S5,mid,2060,山东,168.1658002898,217.5674955585,168.1658002898,0,168.1658002898,0
S5,mid,2060,山西,37.21353441132,240.1377631053,37.21353441132,0,37.21353441132,0
S5,mid,2060,广东,293.3962157032,38.04506768593,38.04506768593,0,38.04506768593,255.3511480173
S5,mid,2060,广西,112.2904017662,102.0868754427,102.0868754427,0,102.0868754427,10.20352632355
S5,mid,2060,新疆,4.049781861046,1096.245424485,4.049781861046,0,4.049781861046,0
S5,mid,2060,江苏,169.9397640967,66.92094148917,66.92094148917,103.018,169.9389414892,0.0008226075358948
S5,mid,2060,江西,80.47320970127,45.99730688181,45.99730688181,0,45.99730688181,34.47590281946
S5,mid,2060,河北,111.7453721539,590.4536706176,111.7453721539,0,111.7453721539,0
S5,mid,2060,河南,169.6816496779,150.89484076,150.89484076,18.786,169.68084076,0.0008089179139859
S5,mid,2060,浙江,212.2716299606,4.863877874683,4.863877874683,0,4.863877874683,207.4077520859
S5,mid,2060,海南,11.20911184962,14.57791358576,11.20911184962,0,11.20911184962,0
S5,mid,2060,湖北,82.61910139679,62.22834148809,62.22834148809,20.39,82.61834148809,0.0007599086959971
S5,mid,2060,湖南,92.90798512514,107.8348355152,92.90798512514,0,92.90798512514,0
S5,mid,2060,甘肃,5.022625705566,419.656349089,5.022625705566,0,5.022625705566,0
S5,mid,2060,福建,69.47295403852,0,0,0,0,69.47295403852
S5,mid,2060,西藏,0.6731659971343,70.20231849869,0.6731659971343,0,0.6731659971343,0
S5,mid,2060,贵州,64.72405548904,55.28405155442,55.28405155442,0,55.28405155442,9.440003934621
S5,mid,2060,辽宁,48.21810752753,188.575435308,48.21810752753,0,48.21810752753,0
S5,mid,2060,陕西,45.45315618033,167.035349395,45.45315618033,0,45.45315618033,0
S5,mid,2060,青海,2.668946313173,480.9220094416,2.668946313173,0,2.668946313173,0
S5,mid,2060,黑龙江,5.609716642786,150.5793053016,5.609716642786,0,5.609716642786,0
S6,high,2025,上海,2.050279037929,0,0,0,0,2.050279037929
S6,high,2025,云南,2.459226589173,55.42463688618,2.459226589173,0,2.459226589173,0
S6,high,2025,内蒙古,0.1935235094715,249.9712308819,0.1935235094715,0,0.1935235094715,0
S6,high,2025,北京,2.008224426321,0.1514952466769,0.1514952466769,0,0.1514952466769,1.856729179644
S6,high,2025,四川,0.6115388934449,5.682936472736,0.6115388934449,0,0.6115388934449,0
S6,high,2025,天津,1.096891890108,3.304104513969,1.096891890108,0,1.096891890108,0
S6,high,2025,宁夏,0,49.19439301438,0,0,0,0
S6,high,2025,安徽,2.501163539725,6.102839052569,2.501163539725,0,2.501163539725,0
S6,high,2025,山东,3.513630740624,41.55364391617,3.513630740624,0,3.513630740624,0
S6,high,2025,山西,0.9591781258593,43.61439242789,0.9591781258593,0,0.9591781258593,0
S6,high,2025,广东,6.478464017014,6.826635729473,6.478464017014,0,6.478464017014,0
S6,high,2025,广西,2.693205833018,19.06381496691,2.693205833018,0,2.693205833018,0
S6,high,2025,新疆,0,229.8525943639,0,0,0,0
S6,high,2025,江苏,4.133114513655,12.04392863904,4.133114513655,0,4.133114513655,0
S6,high,2025,江西,2.047722716493,8.474082760956,2.047722716493,0,2.047722716493,0
S6,high,2025,河北,2.38294740969,112.8684626215,2.38294740969,0,2.38294740969,0
S6,high,2025,河南,4.413998511839,26.39369296253,4.413998511839,0,4.413998511839,0
S6,high,2025,浙江,4.713072385905,0.8302725596161,0.8302725596161,0,0.8302725596161,3.882799826289
S6,high,2025,海南,0.2093216720403,2.991317349124,0.2093216720403,0,0.2093216720403,0
S6,high,2025,湖北,2.061371128896,13.64348342791,2.061371128896,0,2.061371128896,0
S6,high,2025,湖南,2.352889055343,19.15037681832,2.352889055343,0,2.352889055343,0
S6,high,2025,甘肃,0.006847223775747,86.26073717587,0.006847223775747,0,0.006847223775747,0
S6,high,2025,福建,1.539053643166,0,0,0,0,1.539053643166
S6,high,2025,西藏,0.01607308831167,16.08768591622,0.01607308831167,0,0.01607308831167,0
S6,high,2025,贵州,1.643563881919,12.85981034489,1.643563881919,0,1.643563881919,0
S6,high,2025,辽宁,0.7436251265633,33.35094620209,0.7436251265633,0,0.7436251265633,0
S6,high,2025,陕西,1.106779540615,35.8170385815,1.106779540615,0,1.106779540615,0
S6,high,2025,青海,0.04435109650298,111.5778280558,0.04435109650298,0,0.04435109650298,0
S6,high,2025,黑龙江,0.1339424025973,27.37151708563,0.1339424025973,0,0.1339424025973,0
S6,high,2030,上海,18.40380578068,0,0,0,0,18.40380578068
S6,high,2030,云南,14.60128552215,176.5043695686,14.60128552215,0,14.60128552215,0
S6,high,2030,内蒙古,1.14770759238,750.2788870267,1.14770759238,0,1.14770759238,0
S6,high,2030,北京,15.79691449059,0.4472879549939,0.4472879549939,0,0.4472879549939,15.34962653559
S6,high,2030,四川,15.12520415168,17.47101124782,15.12520415168,0,15.12520415168,0
S6,high,2030,天津,8.227846518603,10.36842564131,8.227846518603,0,8.227846518603,0
S6,high,2030,宁夏,1.133802204675,155.1158315936,1.133802204675,0,1.133802204675,0
S6,high,2030,安徽,14.45079018486,19.08215470382,14.45079018486,0,14.45079018486,0
S6,high,2030,山东,24.9401712958,125.7877869537,24.9401712958,0,24.9401712958,0
S6,high,2030,山西,5.480232800382,129.690007386,5.480232800382,0,5.480232800382,0
S6,high,2030,广东,52.67404087031,20.20857693682,20.20857693682,0,20.20857693682,32.46546393349
S6,high,2030,广西,16.1133842426,57.25788989098,16.1133842426,0,16.1133842426,0
S6,high,2030,新疆,3.081084039345,717.0514552634,3.081084039345,0,3.081084039345,0
S6,high,2030,江苏,24.75038131327,35.69280120139,24.75038131327,0,24.75038131327,0
S6,high,2030,江西,12.31088525278,25.32913880717,12.31088525278,0,12.31088525278,0
S6,high,2030,河北,15.40859831423,341.7664060064,15.40859831423,0,15.40859831423,0
S6,high,2030,河南,26.8286797323,77.37817705485,26.8286797323,0,26.8286797323,0
S6,high,2030,浙江,32.76815608016,2.41087553233,2.41087553233,0,2.41087553233,30.35728054783
S6,high,2030,海南,1.395477813602,9.270030253372,1.395477813602,0,1.395477813602,0
S6,high,2030,湖北,13.41009365639,43.12595000117,13.41009365639,0,13.41009365639,0
S6,high,2030,湖南,14.81122583875,56.47005516283,14.81122583875,0,14.81122583875,0
S6,high,2030,甘肃,3.651935342496,267.4644876623,3.651935342496,0,3.651935342496,0
S6,high,2030,福建,9.435257682779,0,0,0,0,9.435257682779
S6,high,2030,西藏,0.101976246961,51.4812545177,0.101976246961,0,0.101976246961,0
S6,high,2030,贵州,9.586503751767,41.31703024709,9.586503751767,0,9.586503751767,0
S6,high,2030,辽宁,12.26282092437,98.19002344218,12.26282092437,0,12.26282092437,0
S6,high,2030,陕西,6.837749629038,112.4865164869,6.837749629038,0,6.837749629038,0
S6,high,2030,青海,0.904186669016,358.2380829362,0.904186669016,0,0.904186669016,0
S6,high,2030,黑龙江,0.8498020580088,81.41589509663,0.8498020580088,0,0.8498020580088,0
S6,high,2035,上海,37.22482754489,0,0,0,0,37.22482754489
S6,high,2035,云南,31.10948282746,252.7839930999,31.10948282746,0,31.10948282746,0
S6,high,2035,内蒙古,2.445402496395,1069.269927867,2.445402496395,0,2.445402496395,0
S6,high,2035,北京,32.64296190346,0.636554552692,0.636554552692,0,0.636554552692,32.00640735077
S6,high,2035,四川,29.80065625564,24.94946651348,24.94946651348,4.851,29.80046651348,0.0001897421579997
S6,high,2035,天津,16.68665470547,14.83167667759,14.83167667759,0,14.83167667759,1.854978027879
S6,high,2035,宁夏,2.176618069811,221.974286849,2.176618069811,0,2.176618069811,0
S6,high,2035,安徽,30.81873686811,27.2883473815,27.2883473815,3.53,30.8183473815,0.0003894866120007
S6,high,2035,山东,50.49672367098,179.3980181491,50.49672367098,0,50.49672367098,0
S6,high,2035,山西,11.69225002977,184.6811923047,11.69225002977,0,11.69225002977,0
S6,high,2035,广东,107.4542466289,28.76625265731,28.76625265731,0,28.76625265731,78.68799397155
S6,high,2035,广西,33.89834446507,81.6065444244,33.89834446507,0,33.89834446507,0
S6,high,2035,新疆,5.914914582978,1025.223875703,5.914914582978,0,5.914914582978,0
S6,high,2035,江苏,52.13829854713,50.81244787465,50.81244787465,1.325,52.13744787465,0.0008506724779025
S6,high,2035,江西,26.14349248894,36.08530771583,26.14349248894,0,26.14349248894,0
S6,high,2035,河北,31.38892819458,487.4379338881,31.38892819458,0,31.38892819458,0
S6,high,2035,河南,56.75549657236,110.0522043736,56.75549657236,0,56.75549657236,0
S6,high,2035,浙江,67.34848797736,3.4260047149,3.4260047149,0,3.4260047149,63.92248326246
S6,high,2035,海南,2.751369414388,13.24684368893,2.751369414388,0,2.751369414388,0
S6,high,2035,湖北,28.28080189223,61.72655582619,28.28080189223,0,28.28080189223,0
S6,high,2035,湖南,31.30105305058,80.35612341052,31.30105305058,0,31.30105305058,0
S6,high,2035,甘肃,7.019485713088,382.2229213555,7.019485713088,0,7.019485713088,0
S6,high,2035,福建,19.42079136531,0,0,0,0,19.42079136531
S6,high,2035,西藏,0.2167806490099,73.75838251998,0.2167806490099,0,0.2167806490099,0
S6,high,2035,贵州,20.43786052774,59.21472967143,20.43786052774,0,20.43786052774,0
S6,high,2035,辽宁,23.90178192381,139.7039467858,23.90178192381,0,23.90178192381,0
S6,high,2035,陕西,14.54856245929,160.9187090153,14.54856245929,0,14.54856245929,0
S6,high,2035,青海,1.793519221157,513.3913168894,1.793519221157,0,1.793519221157,0
S6,high,2035,黑龙江,1.806505408416,115.9409608293,1.806505408416,0,1.806505408416,0
S6,high,2040,上海,58.64820107471,0,0,0,0,58.64820107471
S6,high,2040,云南,51.16061007653,296.2227766589,51.16061007653,0,51.16061007653,0
S6,high,2040,内蒙古,4.021701902346,1367.491403567,4.021701902346,0,4.021701902346,0
S6,high,2040,北京,52.03362375743,0.8338736028958,0.8338736028958,0,0.8338736028958,51.19975015453
S6,high,2040,四川,45.07783110719,30.80427679114,30.80427679114,14.273,45.07727679114,0.0005543160530053
S6,high,2040,天津,26.55125699825,17.76492844429,17.76492844429,0,17.76492844429,8.78632855396
S6,high,2040,宁夏,3.192080299795,263.9894967975,3.192080299795,0,3.192080299795,0
S6,high,2040,安徽,50.72938883586,32.8600237229,32.8600237229,17.869,50.7290237229,0.0003651129599973
S6,high,2040,山东,80.51951856403,226.5896400961,80.51951856403,0,80.51951856403,0
S6,high,2040,山西,19.25352732764,239.4339179385,19.25352732764,0,19.25352732764,0
S6,high,2040,广东,170.5645554601,37.53930069684,37.53930069684,0,37.53930069684,133.0252547633
S6,high,2040,广西,55.43422046453,104.2638607086,55.43422046453,0,55.43422046453,0
S6,high,2040,新疆,8.674412188873,1238.745535366,8.674412188873,0,8.674412188873,0
S6,high,2040,江苏,85.26433578057,66.20159050468,66.20159050468,19.062,85.26359050468,0.0007452758940047
S6,high,2040,江西,42.85285894167,46.43085425481,42.85285894167,0,42.85285894167,0
S6,high,2040,河北,50.44617306891,615.3962940736,50.44617306891,0,50.44617306891,0
S6,high,2040,河南,92.67113836298,145.6561572436,92.67113836298,0,92.67113836298,0
S6,high,2040,浙江,108.1812049604,4.597920778617,4.597920778617,0,4.597920778617,103.5832841817
S6,high,2040,海南,4.358609407532,16.16358741116,4.358609407532,0,4.358609407532,0
S6,high,2040,湖北,46.03632495215,73.1411568655,46.03632495215,0,46.03632495215,0
S6,high,2040,湖南,51.05897996798,105.4581995615,51.05897996798,0,51.05897996798,0
S6,high,2040,甘肃,10.30991458078,466.010761282,10.30991458078,0,10.30991458078,0
S6,high,2040,福建,31.43863109227,0,0,0,0,31.43863109227
S6,high,2040,西藏,0.3557345188812,85.81122762457,0.3557345188812,0,0.3557345188812,0
S6,high,2040,贵州,33.63095243501,68.4802397852,33.63095243501,0,33.63095243501,0
S6,high,2040,辽宁,36.28892073473,183.7646872735,36.28892073473,0,36.28892073473,0
S6,high,2040,陕西,23.89431873601,192.5121006176,23.89431873601,0,23.89431873601,0
S6,high,2040,青海,2.734110608318,594.3378207529,2.734110608318,0,2.734110608318,0
S6,high,2040,黑龙江,2.96445432401,150.2466852331,2.96445432401,0,2.96445432401,0
S6,high,2045,上海,82.43113514364,0,0,0,0,82.43113514364
S6,high,2045,云南,74.59013717947,339.661560218,74.59013717947,0,74.59013717947,0
S6,high,2045,内蒙古,5.863834663569,1665.712879267,5.863834663569,0,5.863834663569,0
S6,high,2045,北京,73.98805875277,1.0311926531,1.0311926531,0,1.0311926531,72.95686609967
S6,high,2045,四川,60.82723943326,36.65908706881,36.65908706881,24.168,60.82708706881,0.0001523644529939
S6,high,2045,天津,37.68285689241,20.69818021098,20.69818021098,0,20.69818021098,16.98467668143
S6,high,2045,宁夏,4.171309912618,306.0047067459,4.171309912618,0,4.171309912618,0
S6,high,2045,安徽,74.06918419339,38.43170006431,38.43170006431,35.637,74.06870006431,0.0004841290799931
S6,high,2045,山东,114.5551731795,273.7812620432,114.5551731795,0,114.5551731795,0
S6,high,2045,山西,28.12879830972,294.1866435724,28.12879830972,0,28.12879830972,0
S6,high,2045,广东,241.442071383,46.31234873637,46.31234873637,0,46.31234873637,195.1297226466
S6,high,2045,广西,80.5100584236,126.9211769927,80.5100584236,0,80.5100584236,0
S6,high,2045,新疆,11.33544840708,1452.267195029,11.33544840708,0,11.33544840708,0
S6,high,2045,江苏,123.8515274087,81.5907331347,81.5907331347,42.26,123.8507331347,0.000794274046001
S6,high,2045,江西,62.35097485293,56.77640079379,56.77640079379,0,56.77640079379,5.574574059137
S6,high,2045,河北,72.28562687008,743.354654259,72.28562687008,0,72.28562687008,0
S6,high,2045,河南,134.531464655,181.2601101137,134.531464655,0,134.531464655,0
S6,high,2045,浙江,154.7760750952,5.769836842334,5.769836842334,0,5.769836842334,149.0062382529
S6,high,2045,海南,6.17557673107,19.08033113339,6.17557673107,0,6.17557673107,0
S6,high,2045,湖北,66.57042949064,84.5557579048,66.57042949064,0,66.57042949064,0
S6,high,2045,湖南,73.99402790897,130.5602757125,73.99402790897,0,73.99402790897,0
S6,high,2045,甘肃,13.4943837744,549.7986012085,13.4943837744,0,13.4943837744,0
S6,high,2045,福建,45.32362377499,0,0,0,0,45.32362377499
S6,high,2045,西藏,0.5168815539438,97.86407272917,0.5168815539438,0,0.5168815539438,0
S6,high,2045,贵州,49.07895974716,77.74574989896,49.07895974716,0,49.07895974716,0
S6,high,2045,辽宁,49.22716138567,227.8254277612,49.22716138567,0,49.22716138567,0
S6,high,2045,陕西,34.76511036356,224.1054922199,34.76511036356,0,34.76511036356,0
S6,high,2045,青海,3.71593938298,675.2843246163,3.71593938298,0,3.71593938298,0
S6,high,2045,黑龙江,4.307346282866,184.5524096369,4.307346282866,0,4.307346282866,0
S6,high,2050,上海,108.1759395547,0,0,0,0,108.1759395547
S6,high,2050,云南,101.2617651514,383.100343777,101.2617651514,0,101.2617651514,0
S6,high,2050,内蒙古,7.961235188478,1963.934354967,7.961235188478,0,7.961235188478,0
S6,high,2050,北京,98.530718922,1.228511703303,1.228511703303,0,1.228511703303,97.3022072187
S6,high,2050,四川,76.92627329262,42.51389734647,42.51389734647,34.412,76.92589734647,0.0003759461509958
S6,high,2050,天津,49.8254542593,23.63143197768,23.63143197768,0,23.63143197768,26.19402228162
S6,high,2050,宁夏,5.105427926273,348.0199166943,5.105427926273,0,5.105427926273,0
S6,high,2050,安徽,100.7483810409,44.00337640572,44.00337640572,56.745,100.7483764057,4.635180005153e-06
S6,high,2050,山东,151.71200741,320.9728839903,151.71200741,0,151.71200741,0
S6,high,2050,山西,38.29117770104,348.9393692062,38.29117770104,0,38.29117770104,0
S6,high,2050,广东,319.1495768033,55.0853967759,55.0853967759,0,55.0853967759,264.0641800274
S6,high,2050,广西,108.8386605286,149.5784932769,108.8386605286,0,108.8386605286,0
S6,high,2050,新疆,13.87389478765,1665.788854692,13.87389478765,0,13.87389478765,0
S6,high,2050,江苏,167.5325545289,96.97987576473,96.97987576473,70.552,167.5318757647,0.0006787641400194
S6,high,2050,江西,84.56848946069,67.12194733277,67.12194733277,0,67.12194733277,17.44654212792
S6,high,2050,河北,96.32373855525,871.3130144445,96.32373855525,0,96.32373855525,0
S6,high,2050,河南,182.3182723272,216.8640629837,182.3182723272,0,182.3182723272,0
S6,high,2050,浙江,206.3076150771,6.941752906051,6.941752906051,0,6.941752906051,199.3658621711
S6,high,2050,海南,8.110949105564,21.99707485562,8.110949105564,0,8.110949105564,0
S6,high,2050,湖北,89.79659982467,95.97035894411,89.79659982467,0,89.79659982467,0
S6,high,2050,湖南,100.035174054,155.6623518634,100.035174054,0,100.035174054,0
S6,high,2050,甘肃,16.544143345,633.5864411351,16.544143345,0,16.544143345,0
S6,high,2050,福建,60.76269935155,0,0,0,0,60.76269935155
S6,high,2050,西藏,0.6985301181768,109.9169178338,0.6985301181768,0,0.6985301181768,0
S6,high,2050,贵州,66.71182495642,87.01126001273,66.71182495642,0,66.71182495642,0
S6,high,2050,辽宁,62.37006899239,271.8861682489,62.37006899239,0,62.37006899239,0
S6,high,2050,陕西,47.0669974651,255.6988838222,47.0669974651,0,47.0669974651,0
S6,high,2050,青海,4.729689875251,756.2308284798,4.729689875251,0,4.729689875251,0
S6,high,2050,黑龙江,5.821084318139,218.8581340408,5.821084318139,0,5.821084318139,0
S6,high,2055,上海,135.2793994749,0,0,0,0,135.2793994749
S6,high,2055,云南,131.0706101746,426.5391273361,131.0706101746,0,131.0706101746,0
S6,high,2055,内蒙古,10.30579219542,2262.155830667,10.30579219542,0,10.30579219542,0
S6,high,2055,北京,125.6919466415,1.425830753507,1.425830753507,0,1.425830753507,124.2661158879
S6,high,2055,四川,93.25998219098,48.36870762413,48.36870762413,44.891,93.25970762413,0.000274566846997
S6,high,2055,天津,62.56832369664,26.56468374437,26.56468374437,0,26.56468374437,36.00363995227
S6,high,2055,宁夏,5.985555358754,390.0351266428,5.985555358754,0,5.985555358754,0
S6,high,2055,安徽,130.7037440258,49.57505274713,49.57505274713,81.128,130.7030527471,0.0006912786499811
S6,high,2055,山东,190.5210840168,368.1645059373,190.5210840168,0,190.5210840168,0
S6,high,2055,山西,49.72310660436,403.69209484,49.72310660436,0,49.72310660436,0
S6,high,2055,广东,402.2521141322,63.85844481543,63.85844481543,0,63.85844481543,338.3936693168
S6,high,2055,广西,140.0281492762,172.235809561,140.0281492762,0,140.0281492762,0
S6,high,2055,新疆,16.26562288063,1879.310514354,16.26562288063,0,16.26562288063,0
S6,high,2055,江苏,215.8147348013,112.3690183948,112.3690183948,103.445,215.8140183948,0.0007164065110032
S6,high,2055,江西,109.4568154649,77.46749387175,77.46749387175,0,77.46749387175,31.98932159316
S6,high,2055,河北,121.5963507638,999.27137463,121.5963507638,0,121.5963507638,0
S6,high,2055,河南,236.0422209428,252.4680158537,236.0422209428,0,236.0422209428,0
S6,high,2055,浙江,261.5046980576,8.113668969769,8.113668969769,0,8.113668969769,253.3910290879
S6,high,2055,海南,10.00824479107,24.91381857785,10.00824479107,0,10.00824479107,0
S6,high,2055,湖北,115.6502618019,107.3849599834,107.3849599834,8.265,115.6499599834,0.0003018185200006
S6,high,2055,湖南,129.1336021797,180.7644280144,129.1336021797,0,129.1336021797,0
S6,high,2055,甘肃,19.43054151599,717.3742810616,19.43054151599,0,19.43054151599,0
S6,high,2055,福建,77.24729638135,0,0,0,0,77.24729638135
S6,high,2055,西藏,0.8992830927498,121.9697629384,0.8992830927498,0,0.8992830927498,0
S6,high,2055,贵州,86.47814331044,96.27677012649,86.47814331044,0,86.47814331044,0
S6,high,2055,辽宁,75.17504585712,315.9469087366,75.17504585712,0,75.17504585712,0
S6,high,2055,陕西,60.72380936766,287.2922754245,60.72380936766,0,60.72380936766,0
S6,high,2055,青海,5.766831794417,837.1773323433,5.766831794417,0,5.766831794417,0
S6,high,2055,黑龙江,7.494025772915,253.1638584446,7.494025772915,0,7.494025772915,0
S6,high,2060,上海,162.8772364461,0,0,0,0,162.8772364461
S6,high,2060,云南,163.9457914485,469.9779108951,163.9457914485,0,163.9457914485,0
S6,high,2060,内蒙古,12.89205088845,2560.377306366,12.89205088845,0,12.89205088845,0
S6,high,2060,北京,155.5084598532,1.623149803711,1.623149803711,0,1.623149803711,153.8853100495
S6,high,2060,四川,109.7217038695,54.22351790179,54.22351790179,55.498,109.7215179018,0.0001859677500136
S6,high,2060,天津,75.30496878013,29.49793551107,29.49793551107,0,29.49793551107,45.80703326906
S6,high,2060,宁夏,6.802813228052,432.0503365912,6.802813228052,0,6.802813228052,0
S6,high,2060,安徽,163.9007278412,55.14672908854,55.14672908854,108.753,163.8997290885,0.0009987526600241
S6,high,2060,山东,228.7844049927,415.3561278844,228.7844049927,0,228.7844049927,0
S6,high,2060,山西,62.41712076817,458.4448204738,62.41712076817,0,62.41712076817,0
S6,high,2060,广东,488.6814277942,72.63149285495,72.63149285495,0,72.63149285495,416.0499349393
S6,high,2060,广西,173.5502451955,194.8931258452,173.5502451955,0,173.5502451955,0
S6,high,2060,新疆,18.48650423607,2092.832174017,18.48650423607,0,18.48650423607,0
S6,high,2060,江苏,268.0407935798,127.7581610248,127.7581610248,140.282,268.0401610248,0.0006325549920234
S6,high,2060,江西,136.9898394347,87.81304041073,87.81304041073,0,87.81304041073,49.17679902396
S6,high,2060,河北,146.6584286261,1127.229734815,146.6584286261,0,146.6584286261,0
S6,high,2060,河南,295.7452103372,288.0719687237,288.0719687237,7.673,295.7449687237,0.000241613500009
S6,high,2060,浙江,318.5293245637,9.285585033486,9.285585033486,0,9.285585033486,309.2437395302
S6,high,2060,海南,11.62898178002,27.83056230008,11.62898178002,0,11.62898178002,0
S6,high,2060,湖北,144.0905902525,118.7995610227,118.7995610227,25.291,144.0905610227,2.922976000264e-05
S6,high,2060,湖南,161.2645319454,205.8665041654,161.2645319454,0,161.2645319454,0
S6,high,2060,甘肃,22.12503277025,801.1621209882,22.12503277025,0,22.12503277025,0
S6,high,2060,福建,94.02128569759,0,0,0,0,94.02128569759
S6,high,2060,西藏,1.11806213712,134.022608043,1.11806213712,0,1.11806213712,0
S6,high,2060,贵州,108.3466993484,105.5422802403,105.5422802403,2.804,108.3462802403,0.0004191080600009
S6,high,2060,辽宁,86.85228642946,360.0076492244,86.85228642946,0,86.85228642946,0
S6,high,2060,陕西,75.67860835486,318.8856670268,75.67860835486,0,75.67860835486,0
S6,high,2060,青海,6.819684925193,918.1238362067,6.819684925193,0,6.819684925193,0
S6,high,2060,黑龙江,9.317184475995,287.4695828485,9.317184475995,0,9.317184475995,0
S6,low,2025,上海,0.2061311033858,0,0,0,0,0.2061311033858
S6,low,2025,云南,0.2305549750754,55.42463688618,0.2305549750754,0,0.2305549750754,0
S6,low,2025,内蒙古,0.018151750647,249.9712308819,0.018151750647,0,0.018151750647,0
S6,low,2025,北京,0.1979410019117,0.1514952466769,0.1514952466769,0,0.1514952466769,0.0464457552348
S6,low,2025,四川,0.05740801640802,5.682936472736,0.05740801640802,0,0.05740801640802,0
S6,low,2025,天津,0.112491776921,3.304104513969,0.112491776921,0,0.112491776921,0
S6,low,2025,宁夏,0,49.19439301438,0,0,0,0
S6,low,2025,安徽,0.2371498707309,6.102839052569,0.2371498707309,0,0.2371498707309,0
S6,low,2025,山东,0.3652495959605,41.55364391617,0.3652495959605,0,0.3652495959605,0
S6,low,2025,山西,0.09135553144536,43.61439242789,0.09135553144536,0,0.09135553144536,0
S6,low,2025,广东,0.6478047497748,6.826635729473,0.6478047497748,0,0.6478047497748,0
S6,low,2025,广西,0.2610366506687,19.06381496691,0.2610366506687,0,0.2610366506687,0
S6,low,2025,新疆,0,229.8525943639,0,0,0,0
S6,low,2025,江苏,0.4002008208539,12.04392863904,0.4002008208539,0,0.4002008208539,0
S6,low,2025,江西,0.19461519311,8.474082760956,0.19461519311,0,0.19461519311,0
S6,low,2025,河北,0.2469828871638,112.8684626215,0.2469828871638,0,0.2469828871638,0
S6,low,2025,河南,0.4272807916541,26.39369296253,0.4272807916541,0,0.4272807916541,0
S6,low,2025,浙江,0.4716320529998,0.8302725596161,0.4716320529998,0,0.4716320529998,0
S6,low,2025,海南,0.02325796356004,2.991317349124,0.02325796356004,0,0.02325796356004,0
S6,low,2025,湖北,0.1954037462063,13.64348342791,0.1954037462063,0,0.1954037462063,0
S6,low,2025,湖南,0.2244258740185,19.15037681832,0.2244258740185,0,0.2244258740185,0
S6,low,2025,甘肃,0.0006366983655687,86.26073717587,0.0006366983655687,0,0.0006366983655687,0
S6,low,2025,福建,0.1568897863424,0,0,0,0,0.1568897863424
S6,low,2025,西藏,0.001463236795149,16.08768591622,0.001463236795149,0,0.001463236795149,0
S6,low,2025,贵州,0.1552318259108,12.85981034489,0.1552318259108,0,0.1552318259108,0
S6,low,2025,辽宁,0.08047393468827,33.35094620209,0.08047393468827,0,0.08047393468827,0
S6,low,2025,陕西,0.1019856078884,35.8170385815,0.1019856078884,0,0.1019856078884,0
S6,low,2025,青海,0.00405091755425,111.5778280558,0.00405091755425,0,0.00405091755425,0
S6,low,2025,黑龙江,0.01219363995958,27.37151708563,0.01219363995958,0,0.01219363995958,0
S6,low,2030,上海,2.683417899742,0,0,0,0,2.683417899742
S6,low,2030,云南,2.817805878818,66.18913858822,2.817805878818,0,2.817805878818,0
S6,low,2030,内蒙古,0.221537516475,281.354582635,0.221537516475,0,0.221537516475,0
S6,low,2030,北京,2.430363126524,0.1677329831227,0.1677329831227,0,0.1677329831227,2.262630143402
S6,low,2030,四川,1.465984511562,6.551629217933,1.465984511562,0,1.465984511562,0
S6,low,2030,天津,1.318907923093,3.888159615492,1.318907923093,0,1.318907923093,0
S6,low,2030,宁夏,0.07558681364502,58.16843684761,0.07558681364502,0,0.07558681364502,0
S6,low,2030,安徽,2.803714815363,7.155808013932,2.803714815363,0,2.803714815363,0
S6,low,2030,山东,4.101722892292,47.17042010766,4.101722892292,0,4.101722892292,0
S6,low,2030,山西,1.065631352473,48.63375276975,1.065631352473,0,1.065631352473,0
S6,low,2030,广东,8.086706800062,7.578216351306,7.578216351306,0,7.578216351306,0.5084904487564
S6,low,2030,广西,3.042582614741,21.47170870912,3.042582614741,0,3.042582614741,0
S6,low,2030,新疆,0.205405602623,268.8942957238,0.205405602623,0,0.205405602623,0
S6,low,2030,江苏,4.658361559887,13.38480045052,4.658361559887,0,4.658361559887,0
S6,low,2030,江西,2.321301875038,9.498427052688,2.321301875038,0,2.321301875038,0
S6,low,2030,河北,2.686306711684,128.1624022524,2.686306711684,0,2.686306711684,0
S6,low,2030,河南,4.919498450443,29.01681639557,4.919498450443,0,4.919498450443,0
S6,low,2030,浙江,5.550704051975,0.9040783246239,0.9040783246239,0,0.9040783246239,4.646625727351
S6,low,2030,海南,0.2325796356004,3.476261345015,0.2325796356004,0,0.2325796356004,0
S6,low,2030,湖北,2.411365218801,16.17223125044,2.411365218801,0,2.411365218801,0
S6,low,2030,湖南,2.700848179689,21.17627068606,2.700848179689,0,2.700848179689,0
S6,low,2030,甘肃,0.248667492177,100.2991828734,0.248667492177,0,0.248667492177,0
S6,low,2030,福建,1.712489659321,0,0,0,0,1.712489659321
S6,low,2030,西藏,0.01943476915209,19.30547044414,0.01943476915209,0,0.01943476915209,0
S6,low,2030,贵州,1.856470335146,15.49388634266,1.856470335146,0,1.856470335146,0
S6,low,2030,辽宁,1.326077882535,36.82125879082,1.326077882535,0,1.326077882535,0
S6,low,2030,陕西,1.30960095132,42.18244368258,1.30960095132,0,1.30960095132,0
S6,low,2030,青海,0.09496907021702,134.3392811011,0.09496907021702,0,0.09496907021702,0
S6,low,2030,黑龙江,0.1619564096008,30.53096066124,0.1619564096008,0,0.1619564096008,0
S6,low,2035,上海,6.142342878424,0,0,0,0,6.142342878424
S6,low,2035,云南,7.131413960782,94.79399741247,7.131413960782,0,7.131413960782,0
S6,low,2035,内蒙古,0.5607124940162,400.9762229502,0.5607124940162,0,0.5607124940162,0
S6,low,2035,北京,5.941548727722,0.2387079572595,0.2387079572595,0,0.2387079572595,5.702840770462
S6,low,2035,四川,3.170399383076,9.356049942556,3.170399383076,0,3.170399383076,0
S6,low,2035,天津,2.997670310951,5.561878754096,2.997670310951,0,2.997670310951,0
S6,low,2035,宁夏,0.1380759122272,83.24035756838,0.1380759122272,0,0.1380759122272,0
S6,low,2035,安徽,7.106932075751,10.23313026806,7.106932075751,0,7.106932075751,0
S6,low,2035,山东,9.231689442886,67.2742568059,9.231689442886,0,9.231689442886,0
S6,low,2035,山西,2.702951633292,69.25544711427,2.702951633292,0,2.702951633292,0
S6,low,2035,广东,18.90800721876,10.78734474649,10.78734474649,0,10.78734474649,8.120662472266
S6,low,2035,广西,7.480611485347,30.60245415915,7.480611485347,0,7.480611485347,0
S6,low,2035,新疆,0.3752184354793,384.4589533887,0.3752184354793,0,0.3752184354793,0
S6,low,2035,江苏,11.50627712329,19.054667953,11.50627712329,0,11.50627712329,0
S6,low,2035,江西,5.860163914131,13.53199039343,5.860163914131,0,5.860163914131,0
S6,low,2035,河北,6.106695977823,182.789225208,6.106695977823,0,6.106695977823,0
S6,low,2035,河南,12.38301775237,41.26957664012,12.38301775237,0,12.38301775237,0
S6,low,2035,浙江,13.04488976306,1.284751768088,1.284751768088,0,1.284751768088,11.76013799498
S6,low,2035,海南,0.4769454013832,4.967566383347,0.4769454013832,0,0.4769454013832,0
S6,low,2035,湖北,6.041701401881,23.14745843482,6.041701401881,0,6.041701401881,0
S6,low,2035,湖南,6.785002550574,30.13354627895,6.785002550574,0,6.785002550574,0
S6,low,2035,甘肃,0.4598340705649,143.3335955083,0.4598340705649,0,0.4598340705649,0
S6,low,2035,福建,3.988966049246,0,0,0,0,3.988966049246
S6,low,2035,西藏,0.04900311423189,27.65939344499,0.04900311423189,0,0.04900311423189,0
S6,low,2035,贵州,4.703239259899,22.20552362679,4.703239259899,0,4.703239259899,0
S6,low,2035,辽宁,2.670760265805,52.38898004468,2.670760265805,0,2.670760265805,0
S6,low,2035,陕西,3.30693360545,60.34451588073,3.30693360545,0,3.30693360545,0
S6,low,2035,青海,0.2105730498161,192.5217438335,0.2105730498161,0,0.2105730498161,0
S6,low,2035,黑龙江,0.4083592852658,43.47786031097,0.4083592852658,0,0.4083592852658,0
S6,low,2040,上海,10.62221314499,0,0,0,0,10.62221314499
S6,low,2040,云南,13.12617998035,111.0835412471,13.12617998035,0,13.12617998035,0
S6,low,2040,内蒙古,1.032122786743,512.8092763377,1.032122786743,0,1.032122786743,0
S6,low,2040,北京,10.74550683783,0.3127026010859,0.3127026010859,0,0.3127026010859,10.43280423674
S6,low,2040,四川,5.262400719363,11.55160379668,5.262400719363,0,5.262400719363,0
S6,low,2040,天津,5.158619155372,6.661848166607,5.158619155372,0,5.158619155372,0
S6,low,2040,宁夏,0.1976135257052,98.99606129904,0.1976135257052,0,0.1976135257052,0
S6,low,2040,安徽,13.10173496588,12.32250889609,12.32250889609,0.779,13.10150889609,0.0002260697930012
S6,low,2040,山东,15.78149256274,84.97111503605,15.78149256274,0,15.78149256274,0
S6,low,2040,山西,4.986172782707,89.78771922695,4.986172782707,0,4.986172782707,0
S6,low,2040,广东,33.18249183849,14.07723776132,14.07723776132,0,14.07723776132,19.10525407717
S6,low,2040,广西,13.53979777402,39.09894776571,13.53979777402,0,13.53979777402,0
S6,low,2040,新疆,0.5370106686142,464.5295757623,0.5370106686142,0,0.5370106686142,0
S6,low,2040,江苏,20.88963122315,24.82559643925,20.88963122315,0,20.88963122315,0
S6,low,2040,江西,10.77937075455,17.41157034555,10.77937075455,0,10.77937075455,0
S6,low,2040,河北,10.51141424455,230.7736102776,10.51141424455,0,10.51141424455,0
S6,low,2040,河南,22.76491094868,54.62105896637,22.76491094868,0,22.76491094868,0
S6,low,2040,浙江,22.95571557953,1.724220291982,1.724220291982,0,1.724220291982,21.23149528755
S6,low,2040,海南,0.7593410805547,6.061345279184,0.7593410805547,0,0.7593410805547,0
S6,low,2040,湖北,11.06261674996,27.42793382456,11.06261674996,0,11.06261674996,0
S6,low,2040,湖南,12.44763012525,39.54682483556,12.44763012525,0,12.44763012525,0
S6,low,2040,甘肃,0.6663186062139,174.7540354808,0.6663186062139,0,0.6663186062139,0
S6,low,2040,福建,6.979865860323,0,0,0,0,6.979865860323
S6,low,2040,西藏,0.08985805842548,32.17921035921,0.08985805842548,0,0.08985805842548,0
S6,low,2040,贵州,8.665719515515,25.68008991945,8.665719515515,0,8.665719515515,0
S6,low,2040,辽宁,4.187214922288,68.91175772757,4.187214922288,0,4.187214922288,0
S6,low,2040,陕西,6.073039148023,72.19203773159,6.073039148023,0,6.073039148023,0
S6,low,2040,青海,0.3556026654492,222.8766827823,0.3556026654492,0,0.3556026654492,0
S6,low,2040,黑龙江,0.7488171535456,56.34250696241,0.7488171535456,0,0.7488171535456,0
S6,low,2045,上海,16.07300826557,0,0,0,0,16.07300826557
S6,low,2045,云南,20.68165308335,127.3730850817,20.68165308335,0,20.68165308335,0
S6,low,2045,内蒙古,1.626361339932,624.6423297251,1.626361339932,0,1.626361339932,0
S6,low,2045,北京,16.81651563472,0.3866972449123,0.3866972449123,0,0.3866972449123,16.42981838981
S6,low,2045,四川,7.698289266117,13.7471576508,7.698289266117,0,7.698289266117,0
S6,low,2045,天津,7.784183514023,7.761817579118,7.761817579118,0,7.761817579118,0.0223659349047
S6,low,2045,宁夏,0.2527839010614,114.7517650297,0.2527839010614,0,0.2527839010614,0
S6,low,2045,安徽,20.68746003012,14.41188752412,14.41188752412,6.275,20.68688752412,0.0005725059969954
S6,low,2045,山东,23.71717063959,102.6679732662,23.71717063959,0,23.71717063959,0
S6,low,2045,山西,7.880055730128,110.3199913396,7.880055730128,0,7.880055730128,0
S6,low,2045,广东,50.7685823909,17.36713077614,17.36713077614,0,17.36713077614,33.40145161476
S6,low,2045,广西,21.12465257979,47.59544137227,21.12465257979,0,21.12465257979,0
S6,low,2045,新疆,0.6869350224864,544.6001981358,0.6869350224864,0,0.6869350224864,0
S6,low,2045,江苏,32.6677114551,30.59652492551,30.59652492551,2.071,32.66752492551,0.0001865295871255
S6,low,2045,江西,16.99958493538,21.29115029767,16.99958493538,0,16.99958493538,0
S6,low,2045,河北,15.87592728572,278.7579953471,15.87592728572,0,15.87592728572,0
S6,low,2045,河南,35.95610464685,67.97254129262,35.95610464685,0,35.95610464685,0
S6,low,2045,浙江,35.16823407127,2.163688815875,2.163688815875,0,2.163688815875,33.0045452554
S6,low,2045,海南,1.082595344359,7.15512417502,1.082595344359,0,1.082595344359,0
S6,low,2045,湖北,17.3888992232,31.7084092143,17.3888992232,0,17.3888992232,0
S6,low,2045,湖南,19.60321166872,48.96010339218,19.60321166872,0,19.60321166872,0
S6,low,2045,甘肃,0.8632344455105,206.1744754532,0.8632344455105,0,0.8632344455105,0
S6,low,2045,福建,10.66073287892,0,0,0,0,10.66073287892
S6,low,2045,西藏,0.1408545336814,36.69902727344,0.1408545336814,0,0.1408545336814,0
S6,low,2045,贵州,13.67280950532,29.15465621211,13.67280950532,0,13.67280950532,0
S6,low,2045,辽宁,5.867243938585,85.43453541046,5.867243938585,0,5.867243938585,0
S6,low,2045,陕西,9.539142718392,84.03955958245,9.539142718392,0,9.539142718392,0
S6,low,2045,青海,0.5262276052813,253.2316217311,0.5262276052813,0,0.5262276052813,0
S6,low,2045,黑龙江,1.173787780678,69.20715361386,1.173787780678,0,1.173787780678,0
S6,low,2050,上海,22.43358609474,0,0,0,0,22.43358609474
S6,low,2050,云南,29.65196136081,143.6626289164,29.65196136081,0,29.65196136081,0
S6,low,2050,内蒙古,2.332035078953,736.4753831125,2.332035078953,0,2.332035078953,0
S6,low,2050,北京,24.1240868485,0.4606918887387,0.4606918887387,0,0.4606918887387,23.66339495976
S6,low,2050,四川,10.42816938692,15.94271150492,10.42816938692,0,10.42816938692,0
S6,low,2050,天津,10.85193861192,8.861786991629,8.861786991629,0,8.861786991629,1.990151620289
S6,low,2050,宁夏,0.3021712852785,130.5074687604,0.3021712852785,0,0.3021712852785,0
S6,low,2050,安徽,29.74199479782,16.50126615215,16.50126615215,13.24,29.74126615215,0.0007286456690032
S6,low,2050,山东,32.99277444503,120.3648314963,32.99277444503,0,32.99277444503,0
S6,low,2050,山西,11.34181452931,130.8522634523,11.34181452931,0,11.34181452931,0
S6,low,2050,广东,71.49292428911,20.65702379096,20.65702379096,0,20.65702379096,50.83590049815
S6,low,2050,广西,30.11823798672,56.09193497883,30.11823798672,0,30.11823798672,0
S6,low,2050,新疆,0.8211442175547,624.6708205094,0.8211442175547,0,0.8211442175547,0
S6,low,2050,江苏,46.66842630019,36.36745341177,36.36745341177,10.3,46.66745341177,0.0009728884237248
S6,low,2050,江西,24.42466726728,25.17073024979,24.42466726728,0,24.42466726728,0
S6,low,2050,河北,22.16696238757,326.7423804167,22.16696238757,0,22.16696238757,0
S6,low,2050,河南,51.82416986023,81.32402361887,51.82416986023,0,51.82416986023,0
S6,low,2050,浙江,49.53969352947,2.603157339769,2.603157339769,0,2.603157339769,46.93653618971
S6,low,2050,海南,1.449536864039,8.248903070857,1.449536864039,0,1.449536864039,0
S6,low,2050,湖北,24.91758176378,35.98888460404,24.91758176378,0,24.91758176378,0
S6,low,2050,湖南,28.14825843785,58.37338194879,28.14825843785,0,28.14825843785,0
S6,low,2050,甘肃,1.045615494044,237.5949154257,1.045615494044,0,1.045615494044,0
S6,low,2050,福建,14.99998505197,0,0,0,0,14.99998505197
S6,low,2050,西藏,0.2006091495589,41.21884418766,0.2006091495589,0,0.2006091495589,0
S6,low,2050,贵州,19.63831388133,32.62922250477,19.63831388133,0,19.63831388133,0
S6,low,2050,辽宁,7.701060585369,101.9573130934,7.701060585369,0,7.701060585369,0
S6,low,2050,陕西,13.62209067177,95.88708143331,13.62209067177,0,13.62209067177,0
S6,low,2050,青海,0.7179820311067,283.5865606799,0.7179820311067,0,0.7179820311067,0
S6,low,2050,黑龙江,1.671742912992,82.0718002653,1.671742912992,0,1.671742912992,0
S6,low,2055,上海,29.63917435411,0,0,0,0,29.63917435411
S6,low,2055,云南,39.88293545677,159.952172751,39.88293545677,0,39.88293545677,0
S6,low,2055,内蒙古,3.137102691131,848.3084365,3.137102691131,0,3.137102691131,0
S6,low,2055,北京,32.63617643795,0.5346865325651,0.5346865325651,0,0.5346865325651,32.10148990538
S6,low,2055,四川,13.40012294267,18.13826535905,13.40012294267,0,13.40012294267,0
S6,low,2055,天津,14.33787538029,9.96175640414,9.96175640414,0,9.96175640414,4.376118976153
S6,low,2055,宁夏,0.3443599253389,146.263172491,0.3443599253389,0,0.3443599253389,0
S6,low,2055,安徽,40.13622582749,18.59064478017,18.59064478017,21.545,40.13564478017,0.0005810473160039
S6,low,2055,山东,43.55844198577,138.0616897265,43.55844198577,0,43.55844198577,0
S6,low,2055,山西,15.32619992946,151.384535565,15.32619992946,0,15.32619992946,0
S6,low,2055,广东,95.17179113755,23.94691680578,23.94691680578,0,23.94691680578,71.22487433177
S6,low,2055,广西,40.39661510797,64.58842858539,40.39661510797,0,40.39661510797,0
S6,low,2055,新疆,0.935790974278,704.7414428829,0.935790974278,0,0.935790974278,0
S6,low,2055,江苏,62.70944207844,42.13838189803,42.13838189803,20.571,62.70938189803,6.0180412504e-05
S6,low,2055,江西,32.95299446702,29.05031020191,29.05031020191,0,29.05031020191,3.902684265111
S6,low,2055,河北,29.34839458895,374.7267654862,29.34839458895,0,29.34839458895,0
S6,low,2055,河南,70.22905432278,94.67550594512,70.22905432278,0,70.22905432278,0
S6,low,2055,浙江,65.91826691271,3.042625863663,3.042625863663,0,3.042625863663,62.87564104904
S6,low,2055,海南,1.862994310839,9.342681966693,1.862994310839,0,1.862994310839,0
S6,low,2055,湖北,33.53990206575,40.26935999378,33.53990206575,0,33.53990206575,0
S6,low,2055,湖南,37.97341643171,67.78666050541,37.97341643171,0,37.97341643171,0
S6,low,2055,甘肃,1.208469727883,269.0153553981,1.208469727883,0,1.208469727883,0
S6,low,2055,福建,19.9637144483,0,0,0,0,19.9637144483
S6,low,2055,西藏,0.2676607270527,45.73866110188,0.2676607270527,0,0.2676607270527,0
S6,low,2055,贵州,26.47111068643,36.10378879744,26.47111068643,0,26.47111068643,0
S6,low,2055,辽宁,9.678359542877,118.4800907762,9.678359542877,0,9.678359542877,0
S6,low,2055,陕西,18.23403611994,107.7346032842,18.23403611994,0,18.23403611994,0
S6,low,2055,青海,0.9261926685462,313.9414996287,0.9261926685462,0,0.9261926685462,0
S6,low,2055,黑龙江,2.230506058773,94.93644691674,2.230506058773,0,2.230506058773,0
S6,low,2060,上海,37.63075401293,0,0,0,0,37.63075401293
S6,low,2060,云南,51.23355629572,176.2417165857,51.23355629572,0,51.23355629572,0
S6,low,2060,内蒙古,4.030550229451,960.1414898874,4.030550229451,0,4.030550229451,0
S6,low,2060,北京,42.32320603944,0.6086811763915,0.6086811763915,0,0.6086811763915,41.71452486304
S6,low,2060,四川,16.56543717509,20.33381921317,16.56543717509,0,16.56543717509,0
S6,low,2060,天津,18.22049563205,11.06172581665,11.06172581665,0,11.06172581665,7.158769815398
S6,low,2060,宁夏,0.3779340682251,162.0188762217,0.3779340682251,0,0.3779340682251,0
S6,low,2060,安徽,51.75213522672,20.6800234082,20.6800234082,31.072,51.7520234082,0.0001118185199971
S6,low,2060,山东,55.37051244769,155.7585479566,55.37051244769,0,55.37051244769,0
S6,low,2060,山西,19.79186666926,171.9168076777,19.79186666926,0,19.79186666926,0
S6,low,2060,广东,121.6378943912,27.23680982061,27.23680982061,0,27.23680982061,94.40108457055
S6,low,2060,广西,51.84694060584,73.08492219195,51.84694060584,0,51.84694060584,0
S6,low,2060,新疆,1.027028013115,784.8120652565,1.027028013115,0,1.027028013115,0
S6,low,2060,江苏,80.62465748722,47.90931038429,47.90931038429,32.715,80.62431038429,0.0003471029311157
S6,low,2060,江西,42.49163476491,32.92989015402,32.92989015402,0,32.92989015402,9.561744610889
S6,low,2060,河北,37.38861933762,422.7111505558,37.38861933762,0,37.38861933762,0
S6,low,2060,河南,91.04278758861,108.0269882714,91.04278758861,0,91.04278758861,0
S6,low,2060,浙江,84.16651029878,3.482094387557,3.482094387557,0,3.482094387557,80.68441591122
S6,low,2060,海南,2.325796356004,10.43646086253,2.325796356004,0,2.325796356004,0
S6,low,2060,湖北,43.15628247217,44.54983538352,43.15628247217,0,43.15628247217,0
S6,low,2060,湖南,48.97862725385,77.19993906203,48.97862725385,0,48.97862725385,0
S6,low,2060,甘肃,1.346846217721,300.4357953706,1.346846217721,0,1.346846217721,0
S6,low,2060,福建,25.52169932473,0,0,0,0,25.52169932473
S6,low,2060,西藏,0.3406713710358,50.25847801611,0.3406713710358,0,0.3406713710358,0
S6,low,2060,贵州,34.08788594253,39.5783550901,34.08788594253,0,34.08788594253,0
S6,low,2060,辽宁,11.78965738388,135.0028684591,11.78965738388,0,11.78965738388,0
S6,low,2060,陕西,23.29457030204,119.582125135,23.29457030204,0,23.29457030204,0
S6,low,2060,青海,1.146515000231,344.2964385775,1.146515000231,0,1.146515000231,0
S6,low,2060,黑龙江,2.838928091965,107.8010935682,2.838928091965,0,2.838928091965,0
S6,mid,2025,上海,0.974801109794,0,0,0,0,0.974801109794
S6,mid,2025,云南,1.204000488183,55.42463688618,1.204000488183,0,1.204000488183,0
S6,mid,2025,内蒙古,0.09476075423552,249.9712308819,0.09476075423552,0,0.09476075423552,0
S6,mid,2025,北京,0.9993098119598,0.1514952466769,0.1514952466769,0,0.1514952466769,0.8478145652829
S6,mid,2025,四川,0.2995263251617,5.682936472736,0.2995263251617,0,0.2995263251617,0
S6,mid,2025,天津,0.5148712246121,3.304104513969,0.5148712246121,0,0.5148712246121,0
S6,mid,2025,宁夏,0,49.19439301438,0,0,0,0
S6,mid,2025,安徽,1.228970964459,6.102839052569,1.228970964459,0,1.228970964459,0
S6,mid,2025,山东,1.639070604744,41.55364391617,1.639070604744,0,1.639070604744,0
S6,mid,2025,山西,0.4719852610287,43.61439242789,0.4719852610287,0,0.4719852610287,0
S6,mid,2025,广东,3.111376236124,6.826635729473,3.111376236124,0,3.111376236124,0
S6,mid,2025,广西,1.301579358064,19.06381496691,1.301579358064,0,1.301579358064,0
S6,mid,2025,新疆,0,229.8525943639,0,0,0,0
S6,mid,2025,江苏,2.00564717777,12.04392863904,2.00564717777,0,2.00564717777,0
S6,mid,2025,江西,1.006932894014,8.474082760956,1.006932894014,0,1.006932894014,0
S6,mid,2025,河北,1.112815365066,112.8684626215,1.112815365066,0,1.112815365066,0
S6,mid,2025,河南,2.183467490036,26.39369296253,2.183467490036,0,2.183467490036,0
S6,mid,2025,浙江,2.242856092892,0.8302725596161,0.8302725596161,0,0.8302725596161,1.412583533276
S6,mid,2025,海南,0.09303185424014,2.991317349124,0.09303185424014,0,0.09303185424014,0
S6,mid,2025,湖北,1.012796619976,13.64348342791,1.012796619976,0,1.012796619976,0
S6,mid,2025,湖南,1.158339475145,19.15037681832,1.158339475145,0,1.158339475145,0
S6,mid,2025,甘肃,0.003343571867864,86.26073717587,0.003343571867864,0,0.003343571867864,0
S6,mid,2025,福建,0.7258863522743,0,0,0,0,0.7258863522743
S6,mid,2025,西藏,0.007796424095805,16.08768591622,0.007796424095805,0,0.007796424095805,0
S6,mid,2025,贵州,0.8065743371577,12.85981034489,0.8065743371577,0,0.8065743371577,0
S6,mid,2025,辽宁,0.3348522515211,33.35094620209,0.3348522515211,0,0.3348522515211,0
S6,mid,2025,陕西,0.5389025266857,35.8170385815,0.5389025266857,0,0.5389025266857,0
S6,mid,2025,青海,0.02153522809141,111.5778280558,0.02153522809141,0,0.02153522809141,0
S6,mid,2025,黑龙江,0.06497020079838,27.37151708563,0.06497020079838,0,0.06497020079838,0
S6,mid,2030,上海,9.244238128794,0,0,0,0,9.244238128794
S6,mid,2030,云南,8.453417636455,101.396127199,8.453417636455,0,8.453417636455,0
S6,mid,2030,内蒙古,0.6646125494251,431.011275526,0.6646125494251,0,0.6646125494251,0
S6,mid,2030,北京,8.355804629759,0.2569526549965,0.2569526549965,0,0.2569526549965,8.098851974762
S6,mid,2030,四川,6.699079283485,10.03653837641,6.699079283485,0,6.699079283485,0
S6,mid,2030,天津,4.245267517569,5.956329623732,4.245267517569,0,4.245267517569,0
S6,mid,2030,宁夏,0.4535208818701,89.10909474527,0.4535208818701,0,0.4535208818701,0
S6,mid,2030,安徽,8.411144446089,10.96208887241,8.411144446089,0,8.411144446089,0
S6,mid,2030,山东,12.92816713377,72.26106910109,12.92816713377,0,12.92816713377,0
S6,mid,2030,山西,3.196894057418,74.50277020047,3.196894057418,0,3.196894057418,0
S6,mid,2030,广东,27.16513782689,11.60918249562,11.60918249562,0,11.60918249562,15.55595533127
S6,mid,2030,广西,9.127747844222,32.8928303629,9.127747844222,0,9.127747844222,0
S6,mid,2030,新疆,1.232433615738,411.9231764279,1.232433615738,0,1.232433615738,0
S6,mid,2030,江苏,14.04719625947,20.50437515824,14.04719625947,0,14.04719625947,0
S6,mid,2030,江西,7.073647602999,14.55078186795,7.073647602999,0,7.073647602999,0
S6,mid,2030,河北,8.180089523127,196.3338928122,8.180089523127,0,8.180089523127,0
S6,mid,2030,河南,15.28666100005,44.45129320172,15.28666100005,0,15.28666100005,0
S6,mid,2030,浙江,17.47442230165,1.384971050488,1.384971050488,0,1.384971050488,16.08945125116
S6,mid,2030,海南,0.6977389068011,5.325336528533,0.6977389068011,0,0.6977389068011,0
S6,mid,2030,湖北,7.532742258284,24.77448191556,7.532742258284,0,7.532742258284,0
S6,mid,2030,湖南,8.386009706003,32.44024445524,8.386009706003,0,8.386009706003,0
S6,mid,2030,甘肃,1.468101600894,153.6498120613,1.468101600894,0,1.468101600894,0
S6,mid,2030,福建,5.137468977965,0,0,0,0,5.137468977965
S6,mid,2030,西藏,0.05830430745627,29.57433770166,0.05830430745627,0,0.05830430745627,0
S6,mid,2030,贵州,5.569411005437,23.73531524833,5.569411005437,0,5.569411005437,0
S6,mid,2030,辽宁,5.44620123055,56.40703474338,5.44620123055,0,5.44620123055,0
S6,mid,2030,陕西,3.928802853961,64.6199137265,3.928802853961,0,3.928802853961,0
S6,mid,2030,青海,0.4098676850698,205.7963455165,0.4098676850698,0,0.4098676850698,0
S6,mid,2030,黑龙江,0.4858692288023,46.77083335338,0.4858692288023,0,0.4858692288023,0
S6,mid,2035,上海,19.17473232104,0,0,0,0,19.17473232104
S6,mid,2035,云南,18.99695114608,158.1589689449,18.99695114608,0,18.99695114608,0
S6,mid,2035,内蒙古,1.493482115616,669.0084575426,1.493482115616,0,1.493482115616,0
S6,mid,2035,北京,17.80554845702,0.3982720998127,0.3982720998127,0,0.3982720998127,17.40727635721
S6,mid,2035,四川,13.11852241302,15.61009402181,13.11852241302,0,13.11852241302,0
S6,mid,2035,天津,8.865534511306,9.279712145871,8.865534511306,0,8.865534511306,0
S6,mid,2035,宁夏,0.8284554733633,138.8823078146,0.8284554733633,0,0.8284554733633,0
S6,mid,2035,安徽,18.88086532615,17.07345798735,17.07345798735,1.807,18.88045798735,0.0004073388019989
S6,mid,2035,山东,26.93546669987,112.2436798045,26.93546669987,0,26.93546669987,0
S6,mid,2035,山西,7.172888015339,115.5491951853,7.172888015339,0,7.172888015339,0
S6,mid,2035,广东,57.09556840648,17.99813668933,17.99813668933,0,17.99813668933,39.09743171714
S6,mid,2035,广西,20.15450772567,51.05864009441,20.15450772567,0,20.15450772567,0
S6,mid,2035,新疆,2.251310612876,641.4502323919,2.251310612876,0,2.251310612876,0
S6,mid,2035,江苏,31.04317209248,31.79174546168,31.04317209248,0,31.04317209248,0
S6,mid,2035,江西,15.78306548327,22.57743851739,15.78306548327,0,15.78306548327,0
S6,mid,2035,河北,17.22836724316,304.974536176,17.22836724316,0,17.22836724316,0
S6,mid,2035,河南,33.80213769818,68.85619204126,33.80213769818,0,33.80213769818,0
S6,mid,2035,浙江,37.28032163203,2.143543056916,2.143543056916,0,2.143543056916,35.13677857512
S6,mid,2035,海南,1.395097603166,8.288132147617,1.395097603166,0,1.395097603166,0
S6,mid,2035,湖北,16.65977340847,38.6203584581,16.65977340847,0,16.65977340847,0
S6,mid,2035,湖南,18.57665082591,50.27629111781,18.57665082591,0,18.57665082591,0
S6,mid,2035,甘肃,2.691903501547,239.1448224524,2.691903501547,0,2.691903501547,0
S6,mid,2035,福建,10.99352138356,0,0,0,0,10.99352138356
S6,mid,2035,西藏,0.1313698803523,46.14829280662,0.1313698803523,0,0.1313698803523,0
S6,mid,2035,贵州,12.50679010545,37.04878808319,12.50679010545,0,12.50679010545,0
S6,mid,2035,辽宁,10.48091472721,87.40835173231,10.48091472721,0,10.48091472721,0
S6,mid,2035,陕西,8.84306894042,100.6817591165,8.84306894042,0,8.84306894042,0
S6,mid,2035,青海,0.8168234986304,321.2127490698,0.8168234986304,0,0.8168234986304,0
S6,mid,2035,黑龙江,1.094749002936,72.54060116055,1.094749002936,0,1.094749002936,0
S6,mid,2040,上海,30.89866535571,0,0,0,0,30.89866535571
S6,mid,2040,云南,32.27701648449,200.6670422528,32.27701648449,0,32.27701648449,0
S6,mid,2040,内蒙古,2.537460718953,926.3651443519,2.537460718953,0,2.537460718953,0
S6,mid,2040,北京,29.1448993156,0.5648821180907,0.5648821180907,0,0.5648821180907,28.58001719751
S6,mid,2040,四川,20.03670644211,20.86741331013,20.03670644211,0,20.03670644211,0
S6,mid,2040,天津,14.4091753766,12.03430636548,12.03430636548,0,12.03430636548,2.374869011119
S6,mid,2040,宁夏,1.185681154231,178.8315946047,1.185681154231,0,1.185681154231,0
S6,mid,2040,安徽,32.06163228117,22.26001607035,22.26001607035,9.801,32.06101607035,0.0006162108189969
S6,mid,2040,山东,43.78483803325,153.4962078071,43.78483803325,0,43.78483803325,0
S6,mid,2040,山西,12.17743370569,162.1971702164,12.17743370569,0,12.17743370569,0
S6,mid,2040,广东,92.86888280496,25.42984885915,25.42984885915,0,25.42984885915,67.43903394581
S6,mid,2040,广西,33.93599255397,70.63035725419,33.93599255397,0,33.93599255397,0
S6,mid,2040,新疆,3.222064011685,839.150201377,3.222064011685,0,3.222064011685,0
S6,mid,2040,江苏,52.27483462713,44.84623872898,44.84623872898,7.428,52.27423872898,0.0005958981504079
S6,mid,2040,江西,26.69104183745,31.4531593339,26.69104183745,0,26.69104183745,0
S6,mid,2040,河北,28.24826614408,416.8813605015,28.24826614408,0,28.24826614408,0
S6,mid,2040,河南,56.82333528392,98.67030006828,56.82333528392,0,56.82333528392,0
S6,mid,2040,浙江,61.42086479893,3.11472052745,3.11472052745,0,3.11472052745,58.30614427148
S6,mid,2040,海南,2.221645620492,10.94952695595,2.221645620492,0,2.221645620492,0
S6,mid,2040,湖北,27.99909976516,49.54723529598,27.99909976516,0,27.99909976516,0
S6,mid,2040,湖南,31.25932316497,71.4394255094,31.25932316497,0,31.25932316497,0
S6,mid,2040,甘肃,3.867074068306,315.6847092556,3.867074068306,0,3.867074068306,0
S6,mid,2040,福建,18.20418315706,0,0,0,0,18.20418315706
S6,mid,2040,西藏,0.2235029990312,58.13018645536,0.2235029990312,0,0.2235029990312,0
S6,mid,2040,贵州,21.24201507242,46.38983985449,21.24201507242,0,21.24201507242,0
S6,mid,2040,辽宁,15.92092173702,124.485755895,15.92092173702,0,15.92092173702,0
S6,mid,2040,陕西,15.0370331137,130.411422999,15.0370331137,0,15.0370331137,0
S6,mid,2040,青海,1.2662726035,402.6159430907,1.2662726035,0,1.2662726035,0
S6,mid,2040,黑龙江,1.862524991927,101.7800125773,1.862524991927,0,1.862524991927,0
S6,mid,2045,上海,44.30651830702,0,0,0,0,44.30651830702
S6,mid,2045,云南,48.06346140708,230.0933149864,48.06346140708,0,48.06346140708,0
S6,mid,2045,内蒙古,3.778616195641,1128.38614402,3.778616195641,0,3.778616195641,0
S6,mid,2045,北京,42.34453085196,0.6985498617771,0.6985498617771,0,0.6985498617771,41.64598099018
S6,mid,2045,四川,27.31175102277,24.83357511113,24.83357511113,2.478,27.31157511113,0.0001759116439999
S6,mid,2045,天津,20.84473480078,14.02134788486,14.02134788486,0,14.02134788486,6.823386915915
S6,mid,2045,宁夏,1.516703406369,207.2935110214,1.516703406369,0,1.516703406369,0
S6,mid,2045,安徽,47.77405054653,26.03437746292,26.03437746292,21.739,47.77337746292,0.0006730836110052
S6,mid,2045,山东,63.43173077436,185.4647259002,63.43173077436,0,63.43173077436,0
S6,mid,2045,山西,18.15015824194,199.2877262909,18.15015824194,0,18.15015824194,0
S6,mid,2045,广东,134.2118357333,31.37288140206,31.37288140206,0,31.37288140206,102.8389543312
S6,mid,2045,广西,50.30071460859,85.97886183378,50.30071460859,0,50.30071460859,0
S6,mid,2045,新疆,4.121610134918,983.7939063099,4.121610134918,0,4.121610134918,0
S6,mid,2045,江苏,77.49504212531,55.27114180093,55.27114180093,22.223,77.49414180093,0.0009003243777812
S6,mid,2045,江西,39.65601150996,38.46143279579,38.46143279579,0,38.46143279579,1.194578714174
S6,mid,2045,河北,41.21321244281,503.5628303045,41.21321244281,0,41.21321244281,0
S6,mid,2045,河南,84.19381740737,122.7891068512,84.19381740737,0,84.19381740737,0
S6,mid,2045,浙江,89.68829859137,3.908599151259,3.908599151259,0,3.908599151259,85.77969944011
S6,mid,2045,海南,3.185265867209,12.92538560649,3.185265867209,0,3.185265867209,0
S6,mid,2045,湖北,41.39072121078,57.27970696777,41.39072121078,0,41.39072121078,0
S6,mid,2045,湖南,46.28205373019,88.44405774071,46.28205373019,0,46.28205373019,0
S6,mid,2045,甘肃,4.965814924782,372.4442137219,4.965814924782,0,4.965814924782,0
S6,mid,2045,福建,26.73636991494,0,0,0,0,26.73636991494
S6,mid,2045,西藏,0.3323035846315,66.29501701008,0.3323035846315,0,0.3323035846315,0
S6,mid,2045,贵州,31.6448000923,52.66647573801,31.6448000923,0,31.6448000923,0
S6,mid,2045,辽宁,21.71920026501,154.3333542899,21.71920026501,0,21.71920026501,0
S6,mid,2045,陕西,22.37064815064,151.8133979554,22.37064815064,0,22.37064815064,0
S6,mid,2045,青海,1.747185442675,457.4506715143,1.747185442675,0,1.747185442675,0
S6,mid,2045,黑龙江,2.769196538596,125.0193742702,2.769196538596,0,2.769196538596,0
S6,mid,2050,上海,59.26655090587,0,0,0,0,59.26655090587
S6,mid,2050,云南,66.07534202741,239.6937979781,66.07534202741,0,66.07534202741,0
S6,mid,2050,内蒙古,5.195048284863,1228.771762198,5.195048284863,0,5.195048284863,0
S6,mid,2050,北京,57.3655932797,0.7686410122272,0.7686410122272,0,0.7686410122272,56.59695226747
S6,mid,2050,四川,34.78939534437,26.59960422212,26.59960422212,8.189,34.78860422212,0.0007911222479962
S6,mid,2050,天津,28.13105944204,14.7854413978,14.7854413978,0,14.7854413978,13.34561804424
S6,mid,2050,宁夏,1.813027711671,217.7450815681,1.813027711671,0,1.813027711671,0
S6,mid,2050,安徽,65.79586990974,27.53152427524,27.53152427524,38.264,65.79552427524,0.000345634503006
S6,mid,2050,山东,85.80764313004,200.8226065608,85.80764313004,0,85.80764313004,0
S6,mid,2050,山西,25.01560996884,218.3203539953,25.01560996884,0,25.01560996884,0
S6,mid,2050,广东,180.78769235,34.46519477422,34.46519477422,0,34.46519477422,146.3224975758
S6,mid,2050,广西,69.03433072115,93.5865439219,69.03433072115,0,69.03433072115,0
S6,mid,2050,新疆,4.926865305328,1042.231529406,4.926865305328,0,4.926865305328,0
S6,mid,2050,江苏,106.393956916,60.67724847312,60.67724847312,45.716,106.3932484731,0.000708442866312
S6,mid,2050,江西,54.50283924435,41.99608469483,41.99608469483,0,41.99608469483,12.50675454952
S6,mid,2050,河北,56.07917272931,545.1530625134,56.07917272931,0,56.07917272931,0
S6,mid,2050,河南,115.7104828976,135.6850019737,115.7104828976,0,115.7104828976,0
S6,mid,2050,浙江,121.8193164401,4.343235775444,4.343235775444,0,4.343235775444,117.4760806647
S6,mid,2050,海南,4.293841251748,13.7628757118,4.293841251748,0,4.293841251748,0
S6,mid,2050,湖北,56.63916284028,60.04562564952,56.63916284028,0,56.63916284028,0
S6,mid,2050,湖南,63.45696618671,97.3930222889,63.45696618671,0,63.45696618671,0
S6,mid,2050,甘肃,5.960168970706,396.4150460578,5.960168970706,0,5.960168970706,0
S6,mid,2050,福建,36.54275974151,0,0,0,0,36.54275974151
S6,mid,2050,西藏,0.4548953866492,68.77154752166,0.4548953866492,0,0.4548953866492,0
S6,mid,2050,贵州,43.55470181371,54.44020011492,43.55470181371,0,43.55470181371,0
S6,mid,2050,辽宁,27.82555383853,170.1105972467,27.82555383853,0,27.82555383853,0
S6,mid,2050,陕西,30.67513780558,159.9827241026,30.67513780558,0,30.67513780558,0
S6,mid,2050,青海,2.247262668103,473.1497696906,2.247262668103,0,2.247262668103,0
S6,mid,2050,黑龙江,3.790794888743,136.9326293196,3.790794888743,0,3.790794888743,0
S6,mid,2055,上海,75.63830542292,0,0,0,0,75.63830542292
S6,mid,2055,云南,86.01178883563,245.0331157037,86.01178883563,0,86.01178883563,0
S6,mid,2055,内蒙古,6.763300036478,1299.536328255,6.763300036478,0,6.763300036478,0
S6,mid,2055,北京,74.16550075805,0.8190942626529,0.8190942626529,0,0.8190942626529,73.3464064954
S6,mid,2055,四川,42.31052172549,27.7862788479,27.7862788479,14.524,42.3102788479,0.0002428775889953
S6,mid,2055,天津,36.2231914099,15.26056300209,15.26056300209,0,15.26056300209,20.96262840781
S6,mid,2055,宁夏,2.066159552033,224.0627323267,2.066159552033,0,2.066159552033,0
S6,mid,2055,安徽,85.88802791363,28.47928562069,28.47928562069,57.408,85.88728562069,0.0007422929400036
S6,mid,2055,山东,110.8346771303,211.49875873,110.8346771303,0,110.8346771303,0
S6,mid,2055,山西,32.69242181175,231.9082246953,32.69242181175,0,32.69242181175,0
S6,mid,2055,广东,232.2348107844,36.68463851099,36.68463851099,0,36.68463851099,195.5501722734
S6,mid,2055,广西,89.90568547854,98.94397570528,89.90568547854,0,89.90568547854,0
S6,mid,2055,新疆,5.614745845668,1079.603912502,5.614745845668,0,5.614745845668,0
S6,mid,2055,江苏,138.6371456368,64.55241482252,64.55241482252,74.084,138.6364148225,0.0007308142749878
S6,mid,2055,江西,71.04322019251,44.5026028625,44.5026028625,0,44.5026028625,26.54061733001
S6,mid,2055,河北,72.79526416057,574.0495130853,72.79526416057,0,72.79526416057,0
S6,mid,2055,河南,151.1519239175,145.0348176181,145.0348176181,6.117,151.1518176181,0.0001062993730159
S6,mid,2055,浙江,157.5288181254,4.66104387625,4.66104387625,0,4.66104387625,152.8677742491
S6,mid,2055,海南,5.555254682538,14.3121936511,5.555254682538,0,5.555254682538,0
S6,mid,2055,湖北,73.53503294612,61.6892323309,61.6892323309,11.845,73.5342323309,0.0008006152240085
S6,mid,2055,湖南,82.58209927468,103.8433948168,82.58209927468,0,82.58209927468,0
S6,mid,2055,甘肃,6.822116838233,412.108629546,6.822116838233,0,6.822116838233,0
S6,mid,2055,福建,47.57044531981,0,0,0,0,47.57044531981
S6,mid,2055,西藏,0.5882153518613,70.06773615608,0.5882153518613,0,0.5882153518613,0
S6,mid,2055,贵州,56.79944604637,55.30793177479,55.30793177479,1.491,56.79893177479,0.0005142715770035
S6,mid,2055,辽宁,34.18854063355,181.5014156572,34.18854063355,0,34.18854063355,0
S6,mid,2055,陕西,39.77045540218,165.040243329,39.77045540218,0,39.77045540218,0
S6,mid,2055,青海,2.753706791151,480.9316590057,2.753706791151,0,2.753706791151,0
S6,mid,2055,黑龙江,4.901794598844,145.4345569788,4.901794598844,0,4.901794598844,0
S6,mid,2060,上海,93.28908605705,0,0,0,0,93.28908605705
S6,mid,2060,云南,107.5896738721,246.178905707,107.5896738721,0,107.5896738721,0
S6,mid,2060,内蒙古,8.461300558952,1341.150017621,8.461300558952,0,8.461300558952,0
S6,mid,2060,北京,92.70499398691,0.8502213257532,0.8502213257532,0,0.8502213257532,91.85477266116
S6,mid,2060,四川,49.72033698766,28.40279509141,28.40279509141,21.317,49.71979509141,0.0005418962480022
S6,mid,2060,天津,45.07956034106,15.45129955342,15.45129955342,0,15.45129955342,29.62826078764
S6,mid,2060,宁夏,2.267604409351,226.3120810716,2.267604409351,0,2.267604409351,0
S6,mid,2060,安徽,107.826431534,28.88638190352,28.88638190352,78.94,107.8263819035,4.963045999773e-05
S6,mid,2060,山东,138.443301055,217.5674955585,138.443301055,0,138.443301055,0
S6,mid,2060,山西,41.10449371871,240.1377631053,41.10449371871,0,41.10449371871,0
S6,mid,2060,广东,288.2137261035,38.04506768593,38.04506768593,0,38.04506768593,250.1686584176
S6,mid,2060,广西,112.6985929006,102.0868754427,102.0868754427,0,102.0868754427,10.61171745795
S6,mid,2060,新疆,6.16216807869,1096.245424485,6.16216807869,0,6.16216807869,0
S6,mid,2060,江苏,173.9120746513,66.92094148917,66.92094148917,106.991,173.9119414892,0.0001331621308225
S6,mid,2060,江西,89.10057556214,45.99730688181,45.99730688181,0,45.99730688181,43.10326868033
S6,mid,2060,河北,91.31670255143,590.4536706176,91.31670255143,0,91.31670255143,0
S6,mid,2060,河南,190.3130326786,150.89484076,150.89484076,39.418,190.31284076,0.0001919186459816
S6,mid,2060,浙江,196.5511082478,4.863877874683,4.863877874683,0,4.863877874683,191.6872303731
S6,mid,2060,海南,6.977389068011,14.57791358576,6.977389068011,0,6.977389068011,0
S6,mid,2060,湖北,91.88133118468,62.22834148809,62.22834148809,29.652,91.88034148809,0.0009896965869984
S6,mid,2060,湖南,103.4680327925,107.8348355152,103.4680327925,0,103.4680327925,0
S6,mid,2060,甘肃,7.523694601865,419.656349089,7.523694601865,0,7.523694601865,0
S6,mid,2060,福建,59.77149251116,0,0,0,0,59.77149251116
S6,mid,2060,西藏,0.7293667540776,70.20231849869,0.7293667540776,0,0.7293667540776,0
S6,mid,2060,贵州,71.21729264545,55.28405155442,55.28405155442,0,55.28405155442,15.93324109103
S6,mid,2060,辽宁,40.75782767281,188.575435308,40.75782767281,0,40.75782767281,0
S6,mid,2060,陕西,49.48658932846,167.035349395,49.48658932846,0,49.48658932846,0
S6,mid,2060,青海,3.254163861936,480.9220094416,3.254163861936,0,3.254163861936,0
S6,mid,2060,黑龙江,6.07805628398,150.5793053016,6.07805628398,0,6.07805628398,0
S7,high,2025,上海,2.073266544306,0,0,0,0,2.073266544306
S7,high,2025,云南,1.527401886471,55.42463688618,1.527401886471,0,1.527401886471,0
S7,high,2025,内蒙古,0.1201661316959,249.9712308819,0.1201661316959,0,0.1201661316959,0
S7,high,2025,北京,1.214659518223,0.1514952466769,0.1514952466769,0,0.1514952466769,1.063164271546
S7,high,2025,四川,0.3795656572275,5.682936472736,0.3795656572275,0,0.3795656572275,0
S7,high,2025,天津,1.269395679058,3.304104513969,1.269395679058,0,1.269395679058,0
S7,high,2025,宁夏,0,49.19439301438,0,0,0,0
S7,high,2025,安徽,1.544460004775,6.102839052569,1.544460004775,0,1.544460004775,0
S7,high,2025,山东,4.347908317039,41.55364391617,4.347908317039,0,4.347908317039,0
S7,high,2025,山西,0.590904574365,43.61439242789,0.590904574365,0,0.590904574365,0
S7,high,2025,广东,5.961163298454,6.826635729473,5.961163298454,0,5.961163298454,0
S7,high,2025,广西,2.150526862177,19.06381496691,2.150526862177,0,2.150526862177,0
S7,high,2025,新疆,0,229.8525943639,0,0,0,0
S7,high,2025,江苏,3.158036497968,12.04392863904,3.158036497968,0,3.158036497968,0
S7,high,2025,江西,1.262913769966,8.474082760956,1.262913769966,0,1.262913769966,0
S7,high,2025,河北,2.912064616306,112.8684626215,2.912064616306,0,2.912064616306,0
S7,high,2025,河南,2.696050933016,26.39369296253,2.696050933016,0,2.696050933016,0
S7,high,2025,浙江,4.680536240759,0.8302725596161,0.8302725596161,0,0.8302725596161,3.850263681143
S7,high,2025,海南,0.3693911859535,2.991317349124,0.3693911859535,0,0.3693911859535,0
S7,high,2025,湖北,1.273047789894,13.64348342791,1.273047789894,0,1.273047789894,0
S7,high,2025,湖南,1.448396164571,19.15037681832,1.448396164571,0,1.448396164571,0
S7,high,2025,甘肃,0.004270415305968,86.26073717587,0.004270415305968,0,0.004270415305968,0
S7,high,2025,福建,1.702362470449,0,0,0,0,1.702362470449
S7,high,2025,西藏,0.01013009610856,16.08768591622,0.01013009610856,0,0.01013009610856,0
S7,high,2025,贵州,1.01693372685,12.85981034489,1.01693372685,0,1.01693372685,0
S7,high,2025,辽宁,1.190718452561,33.35094620209,1.190718452561,0,1.190718452561,0
S7,high,2025,陕西,0.6934043927032,35.8170385815,0.6934043927032,0,0.6934043927032,0
S7,high,2025,青海,0.02790730622595,111.5778280558,0.02790730622595,0,0.02790730622595,0
S7,high,2025,黑龙江,0.08441746757136,27.37151708563,0.08441746757136,0,0.08441746757136,0
S7,high,2030,上海,22.1628395419,0,0,0,0,22.1628395419
S7,high,2030,云南,9.798089972623,176.5043695686,9.798089972623,0,9.798089972623,0
S7,high,2030,内蒙古,0.7696650756882,750.2788870267,0.7696650756882,0,0.7696650756882,0
S7,high,2030,北京,14.30728879673,0.4472879549939,0.4472879549939,0,0.4472879549939,13.86000084173
S7,high,2030,四川,19.34463393841,17.47101124782,17.47101124782,1.873,19.34401124782,0.0006226905887985
S7,high,2030,天津,10.39983419528,10.36842564131,10.36842564131,0,10.36842564131,0.0314085539658
S7,high,2030,宁夏,1.667356183346,155.1158315936,1.667356183346,0,1.667356183346,0
S7,high,2030,安徽,9.545711729731,19.08215470382,9.545711729731,0,9.545711729731,0
S7,high,2030,山东,32.93361795132,125.7877869537,32.93361795132,0,32.93361795132,0
S7,high,2030,山西,3.596093657218,129.690007386,3.596093657218,0,3.596093657218,0
S7,high,2030,广东,58.94145930165,20.20857693682,20.20857693682,0,20.20857693682,38.73288236483
S7,high,2030,广西,13.81554470721,57.25788989098,13.81554470721,0,13.81554470721,0
S7,high,2030,新疆,4.531005940214,717.0514552634,4.531005940214,0,4.531005940214,0
S7,high,2030,江苏,20.53887166491,35.69280120139,20.53887166491,0,20.53887166491,0
S7,high,2030,江西,8.549834327397,25.32913880717,8.549834327397,0,8.549834327397,0
S7,high,2030,河北,19.89229553659,341.7664060064,19.89229553659,0,19.89229553659,0
S7,high,2030,河南,19.34931835799,77.37817705485,19.34931835799,0,19.34931835799,0
S7,high,2030,浙江,36.3480249251,2.41087553233,2.41087553233,0,2.41087553233,33.93714939277
S7,high,2030,海南,2.462607906357,9.270030253372,2.462607906357,0,2.462607906357,0
S7,high,2030,湖北,10.0705495355,43.12595000117,10.0705495355,0,10.0705495355,0
S7,high,2030,湖南,10.85389732782,56.47005516283,10.85389732782,0,10.85389732782,0
S7,high,2030,甘肃,5.337657838242,267.4644876623,5.337657838242,0,5.337657838242,0
S7,high,2030,福建,11.0478720978,0,0,0,0,11.0478720978
S7,high,2030,西藏,0.07091061060785,51.4812545177,0.07091061060785,0,0.07091061060785,0
S7,high,2030,贵州,6.367810205037,41.31703024709,6.367810205037,0,6.367810205037,0
S7,high,2030,辽宁,18.75451321377,98.19002344218,18.75451321377,0,18.75451321377,0
S7,high,2030,陕西,4.689383144106,112.4865164869,4.689383144106,0,4.689383144106,0
S7,high,2030,青海,1.112390562422,358.2380829362,1.112390562422,0,1.112390562422,0
S7,high,2030,黑龙江,0.5909217550654,81.41589509663,0.5909217550654,0,0.5909217550654,0
S7,high,2035,上海,44.03916161916,0,0,0,0,44.03916161916
S7,high,2035,云南,20.82121082502,252.7839930999,20.82121082502,0,20.82121082502,0
S7,high,2035,内蒙古,1.635641586004,1069.269927867,1.635641586004,0,1.635641586004,0
S7,high,2035,北京,28.88729823462,0.636554552692,0.636554552692,0,0.636554552692,28.25074368193
S7,high,2035,四川,37.63530608216,24.94946651348,24.94946651348,12.685,37.63446651348,0.0008395686770015
S7,high,2035,天津,20.73916875552,14.83167667759,14.83167667759,0,14.83167667759,5.907492077934
S7,high,2035,宁夏,3.200908926193,221.974286849,3.200908926193,0,3.200908926193,0
S7,high,2035,安徽,20.30996307309,27.2883473815,20.30996307309,0,20.30996307309,0
S7,high,2035,山东,65.63863659745,179.3980181491,65.63863659745,0,65.63863659745,0
S7,high,2035,山西,7.655270352897,184.6811923047,7.655270352897,0,7.655270352897,0
S7,high,2035,广东,117.8529626254,28.76625265731,28.76625265731,0,28.76625265731,89.08670996808
S7,high,2035,广西,28.60945442162,81.6065444244,28.60945442162,0,28.60945442162,0
S7,high,2035,新疆,8.698403798497,1025.223875703,8.698403798497,0,8.698403798497,0
S7,high,2035,江苏,42.61877072924,50.81244787465,42.61877072924,0,42.61877072924,0
S7,high,2035,江西,18.02782607529,36.08530771583,18.02782607529,0,18.02782607529,0
S7,high,2035,河北,39.83615196559,487.4379338881,39.83615196559,0,39.83615196559,0
S7,high,2035,河南,40.44733290294,110.0522043736,40.44733290294,0,40.44733290294,0
S7,high,2035,浙江,73.244927015,3.4260047149,3.4260047149,0,3.4260047149,69.8189223001
S7,high,2035,海南,4.855357790096,13.24684368893,4.855357790096,0,4.855357790096,0
S7,high,2035,湖北,20.96963729571,61.72655582619,20.96963729571,0,20.96963729571,0
S7,high,2035,湖南,22.67311057107,80.35612341052,22.67311057107,0,22.67311057107,0
S7,high,2035,甘肃,10.25269480958,382.2229213555,10.25269480958,0,10.25269480958,0
S7,high,2035,福建,22.30402335893,0,0,0,0,22.30402335893
S7,high,2035,西藏,0.1502763999861,73.75838251998,0.1502763999861,0,0.1502763999861,0
S7,high,2035,贵州,13.54255698672,59.21472967143,13.54255698672,0,13.54255698672,0
S7,high,2035,辽宁,36.48678484645,139.7039467858,36.48678484645,0,36.48678484645,0
S7,high,2035,陕西,9.948354113905,160.9187090153,9.948354113905,0,9.948354113905,0
S7,high,2035,青海,2.174239733632,513.3913168894,2.174239733632,0,2.174239733632,0
S7,high,2035,黑龙江,1.252303333217,115.9409608293,1.252303333217,0,1.252303333217,0
S7,high,2040,上海,68.41776125604,0,0,0,0,68.41776125604
S7,high,2040,云南,34.15552885505,296.2227766589,34.15552885505,0,34.15552885505,0
S7,high,2040,内蒙古,2.683268235871,1367.491403567,2.683268235871,0,2.683268235871,0
S7,high,2040,北京,44.91703274496,0.8338736028958,0.8338736028958,0,0.8338736028958,44.08315914207
S7,high,2040,四川,56.09055483452,30.80427679114,30.80427679114,25.286,56.09027679114,0.0002780433790051
S7,high,2040,天津,32.64918040247,17.76492844429,17.76492844429,0,17.76492844429,14.88425195818
S7,high,2040,宁夏,4.694235734992,263.9894967975,4.694235734992,0,4.694235734992,0
S7,high,2040,安徽,33.35630192172,32.8600237229,32.8600237229,0.496,33.3560237229,0.0002781988219951
S7,high,2040,山东,103.7054661198,226.5896400961,103.7054661198,0,103.7054661198,0
S7,high,2040,山西,12.57905535554,239.4339179385,12.57905535554,0,12.57905535554,0
S7,high,2040,广东,184.1019116176,37.53930069684,37.53930069684,0,37.53930069684,146.5626109207
S7,high,2040,广西,46.39976849565,104.2638607086,46.39976849565,0,46.39976849565,0
S7,high,2040,新疆,12.75648851305,1238.745535366,12.75648851305,0,12.75648851305,0
S7,high,2040,江苏,69.1003217333,66.20159050468,66.20159050468,2.898,69.09959050468,0.0007312286210066
S7,high,2040,江西,29.34291228356,46.43085425481,29.34291228356,0,29.34291228356,0
S7,high,2040,河北,63.43567404668,615.3962940736,63.43567404668,0,63.43567404668,0
S7,high,2040,河南,65.25354820125,145.6561572436,65.25354820125,0,65.25354820125,0
S7,high,2040,浙江,116.1662781548,4.597920778617,4.597920778617,0,4.597920778617,111.5683573761
S7,high,2040,海南,7.69166366035,16.16358741116,7.69166366035,0,7.69166366035,0
S7,high,2040,湖北,33.69776861124,73.1411568655,33.69776861124,0,33.69776861124,0
S7,high,2040,湖南,36.55449725408,105.4581995615,36.55449725408,0,36.55449725408,0
S7,high,2040,甘肃,15.04620552823,466.010761282,15.04620552823,0,15.04620552823,0
S7,high,2040,福建,35.7494021076,0,0,0,0,35.7494021076
S7,high,2040,西藏,0.2458703626643,85.81122762457,0.2458703626643,0,0.2458703626643,0
S7,high,2040,贵州,22.23244937893,68.4802397852,22.23244937893,0,22.23244937893,0
S7,high,2040,辽宁,55.41552841837,183.7646872735,55.41552841837,0,55.41552841837,0
S7,high,2040,陕西,16.29318020553,192.5121006176,16.29318020553,0,16.29318020553,0
S7,high,2040,青海,3.25835718349,594.3378207529,3.25835718349,0,3.25835718349,0
S7,high,2040,黑龙江,2.048919688869,150.2466852331,2.048919688869,0,2.048919688869,0
S7,high,2045,上海,94.90466329245,0,0,0,0,94.90466329245
S7,high,2045,云南,49.60067771089,339.661560218,49.60067771089,0,49.60067771089,0
S7,high,2045,内蒙古,3.896941064017,1665.712879267,3.896941064017,0,3.896941064017,0
S7,high,2045,北京,62.35263388062,1.0311926531,1.0311926531,0,1.0311926531,61.32144122752
S7,high,2045,四川,74.52946779202,36.65908706881,36.65908706881,37.87,74.52908706881,0.0003807232090054
S7,high,2045,天津,45.8977741356,20.69818021098,20.69818021098,0,20.69818021098,25.19959392462
S7,high,2045,宁夏,6.134279283262,306.0047067459,6.134279283262,0,6.134279283262,0
S7,high,2045,安徽,48.5308253875,38.43170006431,38.43170006431,10.099,48.53070006431,0.0001253231900051
S7,high,2045,山东,146.3524264017,273.7812620432,146.3524264017,0,146.3524264017,0
S7,high,2045,山西,18.31611199616,294.1866435724,18.31611199616,0,18.31611199616,0
S7,high,2045,广东,256.7249650987,46.31234873637,46.31234873637,0,46.31234873637,210.4126163623
S7,high,2045,广西,66.87655104441,126.9211769927,66.87655104441,0,66.87655104441,0
S7,high,2045,新疆,16.66977706923,1452.267195029,16.66977706923,0,16.66977706923,0
S7,high,2045,江苏,99.5672996174,81.5907331347,81.5907331347,17.976,99.5667331347,0.0005664826959872
S7,high,2045,江西,42.37136297932,56.77640079379,42.37136297932,0,42.37136297932,0
S7,high,2045,河北,90.18377459124,743.354654259,90.18377459124,0,90.18377459124,0
S7,high,2045,河南,93.63008620248,181.2601101137,93.63008620248,0,93.63008620248,0
S7,high,2045,浙江,164.3216243587,5.769836842334,5.769836842334,0,5.769836842334,158.5517875163
S7,high,2045,海南,10.89807658424,19.08033113339,10.89807658424,0,10.89807658424,0
S7,high,2045,湖北,48.11002805862,84.5557579048,48.11002805862,0,48.11002805862,0
S7,high,2045,湖南,52.36195460732,130.5602757125,52.36195460732,0,52.36195460732,0
S7,high,2045,甘肃,19.67595412003,549.7986012085,19.67595412003,0,19.67595412003,0
S7,high,2045,福建,51.1044332506,0,0,0,0,51.1044332506
S7,high,2045,西藏,0.3555657642715,97.86407272917,0.3555657642715,0,0.3555657642715,0
S7,high,2045,贵州,32.32504186895,77.74574989896,32.32504186895,0,32.32504186895,0
S7,high,2045,辽宁,75.21870561002,227.8254277612,75.21870561002,0,75.21870561002,0
S7,high,2045,陕西,23.60042174308,224.1054922199,23.60042174308,0,23.60042174308,0
S7,high,2045,青海,4.351929113197,675.2843246163,4.351929113197,0,4.351929113197,0
S7,high,2045,黑龙江,2.963048035596,184.5524096369,2.963048035596,0,2.963048035596,0
S7,high,2050,上海,122.8223245345,0,0,0,0,122.8223245345
S7,high,2050,云南,66.98275770173,383.100343777,66.98275770173,0,66.98275770173,0
S7,high,2050,内蒙古,5.263123817062,1963.934354967,5.263123817062,0,5.263123817062,0
S7,high,2050,北京,81.15520569339,1.228511703303,1.228511703303,0,1.228511703303,79.92669399009
S7,high,2050,四川,92.77758379979,42.51389734647,42.51389734647,50.263,92.77689734647,0.0006864533189912
S7,high,2050,天津,60.04156607823,23.63143197768,23.63143197768,0,23.63143197768,36.41013410055
S7,high,2050,宁夏,7.50798224452,348.0199166943,7.50798224452,0,7.50798224452,0
S7,high,2050,安徽,65.70196182747,44.00337640572,44.00337640572,21.698,65.70137640572,0.000585421750003
S7,high,2050,山东,192.013359113,320.9728839903,192.013359113,0,192.013359113,0
S7,high,2050,山西,24.82296089572,348.9393692062,24.82296089572,0,24.82296089572,0
S7,high,2050,广东,334.0690231671,55.0853967759,55.0853967759,0,55.0853967759,278.9836263912
S7,high,2050,广西,89.57561391428,149.5784932769,89.57561391428,0,89.57561391428,0
S7,high,2050,新疆,20.40278645242,1665.788854692,20.40278645242,0,20.40278645242,0
S7,high,2050,江苏,133.4152060449,96.97987576473,96.97987576473,36.435,133.4148757647,0.0003302801490292
S7,high,2050,江西,57.00694099846,67.12194733277,57.00694099846,0,57.00694099846,0
S7,high,2050,河北,119.0556124111,871.3130144445,119.0556124111,0,119.0556124111,0
S7,high,2050,河南,125.463385101,216.8640629837,125.463385101,0,125.463385101,0
S7,high,2050,浙江,216.3033493009,6.941752906051,6.941752906051,0,6.941752906051,209.3615963948
S7,high,2050,海南,14.31343959805,21.99707485562,14.31343959805,0,14.31343959805,0
S7,high,2050,湖北,64.07998552296,95.97035894411,64.07998552296,0,64.07998552296,0
S7,high,2050,湖南,69.97808848217,155.6623518634,69.97808848217,0,69.97808848217,0
S7,high,2050,甘肃,24.09978741914,633.5864411351,24.09978741914,0,24.09978741914,0
S7,high,2050,福建,67.82196562201,0,0,0,0,67.82196562201
S7,high,2050,西藏,0.477483995383,109.9169178338,0.477483995383,0,0.477483995383,0
S7,high,2050,贵州,43.72360352406,87.01126001273,43.72360352406,0,43.72360352406,0
S7,high,2050,辽宁,95.30924399134,271.8861682489,95.30924399134,0,95.30924399134,0
S7,high,2050,陕西,31.76160925584,255.6988838222,31.76160925584,0,31.76160925584,0
S7,high,2050,青海,5.442803390481,756.2308284798,5.442803390481,0,5.442803390481,0
S7,high,2050,黑龙江,3.979033294858,218.8581340408,3.979033294858,0,3.979033294858,0
S7,high,2055,上海,151.1191420243,0,0,0,0,151.1191420243
S7,high,2055,云南,86.15732085584,426.5391273361,86.15732085584,0,86.15732085584,0
S7,high,2055,内蒙古,6.770581157179,2262.155830667,6.770581157179,0,6.770581157179,0
S7,high,2055,北京,101.2913744324,1.425830753507,1.425830753507,0,1.425830753507,99.86554367887
S7,high,2055,四川,110.6676205595,48.36870762413,48.36870762413,62.298,110.6667076241,0.0009129353840081
S7,high,2055,天津,74.35916589644,26.56468374437,26.56468374437,0,26.56468374437,47.79448215207
S7,high,2055,宁夏,8.802287292285,390.0351266428,8.802287292285,0,8.802287292285,0
S7,high,2055,安徽,84.76298948669,49.57505274713,49.57505274713,35.187,84.76205274713,0.0009367395600037
S7,high,2055,山东,238.0911624626,368.1645059373,238.0911624626,0,238.0911624626,0
S7,high,2055,山西,32.06486615434,403.69209484,32.06486615434,0,32.06486615434,0
S7,high,2055,广东,413.5701377102,63.85844481543,63.85844481543,0,63.85844481543,349.7116928947
S7,high,2055,广西,113.826113716,172.235809561,113.826113716,0,113.826113716,0
S7,high,2055,新疆,23.92003364798,1879.310514354,23.92003364798,0,23.92003364798,0
S7,high,2055,江苏,169.7862356149,112.3690183948,112.3690183948,57.417,169.7860183948,0.0002172201179746
S7,high,2055,江西,73.16287492245,77.46749387175,73.16287492245,0,73.16287492245,0
S7,high,2055,河北,148.3457551441,999.27137463,148.3457551441,0,148.3457551441,0
S7,high,2055,河南,160.666941858,252.4680158537,160.666941858,0,160.666941858,0
S7,high,2055,浙江,269.8889837977,8.113668969769,8.113668969769,0,8.113668969769,261.775314828
S7,high,2055,海南,17.66160845482,24.91381857785,17.66160845482,0,17.66160845482,0
S7,high,2055,湖北,81.50178107441,107.3849599834,81.50178107441,0,81.50178107441,0
S7,high,2055,湖南,89.30632341403,180.7644280144,89.30632341403,0,89.30632341403,0
S7,high,2055,甘肃,28.2756442963,717.3742810616,28.2756442963,0,28.2756442963,0
S7,high,2055,福建,85.00257884208,0,0,0,0,85.00257884208
S7,high,2055,西藏,0.6100225564412,121.9697629384,0.6100225564412,0,0.6100225564412,0
S7,high,2055,贵州,56.34889036972,96.27677012649,56.34889036972,0,56.34889036972,0
S7,high,2055,辽宁,114.7522772858,315.9469087366,114.7522772858,0,114.7522772858,0
S7,high,2055,陕西,40.68493190167,287.2922754245,40.68493190167,0,40.68493190167,0
S7,high,2055,青海,6.519564176046,837.1773323433,6.519564176046,0,6.519564176046,0
S7,high,2055,黑龙江,5.083521303677,253.1638584446,5.083521303677,0,5.083521303677,0
S7,high,2060,上海,178.2705065092,0,0,0,0,178.2705065092
S7,high,2060,云南,107.0117970301,469.9779108951,107.0117970301,0,107.0117970301,0
S7,high,2060,内蒙古,8.410568201905,2560.377306366,8.410568201905,0,8.410568201905,0
S7,high,2060,北京,122.7337434396,1.623149803711,1.623149803711,0,1.623149803711,121.1105936359
S7,high,2060,四川,128.0400659936,54.22351790179,54.22351790179,73.816,128.0395179018,0.0005480918320018
S7,high,2060,天津,87.77833438836,29.49793551107,29.49793551107,0,29.49793551107,58.28039887729
S7,high,2060,宁夏,10.00413710008,432.0503365912,10.00413710008,0,10.00413710008,0
S7,high,2060,安徽,105.6340835282,55.14672908854,55.14672908854,50.487,105.6337290885,0.0003544396099926
S7,high,2060,山东,280.6888929606,415.3561278844,280.6888929606,0,280.6888929606,0
S7,high,2060,山西,40.01655560247,458.4448204738,40.01655560247,0,40.01655560247,0
S7,high,2060,广东,491.5116165637,72.63149285495,72.63149285495,0,72.63149285495,418.8801237087
S7,high,2060,广西,138.692765131,194.8931258452,138.692765131,0,138.692765131,0
S7,high,2060,新疆,27.18603564128,2092.832174017,27.18603564128,0,27.18603564128,0
S7,high,2060,江苏,207.4974060373,127.7581610248,127.7581610248,79.739,207.4971610248,0.0002450125330142
S7,high,2060,江西,90.77346258512,87.81304041073,87.81304041073,0,87.81304041073,2.96042217439
S7,high,2060,河北,175.4904942325,1127.229734815,175.4904942325,0,175.4904942325,0
S7,high,2060,河南,199.18354119,288.0719687237,199.18354119,0,199.18354119,0
S7,high,2060,浙江,321.8249307625,9.285585033486,9.285585033486,0,9.285585033486,312.539345729
S7,high,2060,海南,20.52173255297,27.83056230008,20.52173255297,0,20.52173255297,0
S7,high,2060,湖北,100.2918194541,118.7995610227,100.2918194541,0,100.2918194541,0
S7,high,2060,湖南,110.2726175784,205.8665041654,110.2726175784,0,110.2726175784,0
S7,high,2060,甘肃,32.1615632405,801.1621209882,32.1615632405,0,32.1615632405,0
S7,high,2060,福建,101.3020838196,0,0,0,0,101.3020838196
S7,high,2060,西藏,0.7518778025318,134.022608043,0.7518778025318,0,0.7518778025318,0
S7,high,2060,贵州,70.14058589216,105.5422802403,70.14058589216,0,70.14058589216,0
S7,high,2060,辽宁,132.1749320964,360.0076492244,132.1749320964,0,132.1749320964,0
S7,high,2060,陕西,50.29660973528,318.8856670268,50.29660973528,0,50.29660973528,0
S7,high,2060,青海,7.571592576315,918.1238362067,7.571592576315,0,7.571592576315,0
S7,high,2060,黑龙江,6.265648354431,287.4695828485,6.265648354431,0,6.265648354431,0
S7,low,2025,上海,0.2148350815733,0,0,0,0,0.2148350815733
S7,low,2025,云南,0.1383329850453,55.42463688618,0.1383329850453,0,0.1383329850453,0
S7,low,2025,内蒙古,0.0108910503882,249.9712308819,0.0108910503882,0,0.0108910503882,0
S7,low,2025,北京,0.118764601147,0.1514952466769,0.118764601147,0,0.118764601147,0
S7,low,2025,四川,0.03444480984481,5.682936472736,0.03444480984481,0,0.03444480984481,0
S7,low,2025,天津,0.1343125543101,3.304104513969,0.1343125543101,0,0.1343125543101,0
S7,low,2025,宁夏,0,49.19439301438,0,0,0,0
S7,low,2025,安徽,0.1422899224385,6.102839052569,0.1422899224385,0,0.1422899224385,0
S7,low,2025,山东,0.4652910735374,41.55364391617,0.4652910735374,0,0.4652910735374,0
S7,low,2025,山西,0.05481331886722,43.61439242789,0.05481331886722,0,0.05481331886722,0
S7,low,2025,广东,0.6119331245356,6.826635729473,0.6119331245356,0,0.6119331245356,0
S7,low,2025,广西,0.2111599327818,19.06381496691,0.2111599327818,0,0.2111599327818,0
S7,low,2025,新疆,0,229.8525943639,0,0,0,0
S7,low,2025,江苏,0.3083589123756,12.04392863904,0.3083589123756,0,0.3083589123756,0
S7,low,2025,江西,0.116769115866,8.474082760956,0.116769115866,0,0.116769115866,0
S7,low,2025,河北,0.3109083163022,112.8684626215,0.3109083163022,0,0.3109083163022,0
S7,low,2025,河南,0.2563684749924,26.39369296253,0.2563684749924,0,0.2563684749924,0
S7,low,2025,浙江,0.4825308368036,0.8302725596161,0.4825308368036,0,0.4825308368036,0
S7,low,2025,海南,0.04104346510594,2.991317349124,0.04104346510594,0,0.04104346510594,0
S7,low,2025,湖北,0.1172422477238,13.64348342791,0.1172422477238,0,0.1172422477238,0
S7,low,2025,湖南,0.1346555244111,19.15037681832,0.1346555244111,0,0.1346555244111,0
S7,low,2025,甘肃,0.0003820190193412,86.26073717587,0.0003820190193412,0,0.0003820190193412,0
S7,low,2025,福建,0.179066273496,0,0,0,0,0.179066273496
S7,low,2025,西藏,0.0008779420770895,16.08768591622,0.0008779420770895,0,0.0008779420770895,0
S7,low,2025,贵州,0.09313909554646,12.85981034489,0.09313909554646,0,0.09313909554646,0
S7,low,2025,辽宁,0.1306512225699,33.35094620209,0.1306512225699,0,0.1306512225699,0
S7,low,2025,陕西,0.06119136473305,35.8170385815,0.06119136473305,0,0.06119136473305,0
S7,low,2025,青海,0.00243055053255,111.5778280558,0.00243055053255,0,0.00243055053255,0
S7,low,2025,黑龙江,0.007316183975745,27.37151708563,0.007316183975745,0,0.007316183975745,0
S7,low,2030,上海,2.943742353342,0,0,0,0,2.943742353342
S7,low,2030,云南,1.863569970513,66.18913858822,1.863569970513,0,1.863569970513,0
S7,low,2030,内蒙古,0.1464292632617,281.354582635,0.1464292632617,0,0.1464292632617,0
S7,low,2030,北京,1.799610274268,0.1677329831227,0.1677329831227,0,0.1677329831227,1.631877291146
S7,low,2030,四川,1.589509445751,6.551629217933,1.589509445751,0,1.589509445751,0
S7,low,2030,天津,1.576264404893,3.888159615492,1.576264404893,0,1.576264404893,0
S7,low,2030,宁夏,0.1111570788897,58.16843684761,0.1111570788897,0,0.1111570788897,0
S7,low,2030,安徽,1.828101825686,7.155808013932,1.828101825686,0,1.828101825686,0
S7,low,2030,山东,5.184765367426,47.17042010766,5.184765367426,0,5.184765367426,0
S7,low,2030,山西,0.690704474315,48.63375276975,0.690704474315,0,0.690704474315,0
S7,low,2030,广东,8.143659545776,7.578216351306,7.578216351306,0,7.578216351306,0.56544319447
S7,low,2030,广西,2.516801929119,21.47170870912,2.516801929119,0,2.516801929119,0
S7,low,2030,新疆,0.3020670626809,268.8942957238,0.3020670626809,0,0.3020670626809,0
S7,low,2030,江苏,3.711734335586,13.38480045052,3.711734335586,0,3.711734335586,0
S7,low,2030,江西,1.538894950211,9.498427052688,1.538894950211,0,1.538894950211,0
S7,low,2030,河北,3.333562463152,128.1624022524,3.333562463152,0,3.333562463152,0
S7,low,2030,河南,3.263810089998,29.01681639557,3.263810089998,0,3.263810089998,0
S7,low,2030,浙江,5.753664208039,0.9040783246239,0.9040783246239,0,0.9040783246239,4.849585883415
S7,low,2030,海南,0.4104346510594,3.476261345015,0.4104346510594,0,0.4104346510594,0
S7,low,2030,湖北,1.654235579171,16.17223125044,1.654235579171,0,1.654235579171,0
S7,low,2030,湖南,1.824978492182,21.17627068606,1.824978492182,0,1.824978492182,0
S7,low,2030,甘肃,0.3592910995702,100.2991828734,0.3592910995702,0,0.3592910995702,0
S7,low,2030,福建,1.925280043614,0,0,0,0,1.925280043614
S7,low,2030,西藏,0.01328167189646,19.30547044414,0.01328167189646,0,0.01328167189646,0
S7,low,2030,贵州,1.21653352675,15.49388634266,1.21653352675,0,1.21653352675,0
S7,low,2030,辽宁,2.056119185627,36.82125879082,2.056119185627,0,2.056119185627,0
S7,low,2030,陕西,0.8835494652395,42.18244368258,0.8835494652395,0,0.8835494652395,0
S7,low,2030,青海,0.09756664284601,134.3392811011,0.09756664284601,0,0.09756664284601,0
S7,low,2030,黑龙江,0.1106805991371,30.53096066124,0.1106805991371,0,0.1106805991371,0
S7,low,2035,上海,6.370164232222,0,0,0,0,6.370164232222
S7,low,2035,云南,4.695983573899,94.79399741247,4.695983573899,0,4.695983573899,0
S7,low,2035,内蒙古,0.3690161837089,400.9762229502,0.3690161837089,0,0.3690161837089,0
S7,low,2035,北京,4.207554941621,0.2387079572595,0.2387079572595,0,0.2387079572595,3.968846984362
S7,low,2035,四川,3.22375887376,9.356049942556,3.22375887376,0,3.22375887376,0
S7,low,2035,天津,3.401417934748,5.561878754096,3.401417934748,0,3.401417934748,0
S7,low,2035,宁夏,0.2030528120988,83.24035756838,0.2030528120988,0,0.2030528120988,0
S7,low,2035,安徽,4.616117068283,10.23313026806,4.616117068283,0,4.616117068283,0
S7,low,2035,山东,11.11353483072,67.2742568059,11.11353483072,0,11.11353483072,0
S7,low,2035,山西,1.745607991713,69.25544711427,1.745607991713,0,1.745607991713,0
S7,low,2035,广东,17.98433206581,10.78734474649,10.78734474649,0,10.78734474649,7.196987319325
S7,low,2035,广西,5.958721032453,30.60245415915,5.958721032453,0,5.958721032453,0
S7,low,2035,新疆,0.5517918168814,384.4589533887,0.5517918168814,0,0.5517918168814,0
S7,low,2035,江苏,8.856243053869,19.054667953,8.856243053869,0,8.856243053869,0
S7,low,2035,江西,3.849973618069,13.53199039343,3.849973618069,0,3.849973618069,0
S7,low,2035,河北,7.208470956325,182.789225208,7.208470956325,0,7.208470956325,0
S7,low,2035,河南,8.09303784638,41.26957664012,8.09303784638,0,8.09303784638,0
S7,low,2035,浙江,12.81124395155,1.284751768088,1.284751768088,0,1.284751768088,11.52649218346
S7,low,2035,海南,0.841668355382,4.967566383347,0.841668355382,0,0.841668355382,0
S7,low,2035,湖北,4.074678317228,23.14745843482,4.074678317228,0,4.074678317228,0
S7,low,2035,湖南,4.5161308019,30.13354627895,4.5161308019,0,4.5161308019,0
S7,low,2035,甘肃,0.6599936874923,143.3335955083,0.6599936874923,0,0.6599936874923,0
S7,low,2035,福建,4.251995941813,0,0,0,0,4.251995941813
S7,low,2035,西藏,0.03331251101505,27.65939344499,0.03331251101505,0,0.03331251101505,0
S7,low,2035,贵州,3.069617579414,22.20552362679,3.069617579414,0,3.069617579414,0
S7,low,2035,辽宁,4.095783990581,52.38898004468,4.095783990581,0,4.095783990581,0
S7,low,2035,陕西,2.220102259317,60.34451588073,2.220102259317,0,2.220102259317,0
S7,low,2035,青海,0.2030146142386,192.5217438335,0.2030146142386,0,0.2030146142386,0
S7,low,2035,黑龙江,0.2776042584587,43.47786031097,0.2776042584587,0,0.2776042584587,0
S7,low,2040,上海,10.57475915537,0,0,0,0,10.57475915537
S7,low,2040,云南,8.605851713601,111.0835412471,8.605851713601,0,8.605851713601,0
S7,low,2040,内蒙古,0.6763161505919,512.8092763377,0.6763161505919,0,0.6763161505919,0
S7,low,2040,北京,7.391990787327,0.3127026010859,0.3127026010859,0,0.3127026010859,7.079288186241
S7,low,2040,四川,5.081245247487,11.55160379668,5.081245247487,0,5.081245247487,0
S7,low,2040,天津,5.634998156718,6.661848166607,5.634998156718,0,5.634998156718,0
S7,low,2040,宁夏,0.290608126037,98.99606129904,0.290608126037,0,0.290608126037,0
S7,low,2040,安徽,8.477099747828,12.32250889609,8.477099747828,0,8.477099747828,0
S7,low,2040,山东,18.32204559453,84.97111503605,18.32204559453,0,18.32204559453,0
S7,low,2040,山西,3.2084650881,89.78771922695,3.2084650881,0,3.2084650881,0
S7,low,2040,广东,30.31499108574,14.07723776132,14.07723776132,0,14.07723776132,16.23775332442
S7,low,2040,广西,10.52052755151,39.09894776571,10.52052755151,0,10.52052755151,0
S7,low,2040,新疆,0.7897215714915,464.5295757623,0.7897215714915,0,0.7897215714915,0
S7,low,2040,江苏,15.71765214773,24.82559643925,15.71765214773,0,15.71765214773,0
S7,low,2040,江西,7.033461542209,17.41157034555,7.033461542209,0,7.033461542209,0
S7,low,2040,河北,11.96230686913,230.7736102776,11.96230686913,0,11.96230686913,0
S7,low,2040,河南,14.73047809048,54.62105896637,14.73047809048,0,14.73047809048,0
S7,low,2040,浙江,21.71098962204,1.724220291982,1.724220291982,0,1.724220291982,19.98676933006
S7,low,2040,海南,1.340013671567,6.061345279184,1.340013671567,0,1.340013671567,0
S7,low,2040,湖北,7.374108854976,27.42793382456,7.374108854976,0,7.374108854976,0
S7,low,2040,湖南,8.199759523084,39.54682483556,8.199759523084,0,8.199759523084,0
S7,low,2040,甘肃,0.9499194824458,174.7540354808,0.9499194824458,0,0.9499194824458,0
S7,low,2040,福建,7.1655160709,0,0,0,0,7.1655160709
S7,low,2040,西藏,0.06075993248084,32.17921035921,0.06075993248084,0,0.06075993248084,0
S7,low,2040,贵州,5.632954546261,25.68008991945,5.632954546261,0,5.632954546261,0
S7,low,2040,辽宁,6.360856370316,68.91175772757,6.360856370316,0,6.360856370316,0
S7,low,2040,陕西,4.056811033489,72.19203773159,4.056811033489,0,4.056811033489,0
S7,low,2040,青海,0.326420976238,222.8766827823,0.326420976238,0,0.326420976238,0
S7,low,2040,黑龙江,0.5063327706737,56.34250696241,0.5063327706737,0,0.5063327706737,0
S7,low,2045,上海,15.51355395431,0,0,0,0,15.51355395431
S7,low,2045,云南,13.47848628968,127.3730850817,13.47848628968,0,13.47848628968,0
S7,low,2045,内蒙古,1.059371057058,624.6423297251,1.059371057058,0,1.059371057058,0
S7,low,2045,北京,11.32374424738,0.3866972449123,0.3866972449123,0,0.3866972449123,10.93704700247
S7,low,2045,四川,7.112902145684,13.7471576508,7.112902145684,0,7.112902145684,0
S7,low,2045,天津,8.264921492506,7.761817579118,7.761817579118,0,7.761817579118,0.5031039133882
S7,low,2045,宁夏,0.3717410309727,114.7517650297,0.3717410309727,0,0.3717410309727,0
S7,low,2045,安徽,13.31486195154,14.41188752412,13.31486195154,0,13.31486195154,0
S7,low,2045,山东,26.79646799652,102.6679732662,26.79646799652,0,26.79646799652,0
S7,low,2045,山西,5.045539599855,110.3199913396,5.045539599855,0,5.045539599855,0
S7,low,2045,广东,45.0090297349,17.36713077614,17.36713077614,0,17.36713077614,27.64189895876
S7,low,2045,广西,16.11577129932,47.59544137227,16.11577129932,0,16.11577129932,0
S7,low,2045,新疆,1.01019856248,544.6001981358,1.01019856248,0,1.01019856248,0
S7,low,2045,江苏,24.16708227571,30.59652492551,24.16708227571,0,24.16708227571,0
S7,low,2045,江西,11.01312437829,21.29115029767,11.01312437829,0,11.01312437829,0
S7,low,2045,河北,17.58490011192,278.7579953471,17.58490011192,0,17.58490011192,0
S7,low,2045,河南,23.06884482692,67.97254129262,23.06884482692,0,23.06884482692,0
S7,low,2045,浙江,32.35733871514,2.163688815875,2.163688815875,0,2.163688815875,30.19364989927
S7,low,2045,海南,1.910462372398,7.15512417502,1.910462372398,0,1.910462372398,0
S7,low,2045,湖北,11.47015066548,31.7084092143,11.47015066548,0,11.47015066548,0
S7,low,2045,湖南,12.79302843077,48.96010339218,12.79302843077,0,12.79302843077,0
S7,low,2045,甘肃,1.222079026281,206.1744754532,1.222079026281,0,1.222079026281,0
S7,low,2045,福建,10.64960613914,0,0,0,0,10.64960613914
S7,low,2045,西藏,0.09453923058072,36.69902727344,0.09453923058072,0,0.09453923058072,0
S7,low,2045,贵州,8.838698026746,29.15465621211,8.838698026746,0,8.838698026746,0
S7,low,2045,辽宁,8.845805050548,85.43453541046,8.845805050548,0,8.845805050548,0
S7,low,2045,陕西,6.328418423474,84.03955958245,6.328418423474,0,6.328418423474,0
S7,low,2045,青海,0.4637478895694,253.2316217311,0.4637478895694,0,0.4637478895694,0
S7,low,2045,黑龙江,0.787826921506,69.20715361386,0.787826921506,0,0.787826921506,0
S7,low,2050,上海,21.13214885607,0,0,0,0,21.13214885607
S7,low,2050,云南,19.1753669633,143.6626289164,19.1753669633,0,19.1753669633,0
S7,low,2050,内蒙古,1.507360902592,736.4753831125,1.507360902592,0,1.507360902592,0
S7,low,2050,北京,15.96917321298,0.4606918887387,0.4606918887387,0,0.4606918887387,15.50848132424
S7,low,2050,四川,9.263854038879,15.94271150492,9.263854038879,0,9.263854038879,0
S7,low,2050,天津,11.2745538957,8.861786991629,8.861786991629,0,8.861786991629,2.412766904072
S7,low,2050,宁夏,0.4443695371742,130.5074687604,0.4443695371742,0,0.4443695371742,0
S7,low,2050,安徽,19.01310731507,16.50126615215,16.50126615215,2.511,19.01226615215,0.0008411629190022
S7,low,2050,山东,36.51173398418,120.3648314963,36.51173398418,0,36.51173398418,0
S7,low,2050,山西,7.216020167426,130.8522634523,7.216020167426,0,7.216020167426,0
S7,low,2050,广东,61.91005084398,20.65702379096,20.65702379096,0,20.65702379096,41.25302705302
S7,low,2050,广西,22.63789363732,56.09193497883,22.63789363732,0,22.63789363732,0
S7,low,2050,新疆,1.207565025816,624.6708205094,1.207565025816,0,1.207565025816,0
S7,low,2050,江苏,34.04623617645,36.36745341177,34.04623617645,0,34.04623617645,0
S7,low,2050,江西,15.69697616157,25.17073024979,15.69697616157,0,15.69697616157,0
S7,low,2050,河北,24.05788826286,326.7423804167,24.05788826286,0,24.05788826286,0
S7,low,2050,河南,32.97895619085,81.32402361887,32.97895619085,0,32.97895619085,0
S7,low,2050,浙江,44.62866221513,2.603157339769,2.603157339769,0,2.603157339769,42.02550487536
S7,low,2050,海南,2.558006230657,8.248903070857,2.558006230657,0,2.558006230657,0
S7,low,2050,湖北,16.26378189247,35.98888460404,16.26378189247,0,16.26378189247,0
S7,low,2050,湖南,18.19625488614,58.37338194879,18.19625488614,0,18.19625488614,0
S7,low,2050,甘肃,1.469408385103,237.5949154257,1.469408385103,0,1.469408385103,0
S7,low,2050,福建,14.68135138032,0,0,0,0,14.68135138032
S7,low,2050,西藏,0.1333422723618,41.21884418766,0.1333422723618,0,0.1333422723618,0
S7,low,2050,贵州,12.60485122848,32.62922250477,12.60485122848,0,12.60485122848,0
S7,low,2050,辽宁,11.54360924206,101.9573130934,11.54360924206,0,11.54360924206,0
S7,low,2050,陕西,8.956186954857,95.88708143331,8.956186954857,0,8.956186954857,0
S7,low,2050,青海,0.6103617089844,283.5865606799,0.6103617089844,0,0.6103617089844,0
S7,low,2050,黑龙江,1.111185603015,82.0718002653,1.111185603015,0,1.111185603015,0
S7,low,2055,上海,27.37274083793,0,0,0,0,27.37274083793
S7,low,2055,云南,25.55019453911,159.952172751,25.55019453911,0,25.55019453911,0
S7,low,2055,内蒙古,2.008857963511,848.3084365,2.008857963511,0,2.008857963511,0
S7,low,2055,北京,21.29317703972,0.5346865325651,0.5346865325651,0,0.5346865325651,20.75849050716
S7,low,2055,四川,11.47732930132,18.13826535905,11.47732930132,0,11.47732930132,0
S7,low,2055,天津,14.64577604447,9.96175640414,9.96175640414,0,9.96175640414,4.684019640333
S7,low,2055,宁夏,0.5064116549101,146.263172491,0.5064116549101,0,0.5064116549101,0
S7,low,2055,安徽,25.44897606388,18.59064478017,18.59064478017,6.858,25.44864478017,0.0003312837120006
S7,low,2055,山东,47.439107288,138.0616897265,47.439107288,0,47.439107288,0
S7,low,2055,山西,9.676786083238,151.384535565,9.676786083238,0,9.676786083238,0
S7,low,2055,广东,80.85193367305,23.94691680578,23.94691680578,0,23.94691680578,56.90501686727
S7,low,2055,广西,29.97377251678,64.58842858539,29.97377251678,0,29.97377251678,0
S7,low,2055,新疆,1.376163197468,704.7414428829,1.376163197468,0,1.376163197468,0
S7,low,2055,江苏,45.18721456257,42.13838189803,42.13838189803,3.048,45.18638189803,0.0008326645366026
S7,low,2055,江西,20.98788958933,29.05031020191,20.98788958933,0,20.98788958933,0
S7,low,2055,河北,31.36023491827,374.7267654862,31.36023491827,0,31.36023491827,0
S7,low,2055,河南,44.32448349298,94.67550594512,44.32448349298,0,44.32448349298,0
S7,low,2055,浙江,58.39482298204,3.042625863663,3.042625863663,0,3.042625863663,55.35219711837
S7,low,2055,海南,3.287637019128,9.342681966693,3.287637019128,0,3.287637019128,0
S7,low,2055,湖北,21.65054763452,40.26935999378,21.65054763452,0,21.65054763452,0
S7,low,2055,湖南,24.30425757113,67.78666050541,24.30425757113,0,24.30425757113,0
S7,low,2055,甘肃,1.684819316089,269.0153553981,1.684819316089,0,1.684819316089,0
S7,low,2055,福建,19.23565651752,0,0,0,0,19.23565651752
S7,low,2055,西藏,0.1757879980915,45.73866110188,0.1757879980915,0,0.1757879980915,0
S7,low,2055,贵州,16.84479866298,36.10378879744,16.84479866298,0,16.84479866298,0
S7,low,2055,辽宁,14.44676197712,118.4800907762,14.44676197712,0,14.44676197712,0
S7,low,2055,陕西,11.85697923751,107.7346032842,11.85697923751,0,11.85697923751,0
S7,low,2055,青海,0.7614343178224,313.9414996287,0.7614343178224,0,0.7614343178224,0
S7,low,2055,黑龙江,1.464899984095,94.93644691674,1.464899984095,0,1.464899984095,0
S7,low,2060,上海,34.18292054688,0,0,0,0,34.18292054688
S7,low,2060,云南,32.46899820965,176.2417165857,32.46899820965,0,32.46899820965,0
S7,low,2060,内蒙古,2.553397671437,960.1414898874,2.553397671437,0,2.553397671437,0
S7,low,2060,北京,27.26296665596,0.6086811763915,0.6086811763915,0,0.6086811763915,26.65428547957
S7,low,2060,四川,13.6995613518,20.33381921317,13.6995613518,0,13.6995613518,0
S7,low,2060,天津,18.36282256855,11.06172581665,11.06172581665,0,11.06172581665,7.301096751904
S7,low,2060,宁夏,0.5557853944487,162.0188762217,0.5557853944487,0,0.5557853944487,0
S7,low,2060,安徽,32.51001050072,20.6800234082,20.6800234082,11.829,32.5090234082,0.0009870925170006
S7,low,2060,山东,59.55566524383,155.7585479566,59.55566524383,0,59.55566524383,0
S7,low,2060,山西,12.38837662987,171.9168076777,12.38837662987,0,12.38837662987,0
S7,low,2060,广东,101.6839679671,27.23680982061,27.23680982061,0,27.23680982061,74.44715814644
S7,low,2060,广西,38.02068796625,73.08492219195,38.02068796625,0,38.02068796625,0
S7,low,2060,新疆,1.510335313405,784.8120652565,1.510335313405,0,1.510335313405,0
S7,low,2060,江苏,57.43733600053,47.90931038429,47.90931038429,9.528,57.43731038429,2.561623558961e-05
S7,low,2060,江西,26.79688565272,32.92989015402,26.79688565272,0,26.79688565272,0
S7,low,2060,河北,39.47514155776,422.7111505558,39.47514155776,0,39.47514155776,0
S7,low,2060,河南,56.98042475039,108.0269882714,56.98042475039,0,56.98042475039,0
S7,low,2060,浙江,73.53916805008,3.482094387557,3.482094387557,0,3.482094387557,70.05707366253
S7,low,2060,海南,4.104346510594,10.43646086253,4.104346510594,0,4.104346510594,0
S7,low,2060,湖北,27.5346035987,44.54983538352,27.5346035987,0,27.5346035987,0
S7,low,2060,湖南,31.02056979691,77.19993906203,31.02056979691,0,31.02056979691,0
S7,low,2060,甘肃,1.861262102628,300.4357953706,1.861262102628,0,1.861262102628,0
S7,low,2060,福建,24.29088207504,0,0,0,0,24.29088207504
S7,low,2060,西藏,0.2206109266735,50.25847801611,0.2206109266735,0,0.2206109266735,0
S7,low,2060,贵州,21.47924482215,39.5783550901,21.47924482215,0,21.47924482215,0
S7,low,2060,辽宁,17.54852681221,135.0028684591,17.54852681221,0,17.54852681221,0
S7,low,2060,陕西,14.9546311257,119.582125135,14.9546311257,0,14.9546311257,0
S7,low,2060,青海,0.91244580912,344.2964385775,0.91244580912,0,0.91244580912,0
S7,low,2060,黑龙江,1.838424388946,107.8010935682,1.838424388946,0,1.838424388946,0
S7,mid,2025,上海,0.9570701259345,0,0,0,0,0.9570701259345
S7,mid,2025,云南,0.7396889372323,55.42463688618,0.7396889372323,0,0.7396889372323,0
S7,mid,2025,内蒙古,0.05820712787898,249.9712308819,0.05820712787898,0,0.05820712787898,0
S7,mid,2025,北京,0.6028275079863,0.1514952466769,0.1514952466769,0,0.1514952466769,0.4513322613094
S7,mid,2025,四川,0.1839299021506,5.682936472736,0.1839299021506,0,0.1839299021506,0
S7,mid,2025,天津,0.5794937379224,3.304104513969,0.5794937379224,0,0.5794937379224,0
S7,mid,2025,宁夏,0,49.19439301438,0,0,0,0
S7,mid,2025,安徽,0.7519698723228,6.102839052569,0.7519698723228,0,0.7519698723228,0
S7,mid,2025,山东,1.976160303029,41.55364391617,1.976160303029,0,1.976160303029,0
S7,mid,2025,山西,0.2883237229004,43.61439242789,0.2883237229004,0,0.2883237229004,0
S7,mid,2025,广东,2.78143764576,6.826635729473,2.78143764576,0,2.78143764576,0
S7,mid,2025,广西,1.013686678008,19.06381496691,1.013686678008,0,1.013686678008,0
S7,mid,2025,新疆,0,229.8525943639,0,0,0,0
S7,mid,2025,江苏,1.497682656451,12.04392863904,1.497682656451,0,1.497682656451,0
S7,mid,2025,江西,0.6155864497653,8.474082760956,0.6155864497653,0,0.6155864497653,0
S7,mid,2025,河北,1.324506526541,112.8684626215,1.324506526541,0,1.324506526541,0
S7,mid,2025,河南,1.325964435993,26.39369296253,1.325964435993,0,1.325964435993,0
S7,mid,2025,浙江,2.162829530477,0.8302725596161,0.8302725596161,0,0.8302725596161,1.332556970861
S7,mid,2025,海南,0.1641738604238,2.991317349124,0.1641738604238,0,0.1641738604238,0
S7,mid,2025,湖北,0.6197530095043,13.64348342791,0.6197530095043,0,0.6197530095043,0
S7,mid,2025,湖南,0.7072245955422,19.15037681832,0.7072245955422,0,0.7072245955422,0
S7,mid,2025,甘肃,0.002060170134225,86.26073717587,0.002060170134225,0,0.002060170134225,0
S7,mid,2025,福建,0.7801076412384,0,0,0,0,0.7801076412384
S7,mid,2025,西藏,0.004839935498003,16.08768591622,0.004839935498003,0,0.004839935498003,0
S7,mid,2025,贵州,0.4942097348609,12.85981034489,0.4942097348609,0,0.4942097348609,0
S7,mid,2025,辽宁,0.5314593382107,33.35094620209,0.5314593382107,0,0.5314593382107,0
S7,mid,2025,陕西,0.3331204054561,35.8170385815,0.3331204054561,0,0.3331204054561,0
S7,mid,2025,青海,0.0133533529629,111.5778280558,0.0133533529629,0,0.0133533529629,0
S7,mid,2025,黑龙江,0.0403327958167,27.37151708563,0.0403327958167,0,0.0403327958167,0
S7,mid,2030,上海,10.58708651527,0,0,0,0,10.58708651527
S7,mid,2030,云南,5.590709911538,101.396127199,5.590709911538,0,5.590709911538,0
S7,mid,2030,内蒙古,0.4392877897852,431.011275526,0.4392877897852,0,0.4392877897852,0
S7,mid,2030,北京,6.964588543668,0.2569526549965,0.2569526549965,0,0.2569526549965,6.707635888671
S7,mid,2030,四川,8.152536791369,10.03653837641,8.152536791369,0,8.152536791369,0
S7,mid,2030,天津,5.153122256284,5.956329623732,5.153122256284,0,5.153122256284,0
S7,mid,2030,宁夏,0.6669424733384,89.10909474527,0.6669424733384,0,0.6669424733384,0
S7,mid,2030,安徽,5.484305477058,10.96208887241,5.484305477058,0,5.484305477058,0
S7,mid,2030,山东,16.47047030359,72.26106910109,16.47047030359,0,16.47047030359,0
S7,mid,2030,山西,2.072113422945,74.50277020047,2.072113422945,0,2.072113422945,0
S7,mid,2030,广东,28.70306308836,11.60918249562,11.60918249562,0,11.60918249562,17.09388059274
S7,mid,2030,广西,7.550405787356,32.8928303629,7.550405787356,0,7.550405787356,0
S7,mid,2030,新疆,1.812402376085,411.9231764279,1.812402376085,0,1.812402376085,0
S7,mid,2030,江苏,11.24124944765,20.50437515824,11.24124944765,0,11.24124944765,0
S7,mid,2030,江西,4.778070112231,14.55078186795,4.778070112231,0,4.778070112231,0
S7,mid,2030,河北,10.17887766603,196.3338928122,10.17887766603,0,10.17887766603,0
S7,mid,2030,河南,10.5681444593,44.45129320172,10.5681444593,0,10.5681444593,0
S7,mid,2030,浙江,18.47027225018,1.384971050488,1.384971050488,0,1.384971050488,17.08530119969
S7,mid,2030,海南,1.231303953178,5.325336528533,1.231303953178,0,1.231303953178,0
S7,mid,2030,湖北,5.40189291675,24.77448191556,5.40189291675,0,5.40189291675,0
S7,mid,2030,湖南,5.891796016159,32.44024445524,5.891796016159,0,5.891796016159,0
S7,mid,2030,甘肃,2.139783775715,153.6498120613,2.139783775715,0,2.139783775715,0
S7,mid,2030,福建,5.775840130843,0,0,0,0,5.775840130843
S7,mid,2030,西藏,0.03984501568937,29.57433770166,0.03984501568937,0,0.03984501568937,0
S7,mid,2030,贵州,3.649600580251,23.73531524833,3.649600580251,0,3.649600580251,0
S7,mid,2030,辽宁,8.327133414152,56.40703474338,8.327133414152,0,8.327133414152,0
S7,mid,2030,陕西,2.650648395718,64.6199137265,2.650648395718,0,2.650648395718,0
S7,mid,2030,青海,0.476465332095,205.7963455165,0.476465332095,0,0.476465332095,0
S7,mid,2030,黑龙江,0.3320417974115,46.77083335338,0.3320417974115,0,0.3320417974115,0
S7,mid,2035,上海,21.29714582722,0,0,0,0,21.29714582722
S7,mid,2035,云南,12.60222883965,158.1589689449,12.60222883965,0,12.60222883965,0
S7,mid,2035,内蒙古,0.990156312495,669.0084575426,0.990156312495,0,0.990156312495,0
S7,mid,2035,北京,14.29556711053,0.3982720998127,0.3982720998127,0,0.3982720998127,13.89729501072
S7,mid,2035,四川,15.4836578596,15.61009402181,15.4836578596,0,15.4836578596,0
S7,mid,2035,天津,10.47493166627,9.279712145871,9.279712145871,0,9.279712145871,1.195219520401
S7,mid,2035,宁夏,1.218316872593,138.8823078146,1.218316872593,0,1.218316872593,0
S7,mid,2035,安徽,12.34444326144,17.07345798735,12.34444326144,0,12.34444326144,0
S7,mid,2035,山东,33.47505837093,112.2436798045,33.47505837093,0,33.47505837093,0
S7,mid,2035,山西,4.66118757308,115.5491951853,4.66118757308,0,4.66118757308,0
S7,mid,2035,广东,58.39359857718,17.99813668933,17.99813668933,0,17.99813668933,40.39546188785
S7,mid,2035,广西,16.38001368292,51.05864009441,16.38001368292,0,16.38001368292,0
S7,mid,2035,新疆,3.310750901288,641.4502323919,3.310750901288,0,3.310750901288,0
S7,mid,2035,江苏,24.43471325632,31.79174546168,24.43471325632,0,24.43471325632,0
S7,mid,2035,江西,10.61469632503,22.57743851739,10.61469632503,0,10.61469632503,0
S7,mid,2035,河北,20.89676666895,304.974536176,20.89676666895,0,20.89676666895,0
S7,mid,2035,河南,23.06741643997,68.85619204126,23.06741643997,0,23.06741643997,0
S7,mid,2035,浙江,38.27043918953,2.143543056916,2.143543056916,0,2.143543056916,36.12689613261
S7,mid,2035,海南,2.461936946763,8.288132147617,2.461936946763,0,2.461936946763,0
S7,mid,2035,湖北,11.78671108048,38.6203584581,11.78671108048,0,11.78671108048,0
S7,mid,2035,湖南,12.89871007497,50.27629111781,12.89871007497,0,12.89871007497,0
S7,mid,2035,甘肃,3.915642968622,239.1448224524,3.915642968622,0,3.915642968622,0
S7,mid,2035,福建,12.02818104666,0,0,0,0,12.02818104666
S7,mid,2035,西藏,0.09010997338643,46.14829280662,0.09010997338643,0,0.09010997338643,0
S7,mid,2035,贵州,8.218983591026,37.04878808319,8.218983591026,0,8.218983591026,0
S7,mid,2035,辽宁,15.97354577521,87.40835173231,15.97354577521,0,15.97354577521,0
S7,mid,2035,陕西,5.98688675648,100.6817591165,5.98688675648,0,5.98688675648,0
S7,mid,2035,青海,0.9176499794567,321.2127490698,0.9176499794567,0,0.9176499794567,0
S7,mid,2035,黑龙江,0.7509164448869,72.54060116055,0.7509164448869,0,0.7509164448869,0
S7,mid,2040,上海,33.59131340412,0,0,0,0,33.59131340412
S7,mid,2040,云南,21.44511276171,200.6670422528,21.44511276171,0,21.44511276171,0
S7,mid,2040,内蒙古,1.68489071817,926.3651443519,1.68489071817,0,1.68489071817,0
S7,mid,2040,北京,22.72344229439,0.5648821180907,0.5648821180907,0,0.5648821180907,22.15856017629
S7,mid,2040,四川,23.0037501369,20.86741331013,20.86741331013,2.136,23.00341331013,0.0003368267679988
S7,mid,2040,天津,16.7384662317,12.03430636548,12.03430636548,0,12.03430636548,4.704159866224
S7,mid,2040,宁夏,1.743648756222,178.8315946047,1.743648756222,0,1.743648756222,0
S7,mid,2040,安徽,20.99105366612,22.26001607035,20.99105366612,0,20.99105366612,0
S7,mid,2040,山东,53.59909145511,153.4962078071,53.59909145511,0,53.59909145511,0
S7,mid,2040,山西,7.923634513249,162.1971702164,7.923634513249,0,7.923634513249,0
S7,mid,2040,广东,92.86923517843,25.42984885915,25.42984885915,0,25.42984885915,67.43938631928
S7,mid,2040,广西,27.32523946937,70.63035725419,27.32523946937,0,27.32523946937,0
S7,mid,2040,新疆,4.738329428949,839.150201377,4.738329428949,0,4.738329428949,0
S7,mid,2040,江苏,40.77757257987,44.84623872898,40.77757257987,0,40.77757257987,0
S7,mid,2040,江西,17.88820829463,31.4531593339,17.88820829463,0,17.88820829463,0
S7,mid,2040,河北,33.75835334696,416.8813605015,33.75835334696,0,33.75835334696,0
S7,mid,2040,河南,38.40826502448,98.67030006828,38.40826502448,0,38.40826502448,0
S7,mid,2040,浙江,61.9311258108,3.11472052745,3.11472052745,0,3.11472052745,58.81640528335
S7,mid,2040,海南,3.920551094986,10.94952695595,3.920551094986,0,3.920551094986,0
S7,mid,2040,湖北,19.61091786383,49.54723529598,19.61091786383,0,19.61091786383,0
S7,mid,2040,湖南,21.51548497822,71.4394255094,21.51548497822,0,21.51548497822,0
S7,mid,2040,甘肃,5.61382072991,315.6847092556,5.61382072991,0,5.61382072991,0
S7,mid,2040,福建,19.61815947918,0,0,0,0,19.61815947918
S7,mid,2040,西藏,0.1535915138345,58.13018645536,0.1535915138345,0,0.1535915138345,0
S7,mid,2040,贵州,13.97955762312,46.38983985449,13.97955762312,0,13.97955762312,0
S7,mid,2040,辽宁,24.23268648958,124.485755895,24.23268648958,0,24.23268648958,0
S7,mid,2040,陕西,10.19809930464,130.411422999,10.19809930464,0,10.19809930464,0
S7,mid,2040,青海,1.380570836878,402.6159430907,1.380570836878,0,1.380570836878,0
S7,mid,2040,黑龙江,1.279929281954,101.7800125773,1.279929281954,0,1.279929281954,0
S7,mid,2045,上海,47.35003286794,0,0,0,0,47.35003286794
S7,mid,2045,云南,31.87657964059,230.0933149864,31.87657964059,0,31.87657964059,0
S7,mid,2045,内蒙古,2.504552748348,1128.38614402,2.504552748348,0,2.504552748348,0
S7,mid,2045,北京,32.17626574014,0.6985498617771,0.6985498617771,0,0.6985498617771,31.47771587836
S7,mid,2045,四川,30.52712156833,24.83357511113,24.83357511113,5.693,30.52657511113,0.0005464572049974
S7,mid,2045,天津,23.91809995067,14.02134788486,14.02134788486,0,14.02134788486,9.896752065807
S7,mid,2045,宁夏,2.230446185836,207.2935110214,2.230446185836,0,2.230446185836,0
S7,mid,2045,安徽,31.22816706232,26.03437746292,26.03437746292,5.193,31.22737746292,0.0007895994030065
S7,mid,2045,山东,76.82957918756,185.4647259002,76.82957918756,0,76.82957918756,0
S7,mid,2045,山西,11.79215046282,199.2877262909,11.79215046282,0,11.79215046282,0
S7,mid,2045,广东,131.8160894901,31.37288140206,31.37288140206,0,31.37288140206,100.4432080881
S7,mid,2045,广西,40.21334249283,85.97886183378,40.21334249283,0,40.21334249283,0
S7,mid,2045,新疆,6.06119137488,983.7939063099,6.06119137488,0,6.06119137488,0
S7,mid,2045,江苏,60.01309136723,55.27114180093,55.27114180093,4.741,60.01214180093,0.0009495662970025
S7,mid,2045,江西,26.44089396296,38.46143279579,26.44089396296,0,26.44089396296,0
S7,mid,2045,河北,48.76290518453,503.5628303045,48.76290518453,0,48.76290518453,0
S7,mid,2045,河南,56.38341902274,122.7891068512,56.38341902274,0,56.38341902274,0
S7,mid,2045,浙江,89.25399191618,3.908599151259,3.908599151259,0,3.908599151259,85.34539276492
S7,mid,2045,海南,5.621057412722,12.92538560649,5.621057412722,0,5.621057412722,0
S7,mid,2045,湖北,28.69565367639,57.27970696777,28.69565367639,0,28.69565367639,0
S7,mid,2045,湖南,31.56768918728,88.44405774071,31.56768918728,0,31.56768918728,0
S7,mid,2045,甘肃,7.193761409215,372.4442137219,7.193761409215,0,7.193761409215,0
S7,mid,2045,福建,28.52536514513,0,0,0,0,28.52536514513
S7,mid,2045,西藏,0.2278681144945,66.29501701008,0.2278681144945,0,0.2278681144945,0
S7,mid,2045,贵州,20.7909910907,52.66647573801,20.7909910907,0,20.7909910907,0
S7,mid,2045,辽宁,33.04984199019,154.3333542899,33.04984199019,0,33.04984199019,0
S7,mid,2045,陕西,15.14104203455,151.8133979554,15.14104203455,0,15.14104203455,0
S7,mid,2045,青海,1.851917627966,457.4506715143,1.851917627966,0,1.851917627966,0
S7,mid,2045,黑龙江,1.898900954121,125.0193742702,1.898900954121,0,1.898900954121,0
S7,mid,2050,上海,62.43291533134,0,0,0,0,62.43291533134
S7,mid,2050,云南,43.60623027489,239.6937979781,43.60623027489,0,43.60623027489,0
S7,mid,2050,内蒙古,3.426484053609,1228.771762198,3.426484053609,0,3.426484053609,0
S7,mid,2050,北京,42.57316087439,0.7686410122272,0.7686410122272,0,0.7686410122272,41.80451986216
S7,mid,2050,四川,37.85647341524,26.59960422212,26.59960422212,11.256,37.85560422212,0.0008691931169977
S7,mid,2050,天津,31.97911491895,14.7854413978,14.7854413978,0,14.7854413978,17.19367352115
S7,mid,2050,宁夏,2.666217223045,217.7450815681,2.666217223045,0,2.666217223045,0
S7,mid,2050,安徽,42.81963683891,27.53152427524,27.53152427524,15.288,42.81952427524,0.000112563670001
S7,mid,2050,山东,103.1310767306,200.8226065608,103.1310767306,0,103.1310767306,0
S7,mid,2050,山西,16.18529529553,218.3203539953,16.18529529553,0,16.18529529553,0
S7,mid,2050,广东,174.8607566549,34.46519477422,34.46519477422,0,34.46519477422,140.3955618807
S7,mid,2050,广西,54.83140511705,93.5865439219,54.83140511705,0,54.83140511705,0
S7,mid,2050,新疆,7.245390154895,1042.231529406,7.245390154895,0,7.245390154895,0
S7,mid,2050,江苏,81.82575613016,60.67724847312,60.67724847312,21.148,81.82524847312,0.0005076570357971
S7,mid,2050,江西,36.08356930242,41.99608469483,36.08356930242,0,36.08356930242,0
S7,mid,2050,河北,65.89332126591,545.1530625134,65.89332126591,0,65.89332126591,0
S7,mid,2050,河南,76.74185897496,135.6850019737,76.74185897496,0,76.74185897496,0
S7,mid,2050,浙江,119.9886160344,4.343235775444,4.343235775444,0,4.343235775444,115.645380259
S7,mid,2050,海南,7.577366914849,13.7628757118,7.577366914849,0,7.577366914849,0
S7,mid,2050,湖北,38.82880131458,60.04562564952,38.82880131458,0,38.82880131458,0
S7,mid,2050,湖南,42.84723178054,97.3930222889,42.84723178054,0,42.84723178054,0
S7,mid,2050,甘肃,8.614760552539,396.4150460578,8.614760552539,0,8.614760552539,0
S7,mid,2050,福建,38.71604007492,0,0,0,0,38.71604007492
S7,mid,2050,西藏,0.3100718419124,68.77154752166,0.3100718419124,0,0.3100718419124,0
S7,mid,2050,贵州,28.48467971668,54.44020011492,28.48467971668,0,28.48467971668,0
S7,mid,2050,辽宁,42.36732263717,170.1105972467,42.36732263717,0,42.36732263717,0
S7,mid,2050,陕西,20.64553748203,159.9827241026,20.64553748203,0,20.64553748203,0
S7,mid,2050,青海,2.317189647222,473.1497696906,2.317189647222,0,2.317189647222,0
S7,mid,2050,黑龙江,2.583932015938,136.9326293196,2.583932015938,0,2.583932015938,0
S7,mid,2055,上海,78.69139928794,0,0,0,0,78.69139928794
S7,mid,2055,云南,56.32498519133,245.0331157037,56.32498519133,0,56.32498519133,0
S7,mid,2055,内蒙古,4.426566888289,1299.536328255,4.426566888289,0,4.426566888289,0
S7,mid,2055,北京,53.82974857277,0.8190942626529,0.8190942626529,0,0.8190942626529,53.01065431011
S7,mid,2055,四川,44.78995362265,27.7862788479,27.7862788479,17.003,44.7892788479,0.0006747747510047
S7,mid,2055,天津,40.88322646793,15.26056300209,15.26056300209,0,15.26056300209,25.62266346584
S7,mid,2055,宁夏,3.038469929461,224.0627323267,3.038469929461,0,3.038469929461,0
S7,mid,2055,安徽,55.51355490532,28.47928562069,28.47928562069,27.034,55.51328562069,0.0002692846300008
S7,mid,2055,山东,132.459330331,211.49875873,132.459330331,0,132.459330331,0
S7,mid,2055,山西,21.01608317938,231.9082246953,21.01608317938,0,21.01608317938,0
S7,mid,2055,广东,221.6064814757,36.68463851099,36.68463851099,0,36.68463851099,184.9218429647
S7,mid,2055,广西,70.9507482264,98.94397570528,70.9507482264,0,70.9507482264,0
S7,mid,2055,新疆,8.256979184806,1079.603912502,8.256979184806,0,8.256979184806,0
S7,mid,2055,江苏,105.8769949198,64.55241482252,64.55241482252,41.324,105.8764148225,0.0005800972597996
S7,mid,2055,江西,46.61470379324,44.5026028625,44.5026028625,0,44.5026028625,2.112100930738
S7,mid,2055,河北,85.12607933192,574.0495130853,85.12607933192,0,85.12607933192,0
S7,mid,2055,河南,99.2154029216,145.0348176181,99.2154029216,0,99.2154029216,0
S7,mid,2055,浙江,153.8641451469,4.66104387625,4.66104387625,0,4.66104387625,149.2031012707
S7,mid,2055,海南,9.803390616244,14.3121936511,9.803390616244,0,9.803390616244,0
S7,mid,2055,湖北,49.78519657238,61.6892323309,49.78519657238,0,49.78519657238,0
S7,mid,2055,湖南,55.1328172192,103.8433948168,55.1328172192,0,55.1328172192,0
S7,mid,2055,甘肃,9.836055330031,412.108629546,9.836055330031,0,9.836055330031,0
S7,mid,2055,福建,50.15118998521,0,0,0,0,50.15118998521
S7,mid,2055,西藏,0.3971596350851,70.06773615608,0.3971596350851,0,0.3971596350851,0
S7,mid,2055,贵州,36.88092781248,55.30793177479,36.88092781248,0,36.88092781248,0
S7,mid,2055,辽宁,52.1262712737,181.5014156572,52.1262712737,0,52.1262712737,0
S7,mid,2055,陕西,26.53084215407,165.040243329,26.53084215407,0,26.53084215407,0
S7,mid,2055,青海,2.761419182349,480.9316590057,2.761419182349,0,2.761419182349,0
S7,mid,2055,黑龙江,3.309663625708,145.4345569788,3.309663625708,0,3.309663625708,0
S7,mid,2060,上海,95.98420003913,0,0,0,0,95.98420003913
S7,mid,2060,云南,69.7403976199,246.178905707,69.7403976199,0,69.7403976199,0
S7,mid,2060,内蒙古,5.481982936672,1341.150017621,5.481982936672,0,5.481982936672,0
S7,mid,2060,北京,65.86476834276,0.8502213257532,0.8502213257532,0,0.8502213257532,65.014547017
S7,mid,2060,四川,51.12976435701,28.40279509141,28.40279509141,22.726,51.12879509141,0.0009692655990037
S7,mid,2060,天津,50.59532573577,15.45129955342,15.45129955342,0,15.45129955342,35.14402618235
S7,mid,2060,宁夏,3.334712366692,226.3120810716,3.334712366692,0,3.334712366692,0
S7,mid,2060,安徽,69.07204701444,28.88638190352,28.88638190352,40.185,69.07138190352,0.0006651109199964
S7,mid,2060,山东,164.7779295946,217.5674955585,164.7779295946,0,164.7779295946,0
S7,mid,2060,山西,26.20246611617,240.1377631053,26.20246611617,0,26.20246611617,0
S7,mid,2060,广东,271.6772996343,38.04506768593,38.04506768593,0,38.04506768593,233.6322319484
S7,mid,2060,广西,88.35672654862,102.0868754427,88.35672654862,0,88.35672654862,0
S7,mid,2060,新疆,9.062011880427,1096.245424485,9.062011880427,0,9.062011880427,0
S7,mid,2060,江苏,131.8487667804,66.92094148917,66.92094148917,64.927,131.8479414892,0.0008252912279829
S7,mid,2060,江西,57.84376009294,45.99730688181,45.99730688181,0,45.99730688181,11.84645321113
S7,mid,2060,河北,106.4433746151,590.4536706176,106.4433746151,0,106.4433746151,0
S7,mid,2060,河南,123.5511501992,150.89484076,123.5511501992,0,123.5511501992,0
S7,mid,2060,浙江,190.6279182543,4.863877874683,4.863877874683,0,4.863877874683,185.7640403796
S7,mid,2060,海南,12.31303953178,14.57791358576,12.31303953178,0,12.31303953178,0
S7,mid,2060,湖北,61.35129214751,62.22834148809,61.35129214751,0,61.35129214751,0
S7,mid,2060,湖南,68.21490720658,107.8348355152,68.21490720658,0,68.21490720658,0
S7,mid,2060,甘肃,10.81693488904,419.656349089,10.81693488904,0,10.81693488904,0
S7,mid,2060,福建,62.79648294733,0,0,0,0,62.79648294733
S7,mid,2060,西藏,0.4862443646027,70.20231849869,0.4862443646027,0,0.4862443646027,0
S7,mid,2060,贵州,45.80991535716,55.28405155442,45.80991535716,0,45.80991535716,0
S7,mid,2060,辽宁,62.26887028686,188.575435308,62.26887028686,0,62.26887028686,0
S7,mid,2060,陕西,32.62562043049,167.035349395,32.62562043049,0,32.62562043049,0
S7,mid,2060,青海,3.170054338635,480.9220094416,3.170054338635,0,3.170054338635,0
S7,mid,2060,黑龙江,4.052036371689,150.5793053016,4.052036371689,0,4.052036371689,0
S8,high,2025,上海,1.780248383387,0,0,0,0,1.780248383387
S8,high,2025,云南,1.392894935407,55.42463688618,1.392894935407,0,1.392894935407,0
S8,high,2025,内蒙古,0.1095181329249,249.9712308819,0.1095181329249,0,0.1095181329249,0
S8,high,2025,北京,1.034727520814,0.1514952466769,0.1514952466769,0,0.1514952466769,0.8832322741373
S8,high,2025,四川,0.3455693466724,5.682936472736,0.3455693466724,0,0.3455693466724,0
S8,high,2025,天津,1.080753694529,3.304104513969,1.080753694529,0,1.080753694529,0
S8,high,2025,宁夏,0,49.19439301438,0,0,0,0
S8,high,2025,安徽,1.388350654304,6.102839052569,1.388350654304,0,1.388350654304,0
S8,high,2025,山东,3.679872738771,41.55364391617,3.679872738771,0,3.679872738771,0
S8,high,2025,山西,0.5280633000482,43.61439242789,0.5280633000482,0,0.5280633000482,0
S8,high,2025,广东,5.117711119563,6.826635729473,5.117711119563,0,5.117711119563,0
S8,high,2025,广西,1.893406368806,19.06381496691,1.893406368806,0,1.893406368806,0
S8,high,2025,新疆,0,229.8525943639,0,0,0,0
S8,high,2025,江苏,2.77989618119,12.04392863904,2.77989618119,0,2.77989618119,0
S8,high,2025,江西,1.131780317726,8.474082760956,1.131780317726,0,1.131780317726,0
S8,high,2025,河北,2.467991148906,112.8684626215,2.467991148906,0,2.467991148906,0
S8,high,2025,河南,2.357014263423,26.39369296253,2.357014263423,0,2.357014263423,0
S8,high,2025,浙江,4.031762525127,0.8302725596161,0.8302725596161,0,0.8302725596161,3.201489965511
S8,high,2025,海南,0.3078259882946,2.991317349124,0.3078259882946,0,0.3078259882946,0
S8,high,2025,湖北,1.144727585459,13.64348342791,1.144727585459,0,1.144727585459,0
S8,high,2025,湖南,1.291864237526,19.15037681832,1.291864237526,0,1.291864237526,0
S8,high,2025,甘肃,0.003933867015438,86.26073717587,0.003933867015438,0,0.003933867015438,0
S8,high,2025,福建,1.452289719205,0,0,0,0,1.452289719205
S8,high,2025,西藏,0.009567309538526,16.08768591622,0.009567309538526,0,0.009567309538526,0
S8,high,2025,贵州,0.9187304151967,12.85981034489,0.9187304151967,0,0.9187304151967,0
S8,high,2025,辽宁,0.9997691290101,33.35094620209,0.9997691290101,0,0.9997691290101,0
S8,high,2025,陕西,0.6457459483966,35.8170385815,0.6457459483966,0,0.6457459483966,0
S8,high,2025,青海,0.026257589272,111.5778280558,0.026257589272,0,0.026257589272,0
S8,high,2025,黑龙江,0.07972757948772,27.37151708563,0.07972757948772,0,0.07972757948772,0
S8,high,2030,上海,20.98277442692,0,0,0,0,20.98277442692
S8,high,2030,云南,10.56627557749,176.5043695686,10.56627557749,0,10.56627557749,0
S8,high,2030,内蒙古,0.828981359972,750.2788870267,0.828981359972,0,0.828981359972,0
S8,high,2030,北京,13.67776387721,0.4472879549939,0.4472879549939,0,0.4472879549939,13.23047592222
S8,high,2030,四川,19.52582797343,17.47101124782,17.47101124782,2.054,19.52501124782,0.0008167256060005
S8,high,2030,天津,9.478615270354,10.36842564131,9.478615270354,0,9.478615270354,0
S8,high,2030,宁夏,1.667356183346,155.1158315936,1.667356183346,0,1.667356183346,0
S8,high,2030,安徽,9.980772781279,19.08215470382,9.980772781279,0,9.980772781279,0
S8,high,2030,山东,29.34047628526,125.7877869537,29.34047628526,0,29.34047628526,0
S8,high,2030,山西,3.709601142562,129.690007386,3.709601142562,0,3.709601142562,0
S8,high,2030,广东,55.67945387762,20.20857693682,20.20857693682,0,20.20857693682,35.4708769408
S8,high,2030,广西,13.53896692918,57.25788989098,13.53896692918,0,13.53896692918,0
S8,high,2030,新疆,4.531005940214,717.0514552634,4.531005940214,0,4.531005940214,0
S8,high,2030,江苏,20.1680804125,35.69280120139,20.1680804125,0,20.1680804125,0
S8,high,2030,江西,8.846393179256,25.32913880717,8.846393179256,0,8.846393179256,0
S8,high,2030,河北,17.55081755066,341.7664060064,17.55081755066,0,17.55081755066,0
S8,high,2030,河南,18.97779684094,77.37817705485,18.97779684094,0,18.97779684094,0
S8,high,2030,浙江,33.92406694922,2.41087553233,2.41087553233,0,2.41087553233,31.51319141689
S8,high,2030,海南,2.052173255297,9.270030253372,2.052173255297,0,2.052173255297,0
S8,high,2030,湖北,10.43520163988,43.12595000117,10.43520163988,0,10.43520163988,0
S8,high,2030,湖南,11.0896468972,56.47005516283,11.0896468972,0,11.0896468972,0
S8,high,2030,甘肃,5.340477347915,267.4644876623,5.340477347915,0,5.340477347915,0
S8,high,2030,福建,9.879646624766,0,0,0,0,9.879646624766
S8,high,2030,西藏,0.08160343113436,51.4812545177,0.08160343113436,0,0.08160343113436,0
S8,high,2030,贵州,6.732221360625,41.31703024709,6.732221360625,0,6.732221360625,0
S8,high,2030,辽宁,17.57781593005,98.19002344218,17.57781593005,0,17.57781593005,0
S8,high,2030,陕西,5.2659983763,112.4865164869,5.2659983763,0,5.2659983763,0
S8,high,2030,青海,1.140159986656,358.2380829362,1.140159986656,0,1.140159986656,0
S8,high,2030,黑龙江,0.6800285927863,81.41589509663,0.6800285927863,0,0.6800285927863,0
S8,high,2035,上海,41.69127644093,0,0,0,0,41.69127644093
S8,high,2035,云南,22.34064126286,252.7839930999,22.34064126286,0,22.34064126286,0
S8,high,2035,内蒙古,1.752849673911,1069.269927867,1.752849673911,0,1.752849673911,0
S8,high,2035,北京,27.51319220962,0.636554552692,0.636554552692,0,0.636554552692,26.87663765693
S8,high,2035,四川,37.99268965428,24.94946651348,24.94946651348,13.043,37.99246651348,0.0002231408010047
S8,high,2035,天津,18.914187002,14.83167667759,14.83167667759,0,14.83167667759,4.082510324409
S8,high,2035,宁夏,3.200908926193,221.974286849,3.200908926193,0,3.200908926193,0
S8,high,2035,安徽,21.13497143176,27.2883473815,21.13497143176,0,21.13497143176,0
S8,high,2035,山东,58.5174760047,179.3980181491,58.5174760047,0,58.5174760047,0
S8,high,2035,山西,7.860689032594,184.6811923047,7.860689032594,0,7.860689032594,0
S8,high,2035,广东,111.2822916367,28.76625265731,28.76625265731,0,28.76625265731,82.51603897941
S8,high,2035,广西,28.05121422221,81.6065444244,28.05121422221,0,28.05121422221,0
S8,high,2035,新疆,8.698403798497,1025.223875703,8.698403798497,0,8.698403798497,0
S8,high,2035,江苏,41.84437188586,50.81244787465,41.84437188586,0,41.84437188586,0
S8,high,2035,江西,18.57920640536,36.08530771583,18.57920640536,0,18.57920640536,0
S8,high,2035,河北,35.19704687601,487.4379338881,35.19704687601,0,35.19704687601,0
S8,high,2035,河南,39.53291699718,110.0522043736,39.53291699718,0,39.53291699718,0
S8,high,2035,浙江,68.42944605655,3.4260047149,3.4260047149,0,3.4260047149,65.00344134165
S8,high,2035,海南,4.046131491747,13.24684368893,4.046131491747,0,4.046131491747,0
S8,high,2035,湖北,21.66225082068,61.72655582619,21.66225082068,0,21.66225082068,0
S8,high,2035,湖南,23.08819551216,80.35612341052,23.08819551216,0,23.08819551216,0
S8,high,2035,甘肃,10.25834147873,382.2229213555,10.25834147873,0,10.25834147873,0
S8,high,2035,福建,19.98534242028,0,0,0,0,19.98534242028
S8,high,2035,西藏,0.1720081355906,73.75838251998,0.1720081355906,0,0.1720081355906,0
S8,high,2035,贵州,14.24805829929,59.21472967143,14.24805829929,0,14.24805829929,0
S8,high,2035,辽宁,34.17109972318,139.7039467858,34.17109972318,0,34.17109972318,0
S8,high,2035,陕西,11.11255583181,160.9187090153,11.11255583181,0,11.11255583181,0
S8,high,2035,青海,2.230593785858,513.3913168894,2.230593785858,0,2.230593785858,0
S8,high,2035,黑龙江,1.433401129922,115.9409608293,1.433401129922,0,1.433401129922,0
S8,high,2040,上海,64.63750894292,0,0,0,0,64.63750894292
S8,high,2040,云南,36.47026202999,296.2227766589,36.47026202999,0,36.47026202999,0
S8,high,2040,内蒙古,2.861628841152,1367.491403567,2.861628841152,0,2.861628841152,0
S8,high,2040,北京,42.60573152767,0.8338736028958,0.8338736028958,0,0.8338736028958,41.77185792478
S8,high,2040,四川,56.63329570448,30.80427679114,30.80427679114,25.829,56.63327679114,1.891333499771e-05
S8,high,2040,天津,29.73208666049,17.76492844429,17.76492844429,0,17.76492844429,11.9671582162
S8,high,2040,宁夏,4.694235734992,263.9894967975,4.694235734992,0,4.694235734992,0
S8,high,2040,安徽,34.5530956297,32.8600237229,32.8600237229,1.693,34.5530237229,7.190679999525e-05
S8,high,2040,山东,92.34665380164,226.5896400961,92.34665380164,0,92.34665380164,0
S8,high,2040,山西,12.85971964574,239.4339179385,12.85971964574,0,12.85971964574,0
S8,high,2040,广东,173.4503504844,37.53930069684,37.53930069684,0,37.53930069684,135.9110497875
S8,high,2040,广西,45.42265110797,104.2638607086,45.42265110797,0,45.42265110797,0
S8,high,2040,新疆,12.75648851305,1238.745535366,12.75648851305,0,12.75648851305,0
S8,high,2040,江苏,67.71643926056,66.20159050468,66.20159050468,1.514,67.71559050468,0.0008487558810089
S8,high,2040,江西,30.12339942275,46.43085425481,30.12339942275,0,30.12339942275,0
S8,high,2040,河北,56.03363903455,615.3962940736,56.03363903455,0,56.03363903455,0
S8,high,2040,河南,63.55696914854,145.6561572436,63.55696914854,0,63.55696914854,0
S8,high,2040,浙江,108.4003875472,4.597920778617,4.597920778617,0,4.597920778617,103.8024667685
S8,high,2040,海南,6.409719716958,16.16358741116,6.409719716958,0,6.409719716958,0
S8,high,2040,湖北,34.70448276888,73.1411568655,34.70448276888,0,34.70448276888,0
S8,high,2040,湖南,37.10027250703,105.4581995615,37.10027250703,0,37.10027250703,0
S8,high,2040,甘肃,15.05492582381,466.010761282,15.05492582381,0,15.05492582381,0
S8,high,2040,福建,32.03572067979,0,0,0,0,32.03572067979
S8,high,2040,西藏,0.279960606238,85.81122762457,0.279960606238,0,0.279960606238,0
S8,high,2040,贵州,23.28138818134,68.4802397852,23.28138818134,0,23.28138818134,0
S8,high,2040,辽宁,51.74487062323,183.7646872735,51.74487062323,0,51.74487062323,0
S8,high,2040,陕西,18.10679129145,192.5121006176,18.10679129145,0,18.10679129145,0
S8,high,2040,青海,3.346621380741,594.3378207529,3.346621380741,0,3.346621380741,0
S8,high,2040,黑龙江,2.333005051984,150.2466852331,2.333005051984,0,2.333005051984,0
S8,high,2045,上海,89.37875819367,0,0,0,0,89.37875819367
S8,high,2045,云南,52.55286893319,339.661560218,52.55286893319,0,52.55286893319,0
S8,high,2045,内蒙古,4.123932983617,1665.712879267,4.123932983617,0,4.123932983617,0
S8,high,2045,北京,58.86449686302,1.0311926531,1.0311926531,0,1.0311926531,57.83330420992
S8,high,2045,四川,75.21744823222,36.65908706881,36.65908706881,38.558,75.21708706881,0.0003611634110001
S8,high,2045,天津,41.69120557135,20.69818021098,20.69818021098,0,20.69818021098,20.99302536037
S8,high,2045,宁夏,6.134279283262,306.0047067459,6.134279283262,0,6.134279283262,0
S8,high,2045,安徽,49.90836113648,38.43170006431,38.43170006431,11.476,49.90770006431,0.0006610721699971
S8,high,2045,山东,130.0596734248,273.7812620432,130.0596734248,0,130.0596734248,0
S8,high,2045,山西,18.59405863182,294.1866435724,18.59405863182,0,18.59405863182,0
S8,high,2045,广东,241.0588454053,46.31234873637,46.31234873637,0,46.31234873637,194.7464966689
S8,high,2045,广西,65.19646585057,126.9211769927,65.19646585057,0,65.19646585057,0
S8,high,2045,新疆,16.66977706923,1452.267195029,16.66977706923,0,16.66977706923,0
S8,high,2045,江苏,97.14629154811,81.5907331347,81.5907331347,15.555,97.1457331347,0.0005584134059973
S8,high,2045,江西,43.21929412483,56.77640079379,43.21929412483,0,43.21929412483,0
S8,high,2045,河北,79.55597516699,743.354654259,79.55597516699,0,79.55597516699,0
S8,high,2045,河南,90.7138070056,181.2601101137,90.7138070056,0,90.7138070056,0
S8,high,2045,浙江,152.9129319735,5.769836842334,5.769836842334,0,5.769836842334,147.1430951312
S8,high,2045,海南,9.081730486868,19.08033113339,9.081730486868,0,9.081730486868,0
S8,high,2045,湖北,49.27392828017,84.5557579048,49.27392828017,0,49.27392828017,0
S8,high,2045,湖南,52.84341293367,130.5602757125,52.84341293367,0,52.84341293367,0
S8,high,2045,甘肃,19.68736852939,549.7986012085,19.68736852939,0,19.68736852939,0
S8,high,2045,福建,45.73184547263,0,0,0,0,45.73184547263
S8,high,2045,西藏,0.4014826551919,97.86407272917,0.4014826551919,0,0.4014826551919,0
S8,high,2045,贵州,33.5987988275,77.74574989896,33.5987988275,0,33.5987988275,0
S8,high,2045,辽宁,70.00196921017,227.8254277612,70.00196921017,0,70.00196921017,0
S8,high,2045,陕西,26.01274850105,224.1054922199,26.01274850105,0,26.01274850105,0
S8,high,2045,青海,4.4704829347,675.2843246163,4.4704829347,0,4.4704829347,0
S8,high,2045,黑龙江,3.345688793266,184.5524096369,3.345688793266,0,3.345688793266,0
S8,high,2050,上海,115.2456530626,0,0,0,0,115.2456530626
S8,high,2050,云南,70.23030412846,383.100343777,70.23030412846,0,70.23030412846,0
S8,high,2050,内蒙古,5.511822403048,1963.934354967,5.511822403048,0,5.511822403048,0
S8,high,2050,北京,76.20687407887,1.228511703303,1.228511703303,0,1.228511703303,74.97836237557
S8,high,2050,四川,93.52570142675,42.51389734647,42.51389734647,51.011,93.52489734647,0.0008040802780016
S8,high,2050,天津,54.37857222841,23.63143197768,23.63143197768,0,23.63143197768,30.74714025073
S8,high,2050,宁夏,7.50798224452,348.0199166943,7.50798224452,0,7.50798224452,0
S8,high,2050,安徽,66.91120245559,44.00337640572,44.00337640572,22.907,66.91037640572,0.0008260498699997
S8,high,2050,山东,170.2448673489,320.9728839903,170.2448673489,0,170.2448673489,0
S8,high,2050,山西,24.964167124,348.9393692062,24.964167124,0,24.964167124,0
S8,high,2050,广东,312.4357618878,55.0853967759,55.0853967759,0,55.0853967759,257.3503651119
S8,high,2050,广西,86.80591252793,149.5784932769,86.80591252793,0,86.80591252793,0
S8,high,2050,新疆,20.40278645242,1665.788854692,20.40278645242,0,20.40278645242,0
S8,high,2050,江苏,129.3662681831,96.97987576473,96.97987576473,32.386,129.3658757647,0.0003924184090067
S8,high,2050,江西,57.63636708624,67.12194733277,57.63636708624,0,57.63636708624,0
S8,high,2050,河北,104.8355563434,871.3130144445,104.8355563434,0,104.8355563434,0
S8,high,2050,河南,120.7078113535,216.8640629837,120.7078113535,0,120.7078113535,0
S8,high,2050,浙江,200.5529411966,6.941752906051,6.941752906051,0,6.941752906051,193.6111882905
S8,high,2050,海南,11.92786633171,21.99707485562,11.92786633171,0,11.92786633171,0
S8,high,2050,湖北,65.11342699777,95.97035894411,65.11342699777,0,65.11342699777,0
S8,high,2050,湖南,70.06633287896,155.6623518634,70.06633287896,0,70.06633287896,0
S8,high,2050,甘肃,24.11294558888,633.5864411351,24.11294558888,0,24.11294558888,0
S8,high,2050,福建,60.55798325412,0,0,0,0,60.55798325412
S8,high,2050,西藏,0.5330096361454,109.9169178338,0.5330096361454,0,0.5330096361454,0
S8,high,2050,贵州,44.99306902515,87.01126001273,44.99306902515,0,44.99306902515,0
S8,high,2050,辽宁,88.42575277706,271.8861682489,88.42575277706,0,88.42575277706,0
S8,high,2050,陕西,34.61942154833,255.6988838222,34.61942154833,0,34.61942154833,0
S8,high,2050,青海,5.585521388671,756.2308284798,5.585521388671,0,5.585521388671,0
S8,high,2050,黑龙江,4.441746967879,218.8581340408,4.441746967879,0,4.441746967879,0
S8,high,2055,上海,141.267843555,0,0,0,0,141.267843555
S8,high,2055,云南,89.1934959703,426.5391273361,89.1934959703,0,89.1934959703,0
S8,high,2055,内蒙古,7.001192260443,2262.155830667,7.001192260443,0,7.001192260443,0
S8,high,2055,北京,94.55945270066,1.425830753507,1.425830753507,0,1.425830753507,93.13362194716
S8,high,2055,四川,111.3505742382,48.36870762413,48.36870762413,62.981,111.3497076241,0.000866614079996
S8,high,2055,天津,67.15422927581,26.56468374437,26.56468374437,0,26.56468374437,40.58954553144
S8,high,2055,宁夏,8.802287292285,390.0351266428,8.802287292285,0,8.802287292285,0
S8,high,2055,安徽,85.31347057043,49.57505274713,49.57505274713,35.738,85.31305274713,0.0004178232999976
S8,high,2055,山东,210.6430221028,368.1645059373,210.6430221028,0,210.6430221028,0
S8,high,2055,山西,31.88507872057,403.69209484,31.88507872057,0,31.88507872057,0
S8,high,2055,广东,385.180724118,63.85844481543,63.85844481543,0,63.85844481543,321.3222793026
S8,high,2055,广西,109.5327407615,172.235809561,109.5327407615,0,109.5327407615,0
S8,high,2055,新疆,23.92003364798,1879.310514354,23.92003364798,0,23.92003364798,0
S8,high,2055,江苏,163.4279147682,112.3690183948,112.3690183948,51.058,163.4270183948,0.0008963734480005
S8,high,2055,江西,73.17653779097,77.46749387175,73.17653779097,0,73.17653779097,0
S8,high,2055,河北,130.3851610124,999.27137463,130.3851610124,0,130.3851610124,0
S8,high,2055,河南,153.2884609224,252.4680158537,153.2884609224,0,153.2884609224,0
S8,high,2055,浙江,249.2540770442,8.113668969769,8.113668969769,0,8.113668969769,241.1404080744
S8,high,2055,海南,14.71800704568,24.91381857785,14.71800704568,0,14.71800704568,0
S8,high,2055,湖北,82.00010220669,107.3849599834,82.00010220669,0,82.00010220669,0
S8,high,2055,湖南,88.55244623637,180.7644280144,88.55244623637,0,88.55244623637,0
S8,high,2055,甘肃,28.28908639007,717.3742810616,28.28908639007,0,28.28908639007,0
S8,high,2055,福建,75.71172253891,0,0,0,0,75.71172253891
S8,high,2055,西藏,0.6714370859031,121.9697629384,0.6714370859031,0,0.6714370859031,0
S8,high,2055,贵州,57.286122492,96.27677012649,57.286122492,0,57.286122492,0
S8,high,2055,辽宁,106.2112843552,315.9469087366,106.2112843552,0,106.2112843552,0
S8,high,2055,陕西,43.74356890203,287.2922754245,43.74356890203,0,43.74356890203,0
S8,high,2055,青海,6.676306838555,837.1773323433,6.676306838555,0,6.676306838555,0
S8,high,2055,黑龙江,5.595309049191,253.1638584446,5.595309049191,0,5.595309049191,0
S8,high,2060,上海,166.0924298892,0,0,0,0,166.0924298892
S8,high,2060,云南,109.1865025276,469.9779108951,109.1865025276,0,109.1865025276,0
S8,high,2060,内蒙古,8.572088475742,2560.377306366,8.572088475742,0,8.572088475742,0
S8,high,2060,北京,113.8587840753,1.623149803711,1.623149803711,0,1.623149803711,112.2356342716
S8,high,2060,四川,128.4975359846,54.22351790179,54.22351790179,74.274,128.4975179018,1.808283900573e-05
S8,high,2060,天津,79.09091752848,29.49793551107,29.49793551107,0,29.49793551107,49.59298201741
S8,high,2060,宁夏,10.00413710008,432.0503365912,10.00413710008,0,10.00413710008,0
S8,high,2060,安徽,104.911844661,55.14672908854,55.14672908854,49.765,104.9117290885,0.0001155724499995
S8,high,2060,山东,247.924249791,415.3561278844,247.924249791,0,247.924249791,0
S8,high,2060,山西,39.28759990385,458.4448204738,39.28759990385,0,39.28759990385,0
S8,high,2060,广东,455.9659423113,72.63149285495,72.63149285495,0,72.63149285495,383.3344494563
S8,high,2060,广西,132.4607459967,194.8931258452,132.4607459967,0,132.4607459967,0
S8,high,2060,新疆,27.18603564128,2092.832174017,27.18603564128,0,27.18603564128,0
S8,high,2060,江苏,198.1445871606,127.7581610248,127.7581610248,70.386,198.1441610248,0.0004261357530027
S8,high,2060,江西,89.67684114359,87.81304041073,87.81304041073,0,87.81304041073,1.86380073286
S8,high,2060,河北,154.0114691295,1127.229734815,154.0114691295,0,154.0114691295,0
S8,high,2060,河南,188.2540473675,288.0719687237,188.2540473675,0,188.2540473675,0
S8,high,2060,浙江,296.1197834039,9.285585033486,9.285585033486,0,9.285585033486,286.8341983704
S8,high,2060,海南,17.10144379414,27.83056230008,17.10144379414,0,17.10144379414,0
S8,high,2060,湖北,99.74818497685,118.7995610227,99.74818497685,0,99.74818497685,0
S8,high,2060,湖南,108.1227229662,205.8665041654,108.1227229662,0,108.1227229662,0
S8,high,2060,甘肃,32.17338635108,801.1621209882,32.17338635108,0,32.17338635108,0
S8,high,2060,福建,90.02745771028,0,0,0,0,90.02745771028
S8,high,2060,西藏,0.8141586323416,134.022608043,0.8141586323416,0,0.8141586323416,0
S8,high,2060,贵州,70.3314287137,105.5422802403,70.3314287137,0,70.3314287137,0
S8,high,2060,辽宁,122.190281346,360.0076492244,122.190281346,0,122.190281346,0
S8,high,2060,陕西,53.2320005256,318.8856670268,53.2320005256,0,53.2320005256,0
S8,high,2060,青海,7.72873762311,918.1238362067,7.72873762311,0,7.72873762311,0
S8,high,2060,黑龙江,6.784655269514,287.4695828485,6.784655269514,0,6.784655269514,0
S8,low,2025,上海,0.1790292346445,0,0,0,0,0.1790292346445
S8,low,2025,云南,0.1152774875377,55.42463688618,0.1152774875377,0,0.1152774875377,0
S8,low,2025,内蒙古,0.009075875323502,249.9712308819,0.009075875323502,0,0.009075875323502,0
S8,low,2025,北京,0.09897050095586,0.1514952466769,0.09897050095586,0,0.09897050095586,0
S8,low,2025,四川,0.02870400820401,5.682936472736,0.02870400820401,0,0.02870400820401,0
S8,low,2025,天津,0.1119271285918,3.304104513969,0.1119271285918,0,0.1119271285918,0
S8,low,2025,宁夏,0,49.19439301438,0,0,0,0
S8,low,2025,安徽,0.1185749353654,6.102839052569,0.1185749353654,0,0.1185749353654,0
S8,low,2025,山东,0.3877425612812,41.55364391617,0.3877425612812,0,0.3877425612812,0
S8,low,2025,山西,0.04567776572268,43.61439242789,0.04567776572268,0,0.04567776572268,0
S8,low,2025,广东,0.5099442704463,6.826635729473,0.5099442704463,0,0.5099442704463,0
S8,low,2025,广西,0.1759666106514,19.06381496691,0.1759666106514,0,0.1759666106514,0
S8,low,2025,新疆,0,229.8525943639,0,0,0,0
S8,low,2025,江苏,0.256965760313,12.04392863904,0.256965760313,0,0.256965760313,0
S8,low,2025,江西,0.09730759655502,8.474082760956,0.09730759655502,0,0.09730759655502,0
S8,low,2025,河北,0.2590902635851,112.8684626215,0.2590902635851,0,0.2590902635851,0
S8,low,2025,河南,0.213640395827,26.39369296253,0.213640395827,0,0.213640395827,0
S8,low,2025,浙江,0.4021090306696,0.8302725596161,0.4021090306696,0,0.4021090306696,0
S8,low,2025,海南,0.03420288758829,2.991317349124,0.03420288758829,0,0.03420288758829,0
S8,low,2025,湖北,0.09770187310316,13.64348342791,0.09770187310316,0,0.09770187310316,0
S8,low,2025,湖南,0.1122129370092,19.15037681832,0.1122129370092,0,0.1122129370092,0
S8,low,2025,甘肃,0.0003183491827844,86.26073717587,0.0003183491827844,0,0.0003183491827844,0
S8,low,2025,福建,0.1492218945799,0,0,0,0,0.1492218945799
S8,low,2025,西藏,0.0007316183975745,16.08768591622,0.0007316183975745,0,0.0007316183975745,0
S8,low,2025,贵州,0.07761591295539,12.85981034489,0.07761591295539,0,0.07761591295539,0
S8,low,2025,辽宁,0.1088760188082,33.35094620209,0.1088760188082,0,0.1088760188082,0
S8,low,2025,陕西,0.05099280394421,35.8170385815,0.05099280394421,0,0.05099280394421,0
S8,low,2025,青海,0.002025458777125,111.5778280558,0.002025458777125,0,0.002025458777125,0
S8,low,2025,黑龙江,0.006096819979788,27.37151708563,0.006096819979788,0,0.006096819979788,0
S8,low,2030,上海,2.725753919071,0,0,0,0,2.725753919071
S8,low,2030,云南,1.953175075477,66.18913858822,1.953175075477,0,1.953175075477,0
S8,low,2030,内蒙古,0.1532900188678,281.354582635,0.1532900188678,0,0.1532900188678,0
S8,low,2030,北京,1.661699287365,0.1677329831227,0.1677329831227,0,0.1677329831227,1.493966304242
S8,low,2030,四川,1.610140448852,6.551629217933,1.610140448852,0,1.610140448852,0
S8,low,2030,天津,1.413540712992,3.888159615492,1.413540712992,0,1.413540712992,0
S8,low,2030,宁夏,0.1111570788897,58.16843684761,0.1111570788897,0,0.1111570788897,0
S8,low,2030,安徽,1.861087022488,7.155808013932,1.861087022488,0,1.861087022488,0
S8,low,2030,山东,4.560255732608,47.17042010766,4.560255732608,0,4.560255732608,0
S8,low,2030,山西,0.6943964666315,48.63375276975,0.6943964666315,0,0.6943964666315,0
S8,low,2030,广东,7.523971104933,7.578216351306,7.523971104933,0,7.523971104933,0
S8,low,2030,广西,2.435003775349,21.47170870912,2.435003775349,0,2.435003775349,0
S8,low,2030,新疆,0.3020670626809,268.8942957238,0.3020670626809,0,0.3020670626809,0
S8,low,2030,江苏,3.593000413759,13.38480045052,3.593000413759,0,3.593000413759,0
S8,low,2030,江西,1.555885560003,9.498427052688,1.555885560003,0,1.555885560003,0
S8,low,2030,河北,2.925436963494,128.1624022524,2.925436963494,0,2.925436963494,0
S8,low,2030,河南,3.130676371881,29.01681639557,3.130676371881,0,3.130676371881,0
S8,low,2030,浙江,5.299621234243,0.9040783246239,0.9040783246239,0,0.9040783246239,4.395542909619
S8,low,2030,海南,0.3420288758829,3.476261345015,0.3420288758829,0,0.3420288758829,0
S8,low,2030,湖北,1.682443638868,16.17223125044,1.682443638868,0,1.682443638868,0
S8,low,2030,湖南,1.826865774742,21.17627068606,1.826865774742,0,1.826865774742,0
S8,low,2030,甘肃,0.3596549014548,100.2991828734,0.3596549014548,0,0.3596549014548,0
S8,low,2030,福建,1.71658112689,0,0,0,0,1.71658112689
S8,low,2030,西藏,0.01481993585168,19.30547044414,0.01481993585168,0,0.01481993585168,0
S8,low,2030,贵州,1.251396748363,15.49388634266,1.251396748363,0,1.251396748363,0
S8,low,2030,辽宁,1.858377153013,36.82125879082,1.858377153013,0,1.858377153013,0
S8,low,2030,陕西,0.9626544026237,42.18244368258,0.9626544026237,0,0.9626544026237,0
S8,low,2030,青海,0.1015197272928,134.3392811011,0.1015197272928,0,0.1015197272928,0
S8,low,2030,黑龙江,0.1234994654307,30.53096066124,0.1234994654307,0,0.1234994654307,0
S8,low,2035,上海,5.909108520038,0,0,0,0,5.909108520038
S8,low,2035,云南,4.878910379709,94.79399741247,4.878910379709,0,4.878910379709,0
S8,low,2035,内蒙古,0.3829502625798,400.9762229502,0.3829502625798,0,0.3829502625798,0
S8,low,2035,北京,3.846244063074,0.2387079572595,0.2387079572595,0,0.2387079572595,3.607536105815
S8,low,2035,四川,3.265252608124,9.356049942556,3.265252608124,0,3.265252608124,0
S8,low,2035,天津,3.061945213618,5.561878754096,3.061945213618,0,3.061945213618,0
S8,low,2035,宁夏,0.2030528120988,83.24035756838,0.2030528120988,0,0.2030528120988,0
S8,low,2035,安徽,4.661481406051,10.23313026806,4.661481406051,0,4.661481406051,0
S8,low,2035,山东,9.809592814765,67.2742568059,9.809592814765,0,9.809592814765,0
S8,low,2035,山西,1.741333075818,69.25544711427,1.741333075818,0,1.741333075818,0
S8,low,2035,广东,16.62748182334,10.78734474649,10.78734474649,0,10.78734474649,5.840137076853
S8,low,2035,广西,5.780318042859,30.60245415915,5.780318042859,0,5.780318042859,0
S8,low,2035,新疆,0.5517918168814,384.4589533887,0.5517918168814,0,0.5517918168814,0
S8,low,2035,江苏,8.582865669797,19.054667953,8.582865669797,0,8.582865669797,0
S8,low,2035,江西,3.862884564488,13.53199039343,3.862884564488,0,3.862884564488,0
S8,low,2035,河北,6.35706448239,182.789225208,6.35706448239,0,6.35706448239,0
S8,low,2035,河南,7.710159082637,41.26957664012,7.710159082637,0,7.710159082637,0
S8,low,2035,浙江,11.85487453506,1.284751768088,1.284751768088,0,1.284751768088,10.57012276697
S8,low,2035,海南,0.7013902961517,4.967566383347,0.7013902961517,0,0.7013902961517,0
S8,low,2035,湖北,4.114540598268,23.14745843482,4.114540598268,0,4.114540598268,0
S8,low,2035,湖南,4.488299136044,30.13354627895,4.488299136044,0,4.488299136044,0
S8,low,2035,甘肃,0.6607795804603,143.3335955083,0.6607795804603,0,0.6607795804603,0
S8,low,2035,福建,3.813997104357,0,0,0,0,3.813997104357
S8,low,2035,西藏,0.03681283898456,27.65939344499,0.03681283898456,0,0.03681283898456,0
S8,low,2035,贵州,3.131334148295,22.20552362679,3.131334148295,0,3.131334148295,0
S8,low,2035,辽宁,3.6925848642,52.38898004468,3.6925848642,0,3.6925848642,0
S8,low,2035,陕西,2.396247475464,60.34451588073,2.396247475464,0,2.396247475464,0
S8,low,2035,青海,0.2119679391354,192.5217438335,0.2119679391354,0,0.2119679391354,0
S8,low,2035,黑龙江,0.3067736582047,43.47786031097,0.3067736582047,0,0.3067736582047,0
S8,low,2040,上海,9.80676683815,0,0,0,0,9.80676683815
S8,low,2040,云南,8.861690607151,111.0835412471,8.861690607151,0,8.861690607151,0
S8,low,2040,内蒙古,0.6956395665727,512.8092763377,0.6956395665727,0,0.6956395665727,0
S8,low,2040,北京,6.704311855271,0.3127026010859,0.3127026010859,0,0.3127026010859,6.391609254185
S8,low,2040,四川,5.137851332115,11.55160379668,5.137851332115,0,5.137851332115,0
S8,low,2040,天津,5.080175574273,6.661848166607,5.080175574273,0,5.080175574273,0
S8,low,2040,宁夏,0.290608126037,98.99606129904,0.290608126037,0,0.290608126037,0
S8,low,2040,安徽,8.490311753515,12.32250889609,8.490311753515,0,8.490311753515,0
S8,low,2040,山东,16.19845029713,84.97111503605,16.19845029713,0,16.19845029713,0
S8,low,2040,山西,3.175483449519,89.78771922695,3.175483449519,0,3.175483449519,0
S8,low,2040,广东,27.99567148555,14.07723776132,14.07723776132,0,14.07723776132,13.91843372423
S8,low,2040,广西,10.19316825659,39.09894776571,10.19316825659,0,10.19316825659,0
S8,low,2040,新疆,0.7897215714915,464.5295757623,0.7897215714915,0,0.7897215714915,0
S8,low,2040,江苏,15.19972189868,24.82559643925,15.19972189868,0,15.19972189868,0
S8,low,2040,江西,7.001740060134,17.41157034555,7.001740060134,0,7.001740060134,0
S8,low,2040,河北,10.57545832895,230.7736102776,10.57545832895,0,10.57545832895,0
S8,low,2040,河南,13.94103449145,54.62105896637,13.94103449145,0,13.94103449145,0
S8,low,2040,浙江,20.11673077221,1.724220291982,1.724220291982,0,1.724220291982,18.39251048023
S8,low,2040,海南,1.116678059639,6.061345279184,1.116678059639,0,1.116678059639,0
S8,low,2040,湖北,7.389342261787,27.42793382456,7.389342261787,0,7.389342261787,0
S8,low,2040,湖南,8.088402440222,39.54682483556,8.088402440222,0,8.088402440222,0
S8,low,2040,甘肃,0.9511173775348,174.7540354808,0.9511173775348,0,0.9511173775348,0
S8,low,2040,福建,6.445032867009,0,0,0,0,6.445032867009
S8,low,2040,西藏,0.0664784099969,32.17921035921,0.0664784099969,0,0.0664784099969,0
S8,low,2040,贵州,5.697653874089,25.68008991945,5.697653874089,0,5.697653874089,0
S8,low,2040,辽宁,5.719897046232,68.91175772757,5.719897046232,0,5.719897046232,0
S8,low,2040,陕西,4.33666554799,72.19203773159,4.33666554799,0,4.33666554799,0
S8,low,2040,青海,0.3409619855312,222.8766827823,0.3409619855312,0,0.3409619855312,0
S8,low,2040,黑龙江,0.5539867499742,56.34250696241,0.5539867499742,0,0.5539867499742,0
S8,low,2045,上海,14.33729985539,0,0,0,0,14.33729985539
S8,low,2045,云南,13.70775348138,127.3730850817,13.70775348138,0,13.70775348138,0
S8,low,2045,内蒙古,1.07622183713,624.6423297251,1.07622183713,0,1.07622183713,0
S8,low,2045,北京,10.1915516777,0.3866972449123,0.3866972449123,0,0.3866972449123,9.804854432783
S8,low,2045,四川,7.159593123239,13.7471576508,7.159593123239,0,7.159593123239,0
S8,low,2045,天津,7.438972669271,7.761817579118,7.438972669271,0,7.438972669271,0
S8,low,2045,宁夏,0.3717410309727,114.7517650297,0.3717410309727,0,0.3717410309727,0
S8,low,2045,安徽,13.18457462043,14.41188752412,13.18457462043,0,13.18457462043,0
S8,low,2045,山东,23.66804793864,102.6679732662,23.66804793864,0,23.66804793864,0
S8,low,2045,山西,4.939584300289,110.3199913396,4.939584300289,0,4.939584300289,0
S8,low,2045,广东,41.39585291238,17.36713077614,17.36713077614,0,17.36713077614,24.02872213624
S8,low,2045,广西,15.51866574358,47.59544137227,15.51866574358,0,15.51866574358,0
S8,low,2045,新疆,1.01019856248,544.6001981358,1.01019856248,0,1.01019856248,0
S8,low,2045,江苏,23.21485742722,30.59652492551,23.21485742722,0,23.21485742722,0
S8,low,2045,江西,10.84385879537,21.29115029767,10.84385879537,0,10.84385879537,0
S8,low,2045,河北,15.53820558944,278.7579953471,15.53820558944,0,15.53820558944,0
S8,low,2045,河南,21.64287836611,67.97254129262,21.64287836611,0,21.64287836611,0
S8,low,2045,浙江,29.89690212665,2.163688815875,2.163688815875,0,2.163688815875,27.73321331077
S8,low,2045,海南,1.592051976998,7.15512417502,1.592051976998,0,1.592051976998,0
S8,low,2045,湖北,11.36916574038,31.7084092143,11.36916574038,0,11.36916574038,0
S8,low,2045,湖南,12.48830447931,48.96010339218,12.48830447931,0,12.48830447931,0
S8,low,2045,甘肃,1.223431917823,206.1744754532,1.223431917823,0,1.223431917823,0
S8,low,2045,福建,9.568636273633,0,0,0,0,9.568636273633
S8,low,2045,西藏,0.1019922069004,36.69902727344,0.1019922069004,0,0.1019922069004,0
S8,low,2045,贵州,8.835517623109,29.15465621211,8.835517623109,0,8.835517623109,0
S8,low,2045,辽宁,7.92732115489,85.43453541046,7.92732115489,0,7.92732115489,0
S8,low,2045,陕西,6.673989409467,84.03955958245,6.673989409467,0,6.673989409467,0
S8,low,2045,青海,0.4824910591903,253.2316217311,0.4824910591903,0,0.4824910591903,0
S8,low,2045,黑龙江,0.8499350575033,69.20715361386,0.8499350575033,0,0.8499350575033,0
S8,low,2050,上海,19.40190087954,0,0,0,0,19.40190087954
S8,low,2050,云南,19.1836163278,143.6626289164,19.1836163278,0,19.1836163278,0
S8,low,2050,内蒙古,1.506457824429,736.4753831125,1.506457824429,0,1.506457824429,0
S8,low,2050,北京,14.25616496944,0.4606918887387,0.4606918887387,0,0.4606918887387,13.7954730807
S8,low,2050,四川,9.252452636854,15.94271150492,9.252452636854,0,9.252452636854,0
S8,low,2050,天津,10.1014932594,8.861786991629,8.861786991629,0,8.861786991629,1.239706267773
S8,low,2050,宁夏,0.4443695371742,130.5074687604,0.4443695371742,0,0.4443695371742,0
S8,low,2050,安徽,18.54775247641,16.50126615215,16.50126615215,2.046,18.54726615215,0.0004863242550037
S8,low,2050,山东,32.14087484798,120.3648314963,32.14087484798,0,32.14087484798,0
S8,low,2050,山西,6.964580347478,130.8522634523,6.964580347478,0,6.964580347478,0
S8,low,2050,广东,56.54568842689,20.65702379096,20.65702379096,0,20.65702379096,35.88866463593
S8,low,2050,广西,21.56840774494,56.09193497883,21.56840774494,0,21.56840774494,0
S8,low,2050,新疆,1.207565025816,624.6708205094,1.207565025816,0,1.207565025816,0
S8,low,2050,江苏,32.35053071572,36.36745341177,32.35053071572,0,32.35053071572,0
S8,low,2050,江西,15.23439481796,25.17073024979,15.23439481796,0,15.23439481796,0
S8,low,2050,河北,21.18923946325,326.7423804167,21.18923946325,0,21.18923946325,0
S8,low,2050,河南,30.59877335858,81.32402361887,30.59877335858,0,30.59877335858,0
S8,low,2050,浙江,40.96365659383,2.603157339769,2.603157339769,0,2.603157339769,38.36049925406
S8,low,2050,海南,2.131671858881,8.248903070857,2.131671858881,0,2.131671858881,0
S8,low,2050,湖北,15.88858592942,35.98888460404,15.88858592942,0,15.88858592942,0
S8,low,2050,湖南,17.52105668886,58.37338194879,17.52105668886,0,17.52105668886,0
S8,low,2050,甘肃,1.470362700225,237.5949154257,1.470362700225,0,1.470362700225,0
S8,low,2050,福建,13.1326210589,0,0,0,0,13.1326210589
S8,low,2050,西藏,0.1411574089738,41.21884418766,0.1411574089738,0,0.1411574089738,0
S8,low,2050,贵州,12.4065031063,32.62922250477,12.4065031063,0,12.4065031063,0
S8,low,2050,辽宁,10.29938212106,101.9573130934,10.29938212106,0,10.29938212106,0
S8,low,2050,陕西,9.275832998942,95.88708143331,9.275832998942,0,9.275832998942,0
S8,low,2050,青海,0.6295513428682,283.5865606799,0.6295513428682,0,0.6295513428682,0
S8,low,2050,黑龙江,1.176311741449,82.0718002653,1.176311741449,0,1.176311741449,0
S8,low,2055,上海,24.8960911355,0,0,0,0,24.8960911355
S8,low,2055,云南,25.04283171095,159.952172751,25.04283171095,0,25.04283171095,0
S8,low,2055,内蒙古,1.967095406704,848.3084365,1.967095406704,0,1.967095406704,0
S8,low,2055,北京,18.84392227693,0.5346865325651,0.5346865325651,0,0.5346865325651,18.30923574436
S8,low,2055,四川,11.33524436786,18.13826535905,11.33524436786,0,11.33524436786,0
S8,low,2055,天津,13.02841864643,9.96175640414,9.96175640414,0,9.96175640414,3.066662242289
S8,low,2055,宁夏,0.5064116549101,146.263172491,0.5064116549101,0,0.5064116549101,0
S8,low,2055,安徽,24.37238877403,18.59064478017,18.59064478017,5.781,24.37164478017,0.0007439938630007
S8,low,2055,山东,41.53330643877,138.0616897265,41.53330643877,0,41.53330643877,0
S8,low,2055,山西,9.177567397054,151.384535565,9.177567397054,0,9.177567397054,0
S8,low,2055,广东,73.14663440109,23.94691680578,23.94691680578,0,23.94691680578,49.19971759531
S8,low,2055,广西,28.14305248478,64.58842858539,28.14305248478,0,28.14305248478,0
S8,low,2055,新疆,1.376163197468,704.7414428829,1.376163197468,0,1.376163197468,0
S8,low,2055,江苏,42.3129968478,42.13838189803,42.13838189803,0.174,42.31238189803,0.0006149497725971
S8,low,2055,江西,20.00993327904,29.05031020191,20.00993327904,0,20.00993327904,0
S8,low,2055,河北,27.46803651322,374.7267654862,27.46803651322,0,27.46803651322,0
S8,low,2055,河南,40.5798907468,94.67550594512,40.5798907468,0,40.5798907468,0
S8,low,2055,浙江,53.07108196203,3.042625863663,3.042625863663,0,3.042625863663,50.02845609837
S8,low,2055,海南,2.73969751594,9.342681966693,2.73969751594,0,2.73969751594,0
S8,low,2055,湖北,20.77312264908,40.26935999378,20.77312264908,0,20.77312264908,0
S8,low,2055,湖南,23.01054603912,67.78666050541,23.01054603912,0,23.01054603912,0
S8,low,2055,甘肃,1.684508708765,269.0153553981,1.684508708765,0,1.684508708765,0
S8,low,2055,福建,17.08116677295,0,0,0,0,17.08116677295
S8,low,2055,西藏,0.1816556508629,45.73866110188,0.1816556508629,0,0.1816556508629,0
S8,low,2055,贵州,16.26449020786,36.10378879744,16.26449020786,0,16.26449020786,0
S8,low,2055,辽宁,12.81979457809,118.4800907762,12.81979457809,0,12.81979457809,0
S8,low,2055,陕西,12.00247706261,107.7346032842,12.00247706261,0,12.00247706261,0
S8,low,2055,青海,0.7748149002987,313.9414996287,0.7748149002987,0,0.7748149002987,0
S8,low,2055,黑龙江,1.513797090524,94.93644691674,1.513797090524,0,1.513797090524,0
S8,low,2060,上海,30.72438129769,0,0,0,0,30.72438129769
S8,low,2060,云南,31.05949950854,176.2417165857,31.05949950854,0,31.05949950854,0
S8,low,2060,内蒙古,2.440487721028,960.1414898874,2.440487721028,0,2.440487721028,0
S8,low,2060,北京,23.90444676779,0.6086811763915,0.6086811763915,0,0.6086811763915,23.2957655914
S8,low,2060,四川,13.33179121874,20.33381921317,13.33179121874,0,13.33179121874,0
S8,low,2060,天津,16.18435338472,11.06172581665,11.06172581665,0,11.06172581665,5.12262756807
S8,low,2060,宁夏,0.5557853944487,162.0188762217,0.5557853944487,0,0.5557853944487,0
S8,low,2060,安徽,30.46836376143,20.6800234082,20.6800234082,9.788,30.4680234082,0.0003403532339981
S8,low,2060,山东,51.77140746702,155.7585479566,51.77140746702,0,51.77140746702,0
S8,low,2060,山西,11.51174123858,171.9168076777,11.51174123858,0,11.51174123858,0
S8,low,2060,广东,90.92583134846,27.23680982061,27.23680982061,0,27.23680982061,63.68902152785
S8,low,2060,广西,35.06059498271,73.08492219195,35.06059498271,0,35.06059498271,0
S8,low,2060,新疆,1.510335313405,784.8120652565,1.510335313405,0,1.510335313405,0
S8,low,2060,江苏,52.83387399679,47.90931038429,47.90931038429,4.924,52.83331038429,0.0005636124986026
S8,low,2060,江西,25.02063981953,32.92989015402,25.02063981953,0,25.02063981953,0
S8,low,2060,河北,34.3211364411,422.7111505558,34.3211364411,0,34.3211364411,0
S8,low,2060,河南,51.37627965267,108.0269882714,51.37627965267,0,51.37627965267,0
S8,low,2060,浙江,65.99573964327,3.482094387557,3.482094387557,0,3.482094387557,62.51364525571
S8,low,2060,海南,3.420288758829,10.43646086253,3.420288758829,0,3.420288758829,0
S8,low,2060,湖北,25.8626467336,44.54983538352,25.8626467336,0,25.8626467336,0
S8,low,2060,湖南,28.79518388233,77.19993906203,28.79518388233,0,28.79518388233,0
S8,low,2060,甘肃,1.858533137818,300.4357953706,1.858533137818,0,1.858533137818,0
S8,low,2060,福建,21.36421263466,0,0,0,0,21.36421263466
S8,low,2060,西藏,0.2213611982743,50.25847801611,0.2213611982743,0,0.2213611982743,0
S8,low,2060,贵州,20.27555877917,39.5783550901,20.27555877917,0,20.27555877917,0
S8,low,2060,辽宁,15.47355736639,135.0028684591,15.47355736639,0,15.47355736639,0
S8,low,2060,陕西,14.72582442066,119.582125135,14.72582442066,0,14.72582442066,0
S8,low,2060,青海,0.911467478045,344.2964385775,0.911467478045,0,0.911467478045,0
S8,low,2060,黑龙江,1.844676652286,107.8010935682,1.844676652286,0,1.844676652286,0
S8,mid,2025,上海,0.815067192656,0,0,0,0,0.815067192656
S8,mid,2025,云南,0.6564274576986,55.42463688618,0.6564274576986,0,0.6564274576986,0
S8,mid,2025,内蒙古,0.05163250318079,249.9712308819,0.05163250318079,0,0.05163250318079,0
S8,mid,2025,北京,0.5098600085312,0.1514952466769,0.1514952466769,0,0.1514952466769,0.3583647618543
S8,mid,2025,四川,0.1630297958974,5.682936472736,0.1630297958974,0,0.1630297958974,0
S8,mid,2025,天津,0.490552768929,3.304104513969,0.490552768929,0,0.490552768929,0
S8,mid,2025,宁夏,0,49.19439301438,0,0,0,0
S8,mid,2025,安徽,0.6604084437106,6.102839052569,0.6604084437106,0,0.6604084437106,0
S8,mid,2025,山东,1.665672188492,41.55364391617,1.665672188492,0,1.665672188492,0
S8,mid,2025,山西,0.2521507095539,43.61439242789,0.2521507095539,0,0.2521507095539,0
S8,mid,2025,广东,2.367889717306,6.826635729473,2.367889717306,0,2.367889717306,0
S8,mid,2025,广西,0.8785057817815,19.06381496691,0.8785057817815,0,0.8785057817815,0
S8,mid,2025,新疆,0,229.8525943639,0,0,0,0
S8,mid,2025,江苏,1.297468580225,12.04392863904,1.297468580225,0,1.297468580225,0
S8,mid,2025,江西,0.5394394335005,8.474082760956,0.5394394335005,0,0.5394394335005,0
S8,mid,2025,河北,1.117512317223,112.8684626215,1.117512317223,0,1.117512317223,0
S8,mid,2025,河南,1.141738747519,26.39369296253,1.141738747519,0,1.141738747519,0
S8,mid,2025,浙江,1.846129828007,0.8302725596161,0.8302725596161,0,0.8302725596161,1.015857268391
S8,mid,2025,海南,0.1368115503531,2.991317349124,0.1368115503531,0,0.1368115503531,0
S8,mid,2025,湖北,0.5444123169915,13.64348342791,0.5444123169915,0,0.5444123169915,0
S8,mid,2025,湖南,0.6176429741908,19.15037681832,0.6176429741908,0,0.6176429741908,0
S8,mid,2025,甘肃,0.001841870976453,86.26073717587,0.001841870976453,0,0.001841870976453,0
S8,mid,2025,福建,0.6613078100865,0,0,0,0,0.6613078100865
S8,mid,2025,西藏,0.004408467175467,16.08768591622,0.004408467175467,0,0.004408467175467,0
S8,mid,2025,贵州,0.4356033266578,12.85981034489,0.4356033266578,0,0.4356033266578,0
S8,mid,2025,辽宁,0.4453840324675,33.35094620209,0.4453840324675,0,0.4453840324675,0
S8,mid,2025,陕西,0.3002366560392,35.8170385815,0.3002366560392,0,0.3002366560392,0
S8,mid,2025,青海,0.01212829438587,111.5778280558,0.01212829438587,0,0.01212829438587,0
S8,mid,2025,黑龙江,0.03673722646222,27.37151708563,0.03673722646222,0,0.03673722646222,0
S8,mid,2030,上海,9.933121212457,0,0,0,0,9.933121212457
S8,mid,2030,云南,5.859525226431,101.396127199,5.859525226431,0,5.859525226431,0
S8,mid,2030,内蒙古,0.4598700566035,431.011275526,0.4598700566035,0,0.4598700566035,0
S8,mid,2030,北京,6.550855582955,0.2569526549965,0.2569526549965,0,0.2569526549965,6.293902927959
S8,mid,2030,四川,8.214429800675,10.03653837641,8.214429800675,0,8.214429800675,0
S8,mid,2030,天津,4.664951180582,5.956329623732,4.664951180582,0,4.664951180582,0
S8,mid,2030,宁夏,0.6669424733384,89.10909474527,0.6669424733384,0,0.6669424733384,0
S8,mid,2030,安徽,5.583261067466,10.96208887241,5.583261067466,0,5.583261067466,0
S8,mid,2030,山东,14.59694139913,72.26106910109,14.59694139913,0,14.59694139913,0
S8,mid,2030,山西,2.083189399894,74.50277020047,2.083189399894,0,2.083189399894,0
S8,mid,2030,广东,26.84399776583,11.60918249562,11.60918249562,0,11.60918249562,15.23481527021
S8,mid,2030,广西,7.305011326048,32.8928303629,7.305011326048,0,7.305011326048,0
S8,mid,2030,新疆,1.812402376085,411.9231764279,1.812402376085,0,1.812402376085,0
S8,mid,2030,江苏,10.88504768217,20.50437515824,10.88504768217,0,10.88504768217,0
S8,mid,2030,江西,4.829041941604,14.55078186795,4.829041941604,0,4.829041941604,0
S8,mid,2030,河北,8.954501167062,196.3338928122,8.954501167062,0,8.954501167062,0
S8,mid,2030,河南,10.16874330495,44.45129320172,10.16874330495,0,10.16874330495,0
S8,mid,2030,浙江,17.10814332879,1.384971050488,1.384971050488,0,1.384971050488,15.7231722783
S8,mid,2030,海南,1.026086627649,5.325336528533,1.026086627649,0,1.026086627649,0
S8,mid,2030,湖北,5.48651709584,24.77448191556,5.48651709584,0,5.48651709584,0
S8,mid,2030,湖南,5.897457863838,32.44024445524,5.897457863838,0,5.897457863838,0
S8,mid,2030,甘肃,2.140875181368,153.6498120613,2.140875181368,0,2.140875181368,0
S8,mid,2030,福建,5.149743380671,0,0,0,0,5.149743380671
S8,mid,2030,西藏,0.04445980755505,29.57433770166,0.04445980755505,0,0.04445980755505,0
S8,mid,2030,贵州,3.75419024509,23.73531524833,3.75419024509,0,3.75419024509,0
S8,mid,2030,辽宁,7.733907316311,56.40703474338,7.733907316311,0,7.733907316311,0
S8,mid,2030,陕西,2.887963207871,64.6199137265,2.887963207871,0,2.887963207871,0
S8,mid,2030,青海,0.4883245854352,205.7963455165,0.4883245854352,0,0.4883245854352,0
S8,mid,2030,黑龙江,0.370498396292,46.77083335338,0.370498396292,0,0.370498396292,0
S8,mid,2035,上海,20.03616339904,0,0,0,0,20.03616339904
S8,mid,2035,云南,13.28902901454,158.1589689449,13.28902901454,0,13.28902901454,0
S8,mid,2035,内蒙古,1.042878045425,669.0084575426,1.042878045425,0,1.042878045425,0
S8,mid,2035,北京,13.38896736984,0.3982720998127,0.3982720998127,0,0.3982720998127,12.99069527003
S8,mid,2035,四川,15.64296613588,15.61009402181,15.61009402181,0.032,15.64209402181,0.0008721140710009
S8,mid,2035,天津,9.519662030888,9.279712145871,9.279712145871,0,9.279712145871,0.239949885017
S8,mid,2035,宁夏,1.218316872593,138.8823078146,1.218316872593,0,1.218316872593,0
S8,mid,2035,安徽,12.63871212934,17.07345798735,12.63871212934,0,12.63871212934,0
S8,mid,2035,山东,29.76807205584,112.2436798045,29.76807205584,0,29.76807205584,0
S8,mid,2035,山西,4.711764560614,115.5491951853,4.711764560614,0,4.711764560614,0
S8,mid,2035,广东,54.74659680788,17.99813668933,17.99813668933,0,17.99813668933,36.74846011855
S8,mid,2035,广西,16.00168748057,51.05864009441,16.00168748057,0,16.00168748057,0
S8,mid,2035,新疆,3.310750901288,641.4502323919,3.310750901288,0,3.310750901288,0
S8,mid,2035,江苏,23.86724842,31.79174546168,23.86724842,0,23.86724842,0
S8,mid,2035,江西,10.78599507098,22.57743851739,10.78599507098,0,10.78599507098,0
S8,mid,2035,河北,18.48056370039,304.974536176,18.48056370039,0,18.48056370039,0
S8,mid,2035,河南,22.25650732343,68.85619204126,22.25650732343,0,22.25650732343,0
S8,mid,2035,浙江,35.67683990367,2.143543056916,2.143543056916,0,2.143543056916,33.53329684675
S8,mid,2035,海南,2.051614122303,8.288132147617,2.051614122303,0,2.051614122303,0
S8,mid,2035,湖北,12.03634776222,38.6203584581,12.03634776222,0,12.03634776222,0
S8,mid,2035,湖南,12.97293612409,50.27629111781,12.97293612409,0,12.97293612409,0
S8,mid,2035,甘肃,3.918349937608,239.1448224524,3.918349937608,0,3.918349937608,0
S8,mid,2035,福建,10.80476325818,0,0,0,0,10.80476325818
S8,mid,2035,西藏,0.1012213786902,46.14829280662,0.1012213786902,0,0.1012213786902,0
S8,mid,2035,贵州,8.504036158616,37.04878808319,8.504036158616,0,8.504036158616,0
S8,mid,2035,辽宁,14.79997908076,87.40835173231,14.79997908076,0,14.79997908076,0
S8,mid,2035,陕西,6.565566260557,100.6817591165,6.565566260557,0,6.565566260557,0
S8,mid,2035,青海,0.9462835608184,321.2127490698,0.9462835608184,0,0.9462835608184,0
S8,mid,2035,黑龙江,0.8435114890849,72.54060116055,0.8435114890849,0,0.8435114890849,0
S8,mid,2040,上海,31.62829958632,0,0,0,0,31.62829958632
S8,mid,2040,云南,22.68320246582,200.6670422528,22.68320246582,0,22.68320246582,0
S8,mid,2040,内蒙古,1.780034595693,926.3651443519,1.780034595693,0,1.780034595693,0
S8,mid,2040,北京,21.20300474875,0.5648821180907,0.5648821180907,0,0.5648821180907,20.63812263066
S8,mid,2040,四川,23.29182487032,20.86741331013,20.86741331013,2.424,23.29141331013,0.0004115601910009
S8,mid,2040,天津,15.23735306701,12.03430636548,12.03430636548,0,12.03430636548,3.203046701532
S8,mid,2040,宁夏,1.743648756222,178.8315946047,1.743648756222,0,1.743648756222,0
S8,mid,2040,安徽,21.55290189173,22.26001607035,21.55290189173,0,21.55290189173,0
S8,mid,2040,山东,47.73361074512,153.4962078071,47.73361074512,0,47.73361074512,0
S8,mid,2040,山西,8.031672950472,162.1971702164,8.031672950472,0,8.031672950472,0
S8,mid,2040,广东,87.12934041185,25.42984885915,25.42984885915,0,25.42984885915,61.6994915527
S8,mid,2040,广西,26.83139006111,70.63035725419,26.83139006111,0,26.83139006111,0
S8,mid,2040,新疆,4.738329428949,839.150201377,4.738329428949,0,4.738329428949,0
S8,mid,2040,江苏,40.01387827838,44.84623872898,40.01387827838,0,40.01387827838,0
S8,mid,2040,江西,18.22809478256,31.4531593339,18.22809478256,0,18.22809478256,0
S8,mid,2040,河北,29.94146709376,416.8813605015,29.94146709376,0,29.94146709376,0
S8,mid,2040,河南,37.10504366141,98.67030006828,37.10504366141,0,37.10504366141,0
S8,mid,2040,浙江,57.92654094243,3.11472052745,3.11472052745,0,3.11472052745,54.81182041498
S8,mid,2040,海南,3.267125912488,10.94952695595,3.267125912488,0,3.267125912488,0
S8,mid,2040,湖北,20.08623986467,49.54723529598,20.08623986467,0,20.08623986467,0
S8,mid,2040,湖南,21.69452671061,71.4394255094,21.69452671061,0,21.69452671061,0
S8,mid,2040,甘肃,5.618638888601,315.6847092556,5.618638888601,0,5.618638888601,0
S8,mid,2040,福建,17.69740711467,0,0,0,0,17.69740711467
S8,mid,2040,西藏,0.1731080078616,58.13018645536,0.1731080078616,0,0.1731080078616,0
S8,mid,2040,贵州,14.50691973146,46.38983985449,14.50691973146,0,14.50691973146,0
S8,mid,2040,辽宁,22.3759677144,124.485755895,22.3759677144,0,22.3759677144,0
S8,mid,2040,陕西,11.22035922707,130.411422999,11.22035922707,0,11.22035922707,0
S8,mid,2040,青海,1.430927481632,402.6159430907,1.430927481632,0,1.430927481632,0
S8,mid,2040,黑龙江,1.44256673218,101.7800125773,1.44256673218,0,1.44256673218,0
S8,mid,2045,上海,44.49291339254,0,0,0,0,44.49291339254
S8,mid,2045,云南,33.59738765497,230.0933149864,33.59738765497,0,33.59738765497,0
S8,mid,2045,内蒙古,2.63662504715,1128.38614402,2.63662504715,0,2.63662504715,0
S8,mid,2045,北京,29.87779645921,0.6985498617771,0.6985498617771,0,0.6985498617771,29.17924659743
S8,mid,2045,四川,30.92606468506,24.83357511113,24.83357511113,6.092,30.92557511113,0.0004895739280038
S8,mid,2045,天津,21.74774832733,14.02134788486,14.02134788486,0,14.02134788486,7.726400442468
S8,mid,2045,宁夏,2.230446185836,207.2935110214,2.230446185836,0,2.230446185836,0
S8,mid,2045,安徽,31.95804832603,26.03437746292,26.03437746292,5.923,31.95737746292,0.000670863109999
S8,mid,2045,山东,68.36273388112,185.4647259002,68.36273388112,0,68.36273388112,0
S8,mid,2045,山西,11.91488352842,199.2877262909,11.91488352842,0,11.91488352842,0
S8,mid,2045,广东,123.4010623515,31.37288140206,31.37288140206,0,31.37288140206,92.02818094943
S8,mid,2045,广西,39.44569451812,85.97886183378,39.44569451812,0,39.44569451812,0
S8,mid,2045,新疆,6.06119137488,983.7939063099,6.06119137488,0,6.06119137488,0
S8,mid,2045,江苏,58.81119056353,55.27114180093,55.27114180093,3.54,58.81114180093,4.876259699671e-05
S8,mid,2045,江西,26.86273546712,38.46143279579,26.86273546712,0,26.86273546712,0
S8,mid,2045,河北,43.25218418275,503.5628303045,43.25218418275,0,43.25218418275,0
S8,mid,2045,河南,54.31412752875,122.7891068512,54.31412752875,0,54.31412752875,0
S8,mid,2045,浙江,83.41935405221,3.908599151259,3.908599151259,0,3.908599151259,79.51075490095
S8,mid,2045,海南,4.684214510602,12.92538560649,4.684214510602,0,4.684214510602,0
S8,mid,2045,湖北,29.31514269837,57.27970696777,29.31514269837,0,29.31514269837,0
S8,mid,2045,湖南,31.7429636093,88.44405774071,31.7429636093,0,31.7429636093,0
S8,mid,2045,甘肃,7.200558430652,372.4442137219,7.200558430652,0,7.200558430652,0
S8,mid,2045,福建,25.74273557255,0,0,0,0,25.74273557255
S8,mid,2045,西藏,0.2558298262353,66.29501701008,0.2558298262353,0,0.2558298262353,0
S8,mid,2045,贵州,21.50200886106,52.66647573801,21.50200886106,0,21.50200886106,0
S8,mid,2045,辽宁,30.38765428392,154.3333542899,30.38765428392,0,30.38765428392,0
S8,mid,2045,陕西,16.59589878847,151.8133979554,16.59589878847,0,16.59589878847,0
S8,mid,2045,青海,1.923958643465,457.4506715143,1.923958643465,0,1.923958643465,0
S8,mid,2045,黑龙江,2.131915218628,125.0193742702,2.131915218628,0,2.131915218628,0
S8,mid,2050,上海,58.37866758703,0,0,0,0,58.37866758703
S8,mid,2050,云南,45.50756471621,239.6937979781,45.50756471621,0,45.50756471621,0
S8,mid,2050,内蒙古,3.57173458794,1228.771762198,3.57173458794,0,3.57173458794,0
S8,mid,2050,北京,39.28329087689,0.7686410122272,0.7686410122272,0,0.7686410122272,38.51464986466
S8,mid,2050,四川,38.2913997882,26.59960422212,26.59960422212,11.691,38.29060422212,0.0007955660809955
S8,mid,2050,天津,28.96541867969,14.7854413978,14.7854413978,0,14.7854413978,14.17997728189
S8,mid,2050,宁夏,2.666217223045,217.7450815681,2.666217223045,0,2.666217223045,0
S8,mid,2050,安徽,43.41940776636,27.53152427524,27.53152427524,15.887,43.41852427524,0.0008834911199997
S8,mid,2050,山东,91.487193763,200.8226065608,91.487193763,0,91.487193763,0
S8,mid,2050,山西,16.20980467736,218.3203539953,16.20980467736,0,16.20980467736,0
S8,mid,2050,广东,162.871393975,34.46519477422,34.46519477422,0,34.46519477422,128.4061992007
S8,mid,2050,广西,53.42921466482,93.5865439219,53.42921466482,0,53.42921466482,0
S8,mid,2050,新疆,7.245390154895,1042.231529406,7.245390154895,0,7.245390154895,0
S8,mid,2050,江苏,79.64747618639,60.67724847312,60.67724847312,18.97,79.64724847312,0.0002277132658008
S8,mid,2050,江西,36.34485823293,41.99608469483,36.34485823293,0,36.34485823293,0
S8,mid,2050,河北,58.3004071359,545.1530625134,58.3004071359,0,58.3004071359,0
S8,mid,2050,河南,73.41062035253,135.6850019737,73.41062035253,0,73.41062035253,0
S8,mid,2050,浙江,111.6305847178,4.343235775444,4.343235775444,0,4.343235775444,107.2873489423
S8,mid,2050,海南,6.314472429041,13.7628757118,6.314472429041,0,6.314472429041,0
S8,mid,2050,湖北,39.34657620326,60.04562564952,39.34657620326,0,39.34657620326,0
S8,mid,2050,湖南,42.74288183442,97.3930222889,42.74288183442,0,42.74288183442,0
S8,mid,2050,甘肃,8.622676954007,396.4150460578,8.622676954007,0,8.622676954007,0
S8,mid,2050,福建,34.83356311033,0,0,0,0,34.83356311033
S8,mid,2050,西藏,0.3443529467857,68.77154752166,0.3443529467857,0,0.3443529467857,0
S8,mid,2050,贵州,29.18135029272,54.44020011492,29.18135029272,0,29.18135029272,0
S8,mid,2050,辽宁,38.75585973476,170.1105972467,38.75585973476,0,38.75585973476,0
S8,mid,2050,陕西,22.39085252827,159.9827241026,22.39085252827,0,22.39085252827,0
S8,mid,2050,青海,2.405095293393,473.1497696906,2.405095293393,0,2.405095293393,0
S8,mid,2050,黑龙江,2.869607889881,136.9326293196,2.869607889881,0,2.869607889881,0
S8,mid,2055,上海,73.02060390749,0,0,0,0,73.02060390749
S8,mid,2055,云南,57.85857999729,245.0331157037,57.85857999729,0,57.85857999729,0
S8,mid,2055,内蒙古,4.542016079135,1299.536328255,4.542016079135,0,4.542016079135,0
S8,mid,2055,北京,49.2835987925,0.8190942626529,0.8190942626529,0,0.8190942626529,48.46450452985
S8,mid,2055,四川,45.1259555274,27.7862788479,27.7862788479,17.339,45.1252788479,0.0006766794990014
S8,mid,2055,天津,36.79899038461,15.26056300209,15.26056300209,0,15.26056300209,21.53842738252
S8,mid,2055,宁夏,3.038469929461,224.0627323267,3.038469929461,0,3.038469929461,0
S8,mid,2055,安徽,55.4759674145,28.47928562069,28.47928562069,26.996,55.47528562069,0.0006817938100028
S8,mid,2055,山东,116.9240611637,211.49875873,116.9240611637,0,116.9240611637,0
S8,mid,2055,山西,20.75560193729,231.9082246953,20.75560193729,0,20.75560193729,0
S8,mid,2055,广东,204.8110493973,36.68463851099,36.68463851099,0,36.68463851099,168.1264108863
S8,mid,2055,广西,68.34029518206,98.94397570528,68.34029518206,0,68.34029518206,0
S8,mid,2055,新疆,8.256979184806,1079.603912502,8.256979184806,0,8.256979184806,0
S8,mid,2055,江苏,101.8725952902,64.55241482252,64.55241482252,37.32,101.8724148225,0.0001804676998063
S8,mid,2055,江西,46.30882670127,44.5026028625,44.5026028625,0,44.5026028625,1.80622383877
S8,mid,2055,河北,74.96312588263,574.0495130853,74.96312588263,0,74.96312588263,0
S8,mid,2055,河南,93.89277939344,145.0348176181,93.89277939344,0,93.89277939344,0
S8,mid,2055,浙江,142.001485845,4.66104387625,4.66104387625,0,4.66104387625,137.3404419687
S8,mid,2055,海南,8.169492180203,14.3121936511,8.169492180203,0,8.169492180203,0
S8,mid,2055,湖北,49.78231531523,61.6892323309,49.78231531523,0,49.78231531523,0
S8,mid,2055,湖南,54.29690870488,103.8433948168,54.29690870488,0,54.29690870488,0
S8,mid,2055,甘肃,9.843465555821,412.108629546,9.843465555821,0,9.843465555821,0
S8,mid,2055,福建,44.85397701697,0,0,0,0,44.85397701697
S8,mid,2055,西藏,0.4333516032382,70.06773615608,0.4333516032382,0,0.4333516032382,0
S8,mid,2055,贵州,37.218505086,55.30793177479,37.218505086,0,37.218505086,0
S8,mid,2055,辽宁,47.3994591507,181.5014156572,47.3994591507,0,47.3994591507,0
S8,mid,2055,陕西,28.28627798198,165.040243329,28.28627798198,0,28.28627798198,0
S8,mid,2055,青海,2.85327733383,480.9316590057,2.85327733383,0,2.85327733383,0
S8,mid,2055,黑龙江,3.611263360319,145.4345569788,3.611263360319,0,3.611263360319,0
S8,mid,2060,上海,88.1658921045,0,0,0,0,88.1658921045
S8,mid,2060,云南,70.12300101808,246.178905707,70.12300101808,0,70.12300101808,0
S8,mid,2060,内蒙古,5.506288098385,1341.150017621,5.506288098385,0,5.506288098385,0
S8,mid,2060,北京,59.74802871651,0.8502213257532,0.8502213257532,0,0.8502213257532,58.89780739076
S8,mid,2060,四川,51.17461428598,28.40279509141,28.40279509141,22.771,51.17379509141,0.0008191945720029
S8,mid,2060,天津,45.16238271391,15.45129955342,15.45129955342,0,15.45129955342,29.71108316049
S8,mid,2060,宁夏,3.334712366692,226.3120810716,3.334712366692,0,3.334712366692,0
S8,mid,2060,安徽,67.69010421121,28.88638190352,28.88638190352,38.803,67.68938190352,0.0007223076899976
S8,mid,2060,山东,144.5034791214,217.5674955585,144.5034791214,0,144.5034791214,0
S8,mid,2060,山西,25.39967057121,240.1377631053,25.39967057121,0,25.39967057121,0
S8,mid,2060,广东,248.5253941988,38.04506768593,38.04506768593,0,38.04506768593,210.4803265129
S8,mid,2060,广西,83.7606704897,102.0868754427,83.7606704897,0,83.7606704897,0
S8,mid,2060,新疆,9.062011880427,1096.245424485,9.062011880427,0,9.062011880427,0
S8,mid,2060,江苏,124.8706263401,66.92094148917,66.92094148917,57.949,124.8699414892,0.0006848509580095
S8,mid,2060,江西,56.40732645559,45.99730688181,45.99730688181,0,45.99730688181,10.41001957378
S8,mid,2060,河北,93.1268595053,590.4536706176,93.1268595053,0,93.1268595053,0
S8,mid,2060,河南,115.2843307391,150.89484076,115.2843307391,0,115.2843307391,0
S8,mid,2060,浙江,174.0036303716,4.863877874683,4.863877874683,0,4.863877874683,169.1397524969
S8,mid,2060,海南,10.26086627649,14.57791358576,10.26086627649,0,10.26086627649,0
S8,mid,2060,湖北,60.24349647634,62.22834148809,60.24349647634,0,60.24349647634,0
S8,mid,2060,湖南,66.02726694319,107.8348355152,66.02726694319,0,66.02726694319,0
S8,mid,2060,甘肃,10.82148196192,419.656349089,10.82148196192,0,10.82148196192,0
S8,mid,2060,福建,55.69583517247,0,0,0,0,55.69583517247
S8,mid,2060,西藏,0.5177599153079,70.20231849869,0.5177599153079,0,0.5177599153079,0
S8,mid,2060,贵州,45.30349374643,55.28405155442,45.30349374643,0,45.30349374643,0
S8,mid,2060,辽宁,56.23906018877,188.575435308,56.23906018877,0,56.23906018877,0
S8,mid,2060,陕西,33.97891247313,167.035349395,33.97891247313,0,33.97891247313,0
S8,mid,2060,青海,3.248137696495,480.9220094416,3.248137696495,0,3.248137696495,0
S8,mid,2060,黑龙江,4.314665960899,150.5793053016,4.314665960899,0,4.314665960899,0
