scenario,tier,year,region,demand_methanol_10kt,local_direct_methanol_10kt,pipeline_served_methanol_10kt,served_methanol_10kt,unserved_methanol_10kt,demand_met_pct,pipeline_share_pct
S1,high,2025,CC,0,0,0,0,0,0,0
S1,high,2025,EC,31.36455282093,15.12026055164,0,15.12026055164,16.24429226929,48.20811773713,0
S1,high,2025,NC,10.43345782552,10.43345782552,0,10.43345782552,0,100,0
S1,high,2025,NE,3.743948261679,3.743948261679,0,3.743948261679,0,100,0
S1,high,2025,NW,0,0,0,0,0,0,0
S1,high,2025,SC,13.85804109188,10.53693706359,0,10.53693706359,3.321104028287,76.03482334719,0
S1,high,2025,SW,0,0,0,0,0,0,0
S1,high,2030,CC,0,0,0,0,0,0,0
S1,high,2030,EC,209.0970188062,97.6774621458,0,97.6774621458,111.4195566604,46.71394298372,0
S1,high,2030,NC,69.55638550344,59.67708746066,0,59.67708746066,9.87929804278,85.79670583617,0
S1,high,2030,NE,24.95965507786,24.95965507786,0,24.95965507786,0,100,0
S1,high,2030,NW,0,0,0,0,0,0,0
S1,high,2030,SC,92.3869406125,44.94391916425,0,44.94391916425,47.44302144825,48.64748076545,0
S1,high,2030,SW,0,0,0,0,0,0,0
S1,high,2035,CC,0,0,0,0,0,0,0
S1,high,2035,EC,412.2624785399,191.2567033233,0,191.2567033233,221.0057752166,46.39197435591,0
S1,high,2035,NC,137.1396304435,112.0502369956,0,112.0502369956,25.0893934479,81.70522017104,0
S1,high,2035,NE,49.21126721294,49.21126721294,0,49.21126721294,0,100,0
S1,high,2035,NW,0,0,0,0,0,0,0
S1,high,2035,SC,182.153094956,74.59757508547,0,74.59757508547,107.5555198706,40.95322953666,0
S1,high,2035,SW,0,0,0,0,0,0,0
S1,high,2040,CC,0,0,0,0,0,0,0
S1,high,2040,EC,653.0897334032,295.7738061567,6.377,302.1508061567,350.9389272465,46.26482253552,2.110535490907
S1,high,2040,NC,217.2511187595,171.774684231,0,171.774684231,45.47643452855,79.06734161453,0
S1,high,2040,NE,77.95852171258,77.95852171258,0,77.95852171258,0,100,0
S1,high,2040,NW,0,0,0,0,0,0,0
S1,high,2040,SC,288.5596492912,105.3219163743,0,105.3219163743,183.237732917,36.49918366376,0
S1,high,2040,SW,0,0,0,0,0,0,0
S1,high,2045,CC,0,0,0,0,0,0,0
S1,high,2045,EC,925.3423245351,361.1418320202,66.222,427.3638320202,497.9784925149,46.18440340281,15.49546195497
S1,high,2045,NC,307.8162845912,238.9097645183,0,238.9097645183,68.90652007287,77.61440069216,0
S1,high,2045,NE,110.4569801196,110.4569801196,0,110.4569801196,0,100,0
S1,high,2045,NW,0,0,0,0,0,0,0
S1,high,2045,SC,408.8511011354,138.5300592575,0,138.5300592575,270.3210418779,33.88276535707,0
S1,high,2045,SW,0,0,0,0,0,0,0
S1,high,2050,CC,0,0,0,0,0,0,0
S1,high,2050,EC,1215.336611683,424.8945126611,135.765,560.6595126611,654.6770990219,46.13203513096,24.21523169305
S1,high,2050,NC,404.2832478498,310.228640892,0,310.228640892,94.05460695782,76.73546765589,0
S1,high,2050,NE,145.0732430539,145.0732430539,0,145.0732430539,0,100,0
S1,high,2050,NW,0,0,0,0,0,0,0
S1,high,2050,SC,536.9815026958,173.1404736225,0,173.1404736225,363.8410290733,32.24328449924,0
S1,high,2050,SW,0,0,0,0,0,0,0
S1,high,2055,CC,0,0,0,0,0,0,0
S1,high,2055,EC,1499.625525319,488.6471933019,202.71,691.3571933019,808.2683320174,46.10198890517,29.32058883077
S1,high,2055,NC,498.8523114554,380.202092378,0,380.202092378,118.6502190774,76.21536147016,0
S1,high,2055,NE,179.0084625387,179.0084625387,0,179.0084625387,0,100,0
S1,high,2055,NW,0,0,0,0,0,0,0
S1,high,2055,SC,662.5910552894,207.2999456108,0,207.2999456108,455.2911096787,31.28625778388,0
S1,high,2055,SW,0,0,0,0,0,0,0
S1,high,2060,CC,0,0,0,0,0,0,0
S1,high,2060,EC,1742.475156718,552.3998739427,250.773,803.1728739427,939.3022827756,46.09379197436,31.222792519
S1,high,2060,NC,579.636545862,440.4034506724,0,440.4034506724,139.2330951896,75.979241443,0
S1,high,2060,NE,207.9971256489,207.9971256489,0,207.9971256489,0,100,0
S1,high,2060,NW,0,0,0,0,0,0,0
S1,high,2060,SC,769.8911717709,238.1841318737,0,238.1841318737,531.7070398972,30.93737668479,0
S1,high,2060,SW,0,0,0,0,0,0,0
S1,low,2025,CC,0,0,0,0,0,0,0
S1,low,2025,EC,3.484950313437,2.418049003174,0,2.418049003174,1.066901310263,69.38546566506,0
S1,low,2025,NC,1.159273091724,1.159273091724,0,1.159273091724,0,100,0
S1,low,2025,NE,0.4159942512977,0.4159942512977,0,0.4159942512977,0,100,0
S1,low,2025,NW,0,0,0,0,0,0,0
S1,low,2025,SC,1.539782343541,1.539782343541,0,1.539782343541,0,100,0
S1,low,2025,SW,0,0,0,0,0,0,0
S1,low,2030,CC,0,0,0,0,0,0,0
S1,low,2030,EC,34.84950313437,16.7818427602,0,16.7818427602,18.06766037416,48.15518515572,0
S1,low,2030,NC,11.59273091724,11.59273091724,0,11.59273091724,0,100,0
S1,low,2030,NE,4.159942512977,4.159942512977,0,4.159942512977,0,100,0
S1,low,2030,NW,0,0,0,0,0,0,0
S1,low,2030,SC,15.39782343542,11.70077338921,0,11.70077338921,3.697050046204,75.98978802614,0
S1,low,2030,SW,0,0,0,0,0,0,0
S1,low,2035,CC,0,0,0,0,0,0,0
S1,low,2035,EC,71.46502838703,33.84489708023,0,33.84489708023,37.62013130679,47.35868416219,0
S1,low,2035,NC,23.77293130663,22.41455765294,0,22.41455765294,1.358373653697,94.28604896815,0
S1,low,2035,NE,8.530692923571,8.530692923571,0,8.530692923571,0,100,0
S1,low,2035,NW,0,0,0,0,0,0,0
S1,low,2035,SC,31.57594197736,19.24137218571,0,19.24137218571,12.33456979165,60.93681132143,0
S1,low,2035,SW,0,0,0,0,0,0,0
S1,low,2040,CC,0,0,0,0,0,0,0
S1,low,2040,EC,113.7789183414,53.5629755303,0,53.5629755303,60.2159428111,47.0763620459,0
S1,low,2040,NC,37.84869985952,33.49286775119,0,33.49286775119,4.355832108333,88.4914617292,0
S1,low,2040,NE,13.58165015048,13.58165015048,0,13.58165015048,0,100,0
S1,low,2040,NW,0,0,0,0,0,0,0
S1,low,2040,SC,50.27181272969,27.53682938778,0,27.53682938778,22.73498334191,54.77588312927,0
S1,low,2040,SW,0,0,0,0,0,0,0
S1,low,2045,CC,0,0,0,0,0,0,0
S1,low,2045,EC,162.2150183058,76.0703909758,0,76.0703909758,86.14462733004,46.89478925581,0
S1,low,2045,NC,53.96102924923,46.01489992974,0,46.01489992974,7.946129319492,85.2743184664,0
S1,low,2045,NE,19.36340808912,19.36340808912,0,19.36340808912,0,100,0
S1,low,2045,NW,0,0,0,0,0,0,0
S1,low,2045,SC,71.67270651796,36.55651958298,0,36.55651958298,35.11618693498,51.00479856139,0
S1,low,2045,SW,0,0,0,0,0,0,0
S1,low,2050,CC,0,0,0,0,0,0,0
S1,low,2050,EC,217.1971735888,101.5602513626,0,101.5602513626,115.6369222262,46.75947190495,0
S1,low,2050,NC,72.25091214907,60.08060417876,0,60.08060417876,12.17030797031,83.15549574627,0
S1,low,2050,NE,25.92656063493,25.92656063493,0,25.92656063493,0,100,0
S1,low,2050,NW,0,0,0,0,0,0,0
S1,low,2050,SC,95.96589416776,46.07279761389,0,46.07279761389,49.89309655388,48.00955382476,0
S1,low,2050,SW,0,0,0,0,0,0,0
S1,low,2055,CC,0,0,0,0,0,0,0
S1,low,2055,EC,279.1492294986,130.2256646365,0,130.2256646365,148.9235648621,46.65091315867,0
S1,low,2055,NC,92.85934123235,75.78993048842,0,75.78993048842,17.06941074393,81.61799285091,0
S1,low,2055,NE,33.32170168334,33.32170168334,0,33.32170168334,0,100,0
S1,low,2055,NW,0,0,0,0,0,0,0
S1,low,2055,SC,123.3386465046,55.35304768463,0,55.35304768463,67.98559882,44.87891610077,0
S1,low,2055,SW,0,0,0,0,0,0,0
S1,low,2060,CC,0,0,0,0,0,0,0
S1,low,2060,EC,348.4950313437,162.2597387434,0,162.2597387434,186.2352926003,46.56012974353,0
S1,low,2060,NC,115.9273091724,93.2428288489,0,93.2428288489,22.68448032349,80.43215141847,0
S1,low,2060,NE,41.59942512977,41.59942512977,0,41.59942512977,0,100,0
S1,low,2060,NW,0,0,0,0,0,0,0
S1,low,2060,SC,153.9782343542,65.21768602688,0,65.21768602688,88.76054832727,42.35513304879,0
S1,low,2060,SW,0,0,0,0,0,0,0
S1,mid,2025,CC,0,0,0,0,0,0,0
S1,mid,2025,EC,13.93980125375,7.181378333847,0,7.181378333847,6.758422919899,51.51707835086,0
S1,mid,2025,NC,4.637092366896,4.637092366896,0,4.637092366896,0,100,0
S1,mid,2025,NE,1.663977005191,1.663977005191,0,1.663977005191,0,100,0
S1,mid,2025,NW,0,0,0,0,0,0,0
S1,mid,2025,SC,6.159129374168,6.159129374168,0,6.159129374168,0,100,0
S1,mid,2025,SW,0,0,0,0,0,0,0
S1,mid,2030,CC,0,0,0,0,0,0,0
S1,mid,2030,EC,104.5485094031,49.01826435722,0,49.01826435722,55.53024504588,46.88566545528,0
S1,mid,2030,NC,34.77819275172,30.61066053341,0,30.61066053341,4.167532218308,88.01682350759,0
S1,mid,2030,NE,12.47982753893,12.47982753893,0,12.47982753893,0,100,0
S1,mid,2030,NW,0,0,0,0,0,0,0
S1,mid,2030,SC,46.19347030625,23.97685360934,0,23.97685360934,22.21661669691,51.905287588,0
S1,mid,2030,SW,0,0,0,0,0,0,0
S1,mid,2035,CC,0,0,0,0,0,0,0
S1,mid,2035,EC,209.0400484496,97.38417343512,0,97.38417343512,111.6558750145,46.58637144289,0
S1,mid,2035,NC,69.53743424286,58.57493937842,0,58.57493937842,10.96249486444,84.23511741007,0
S1,mid,2035,NE,24.95285459616,24.95285459616,0,24.95285459616,0,100,0
S1,mid,2035,NW,0,0,0,0,0,0,0
S1,mid,2035,SC,92.36176896259,42.7267395511,0,42.7267395511,49.63502941149,46.26020054727,0
S1,mid,2035,SW,0,0,0,0,0,0,0
S1,mid,2040,CC,0,0,0,0,0,0,0
S1,mid,2040,EC,332.8891878901,154.7821944679,0,154.7821944679,178.1069934222,46.49661211556,0
S1,mid,2040,NC,110.7360057786,90.5352839629,0,90.5352839629,20.2007218157,81.75776553103,0
S1,mid,2040,NE,39.7365747074,39.7365747074,0,39.7365747074,0,100,0
S1,mid,2040,NW,0,0,0,0,0,0,0
S1,mid,2040,SC,147.0829847682,62.69033359069,0,62.69033359069,84.39265117755,42.6224241298,0
S1,mid,2040,SW,0,0,0,0,0,0,0
S1,mid,2045,CC,0,0,0,0,0,0,0
S1,mid,2045,EC,477.2770949467,221.3605741433,0,221.3605741433,255.9165208034,46.37988633585,0
S1,mid,2045,NC,158.7668241164,126.5714693702,0,126.5714693702,32.19535474628,79.72161065421,0
S1,mid,2045,NE,56.97198235751,56.97198235751,0,56.97198235751,0,100,0
S1,mid,2045,NW,0,0,0,0,0,0,0
S1,mid,2045,SC,210.8790019021,82.02138313614,0,82.02138313614,128.8576187659,38.8949977932,0
S1,mid,2045,SW,0,0,0,0,0,0,0
S1,mid,2050,CC,0,0,0,0,0,0,0
S1,mid,2050,EC,643.384936841,265.8430908094,31.632,297.4750908094,345.9098460317,46.23594271105,10.63349536727
S1,mid,2050,NC,214.0228060138,166.5066397749,0,166.5066397749,47.51616623887,77.79855001256,0
S1,mid,2050,NE,76.8000720313,76.8000720313,0,76.8000720313,0,100,0
S1,mid,2050,NW,0,0,0,0,0,0,0
S1,mid,2050,SC,284.2717045431,99.08004922996,0,99.08004922996,185.1916553132,34.85399624602,0
S1,mid,2050,SW,0,0,0,0,0,0,0
S1,mid,2055,CC,0,0,0,0,0,0,0
S1,mid,2055,EC,832.3938807953,280.7122174288,103.194,383.9062174288,448.4876633664,46.12073998694,26.88000228054
S1,mid,2055,NC,276.8968682283,211.5533107561,0,211.5533107561,65.34355747218,76.40148193431,0
S1,mid,2055,NE,99.36183821363,99.36183821363,0,99.36183821363,0,100,0
S1,mid,2055,NW,0,0,0,0,0,0,0
S1,mid,2055,SC,367.7829768702,116.7877351021,0,116.7877351021,250.9952417681,31.75452439261,0
S1,mid,2055,SW,0,0,0,0,0,0,0
S1,mid,2060,CC,0,0,0,0,0,0,0
S1,mid,2060,EC,1045.485094031,289.3523149224,191.843,481.1953149224,564.2897791086,46.02603305104,39.86801077457
S1,mid,2060,NC,347.7819275172,261.9946086502,0,261.9946086502,85.78731886698,75.33301414498,0
S1,mid,2060,NE,124.7982753893,124.7982753893,0,124.7982753893,0,100,0
S1,mid,2060,NW,0,0,0,0,0,0,0
S1,mid,2060,SC,461.9347030625,135.2562273029,0,135.2562273029,326.6784757596,29.2803780288,0
S1,mid,2060,SW,0,0,0,0,0,0,0
S2,high,2025,CC,16.94220823758,16.94220823758,0,16.94220823758,0,100,0
S2,high,2025,EC,28.78853740198,19.37614226463,0,19.37614226463,9.412395137356,67.30505962867,0
S2,high,2025,NC,9.396930449916,5.589605658359,0,5.589605658359,3.807324791557,59.48331413274,0
S2,high,2025,NE,0.4389710385447,0.4389710385447,0,0.4389710385447,0,100,0
S2,high,2025,NW,2.133464476164,2.133464476164,0,2.133464476164,0,100,0
S2,high,2025,SC,13.40672731203,11.11085862116,0,11.11085862116,2.295868690869,82.87524884012,0
S2,high,2025,SW,8.893161083786,8.893161083786,0,8.893161083786,0,100,0
S2,high,2030,CC,84.71104118789,84.71104118789,0,84.71104118789,0,100,0
S2,high,2030,EC,143.9426870099,90.5073916881,4.632,95.1393916881,48.8032953218,66.09532840078,4.868645802556
S2,high,2030,NC,46.98465224958,27.63784001341,0,27.63784001341,19.34681223618,58.82312348848,0
S2,high,2030,NE,2.194855192724,2.194855192724,0,2.194855192724,0,100,0
S2,high,2030,NW,10.66732238082,10.66732238082,0,10.66732238082,0,100,0
S2,high,2030,SC,67.03363656014,41.62969139525,0,41.62969139525,25.40394516489,62.1026898308,0
S2,high,2030,SW,44.46580541894,44.46580541894,0,44.46580541894,0,100,0
S2,high,2035,CC,181.6738237132,181.6738237132,0,181.6738237132,0,100,0
S2,high,2035,EC,308.7037767207,150.6214224266,46.021,196.6424224266,112.0613542941,63.69938991855,23.40339354656
S2,high,2035,NC,100.7646855749,58.95022290165,0,58.95022290165,41.81446267324,58.50285997056,0
S2,high,2035,NE,4.707151863174,4.707151863174,0,4.707151863174,0,100,0
S2,high,2035,NW,22.87745751356,22.87745751356,0,22.87745751356,0,100,0
S2,high,2035,SC,143.76233488,74.70661317336,0,74.70661317336,69.0557217066,51.96535882346,0
S2,high,2035,SW,95.36269158856,95.36269158856,0,95.36269158856,0,100,0
S2,high,2040,CC,300.6340360316,294.6509888546,5.983,300.6339888546,4.717699999901e-05,99.9999843075,1.990127604266
S2,high,2040,EC,510.8433369039,204.714238278,106.336,311.050238278,199.7930986259,60.88955572235,34.18611751873
S2,high,2040,NC,166.745508487,95.5334437444,0,95.5334437444,71.21206474255,57.29296375733,0
S2,high,2040,NE,7.789399892156,7.789399892156,0,7.789399892156,0,100,0
S2,high,2040,NW,37.85764094062,37.85764094062,0,37.85764094062,0,100,0
S2,high,2040,SC,237.8980641289,113.5614579697,0,113.5614579697,124.3366061593,47.73534344867,0
S2,high,2040,SW,157.806283113,157.806283113,0,157.806283113,0,100,0
S2,high,2045,CC,442.5958436939,383.0732617007,59.522,442.5952617007,0.0005819932000009,99.99986850459,13.44840425342
S2,high,2045,EC,752.0676656472,262.9863403067,182.366,445.3523403066,306.7153253406,59.21705727415,40.94870139774
S2,high,2045,NC,245.4840775354,134.9931706055,0,134.9931706055,110.4909069299,54.99060141122,0
S2,high,2045,NE,11.46761711564,11.46761711564,0,11.46761711564,0,100,0
S2,high,2045,NW,55.73432321088,55.73432321088,0,55.73432321088,0,100,0
S2,high,2045,SC,350.2354417224,158.2327795757,0,158.2327795757,192.0026621467,45.17897412024,0
S2,high,2045,SW,232.3236781055,228.9643441882,3.359,232.3233441882,0.0003339173699999,99.99985627063,1.445829738607
S2,high,2050,CC,608.5634122512,468.4967737912,140.066,608.5627737912,0.0006384599900002,99.99989508735,23.01586722557
S2,high,2050,EC,1034.083061039,325.6201808663,274.798,600.4181808662,433.6648801726,58.06285814826,45.76776799189
S2,high,2050,NC,337.5373492698,180.596162672,0,180.596162672,156.9411865978,53.50405312559,0
S2,high,2050,NE,15.76782136957,15.76782136957,0,15.76782136957,0,100,0
S2,high,2050,NW,76.63395487324,76.63395487324,0,76.63395487324,0,100,0
S2,high,2050,SC,481.5690850755,204.6638900528,0,204.6638900528,276.9051950227,42.49938303675,0
S2,high,2050,SW,319.4419746799,294.9348206329,0,294.9348206329,24.50715404707,92.3281359403,0
S2,high,2055,CC,799.5409072544,540.6174038515,258.921,799.5384038515,0.002503402899975,99.99968689496,32.38381030264
S2,high,2055,EC,1358.595821167,392.7982123104,384.317,777.1152123104,581.4806088563,57.19988242294,49.45431435545
S2,high,2055,NC,443.4622802397,232.5993938977,0,232.5993938977,210.862886342,52.4507729884,0
S2,high,2055,NE,20.71603048993,20.71603048993,0,20.71603048993,0,100,0
S2,high,2055,NW,100.6829864766,100.6829864766,0,100.6829864766,0,100,0
S2,high,2055,SC,632.6936116036,236.0942543764,0,236.0942543764,396.5993572272,37.31573229861,0
S2,high,2055,SW,419.6882709493,363.6347016076,5.815,369.4497016076,50.23856934161,88.02955126004,1.573962565052
S2,high,2060,CC,1016.532494255,612.7380339118,403.792,1016.530033912,0.00246034289998,99.99975796712,39.7225843339
S2,high,2060,EC,1727.312244119,464.7028869926,500.709,965.4118869925,761.9003571263,55.89098845791,51.86480576284
S2,high,2060,NC,563.815826995,291.2598382364,0,291.2598382364,272.5559887587,51.65868432405,0
S2,high,2060,NE,26.33826231268,26.33826231268,0,26.33826231268,0,100,0
S2,high,2060,NW,128.0078685699,128.0078685699,0,128.0078685699,0,100,0
S2,high,2060,SC,804.4036387217,267.5246187001,0,267.5246187001,536.8790200215,33.25750976528,0
S2,high,2060,SW,533.5896650272,438.1876523868,14.666,452.8536523868,80.73601264043,84.86926979061,3.238573857736
S2,low,2025,CC,1.694220823758,1.694220823758,0,1.694220823758,0,100,0
S2,low,2025,EC,2.878853740198,2.455186704272,0,2.455186704272,0.423667035926,85.2834817549,0
S2,low,2025,NC,0.9396930449916,0.6953062878451,0,0.6953062878451,0.2443867571465,73.99291625611,0
S2,low,2025,NE,0.04389710385447,0.04389710385447,0,0.04389710385447,0,100,0
S2,low,2025,NW,0.2133464476164,0.2133464476164,0,0.2133464476164,0,100,0
S2,low,2025,SC,1.340672731203,1.340672731203,0,1.340672731203,0,100,0
S2,low,2025,SW,0.8893161083786,0.8893161083786,0,0.8893161083786,0,100,0
S2,low,2030,CC,16.94220823758,16.94220823758,0,16.94220823758,0,100,0
S2,low,2030,EC,28.78853740198,19.44994802963,0,19.44994802963,9.338589372348,67.5614316839,0
S2,low,2030,NC,9.396930449916,5.605843394805,0,5.605843394805,3.791087055111,59.65611243675,0
S2,low,2030,NE,0.4389710385447,0.4389710385447,0,0.4389710385447,0,100,0
S2,low,2030,NW,2.133464476164,2.133464476164,0,2.133464476164,0,100,0
S2,low,2030,SC,13.40672731203,11.86243924299,0,11.86243924299,1.544288069036,88.48124502651,0
S2,low,2030,SW,8.893161083786,8.893161083786,0,8.893161083786,0,100,0
S2,low,2035,CC,43.32245444445,43.32245444445,0,43.32245444445,0,100,0
S2,low,2035,EC,73.61437674657,46.81282692278,1.895,48.70782692278,24.90654982379,66.16618801306,3.890545154076
S2,low,2035,NC,24.02863225534,14.14435043729,0,14.14435043729,9.88428181805,58.86456743349,0
S2,low,2035,NE,1.122480762432,1.122480762432,0,1.122480762432,0,100,0
S2,low,2035,NW,5.455423300281,5.455423300281,0,5.455423300281,0,100,0
S2,low,2035,SC,34.28197346414,21.74241320346,0,21.74241320346,12.53956026068,63.42229167817,0
S2,low,2035,SW,22.74045747266,22.74045747266,0,22.74045747266,0,100,0
S2,low,2040,CC,80.55948075336,80.55948075336,0,80.55948075336,0,100,0
S2,low,2040,EC,136.8882728999,70.92119044439,17.891,88.81219044439,48.07608245548,64.879327179,20.14475705472
S2,low,2040,NC,44.68200526786,26.17068669036,0,26.17068669036,18.51131857749,58.57097624307,0
S2,low,2040,NE,2.08728864827,2.08728864827,0,2.08728864827,0,100,0
S2,low,2040,NW,10.14453299094,10.14453299094,0,10.14453299094,0,100,0
S2,low,2040,SC,63.74841907935,34.4485356905,0,34.4485356905,29.29988338885,54.03825881175,0
S2,low,2040,SW,42.28660332345,42.28660332345,0,42.28660332345,0,100,0
S2,low,2045,CC,128.6917260514,128.6917260514,0,128.6917260514,0,100,0
S2,low,2045,EC,218.6755419839,91.84595801371,42.915,134.7609580137,83.91458397017,61.6259856,31.84527672743
S2,low,2045,NC,71.37836946794,41.08175140579,0,41.08175140579,30.29661806215,57.55490313385,0
S2,low,2045,NE,3.334390644048,3.334390644048,0,3.334390644048,0,100,0
S2,low,2045,NW,16.20563400337,16.20563400337,0,16.20563400337,0,100,0
S2,low,2045,SC,101.8364816611,49.90976223176,0,49.90976223176,51.92671942937,49.00970793339,0
S2,low,2045,SW,67.55177565267,67.55177565267,0,67.55177565267,0,100,0
S2,low,2050,CC,187.7576292257,167.0557392066,20.701,187.7567392066,0.0008900190800034,99.99952597448,11.02543647034
S2,low,2050,EC,319.0415001205,114.7573219276,75.41,190.1673219276,128.8741781929,59.60582615608,39.65455223096
S2,low,2050,NC,104.1390448361,57.37115001911,0,57.37115001911,46.76789481695,55.09091245212,0
S2,low,2050,NE,4.864782697753,4.864782697753,0,4.864782697753,0,100,0
S2,low,2050,NW,23.64356679276,23.64356679276,0,23.64356679276,0,100,0
S2,low,2050,SC,148.576578713,68.13581297461,0,68.13581297461,80.44076573834,45.85905367107,0
S2,low,2050,SW,98.55615147679,96.77904488364,1.777,98.55604488364,0.0001065931500008,99.99989184526,1.803035016369
S2,low,2055,CC,257.7956291634,202.7315264443,55.063,257.7945264443,0.001102719070019,99.99957225066,21.35925877072
S2,low,2055,EC,438.0514634318,139.6622663586,115.401,255.0632663585,182.9881970732,58.22678101799,45.24406891182
S2,low,2055,NC,142.9853513527,76.46839548937,0,76.46839548937,66.51695586334,53.47988081712,0
S2,low,2055,NE,6.679460757373,6.679460757373,0,6.679460757373,0,100,0
S2,low,2055,NW,32.46317181432,32.46317181432,0,32.46317181432,0,100,0
S2,low,2055,SC,203.9991277383,88.53534539117,0,88.53534539117,115.4637823471,43.39986468215,0
S2,low,2055,SW,135.3199078123,124.182999688,0,124.182999688,11.13690812433,91.76994109413,0
S2,low,2060,CC,338.8441647515,229.776762717,109.066,338.842762717,0.001402034579996,99.99958623027,32.18779091679
S2,low,2060,EC,575.7707480396,166.5677754791,162.914,329.4817754791,246.2889725605,57.22447286545,49.44552692273
S2,low,2060,NC,187.9386089983,98.38332463357,0,98.38332463357,89.55528436476,52.3486499969,0
S2,low,2060,NE,8.779420770894,8.779420770894,0,8.779420770894,0,100,0
S2,low,2060,NW,42.6692895233,42.6692895233,0,42.6692895233,0,100,0
S2,low,2060,SC,268.1345462405,100.3217320126,0,100.3217320126,167.812814228,37.41469848595,0
S2,low,2060,SW,177.8632216757,152.7194590515,2.629,155.3484590515,22.51476262425,87.34152996211,1.692324478821
S2,mid,2025,CC,8.471104118789,8.471104118789,0,8.471104118789,0,100,0
S2,mid,2025,EC,14.39426870099,10.10320741212,0,10.10320741212,4.29106128887,70.1890983279,0
S2,mid,2025,NC,4.698465224958,2.870550452518,0,2.870550452518,1.82791477244,61.09549214645,0
S2,mid,2025,NE,0.2194855192724,0.2194855192724,0,0.2194855192724,0,100,0
S2,mid,2025,NW,1.066732238082,1.066732238082,0,1.066732238082,0,100,0
S2,mid,2025,SC,6.703363656014,6.703363656014,0,6.703363656014,0,100,0
S2,mid,2025,SW,4.446580541894,4.446580541894,0,4.446580541894,0,100,0
S2,mid,2030,CC,50.82662471273,50.82662471273,0,50.82662471273,0,100,0
S2,mid,2030,EC,86.36561220594,53.75567679407,3.266,57.02167679407,29.34393541187,66.0235889466,5.727646368231
S2,mid,2030,NC,28.19079134975,16.57128389004,0,16.57128389004,11.6195074597,58.78261338766,0
S2,mid,2030,NE,1.316913115634,1.316913115634,0,1.316913115634,0,100,0
S2,mid,2030,NW,6.400393428494,6.400393428494,0,6.400393428494,0,100,0
S2,mid,2030,SC,40.22018193609,24.46185117068,0,24.46185117068,15.75833076541,60.8198421617,0
S2,mid,2030,SW,26.67948325137,26.67948325137,0,26.67948325137,0,100,0
S2,mid,2035,CC,113.3819054503,113.3819054503,0,113.3819054503,0,100,0
S2,mid,2035,EC,192.6607901398,94.18716609098,28.598,122.785166091,69.87562404883,63.73126882843,23.29108711618
S2,mid,2035,NC,62.88683652423,36.79159886571,0,36.79159886571,26.09523765853,58.5044516455,0
S2,mid,2035,NE,2.937714617232,2.937714617232,0,2.937714617232,0,100,0
S2,mid,2035,NW,14.27772956902,14.27772956902,0,14.27772956902,0,100,0
S2,mid,2035,SC,89.72149717292,46.66933161396,0,46.66933161396,43.05216555896,52.01577446263,0
S2,mid,2035,SW,59.51547372203,59.51547372203,0,59.51547372203,0,100,0
S2,mid,2040,CC,191.921604585,191.921604585,0,191.921604585,0,100,0
S2,mid,2040,EC,326.1170099178,136.5454249854,64.017,200.5624249854,125.5545849324,61.50014224525,31.91874051416
S2,mid,2040,NC,106.4485777079,61.7134540458,0,61.7134540458,44.73512366212,57.97489771553,0
S2,mid,2040,NE,4.972670911752,4.972670911752,0,4.972670911752,0,100,0
S2,mid,2040,NW,24.16791954442,24.16791954442,0,24.16791954442,0,100,0
S2,mid,2040,SC,151.8716203859,73.96159396829,0,73.96159396829,77.91002641765,48.70007561672,0
S2,mid,2040,SW,100.7418703099,100.7418703099,0,100.7418703099,0,100,0
S2,mid,2045,CC,287.0339093371,256.1130166438,30.92,287.0330166438,0.0008926933100213,99.99968899378,10.77227991453
S2,mid,2045,EC,487.7337309702,175.8283185201,114.801,290.6293185201,197.1044124501,59.58770125288,39.50083239523
S2,mid,2045,NC,159.2022506739,88.17415881867,0,88.17415881867,71.02809185526,55.38499515265,0
S2,mid,2045,NE,7.43702187533,7.43702187533,0,7.43702187533,0,100,0
S2,mid,2045,NW,36.14503141728,36.14503141728,0,36.14503141728,0,100,0
S2,mid,2045,SC,227.1359965493,103.9559371542,0,103.9559371542,123.1800593951,45.76814716007,0
S2,mid,2045,SW,150.6674192909,150.6674192909,0,150.6674192909,0,100,0
S2,mid,2050,CC,399.3070069272,293.1236499121,106.181,399.3046499121,0.002357015059971,99.99940972359,26.59147596287
S2,mid,2050,EC,678.5104127277,207.100376206,184.605,391.705376206,286.8050365217,57.7301937978,47.1285336413
S2,mid,2050,NC,221.4740911953,117.7399224122,0,117.7399224122,103.7341687831,53.16193951931,0
S2,mid,2050,NE,10.34600738411,10.34600738411,0,10.34600738411,0,100,0
S2,mid,2050,NW,50.2831332502,50.2831332502,0,50.2831332502,0,100,0
S2,mid,2050,SC,315.9800706369,128.0517386961,0,128.0517386961,187.9283319408,40.52525794998,0
S2,mid,2050,SW,209.6008669408,190.4074811303,0.461,190.8684811303,18.73238581047,91.06282999499,0.2415275677104
S2,mid,2055,CC,529.3290845757,310.5674447658,218.76,529.3274447658,0.001639809900013,99.99969020975,41.3279156717
S2,mid,2055,EC,899.4465146205,238.3720555076,268.615,506.9870555075,392.459459113,56.36655957485,52.98261505535
S2,mid,2055,NC,293.5903350452,151.5391814068,0,151.5391814068,142.0511536384,51.61586173586,0
S2,mid,2055,NE,13.71486731421,13.71486731421,0,13.71486731421,0,100,0
S2,mid,2055,NW,66.65629310578,66.65629310578,0,66.65629310578,0,100,0
S2,mid,2055,SC,418.8692876228,135.6286142163,0,135.6286142163,283.2406734065,32.37969892374,0
S2,mid,2055,SW,277.8509595358,228.0741163967,8.085,236.1591163967,41.6918431391,84.99488963121,3.423539232091
S2,mid,2060,CC,677.6883295031,320.9580177633,356.728,677.6860177633,0.002311739809983,99.99965887862,52.63912647591
S2,mid,2060,EC,1151.541496079,269.8014224392,364.487,634.2884224392,517.25307364,55.08168178037,57.46392131806
S2,mid,2060,NC,375.8772179967,189.7273561603,0,189.7273561603,186.1498618364,50.47588602774,0
S2,mid,2060,NE,17.55884154179,17.55884154179,0,17.55884154179,0,100,0
S2,mid,2060,NW,85.33857904658,85.33857904658,0,85.33857904658,0,100,0
S2,mid,2060,SC,536.2690924811,140.1319431286,0,140.1319431286,396.1371493525,26.13090052986,0
S2,mid,2060,SW,355.7264433514,269.3014161422,17.523,286.8244161422,68.90202720918,80.63061419893,6.109312531925
S3,high,2025,CC,0,0,0,0,0,0,0
S3,high,2025,EC,0,0,0,0,0,0,0
S3,high,2025,NC,0,0,0,0,0,0,0
S3,high,2025,NE,0,0,0,0,0,0,0
S3,high,2025,NW,0,0,0,0,0,0,0
S3,high,2025,SC,0,0,0,0,0,0,0
S3,high,2025,SW,0,0,0,0,0,0,0
S3,high,2030,CC,32.6552181631,32.6552181631,0,32.6552181631,0,100,0
S3,high,2030,EC,82.97489970213,26.0829936083,0,26.0829936083,56.89190609383,31.43479980323,0
S3,high,2030,NC,43.36554078088,12.49767431864,0,12.49767431864,30.86786646224,28.81936692958,0
S3,high,2030,NE,43.17551714544,43.17551714544,0,43.17551714544,0,100,0
S3,high,2030,NW,49.70696610546,49.70696610546,0,49.70696610546,0,100,0
S3,high,2030,SC,85.44168902068,20.20857693682,0,20.20857693682,65.23311208386,23.65189308457,0
S3,high,2030,SW,67.68016908231,17.47101124782,50.209,67.68001124782,0.0001578344899968,99.99976679359,74.18586237545
S3,high,2035,CC,62.68989214728,62.68989214728,0,62.68989214728,0,100,0
S3,high,2035,EC,159.2911579178,48.87058026996,0,48.87058026996,110.4205776478,30.68003328545,0
S3,high,2035,NC,83.25104615388,22.30985094603,0,22.30985094603,60.94119520785,26.7982829967,0
S3,high,2035,NE,82.88624806399,82.88624806399,0,82.88624806399,0,100,0
S3,high,2035,NW,95.4250046212,95.4250046212,0,95.4250046212,0,100,0
S3,high,2035,SC,164.026779513,28.76625265731,0,28.76625265731,135.2605268557,17.53753426283,0
S3,high,2035,SW,129.9290814438,24.94946651348,104.979,129.9284665135,0.0006149303199834,99.9995267185,80.7975363806
S3,high,2040,CC,91.93674007169,91.93674007169,0,91.93674007169,0,100,0
S3,high,2040,EC,233.6055985995,71.24385024771,0,71.24385024771,162.3617483518,30.49749264351,0
S3,high,2040,NC,122.090332728,28.6322570737,0,28.6322570737,93.45807565432,23.45169878231,0
S3,high,2040,NE,121.555344614,121.555344614,0,121.555344614,0,100,0
S3,high,2040,NW,139.9438337777,139.9438337777,0,139.9438337777,0,100,0
S3,high,2040,SC,240.5505397497,37.53930069684,0,37.53930069684,203.0112390529,15.60557741251,0
S3,high,2040,SW,190.5451705099,30.80427679114,159.74,190.5442767911,0.0008937187599827,99.99953096749,83.83353343912
S3,high,2045,CC,120.1400338266,120.1400338266,0,120.1400338266,0,100,0
S3,high,2045,EC,305.2684323586,92.86063660949,0,92.86063660949,212.4077957491,30.41933811892,0
S3,high,2045,NC,159.5437981858,34.84077561061,0,34.84077561061,124.7030225752,21.83774988862,0
S3,high,2045,NE,158.8446925827,158.8446925827,0,158.8446925827,0,100,0
S3,high,2045,NW,182.874190566,182.874190566,0,182.874190566,0,100,0
S3,high,2045,SC,314.3438625301,46.31234873637,0,46.31234873637,268.0315137937,14.7330214637,0
S3,high,2045,SW,248.9984223143,36.65908706881,212.339,248.9980870688,0.0003352454899925,99.9998653624,85.27736196677
S3,high,2050,CC,147.0440453026,147.0440453026,0,147.0440453026,0,100,0
S3,high,2050,EC,373.6298698063,113.5355593043,0,113.5355593043,260.094310502,30.38717417404,0
S3,high,2050,NC,195.2718402096,40.90749783951,0,40.90749783951,154.3643423701,20.94900001742,0
S3,high,2050,NE,194.4161777572,194.4161777572,0,194.4161777572,0,100,0
S3,high,2050,NW,223.8268119772,223.8268119772,0,223.8268119772,0,100,0
S3,high,2050,SC,384.7376406532,55.0853967759,0,55.0853967759,329.6522438773,14.31765207126,0
S3,high,2050,SW,304.7588228907,42.51389734647,262.244,304.7578973465,0.0009255442299718,99.99969630274,86.04994399926
S3,high,2055,CC,172.3930463898,172.3930463898,0,172.3930463898,0,100,0
S3,high,2055,EC,438.0401215539,133.0832382812,0,133.0832382812,304.9568832727,30.3815179781,0
S3,high,2055,NC,228.9348564819,46.8045150431,0,46.8045150431,182.1303414388,20.44446868526,0
S3,high,2055,NE,227.9316859248,227.9316859248,0,227.9316859248,0,100,0
S3,high,2055,NW,262.4124350025,262.4124350025,0,262.4124350025,0,100,0
S3,high,2055,SC,451.0627669181,63.85844481543,0,63.85844481543,387.2043221027,14.15733008773,0
S3,high,2055,SW,357.2963582726,48.36870762413,308.927,357.2957076241,0.0006506484699571,99.99981789669,86.46255563893
S3,high,2060,CC,195.9313089786,195.9313089786,0,195.9313089786,0,100,0
S3,high,2060,EC,497.8493982128,151.3182934893,0,151.3182934893,346.5311047235,30.39439116177,0
S3,high,2060,NC,260.1932446853,52.50391850409,0,52.50391850409,207.6893261812,20.17881692801,0
S3,high,2060,NE,259.0531028726,259.0531028726,0,259.0531028726,0,100,0
S3,high,2060,NW,298.2417966329,298.2417966329,0,298.2417966329,0,100,0
S3,high,2060,SC,512.6501341241,72.63149285495,0,72.63149285495,440.0186412691,14.16784821076,0
S3,high,2060,SW,406.0810144938,54.22351790179,351.857,406.0805179018,0.0004965920099949,99.9998777111,86.64710186493
S3,low,2025,CC,0,0,0,0,0,0,0
S3,low,2025,EC,0,0,0,0,0,0,0
S3,low,2025,NC,0,0,0,0,0,0,0
S3,low,2025,NE,0,0,0,0,0,0,0
S3,low,2025,NW,0,0,0,0,0,0,0
S3,low,2025,SC,0,0,0,0,0,0,0
S3,low,2025,SW,0,0,0,0,0,0,0
S3,low,2030,CC,2.177014544207,2.177014544207,0,2.177014544207,0,100,0
S3,low,2030,EC,5.531659980142,2.482219529688,0,2.482219529688,3.049440450454,44.87295926718,0
S3,low,2030,NC,2.891036052058,0.9710920740323,0,0.9710920740323,1.919943978025,33.58976009106,0
S3,low,2030,NE,2.878367809696,2.878367809696,0,2.878367809696,0,100,0
S3,low,2030,NW,3.313797740365,3.313797740365,0,3.313797740365,0,100,0
S3,low,2030,SC,5.696112601379,5.696112601379,0,5.696112601379,0,100,0
S3,low,2030,SW,4.512011272154,4.512011272154,0,4.512011272154,0,100,0
S3,low,2035,CC,3.976795086706,3.976795086706,0,3.976795086706,0,100,0
S3,low,2035,EC,10.10479157748,4.167573202207,0,4.167573202207,5.937218375274,41.24353451777,0
S3,low,2035,NC,5.281112153296,1.706219735759,0,1.706219735759,3.574892417537,32.30796253199,0
S3,low,2035,NE,5.257970826971,5.257970826971,0,5.257970826971,0,100,0
S3,low,2035,NW,6.053379205614,6.053379205614,0,6.053379205614,0,100,0
S3,low,2035,SC,10.40520040014,10.40520040014,0,10.40520040014,0,100,0
S3,low,2035,SW,8.242179321223,8.242179321223,0,8.242179321223,0,100,0
S3,low,2040,CC,5.691568394621,5.691568394621,0,5.691568394621,0,100,0
S3,low,2040,EC,14.46192502322,5.850099298576,0,5.850099298576,8.611825724639,40.45173301055,0
S3,low,2040,NC,7.558300180122,2.412997807437,0,2.412997807437,5.145302372685,31.92513858847,0
S3,low,2040,NE,7.525180434534,7.525180434534,0,7.525180434534,0,100,0
S3,low,2040,NW,8.663564759096,8.663564759096,0,8.663564759096,0,100,0
S3,low,2040,SC,14.89186856399,14.07723776132,0,14.07723776132,0.81463080267,94.52969384487,0
S3,low,2040,SW,11.796164073,11.55160379668,0.244,11.79560379668,0.0005602763199999,99.99525035158,2.068567274773
S3,low,2045,CC,7.280558639982,7.280558639982,0,7.280558639982,0,100,0
S3,low,2045,EC,18.49945144788,7.441443903097,0,7.441443903097,11.05800754478,40.22521383439,0
S3,low,2045,NC,9.668450568383,3.073359576083,0,3.073359576083,6.5950909923,31.78750880863,0
S3,low,2045,NE,9.626084346426,9.626084346426,0,9.626084346426,0,100,0
S3,low,2045,NW,11.08228644314,11.08228644314,0,11.08228644314,0,100,0
S3,low,2045,SC,19.04942799975,17.36713077614,0,17.36713077614,1.68229722361,91.16877827706,0
S3,low,2045,SW,15.08945484016,13.7471576508,1.342,15.0891576508,0.0002971893599995,99.99803048312,8.893803292783
S3,low,2050,CC,8.702989994818,8.702989994818,0,8.702989994818,0,100,0
S3,low,2050,EC,22.11376198199,8.912048180501,0,8.912048180501,13.20171380149,40.30091391849,0
S3,low,2050,NC,11.55741375393,3.672257998408,0,3.672257998408,7.885155755522,31.77404630997,0
S3,low,2050,NE,11.50677027669,11.50677027669,0,11.50677027669,0,100,0
S3,low,2050,NW,13.24747630005,13.24747630005,0,13.24747630005,0,100,0
S3,low,2050,SC,22.77118961427,20.65702379096,0,20.65702379096,2.11416582331,90.71561100178,0
S3,low,2050,SW,18.03754093539,15.94271150492,2.094,18.03671150492,0.0008294304699987,99.99540164331,11.60965511606
S3,low,2055,CC,9.91808663116,9.91808663116,0,9.91808663116,0,100,0
S3,low,2055,EC,25.20124775609,10.23235329552,0,10.23235329552,14.96889446057,40.60256616875,0
S3,low,2055,NC,13.17104017262,4.194646031125,0,4.194646031125,8.976394141492,31.84749249984,0
S3,low,2055,NE,13.11332593936,13.11332593936,0,13.11332593936,0,100,0
S3,low,2055,NW,15.09706637218,15.09706637218,0,15.09706637218,0,100,0
S3,low,2055,SC,25.95046431438,23.94691680578,0,23.94691680578,2.0035475086,92.27933849534,0
S3,low,2055,SW,20.55591167137,18.13826535905,2.417,20.55526535905,0.0006463123200042,99.99685583237,11.7585443816
S3,low,2060,CC,10.88507272103,10.88507272103,0,10.88507272103,0,100,0
S3,low,2060,EC,27.65829990071,11.37280041288,0,11.37280041288,16.28549948783,41.11894242852,0
S3,low,2060,NC,14.45518026029,4.62547663094,0,4.62547663094,9.829703629349,31.99874749157,0
S3,low,2060,NE,14.39183904848,14.39183904848,0,14.39183904848,0,100,0
S3,low,2060,NW,16.56898870182,16.56898870182,0,16.56898870182,0,100,0
S3,low,2060,SC,28.48056300689,27.23680982061,0,27.23680982061,1.24375318628,95.63297542264,0
S3,low,2060,SW,22.56005636077,20.33381921317,2.226,22.55981921317,0.0002371476000036,99.99894881646,9.867100347597
S3,mid,2025,CC,0,0,0,0,0,0,0
S3,mid,2025,EC,0,0,0,0,0,0,0
S3,mid,2025,NC,0,0,0,0,0,0,0
S3,mid,2025,NE,0,0,0,0,0,0,0
S3,mid,2025,NW,0,0,0,0,0,0,0
S3,mid,2025,SC,0,0,0,0,0,0,0
S3,mid,2025,SW,0,0,0,0,0,0,0
S3,mid,2030,CC,13.06208726524,13.06208726524,0,13.06208726524,0,100,0
S3,mid,2030,EC,33.18995988085,10.85381828087,0,10.85381828087,22.33614159998,32.70211328919,0
S3,mid,2030,NC,17.34621631235,5.077107200453,0,5.077107200453,12.26910911189,29.26924874585,0
S3,mid,2030,NE,17.27020685818,17.27020685818,0,17.27020685818,0,100,0
S3,mid,2030,NW,19.88278644219,19.88278644219,0,19.88278644219,0,100,0
S3,mid,2030,SC,34.17667560827,11.60918249562,0,11.60918249562,22.56749311265,33.96814432358,0
S3,mid,2030,SW,27.07206763292,10.03653837641,17.035,27.07153837641,0.0005292565099992,99.99804500891,62.92586613712
S3,mid,2035,CC,23.86077052023,23.86077052023,0,23.86077052023,0,100,0
S3,mid,2035,EC,60.62874946489,19.44047166163,0,19.44047166163,41.18827780326,32.06477427493,0
S3,mid,2035,NC,31.68667291978,9.203342770814,0,9.203342770814,22.48333014897,29.0448378538,0
S3,mid,2035,NE,31.54782496183,31.54782496183,0,31.54782496183,0,100,0
S3,mid,2035,NW,36.32027523368,36.32027523368,0,36.32027523368,0,100,0
S3,mid,2035,SC,62.43120240082,17.99813668933,0,17.99813668933,44.43306571149,28.82875228604,0
S3,mid,2035,SW,49.45307592734,15.61009402181,33.842,49.45209402181,0.0009819055300042,99.99801447026,68.43390693441
S3,mid,2040,CC,34.14941036772,34.14941036772,0,34.14941036772,0,100,0
S3,mid,2040,EC,86.7715501393,27.86999456702,0,27.86999456702,58.90155557228,32.11881604314,0
S3,mid,2040,NC,45.34980108072,13.16665335619,0,13.16665335619,32.18314772453,29.03354158656,0
S3,mid,2040,NE,45.15108260721,45.15108260721,0,45.15108260721,0,100,0
S3,mid,2040,NW,51.98138855458,51.98138855458,0,51.98138855458,0,100,0
S3,mid,2040,SC,89.35121138391,25.42984885915,0,25.42984885915,63.92136252476,28.46055298555,0
S3,mid,2040,SW,70.77698443799,20.86741331013,49.909,70.77641331013,0.0005711278599989,99.99919305991,70.51643007298
S3,mid,2045,CC,43.68335183989,43.68335183989,0,43.68335183989,0,100,0
S3,mid,2045,EC,110.9967086872,35.57512967459,0,35.57512967459,75.42157901266,32.05061672128,0
S3,mid,2045,NC,58.01070341029,16.8185238488,0,16.8185238488,41.19217956149,28.9921046636,0
S3,mid,2045,NE,57.75650607856,57.75650607856,0,57.75650607856,0,100,0
S3,mid,2045,NW,66.49371865881,66.49371865881,0,66.49371865881,0,100,0
S3,mid,2045,SC,114.2965679985,31.37288140206,0,31.37288140206,82.92368659644,27.4486644275,0
S3,mid,2045,SW,90.53672904096,24.83357511113,65.703,90.53657511113,0.0001539298299917,99.99982998079,72.57067093531
S3,mid,2050,CC,52.21793996891,52.21793996891,0,52.21793996891,0,100,0
S3,mid,2050,EC,132.6825718919,42.19658081984,0,42.19658081984,90.4859910721,31.80265517781,0
S3,mid,2050,NC,69.34448252358,20.03803767025,0,20.03803767025,49.30644485333,28.89636917174,0
S3,mid,2050,NE,69.04062166013,69.04062166013,0,69.04062166013,0,100,0
S3,mid,2050,NW,79.48485780032,79.48485780032,0,79.48485780032,0,100,0
S3,mid,2050,SC,136.6271376856,34.46519477422,0,34.46519477422,102.1619429114,25.22573140157,0
S3,mid,2050,SW,108.2252456123,26.59960422212,81.625,108.2246042221,0.0006413901799931,99.99940735621,75.42185123864
S3,mid,2055,CC,59.50851978695,59.50851978695,0,59.50851978695,0,100,0
S3,mid,2055,EC,151.2074865365,47.79940846738,0,47.79940846738,103.4080780692,31.61180015768,0
S3,mid,2055,NC,79.0262410357,22.57408002229,0,22.57408002229,56.45216101341,28.5652964464,0
S3,mid,2055,NE,78.67995563615,78.67995563615,0,78.67995563615,0,100,0
S3,mid,2055,NW,90.58239823304,90.58239823304,0,90.58239823304,0,100,0
S3,mid,2055,SC,155.7027858863,36.68463851099,0,36.68463851099,119.0181473753,23.56068216903,0
S3,mid,2055,SW,123.3354700282,27.7862788479,95.549,123.3352788479,0.0001911802999928,99.99984499163,77.47094010128
S3,mid,2060,CC,65.3104363262,65.3104363262,0,65.3104363262,0,100,0
S3,mid,2060,EC,165.9497994043,52.20811402661,0,52.20811402661,113.7416853777,31.46018507647,0
S3,mid,2060,NC,86.73108156174,23.42913194228,0,23.42913194228,63.30194961947,27.01353600162,0
S3,mid,2060,NE,86.35103429088,86.35103429088,0,86.35103429088,0,100,0
S3,mid,2060,NW,99.41393221095,99.41393221095,0,99.41393221095,0,100,0
S3,mid,2060,SC,170.8833780414,38.04506768593,0,38.04506768593,132.8383103555,22.26376147405,0
S3,mid,2060,SW,135.3603381646,28.40279509141,106.957,135.3597950914,0.0005430731900162,99.99959879444,79.01681583352
S4,high,2025,CC,2.232216108054,2.232216108054,0,2.232216108054,0,100,0
S4,high,2025,EC,4.823711855927,3.914014430551,0,3.914014430551,0.9096974253761,81.14113254385,0
S4,high,2025,NC,1.053826913457,1.025232115111,0,1.025232115111,0.0285947983456,97.28657543469,0
S4,high,2025,NE,0.1350675337669,0.1350675337669,0,0.1350675337669,0,100,0
S4,high,2025,NW,0.5702851425713,0.5702851425713,0,0.5702851425713,0,100,0
S4,high,2025,SC,2.011005502751,2.011005502751,0,2.011005502751,0,100,0
S4,high,2025,SW,1.773886943472,1.773886943472,0,1.773886943472,0,100,0
S4,high,2030,CC,44.64432216109,44.64432216109,0,44.64432216109,0,100,0
S4,high,2030,EC,96.47423711857,64.08571295104,0,64.08571295104,32.38852416752,66.4277996542,0
S4,high,2030,NC,21.07653826913,17.92202532368,0,17.92202532368,3.154512945456,85.03305948456,0
S4,high,2030,NE,2.701350675338,2.701350675338,0,2.701350675338,0,100,0
S4,high,2030,NW,11.40570285143,11.40570285143,0,11.40570285143,0,100,0
S4,high,2030,SC,40.22011005503,36.41668098885,0,36.41668098885,3.80342906618,90.54346429939,0
S4,high,2030,SW,35.47773886944,35.47773886944,0,35.47773886944,0,100,0
S4,high,2035,CC,92.76973745959,92.76973745959,0,92.76973745959,0,100,0
S4,high,2035,EC,200.4709494034,125.1930385989,6.391,131.5840385989,68.88691080452,65.63745968704,4.856972067473
S4,high,2035,NC,43.79649700426,36.94860319393,0,36.94860319393,6.847893810324,84.36428874743,0
S4,high,2035,NE,5.613336272262,5.613336272262,0,5.613336272262,0,100,0
S4,high,2035,NW,23.70075314955,23.70075314955,0,23.70075314955,0,100,0
S4,high,2035,SC,83.57634005368,62.44627029088,0,62.44627029088,21.1300697628,74.71764168037,0
S4,high,2035,SW,73.72181637571,73.72181637571,0,73.72181637571,0,100,0
S4,high,2040,CC,148.8761215946,148.8761215946,0,148.8761215946,0,100,0
S4,high,2040,EC,321.7141522316,176.2058661422,34.059,210.2648661422,111.4492860894,65.35766757033,16.19814124199
S4,high,2040,NC,70.28426286387,59.1071544906,0,59.1071544906,11.17710837327,84.09728164195,0
S4,high,2040,NE,9.008236482125,9.008236482125,0,9.008236482125,0,100,0
S4,high,2040,NW,38.03477625786,38.03477625786,0,38.03477625786,0,100,0
S4,high,2040,SC,134.1226320672,91.58871958959,0,91.58871958959,42.5339124776,68.28729661651,0
S4,high,2040,SW,118.3081724652,118.3081724652,0,118.3081724652,0,100,0
S4,high,2045,CC,208.5887153572,208.5887153572,0,208.5887153572,0,100,0
S4,high,2045,EC,450.7502009554,224.892238332,66.492,291.384238332,159.3659626235,64.64428362192,22.81935370994
S4,high,2045,NC,98.47451655494,82.67725294687,0,82.67725294687,15.79726360807,83.95801862174,0
S4,high,2045,NE,12.62134219588,12.62134219588,0,12.62134219588,0,100,0
S4,high,2045,NW,53.2901114937,53.2901114937,0,53.2901114937,0,100,0
S4,high,2045,SC,187.9177615831,122.0404019116,0,122.0404019116,65.87735967143,64.94351618683,0
S4,high,2045,SW,165.7602941725,165.7602941725,0,165.7602941725,0,100,0
S4,high,2050,CC,267.9428273673,267.9428273673,0,267.9428273673,0,100,0
S4,high,2050,EC,579.0115878203,269.4137302091,98.605,368.0187302091,210.9928576111,63.55982124546,26.79347324088
S4,high,2050,NC,126.4955313818,106.1070340196,0,106.1070340196,20.38849736223,83.88204141324,0
S4,high,2050,NE,16.21275679915,16.21275679915,0,16.21275679915,0,100,0
S4,high,2050,NW,68.45386204086,68.45386204086,0,68.45386204086,0,100,0
S4,high,2050,SC,241.3899345651,152.3619375708,0,152.3619375708,89.0279969943,63.11859599502,0
S4,high,2050,SW,212.9275392955,212.9275392955,0,212.9275392955,0,100,0
S4,high,2055,CC,323.4300838177,323.4300838177,0,323.4300838177,0,100,0
S4,high,2055,EC,698.9168854425,313.1506200909,127.259,440.4096200909,258.5072653516,63.01316068677,28.89559950433
S4,high,2055,NC,152.6910077026,128.0159538929,0,128.0159538929,24.67505380968,83.8398775534,0
S4,high,2055,NE,19.57019466425,19.57019466425,0,19.57019466425,0,100,0
S4,high,2055,NW,82.62971080459,82.62971080459,0,82.62971080459,0,100,0
S4,high,2055,SC,291.3784538899,181.2796128009,0,181.2796128009,110.098841089,62.21448785277,0
S4,high,2055,SW,257.0218899237,257.0218899237,0,257.0218899237,0,100,0
S4,high,2060,CC,372.036018009,372.036018009,0,372.036018009,0,100,0
S4,high,2060,EC,803.951975988,355.4912594295,149.76,505.2512594295,298.7007165585,62.84595032042,29.64069801016
S4,high,2060,NC,175.6378189095,146.1786140792,0,146.1786140792,29.45920483029,83.22729978475,0
S4,high,2060,NE,22.51125562781,22.51125562781,0,22.51125562781,0,100,0
S4,high,2060,NW,95.04752376188,95.04752376188,0,95.04752376188,0,100,0
S4,high,2060,SC,335.1675837919,207.6990266219,0,207.6990266219,127.4685571701,61.96870958464,0
S4,high,2060,SW,295.6478239119,295.6478239119,0,295.6478239119,0,100,0
S4,low,2025,CC,0,0,0,0,0,0,0
S4,low,2025,EC,0,0,0,0,0,0,0
S4,low,2025,NC,0,0,0,0,0,0,0
S4,low,2025,NE,0,0,0,0,0,0,0
S4,low,2025,NW,0,0,0,0,0,0,0
S4,low,2025,SC,0,0,0,0,0,0,0
S4,low,2025,SW,0,0,0,0,0,0,0
S4,low,2030,CC,7.440720360181,7.440720360181,0,7.440720360181,0,100,0
S4,low,2030,EC,16.07903951976,11.18321789441,0,11.18321789441,4.895821625351,69.55152937255,0
S4,low,2030,NC,3.51275637819,3.080189211237,0,3.080189211237,0.4325671669523,87.68581932872,0
S4,low,2030,NE,0.4502251125563,0.4502251125563,0,0.4502251125563,0,100,0
S4,low,2030,NW,1.900950475237,1.900950475237,0,1.900950475237,0,100,0
S4,low,2030,SC,6.703351675838,6.703351675838,0,6.703351675838,0,100,0
S4,low,2030,SW,5.912956478239,5.912956478239,0,5.912956478239,0,100,0
S4,low,2035,CC,17.95274573664,17.95274573664,0,17.95274573664,0,100,0
S4,low,2035,EC,38.79502174714,26.08594979124,0,26.08594979124,12.7090719559,67.24045667835,0
S4,low,2035,NC,8.475472674644,7.265794529714,0,7.265794529714,1.20967814493,85.72730759255,0
S4,low,2035,NE,1.086289576642,1.086289576642,0,1.086289576642,0,100,0
S4,low,2035,NW,4.586555990266,4.586555990266,0,4.586555990266,0,100,0
S4,low,2035,SC,16.17364480778,16.17364480778,0,16.17364480778,0,100,0
S4,low,2035,SW,14.26660310656,14.26660310656,0,14.26660310656,0,100,0
S4,low,2040,CC,31.42406762586,31.42406762586,0,31.42406762586,0,100,0
S4,low,2040,EC,67.90590168282,45.13565915014,0,45.13565915014,22.77024253269,66.46794760337,0
S4,low,2040,NC,14.83526979083,12.61275112319,0,12.61275112319,2.22251866764,85.01868385963,0
S4,low,2040,NE,1.901415951544,1.901415951544,0,1.901415951544,0,100,0
S4,low,2040,NW,8.028200684299,8.028200684299,0,8.028200684299,0,100,0
S4,low,2040,SC,28.30997083411,25.48573347059,0,25.48573347059,2.82423736352,90.02387752333,0
S4,low,2040,SW,24.97192949695,24.97192949695,0,24.97192949695,0,100,0
S4,low,2045,CC,46.02910965181,46.02910965181,0,46.02910965181,0,100,0
S4,low,2045,EC,99.46669641176,63.45260693067,2.298,65.75060693067,33.7160894811,66.10313733401,3.49502477205
S4,low,2045,NC,21.73029500975,18.40346989469,0,18.40346989469,3.326825115056,84.69038218964,0
S4,low,2045,NE,2.785141769976,2.785141769976,0,2.785141769976,0,100,0
S4,low,2045,NW,11.75948747324,11.75948747324,0,11.75948747324,0,100,0
S4,low,2045,SC,41.46766635298,34.077981396,0,34.077981396,7.38968495698,82.17964595818,0
S4,low,2045,SW,36.57819524569,36.57819524569,0,36.57819524569,0,100,0
S4,low,2050,CC,59.57304468691,59.57304468691,0,59.57304468691,0,100,0
S4,low,2050,EC,128.73448987,79.77488745032,5.126,84.90088745032,43.83360241971,65.95038170116,6.037628290988
S4,low,2050,NC,28.12437271692,23.77884881809,0,23.77884881809,4.34552389883,84.54890374776,0
S4,low,2050,NE,3.604661840677,3.604661840677,0,3.604661840677,0,100,0
S4,low,2050,NW,15.21968332731,15.21968332731,0,15.21968332731,0,100,0
S4,low,2050,SC,53.66940962785,42.28499483502,0,42.28499483502,11.38441479283,78.78788890772,0
S4,low,2050,SW,47.34122550755,47.34122550755,0,47.34122550755,0,100,0
S4,low,2055,CC,69.74052194549,69.74052194549,0,69.74052194549,0,100,0
S4,low,2055,EC,150.7059201541,92.65851109228,6.728,99.38651109228,51.3194090618,65.94731712641,6.769530317603
S4,low,2055,NC,32.92442820365,27.83261034368,0,27.83261034368,5.091817859971,84.53483283453,0
S4,low,2055,NE,4.219878294402,4.219878294402,0,4.219878294402,0,100,0
S4,low,2055,NW,17.8172639097,17.8172639097,0,17.8172639097,0,100,0
S4,low,2055,SC,62.82929904998,49.26618657219,0,49.26618657219,13.56311247779,78.41275856508,0
S4,low,2055,SW,55.42106826648,55.42106826648,0,55.42106826648,0,100,0
S4,low,2060,CC,74.40720360181,74.40720360181,0,74.40720360181,0,100,0
S4,low,2060,EC,160.7903951976,99.94000674024,6.333,106.2730067402,54.51738845737,66.09412621297,5.959180222951
S4,low,2060,NC,35.12756378189,29.73324345754,0,29.73324345754,5.394320324358,84.64362527999,0
S4,low,2060,NE,4.502251125563,4.502251125563,0,4.502251125563,0,100,0
S4,low,2060,NW,19.00950475237,19.00950475237,0,19.00950475237,0,100,0
S4,low,2060,SC,67.03351675838,54.25031657399,0,54.25031657399,12.78320018439,80.93013644135,0
S4,low,2060,SW,59.12956478239,59.12956478239,0,59.12956478239,0,100,0
S4,mid,2025,CC,0.7440720360181,0.7440720360181,0,0.7440720360181,0,100,0
S4,mid,2025,EC,1.607903951976,1.378089044522,0,1.378089044522,0.2298149074537,85.70717441354,0
S4,mid,2025,NC,0.3512756378189,0.3512756378189,0,0.3512756378189,0,100,0
S4,mid,2025,NE,0.04502251125563,0.04502251125563,0,0.04502251125563,0,100,0
S4,mid,2025,NW,0.1900950475237,0.1900950475237,0,0.1900950475237,0,100,0
S4,mid,2025,SC,0.6703351675838,0.6703351675838,0,0.6703351675838,0,100,0
S4,mid,2025,SW,0.5912956478239,0.5912956478239,0,0.5912956478239,0,100,0
S4,mid,2030,CC,22.32216108054,22.32216108054,0,22.32216108054,0,100,0
S4,mid,2030,EC,48.23711855927,32.22238975984,0,32.22238975984,16.01472879943,66.79998872703,0
S4,mid,2030,NC,10.53826913457,8.994321339338,0,8.994321339338,1.543947795228,85.3491329979,0
S4,mid,2030,NE,1.350675337669,1.350675337669,0,1.350675337669,0,100,0
S4,mid,2030,NW,5.702851425713,5.702851425713,0,5.702851425713,0,100,0
S4,mid,2030,SC,20.11005502751,19.71323452163,0,19.71323452163,0.39682050588,98.02675574315,0
S4,mid,2030,SW,17.73886943472,17.73886943472,0,17.73886943472,0,100,0
S4,mid,2035,CC,51.8204888684,51.8204888684,0,51.8204888684,0,100,0
S4,mid,2035,EC,111.9815888939,71.99209620216,1.739,73.73109620216,38.25049269175,65.84215934997,2.358570656853
S4,mid,2035,NC,24.46439914172,20.68191376929,0,20.68191376929,3.782485372426,84.53881760792,0
S4,mid,2035,NE,3.13556810418,3.13556810418,0,3.13556810418,0,100,0
S4,mid,2035,NW,13.23906532876,13.23906532876,0,13.23906532876,0,100,0
S4,mid,2035,SC,46.68512510667,36.81154531441,0,36.81154531441,9.87357979226,78.85069437064,0
S4,mid,2035,SW,41.18046110155,41.18046110155,0,41.18046110155,0,100,0
S4,mid,2040,CC,89.47222599405,89.47222599405,0,89.47222599405,0,100,0
S4,mid,2040,EC,193.3451854176,113.8201883162,12.896,126.7161883162,66.62899710134,65.5388382403,10.17707379883
S4,mid,2040,NC,42.23974525549,35.58621462698,0,35.58621462698,6.653530628504,84.24817529495,0
S4,mid,2040,NE,5.413809559946,5.413809559946,0,5.413809559946,0,100,0
S4,mid,2040,NW,22.85830703089,22.85830703089,0,22.85830703089,0,100,0
S4,mid,2040,SC,80.60560900365,57.91270621883,0,57.91270621883,22.69290278482,71.84699295083,0
S4,mid,2040,SW,71.10136555397,71.10136555397,0,71.10136555397,0,100,0
S4,mid,2045,CC,130.7716741687,130.7716741687,0,130.7716741687,0,100,0
S4,mid,2045,EC,282.5913104162,148.9382742827,35.627,184.5652742827,98.0260361335,65.31173021947,19.30319781901
S4,mid,2045,NC,61.73717197879,51.88536490885,0,51.88536490885,9.851807069943,84.04234150322,0
S4,mid,2045,NE,7.912767698793,7.912767698793,0,7.912767698793,0,100,0
S4,mid,2045,NW,33.40946361713,33.40946361713,0,33.40946361713,0,100,0
S4,mid,2045,SC,117.8123190709,78.84948759482,0,78.84948759482,38.9628314761,66.92804981401,0
S4,mid,2045,SW,103.9210157775,103.9210157775,0,103.9210157775,0,100,0
S4,mid,2050,CC,170.4753666647,170.4753666647,0,170.4753666647,0,100,0
S4,mid,2050,EC,368.3890839946,169.1382946839,64.226,233.3642946839,135.0247893107,63.34723389559,27.52177666554
S4,mid,2050,NC,80.48124409838,67.4963258799,0,67.4963258799,12.98491821848,83.86590768576,0
S4,mid,2050,NE,10.31516942303,10.31516942303,0,10.31516942303,0,100,0
S4,mid,2050,NW,43.55293756392,43.55293756392,0,43.55293756392,0,100,0
S4,mid,2050,SC,153.5814114096,96.35621131242,0,96.35621131242,57.22520009719,62.73950110761,0
S4,mid,2050,SW,135.4725584225,135.4725584225,0,135.4725584225,0,100,0
S4,mid,2055,CC,203.0504092915,203.0504092915,0,203.0504092915,0,100,0
S4,mid,2055,EC,438.782187404,183.3951680265,88.531,271.9261680265,166.8560193775,61.97292776065,32.55699907167
S4,mid,2055,NC,95.8598879955,78.87593820739,0,78.87593820739,16.98394978811,82.28252698469,0
S4,mid,2055,NE,12.28622888008,12.28622888008,0,12.28622888008,0,100,0
S4,mid,2055,NW,51.87518860479,51.87518860479,0,51.87518860479,0,100,0
S4,mid,2055,SC,182.928296659,110.4020117915,0,110.4020117915,72.52628486751,60.3526156466,0
S4,mid,2055,SW,161.3591392917,161.3591392917,0,161.3591392917,0,100,0
S4,mid,2060,CC,223.2216108054,218.3664105226,4.855,223.2214105226,0.0002002827999945,99.99991027625,2.174970576807
S4,mid,2060,EC,482.3711855927,191.9611544723,103.792,295.7531544724,186.6180311204,61.31235930043,35.09413118016
S4,mid,2060,NC,105.3826913457,85.3360381378,0,85.3360381378,20.04665320787,80.97728103934,0
S4,mid,2060,NE,13.50675337669,13.50675337669,0,13.50675337669,0,100,0
S4,mid,2060,NW,57.02851425713,57.02851425713,0,57.02851425713,0,100,0
S4,mid,2060,SC,201.1005502751,119.0855879461,0,119.0855879461,82.01496232907,59.21693788661,0
S4,mid,2060,SW,177.3886943472,175.6442316445,1.744,177.3882316445,0.0004627027099957,99.99973915885,0.9831542847191
S5,high,2025,CC,9.101990670839,9.101990670839,0,9.101990670839,0,100,0
S5,high,2025,EC,27.80865920465,16.43125947212,0,16.43125947212,11.37739973253,59.0868454002,0
S5,high,2025,NC,9.110395065386,7.163372301365,0,7.163372301365,1.947022764021,78.62855836605,0
S5,high,2025,NE,1.705329347058,1.705329347058,0,1.705329347058,0,100,0
S5,high,2025,NW,1.170149676905,1.170149676905,0,1.170149676905,0,100,0
S5,high,2025,SC,12.63845062601,10.59861491457,0,10.59861491457,2.039835711448,83.8600808611,0
S5,high,2025,SW,4.827656988096,4.827656988096,0,4.827656988096,0,100,0
S5,high,2030,CC,40.16527805631,40.16527805631,0,40.16527805631,0,100,0
S5,high,2030,EC,136.4733904917,71.19723104453,0,71.19723104453,65.27615944718,52.16931358414,0
S5,high,2030,NC,47.63421969666,33.27907720268,0,33.27907720268,14.35514249398,69.8638025659,0
S5,high,2030,NE,19.90969738611,19.90969738611,0,19.90969738611,0,100,0
S5,high,2030,NW,18.76977793779,18.76977793779,0,18.76977793779,0,100,0
S5,high,2030,SC,74.42397446238,35.65804942584,0,35.65804942584,38.76592503654,47.91204673417,0
S5,high,2030,SW,37.25889940882,33.47269172364,3.786,37.25869172364,0.0002076851805981,99.99944258906,10.16138738333
S5,high,2035,CC,86.11886511527,86.11886511527,0,86.11886511527,0,100,0
S5,high,2035,EC,277.4124913339,146.1911897083,0,146.1911897083,131.2213016256,52.69812797735,0
S5,high,2035,NC,95.64595924096,61.77499935206,0,61.77499935206,33.87095988891,64.58715019672,0
S5,high,2035,NE,37.36485177683,37.36485177683,0,37.36485177683,0,100,0
S5,high,2035,NW,36.13525197143,36.13525197143,0,36.13525197143,0,100,0
S5,high,2035,SC,148.597223473,61.12383447852,0,61.12383447852,87.4733889945,41.13390078895,0
S5,high,2035,SW,75.32270790897,60.58313297546,14.739,75.32213297546,0.0005749335049998,99.99923670627,19.56795355862
S5,high,2040,CC,141.6233872638,141.6233872638,0,141.6233872638,0,100,0
S5,high,2040,EC,446.3384466671,231.7344605592,6.639,238.3734605592,207.9649861079,53.4064368282,2.785125485205
S5,high,2040,NC,151.7552878091,94.04282235175,0,94.04282235175,57.7124654573,61.97004645405,0
S5,high,2040,NE,54.70166912966,54.70166912966,0,54.70166912966,0,100,0
S5,high,2040,NW,52.89444118076,52.89444118076,0,52.89444118076,0,100,0
S5,high,2040,SC,233.2567429638,91.21540247528,0,91.21540247528,142.0413404886,39.1051513951,0
S5,high,2040,SW,116.6059086394,91.48872702188,25.117,116.6057270219,0.0001816174849978,99.99984424676,21.54010839904
S5,high,2045,CC,207.3166349901,207.3166349901,0,207.3166349901,0,100,0
S5,high,2045,EC,641.9488028043,309.6460004609,37.211,346.8570004609,295.0918023434,54.03187901367,10.72805218017
S5,high,2045,NC,216.0044025868,131.5038333093,0,131.5038333093,84.50056927753,60.88016342928,0
S5,high,2045,NE,72.05754075428,72.05754075428,0,72.05754075428,0,100,0
S5,high,2045,NW,69.38909852074,69.38909852074,0,69.38909852074,0,100,0
S5,high,2045,SC,328.4420779853,125.4083434261,0,125.4083434261,203.0337345592,38.1827883307,0
S5,high,2045,SW,161.5586123582,127.6387071727,33.919,161.5577071727,0.0009051854800077,99.99943971698,20.99497485672
S5,high,2050,CC,284.5802560408,284.5802560408,0,284.5802560408,0,100,0
S5,high,2050,EC,860.7227146239,393.6897829161,76.513,470.2027829161,390.5199317078,54.62883399348,16.2723409516
S5,high,2050,NC,287.6034409035,173.1048671074,0,173.1048671074,114.498573796,60.18873298721,0
S5,high,2050,NE,89.09195156085,89.09195156085,0,89.09195156085,0,100,0
S5,high,2050,NW,85.99495852169,85.99495852169,0,85.99495852169,0,100,0
S5,high,2050,SC,433.127665233,163.2052282882,0,163.2052282882,269.9224369448,37.68062892044,0
S5,high,2050,SW,210.9843749264,169.2818037961,41.702,210.9838037961,0.0005711302439977,99.99972930212,19.76549822767
S5,high,2055,CC,375.9866643259,375.9866643259,0,375.9866643259,0,100,0
S5,high,2055,EC,1096.570127623,473.8534458024,124.983,598.8364458024,497.7336818203,54.6099543219,20.8709741827
S5,high,2055,NC,364.7976635166,217.0101068319,0,217.0101068319,147.7875566847,59.48780064543,0
S5,high,2055,NE,104.8921031347,104.8921031347,0,104.8921031347,0,100,0
S5,high,2055,NW,103.224100351,103.224100351,0,103.224100351,0,100,0
S5,high,2055,SC,545.1114174411,203.8989407595,0,203.8989407595,341.2124766815,37.40500276378,0
S5,high,2055,SW,266.338247217,217.306091672,49.032,266.338091672,0.0001555449860007,99.9999415987,18.40968360635
S5,high,2060,CC,485.8863571701,485.8863571701,0,485.8863571701,0,100,0
S5,high,2060,EC,1341.198731288,546.3071794634,183.827,730.1341794633,611.0645518251,54.43892559919,25.17715307276
S5,high,2060,NC,444.9901484732,260.5933979918,0,260.5933979918,184.3967504814,58.56161060778,0
S5,high,2060,NE,117.9403682139,117.9403682139,0,117.9403682139,0,100,0
S5,high,2060,NW,121.8341357762,121.8341357762,0,121.8341357762,0,100,0
S5,high,2060,SC,661.232785795,246.6394045707,0,246.6394045707,414.5933812244,37.29993579707,0
S5,high,2060,SW,330.0766181762,273.5014020942,56.575,330.0764020942,0.0002160820070003,99.99993453581,17.13997112216
S5,low,2025,CC,0.9283401774014,0.9283401774014,0,0.9283401774014,0,100,0
S5,low,2025,EC,3.152842602073,2.518667008798,0,2.518667008798,0.6341755932754,79.88559299286,0
S5,low,2025,NC,1.038955257898,0.9735288586443,0,0.9735288586443,0.0654263992538,93.70267403178,0
S5,low,2025,NE,0.2121054033836,0.2121054033836,0,0.2121054033836,0,100,0
S5,low,2025,NW,0.1169021630775,0.1169021630775,0,0.1169021630775,0,100,0
S5,low,2025,SC,1.430681186095,1.430681186095,0,1.430681186095,0,100,0
S5,low,2025,SW,0.4872964977418,0.4872964977418,0,0.4872964977418,0,100,0
S5,low,2030,CC,8.031006078266,8.031006078266,0,8.031006078266,0,100,0
S5,low,2030,EC,25.24569617824,14.88517462051,0,14.88517462051,10.36052155772,58.96123646354,0
S5,low,2030,NC,8.104504268933,6.419746613392,0,6.419746613392,1.684757655542,79.21208256994,0
S5,low,2030,NE,1.889764067578,1.889764067578,0,1.889764067578,0,100,0
S5,low,2030,NW,1.581347056014,1.581347056014,0,1.581347056014,0,100,0
S5,low,2030,SC,11.74014112708,10.96558064991,0,10.96558064991,0.7745604771644,93.40246025342,0
S5,low,2030,SW,5.030797037848,5.030797037848,0,5.030797037848,0,100,0
S5,low,2035,CC,22.17367559257,22.17367559257,0,22.17367559257,0,100,0
S5,low,2035,EC,59.44355898802,35.45622807393,0,35.45622807393,23.98733091408,59.64687962422,0
S5,low,2035,NC,18.86041585947,14.19525099892,0,14.19525099892,4.665164860552,75.26478262562,0
S5,low,2035,NE,3.574662491903,3.574662491903,0,3.574662491903,0,100,0
S5,low,2035,NW,3.830943939911,3.830943939911,0,3.830943939911,0,100,0
S5,low,2035,SC,27.39421507636,19.03435959423,0,19.03435959423,8.359855482133,69.48313554951,0
S5,low,2035,SW,13.2584251164,13.2584251164,0,13.2584251164,0,100,0
S5,low,2040,CC,43.39694845407,43.39694845407,0,43.39694845407,0,100,0
S5,low,2040,EC,106.2458446474,63.9426288799,0.242,64.1846288799,42.06121576751,60.41142511776,0.3770373128632
S5,low,2040,NC,33.55780996761,24.39534278047,0,24.39534278047,9.162467187143,72.69646858366,0
S5,low,2040,NE,5.43826853547,5.43826853547,0,5.43826853547,0,100,0
S5,low,2040,NW,6.985316773442,6.985316773442,0,6.985316773442,0,100,0
S5,low,2040,SC,48.77095925771,29.09550735886,0,29.09550735886,19.67545189885,59.65744328529,0
S5,low,2040,SW,25.29830096394,25.29830096394,0,25.29830096394,0,100,0
S5,low,2045,CC,71.79387427495,71.79387427495,0,71.79387427495,0,100,0
S5,low,2045,EC,166.1910176909,91.60973717094,9.611,101.2207371709,64.97028051996,60.90626231027,9.495089908078
S5,low,2045,NC,52.54644550396,36.23926956928,0,36.23926956928,16.30717593468,68.96616740051,0
S5,low,2045,NE,7.563422209987,7.563422209987,0,7.563422209987,0,100,0
S5,low,2045,NW,10.99110812653,10.99110812653,0,10.99110812653,0,100,0
S5,low,2045,SC,76.20260347756,41.09228218906,0,41.09228218906,35.1103212885,53.92503709032,0
S5,low,2045,SW,41.04004234893,41.04004234893,0,41.04004234893,0,100,0
S5,low,2050,CC,107.5892737063,107.5892737063,0,107.5892737063,0,100,0
S5,low,2050,EC,239.8644771841,118.9331712418,27.802,146.7351712418,93.12930594221,61.17419843258,18.94705936191
S5,low,2050,NC,76.20125133013,49.48332803707,0,49.48332803707,26.71792329306,64.93768432055,0
S5,low,2050,NE,10.00606096817,10.00606096817,0,10.00606096817,0,100,0
S5,low,2050,NW,15.79087875261,15.79087875261,0,15.79087875261,0,100,0
S5,low,2050,SC,110.0407874711,55.06059560092,0,55.06059560092,54.98019187019,50.03653360385,0
S5,low,2050,SW,60.41134672956,60.41134672956,0,60.41134672956,0,100,0
S5,low,2055,CC,151.3668857925,151.3668857925,0,151.3668857925,0,100,0
S5,low,2055,EC,328.4858971794,144.0529946328,51.364,195.4169946328,133.0689025465,59.49022357149,26.28430556744
S5,low,2055,NC,105.0672601795,65.18162367838,0,65.18162367838,39.88563650117,62.03799696213,0
S5,low,2055,NE,12.82633838405,12.82633838405,0,12.82633838405,0,100,0
S5,low,2055,NW,21.38583024321,21.38583024321,0,21.38583024321,0,100,0
S5,low,2055,SC,150.9119196602,71.13970848225,0,71.13970848225,79.77221117797,47.13988705627,0
S5,low,2055,SW,83.56193446977,83.56193446977,0,83.56193446977,0,100,0
S5,low,2060,CC,204.2171132975,200.8645113875,3.352,204.2165113875,0.0006019100059049,99.99970525976,1.641395192399
S5,low,2060,EC,434.2826834884,171.686563101,81.035,252.721563101,181.5611203874,58.19287130469,32.06493304555
S5,low,2060,NC,139.9356392805,83.71495402369,0,83.71495402369,56.22068525682,59.82389793916,0
S5,low,2060,NE,16.10534194081,16.10534194081,0,16.10534194081,0,100,0
S5,low,2060,NW,27.88336366182,27.88336366182,0,27.88336366182,0,100,0
S5,low,2060,SC,199.8720645482,89.63456535189,0,89.63456535189,110.2374991962,44.84596962287,0
S5,low,2060,SW,110.9986428059,110.9986428059,0,110.9986428059,0,100,0
S5,mid,2025,CC,4.843757327235,4.843757327235,0,4.843757327235,0,100,0
S5,mid,2025,EC,13.46366427389,8.520128440057,0,8.520128440057,4.943535833836,63.28238930154,0
S5,mid,2025,NC,4.416900922991,3.443346214601,0,3.443346214601,0.9735547083896,77.95842095254,0
S5,mid,2025,NE,0.7492564908669,0.7492564908669,0,0.7492564908669,0,100,0
S5,mid,2025,NW,0.6156896419673,0.6156896419673,0,0.6156896419673,0,100,0
S5,mid,2025,SC,6.140948575388,6.140948575388,0,6.140948575388,0,100,0
S5,mid,2025,SW,2.554485317233,2.554485317233,0,2.554485317233,0,100,0
S5,mid,2030,CC,23.59096468895,23.59096468895,0,23.59096468895,0,100,0
S5,mid,2030,EC,72.84160086833,40.23329924752,0,40.23329924752,32.60830162081,55.23395802385,0
S5,mid,2030,NC,24.50383063683,17.72705616993,0,17.72705616993,6.776774466895,72.34402013573,0
S5,mid,2030,NE,7.927029757618,7.927029757618,0,7.927029757618,0,100,0
S5,mid,2030,NW,7.542238438172,7.542238438172,0,7.542238438172,0,100,0
S5,mid,2030,SC,37.01052226901,20.63748816753,0,20.63748816753,16.37303410148,55.76113738014,0
S5,mid,2030,SW,17.93918524192,17.93918524192,0,17.93918524192,0,100,0
S5,mid,2035,CC,54.56408531122,54.56408531122,0,54.56408531122,0,100,0
S5,mid,2035,EC,155.6886929413,87.82585395007,0,87.82585395007,67.86283899127,56.41119614458,0
S5,mid,2035,NC,51.14845952957,36.33325565714,0,36.33325565714,14.81520387243,71.03489722136,0
S5,mid,2035,NE,14.28201740279,14.28201740279,0,14.28201740279,0,100,0
S5,mid,2035,NW,14.6506708703,14.6506708703,0,14.6506708703,0,100,0
S5,mid,2035,SC,76.81169795425,38.1618261624,0,38.1618261624,38.64987179185,49.68231034956,0
S5,mid,2035,SW,38.52292549326,38.52292549326,0,38.52292549326,0,100,0
S5,mid,2040,CC,94.74779204606,94.74779204606,0,94.74779204606,0,100,0
S5,mid,2040,EC,259.5293705602,142.41950308,6.285,148.70450308,110.8248674802,57.29775507064,4.226502809145
S5,mid,2040,NC,83.89428507251,57.03802202718,0,57.03802202718,26.85626304533,67.98797078714,0
S5,mid,2040,NE,20.8559578171,20.8559578171,0,20.8559578171,0,100,0
S5,mid,2040,NW,22.49747824546,22.49747824546,0,22.49747824546,0,100,0
S5,mid,2040,SC,125.3063028903,59.99548631173,0,59.99548631173,65.31081657858,47.87906508123,0
S5,mid,2040,SW,63.75874614812,63.75874614812,0,63.75874614812,0,100,0
S5,mid,2045,CC,143.8834093871,143.8834093871,0,143.8834093871,0,100,0
S5,mid,2045,EC,384.6066917055,191.6256612999,30.672,222.2976612999,162.3090304056,57.79869827906,13.79771600863
S5,mid,2045,NC,123.2727545981,80.75953882921,0,80.75953882921,42.51321576891,65.51288570819,0
S5,mid,2045,NE,27.89016917759,27.89016917759,0,27.89016917759,0,100,0
S5,mid,2045,NW,30.98890910912,30.98890910912,0,30.98890910912,0,100,0
S5,mid,2045,SC,182.9093673457,83.49083837181,0,83.49083837181,99.41852897396,45.64601561055,0
S5,mid,2045,SW,93.23296164571,93.23296164571,0,93.23296164571,0,100,0
S5,mid,2050,CC,201.6929037856,201.6929037856,0,201.6929037856,0,100,0
S5,mid,2050,EC,531.1347399442,233.9793632199,68.944,302.9233632199,228.2113767243,57.03324230904,22.75955187714
S5,mid,2050,NC,169.8658301824,107.1908671728,0,107.1908671728,62.67496300961,63.10325452606,0
S5,mid,2050,NE,35.58114800889,35.58114800889,0,35.58114800889,0,100,0
S5,mid,2050,NW,39.92359933008,39.92359933008,0,39.92359933008,0,100,0
S5,mid,2050,SC,249.991841254,107.1613658762,0,107.1613658762,142.8304753778,42.86594527993,0
S5,mid,2050,SW,126.3616874989,123.6187083389,2.742,126.3607083389,0.0009791599929976,99.99922511324,2.169978339031
S5,mid,2055,CC,268.3991742558,265.1666077357,3.232,268.3986077357,0.0005665201399978,99.99978892627,1.204179122711
S5,mid,2055,EC,700.468710302,273.1236935924,115.797,388.9206935923,311.5480167096,55.52292170547,29.77393641115
S5,mid,2055,NC,224.5810413821,137.6862630455,0,137.6862630455,86.89477833652,61.30805262912,0
S5,mid,2055,NE,44.13838795634,44.13838795634,0,44.13838795634,0,100,0
S5,mid,2055,NW,49.14610101348,49.14610101348,0,49.14610101348,0,100,0
S5,mid,2055,SC,327.3966190984,133.0390942074,0,133.0390942074,194.357524891,40.63545145144,0
S5,mid,2055,SW,162.8240451893,156.1986339015,6.625,162.8236339015,0.0004112877420042,99.99974740356,4.068819643226
S5,mid,2060,CC,345.2087361998,306.0311673732,39.176,345.2071673732,0.001568826609983,99.99954554261,11.3485476846
S5,mid,2060,EC,896.1655593103,314.834308439,171.954,486.788308439,409.3772508713,54.31901542988,35.32418445944
S5,mid,2060,NC,288.8896112047,172.9739735161,0,172.9739735161,115.9156376885,59.87545650909,0
S5,mid,2060,NE,53.82782417032,53.82782417032,0,53.82782417032,0,100,0
S5,mid,2060,NW,58.68478151778,58.68478151778,0,58.68478151778,0,100,0
S5,mid,2060,SC,416.895729319,151.3410549783,0,151.3410549783,265.5546743408,36.30189621406,0
S5,mid,2060,SW,202.9622410366,182.4622535324,11.059,193.5212535324,9.440987504249,95.34840201999,5.714617799409
S6,high,2025,CC,8.828258696078,8.828258696078,0,8.828258696078,0,100,0
S6,high,2025,EC,20.4980365775,13.02590407011,0,13.02590407011,7.472132507384,63.54708179423,0
S6,high,2025,NC,6.64076536145,4.784036181806,0,4.784036181806,1.856729179644,72.04043391711,0
S6,high,2025,NE,0.8775675291606,0.8775675291606,0,0.8775675291606,0,100,0
S6,high,2025,NW,1.157977860894,1.157977860894,0,1.157977860894,0,100,0
S6,high,2025,SC,9.380991522072,9.380991522072,0,9.380991522072,0,100,0
S6,high,2025,SW,4.730402452849,4.730402452849,0,4.730402452849,0,100,0
S6,high,2030,CC,55.04999922744,55.04999922744,0,55.04999922744,0,100,0
S6,high,2030,EC,137.0594475903,78.86310357904,0,78.86310357904,58.19634401129,57.53934147959,0
S6,high,2030,NC,46.06129971618,30.71167318059,0,30.71167318059,15.34962653559,66.67565476837,0
S6,high,2030,NE,13.11262298238,13.11262298238,0,13.11262298238,0,100,0
S6,high,2030,NW,15.60875788457,15.60875788457,0,15.60875788457,0,100,0
S6,high,2030,SC,70.18290292651,37.71743899302,0,37.71743899302,32.46546393349,53.74163424462,0
S6,high,2030,SW,39.41496967256,39.41496967256,0,39.41496967256,0,100,0
S6,high,2035,CC,116.3373515152,116.3373515152,0,116.3373515152,0,100,0
S6,high,2035,EC,283.5913584627,158.167016131,4.855,163.022016131,120.5693423317,57.48483205365,2.978125357068
S6,high,2035,NC,94.85619732967,60.99481195103,0,60.99481195103,33.86138537865,64.30240054747,0
S6,high,2035,NE,25.70828733223,25.70828733223,0,25.70828733223,0,100,0
S6,high,2035,NW,31.45310004632,31.45310004632,0,31.45310004632,0,100,0
S6,high,2035,SC,144.1039605084,65.41596653677,0,65.41596653677,78.68799397155,45.3949817243,0
S6,high,2035,SW,81.56478025985,76.71359051769,4.851,81.56459051769,0.0001897421579997,99.99976737244,5.947433769005
S6,high,2040,CC,189.7664432831,189.7664432831,0,189.7664432831,0,100,0
S6,high,2040,EC,457.6341392495,227.0319125119,36.931,263.9629125119,193.6712267375,57.67989969996,13.99098064518
S6,high,2040,NC,152.3062830546,92.32020434608,0,92.32020434608,59.98607870849,60.61483642996,0
S6,high,2040,NE,39.25337505874,39.25337505874,0,39.25337505874,0,100,0
S6,high,2040,NW,48.80483641378,48.80483641378,0,48.80483641378,0,100,0
S6,high,2040,SC,230.3573853322,97.3321305689,0,97.3321305689,133.0252547633,42.25266336851,0
S6,high,2040,SW,130.2251281376,115.9515738216,14.273,130.2245738216,0.0005543160530053,99.99957434018,10.96029695559
S6,high,2045,CC,275.0959220546,275.0959220546,0,275.0959220546,0,100,0
S6,high,2045,EC,657.3576936484,297.1238440146,77.897,375.0208440146,282.3368496338,57.0497383142,20.7713787762
S6,high,2045,NC,217.9491754885,128.0076327074,0,128.0076327074,89.9415427811,58.73279053271,0
S6,high,2045,NE,53.53450766854,53.53450766854,0,53.53450766854,0,100,0
S6,high,2045,NW,67.48219184064,67.48219184064,0,67.48219184064,0,100,0
S6,high,2045,SC,328.1277065377,132.997983891,0,132.997983891,195.1297226466,40.53238456892,0
S6,high,2045,SW,185.0132179138,160.8450655494,24.168,185.0130655494,0.0001523644529939,99.99991764672,13.06286122455
S6,high,2050,CC,372.1500462059,372.1500462059,0,372.1500462059,0,100,0
S6,high,2050,EC,879.8076864238,366.7589598193,127.297,494.0559598192,385.7517266046,56.15499471565,25.76570476886
S6,high,2050,NC,290.9323246261,167.4360951258,0,167.4360951258,123.4962295003,57.55156129212,0
S6,high,2050,NE,68.19115331053,68.19115331053,0,68.19115331053,0,100,0
S6,high,2050,NW,87.32015339927,87.32015339927,0,87.32015339927,0,100,0
S6,high,2050,SC,436.0991864375,172.0350064101,0,172.0350064101,264.0641800274,39.44859604427,0
S6,high,2050,SW,245.5983935186,211.1860175725,34.412,245.5980175725,0.0003759461509958,99.99984692646,14.01151374923
S6,high,2055,CC,480.8260849244,472.5607831059,8.265,480.8257831059,0.0003018185200006,99.99993722918,1.718917805658
S6,high,2055,EC,1120.527772223,438.0463180002,184.573,622.6193180002,497.9084542225,55.56482698909,29.6445989811
S6,high,2055,NC,369.8855199017,209.6157640615,0,209.6157640615,160.2697558402,56.67044336236,0
S6,high,2055,NE,82.66907163003,82.66907163003,0,82.66907163003,0,100,0
S6,high,2055,NW,108.1723609175,108.1723609175,0,108.1723609175,0,100,0
S6,high,2055,SC,552.2885081995,213.8948388827,0,213.8948388827,338.3936693168,38.7288230168,0
S6,high,2055,SW,311.7080187688,266.8167442019,44.891,311.7077442019,0.000274566846997,99.99991191537,14.40163128283
S6,high,2060,CC,601.1003325351,568.1360616918,32.964,601.1000616918,0.0002708432600116,99.99995494208,5.483945535993
S6,high,2060,EC,1373.143612556,508.7879205503,249.035,757.8229205502,615.3206920055,55.18890475991,32.86189863711
S6,high,2060,NC,452.781028916,253.0886855975,0,253.0886855975,199.6923433186,55.89648625593,0
S6,high,2060,NE,96.16947090546,96.16947090546,0,96.16947090546,0,100,0
S6,high,2060,NW,129.9126435144,129.9126435144,0,129.9126435144,0,100,0
S6,high,2060,SC,673.8606547697,257.8107198305,0,257.8107198305,416.0499349393,38.25875839547,0
S6,high,2060,SW,383.1322568035,324.8296517277,58.302,383.1316517277,0.0006050758100145,99.9998420713,15.21722356717
S6,low,2025,CC,0.8471104118789,0.8471104118789,0,0.8471104118789,0,100,0
S6,low,2025,EC,2.031868423383,1.668847533655,0,1.668847533655,0.3630208897282,82.13364184657,0
S6,low,2025,NC,0.6669229480889,0.6204771928541,0,0.6204771928541,0.0464457552348,93.03581390206,0
S6,low,2025,NE,0.09266757464785,0.09266757464785,0,0.09266757464785,0,100,0
S6,low,2025,NW,0.1066732238082,0.1066732238082,0,0.1066732238082,0,100,0
S6,low,2025,SC,0.9320993640035,0.9320993640035,0,0.9320993640035,0,100,0
S6,low,2025,SW,0.4446580541894,0.4446580541894,0,0.4446580541894,0,100,0
S6,low,2030,CC,10.03171184893,10.03171184893,0,10.03171184893,0,100,0
S6,low,2030,EC,23.83171275362,14.7891794672,0,14.7891794672,9.042533286414,62.05672089161,0
S6,low,2030,NC,7.722746630249,5.460116486848,0,5.460116486848,2.262630143402,70.70174315264,0
S6,low,2030,NE,1.488034292136,1.488034292136,0,1.488034292136,0,100,0
S6,low,2030,NW,1.934229929982,1.934229929982,0,1.934229929982,0,100,0
S6,low,2030,SC,11.3618690504,10.85337860165,0,10.85337860165,0.5084904487564,95.52458801892,0
S6,low,2030,SW,6.159695494678,6.159695494678,0,6.159695494678,0,100,0
S6,low,2035,CC,25.20972170483,25.20972170483,0,25.20972170483,0,100,0
S6,low,2035,EC,56.88126124679,34.98981432415,0,34.98981432415,21.89144692265,61.51378073763,0
S6,low,2035,NC,18.3095791438,12.60673837334,0,12.60673837334,5.702840770462,68.85323946732,0
S6,low,2035,NE,3.079119551071,3.079119551071,0,3.079119551071,0,100,0
S6,low,2035,NW,4.490635073537,4.490635073537,0,4.490635073537,0,100,0
S6,low,2035,SC,26.86556410549,18.74490163322,0,18.74490163322,8.120662472266,69.7729686956,0
S6,low,2035,SW,15.05405571799,15.05405571799,0,15.05405571799,0,100,0
S6,low,2040,CC,46.27515782389,46.27515782389,0,46.27515782389,0,100,0
S6,low,2040,EC,101.1100240912,61.49722372851,0.779,62.27622372851,38.83380036266,61.59253178732,1.250878671443
S6,low,2040,NC,32.4338358072,22.00103157046,0,22.00103157046,10.43280423674,67.83357880098,0
S6,low,2040,NE,4.936032075834,4.936032075834,0,4.936032075834,0,100,0
S6,low,2040,NW,7.829584614005,7.829584614005,0,7.829584614005,0,100,0
S6,low,2040,SC,47.48163069306,28.37637661589,0,28.37637661589,19.10525407717,59.76285186861,0
S6,low,2040,SW,27.14415827365,27.14415827365,0,27.14415827365,0,100,0
S6,low,2045,CC,72.94821553877,72.94821553877,0,72.94821553877,0,100,0
S6,low,2045,EC,155.9739022759,87.88885684048,8.346,96.23485684048,59.73904543547,61.69933266798,8.67253329408
S6,low,2045,NC,49.98304350452,33.53085917981,0,33.53085917981,16.45218432471,67.08446870943,0
S6,low,2045,NE,7.041031719263,7.041031719263,0,7.041031719263,0,100,0
S6,low,2045,NW,11.86832369273,11.86832369273,0,11.86832369273,0,100,0
S6,low,2045,SC,72.97583031505,39.57437870029,0,39.57437870029,33.40145161476,54.22943257986,0
S6,low,2045,SW,42.19360638847,42.19360638847,0,42.19360638847,0,100,0
S6,low,2050,CC,104.8900100619,104.8900100619,0,104.8900100619,0,100,0
S6,low,2050,EC,220.8011274865,112.889318616,23.54,136.429318616,84.37180887051,61.78832516348,17.2543557637
S6,low,2050,NC,70.81683745625,45.1632908762,0,45.1632908762,25.65354658005,63.77479212355,0
S6,low,2050,NE,9.372803498361,9.372803498361,0,9.372803498361,0,100,0
S6,low,2050,NW,16.50900369975,16.50900369975,0,16.50900369975,0,100,0
S6,low,2050,SC,103.0606991399,52.22479864172,0,52.22479864172,50.83590049815,50.67382530643,0
S6,low,2050,SW,59.91905377862,59.91905377862,0,59.91905377862,0,100,0
S6,low,2055,CC,141.7423728202,141.7423728202,0,141.7423728202,0,100,0
S6,low,2055,EC,294.8782600738,136.3804047295,42.116,178.4964047295,116.3818553443,60.53223614547,23.59487299692
S6,low,2055,NC,94.78574902778,58.30814014625,0,58.30814014625,36.47760888153,61.51572440405,0
S6,low,2055,NE,11.90886560165,11.90886560165,0,11.90886560165,0,100,0
S6,low,2055,NW,21.64884941599,21.64884941599,0,21.64884941599,0,100,0
S6,low,2055,SC,137.4314005564,66.20652622459,0,66.20652622459,71.22487433177,48.1742352596,0
S6,low,2055,SW,80.02182981292,80.02182981292,0,80.02182981292,0,100,0
S6,low,2060,CC,183.1776973146,183.1776973146,0,183.1776973146,0,100,0
S6,low,2060,EC,377.557903563,160.3718307818,63.787,224.1588307818,153.3990727812,59.37071603227,28.45616198904
S6,low,2060,NC,121.7547379078,72.88144322937,0,72.88144322937,48.87329467844,59.85922558886,0
S6,low,2060,NE,14.62858547585,14.62858547585,0,14.62858547585,0,100,0
S6,low,2060,NW,27.19289360133,27.19289360133,0,27.19289360133,0,100,0
S6,low,2060,SC,175.810631353,81.40954678245,0,81.40954678245,94.40108457055,46.30524681922,0
S6,low,2060,SW,102.2275507844,102.2275507844,0,102.2275507844,0,100,0
S6,mid,2025,CC,4.354603585157,4.354603585157,0,4.354603585157,0,100,0
S6,mid,2025,EC,9.824165195947,6.710894200603,0,6.710894200603,3.113270995344,68.31007079738,0
S6,mid,2025,NC,3.193742416902,2.345927851619,0,2.345927851619,0.8478145652829,73.45388404537,0
S6,mid,2025,NE,0.3998224523195,0.3998224523195,0,0.3998224523195,0,100,0
S6,mid,2025,NW,0.563781326645,0.563781326645,0,0.563781326645,0,100,0
S6,mid,2025,SC,4.505987448428,4.505987448428,0,4.505987448428,0,100,0
S6,mid,2025,SW,2.317897574598,2.317897574598,0,2.317897574598,0,100,0
S6,mid,2030,CC,31.20541296434,31.20541296434,0,31.20541296434,0,100,0
S6,mid,2030,EC,74.31628485074,43.84512649282,0,43.84512649282,30.47115835792,58.99800640045,0
S6,mid,2030,NC,24.6426682773,16.54381630254,0,16.54381630254,8.098851974762,67.13484155357,0
S6,mid,2030,NE,5.932070459352,5.932070459352,0,5.932070459352,0,100,0
S6,mid,2030,NW,7.492726637533,7.492726637533,0,7.492726637533,0,100,0
S6,mid,2030,SC,36.99062457791,21.43466924664,0,21.43466924664,15.55595533127,57.94622148511,0
S6,mid,2030,SW,20.78021223283,20.78021223283,0,20.78021223283,0,100,0
S6,mid,2035,CC,69.03856193256,69.03856193256,0,69.03856193256,0,100,0
S6,mid,2035,EC,160.0911449384,92.97870531989,1.807,94.78570531989,65.30543961852,59.20733801758,1.9064056061
S6,mid,2035,NC,52.56582034244,35.15854398523,0,35.15854398523,17.40727635721,66.88480034401,0
S6,mid,2035,NE,11.57566373015,11.57566373015,0,11.57566373015,0,100,0
S6,mid,2035,NW,15.43156202684,15.43156202684,0,15.43156202684,0,100,0
S6,mid,2035,SC,78.64517373532,39.54774201817,0,39.54774201817,39.09743171714,50.28629239382,0
S6,mid,2035,SW,44.7536335449,44.7536335449,0,44.7536335449,0,100,0
S6,mid,2040,CC,116.081758214,116.081758214,0,116.081758214,0,100,0
S6,mid,2040,EC,265.3360600907,140.6968551975,17.229,157.9258551975,107.4102048932,59.51918301022,10.90954991408
S6,mid,2040,NC,86.51723526092,55.56234905229,0,55.56234905229,30.95488620863,64.22113337848,0
S6,mid,2040,NE,17.78344672895,17.78344672895,0,17.78344672895,0,100,0
S6,mid,2040,NW,24.57812495142,24.57812495142,0,24.57812495142,0,100,0
S6,mid,2040,SC,129.0265209794,61.58748703361,0,61.58748703361,67.43903394581,47.73242474966,0
S6,mid,2040,SW,73.77924099805,73.77924099805,0,73.77924099805,0,100,0
S6,mid,2045,CC,171.8665923483,171.8665923483,0,171.8665923483,0,100,0
S6,mid,2045,EC,389.0880217695,187.1072819853,43.962,231.0692819853,158.0187397842,59.38740569149,19.02546267608
S6,mid,2045,NC,126.3312525331,77.86188462703,0,77.86188462703,48.4693679061,61.63311379075,0
S6,mid,2045,NE,24.48839680361,24.48839680361,0,24.48839680361,0,100,0
S6,mid,2045,NW,34.72196205938,34.72196205938,0,34.72196205938,0,100,0
S6,mid,2045,SC,187.6978162091,84.85886187786,0,84.85886187786,102.8389543312,45.2103618421,0
S6,mid,2045,SW,107.3523161068,104.8741401951,2.478,107.3521401951,0.0001759116439999,99.99983613615,2.308291195216
S6,mid,2050,CC,235.8066119246,235.8066119246,0,235.8066119246,0,100,0
S6,mid,2050,EC,530.1289362876,220.3557363487,83.98,304.3357363487,225.793199939,57.40787108884,27.59452472049
S6,mid,2050,NC,171.7864837048,101.843913393,0,101.843913393,69.94257031171,59.28517261467,0
S6,mid,2050,NE,31.61634872727,31.61634872727,0,31.61634872727,0,100,0
S6,mid,2050,NW,45.62246246139,45.62246246139,0,45.62246246139,0,100,0
S6,mid,2050,SC,254.1158643229,107.7933667471,0,107.7933667471,146.3224975758,42.41898357442,0
S6,mid,2050,SW,144.8743345721,136.6845434499,8.189,144.8735434499,0.0007911222479962,99.99945392519,5.652515845885
S6,mid,2055,CC,307.2690561383,289.3061492237,17.962,307.2681492237,0.0009069145970244,99.99970484675,5.845708396845
S6,mid,2055,EC,687.1406397414,253.0300243123,131.492,384.5220243122,302.6186154291,55.95972673905,34.19622068078
S6,mid,2055,NC,222.6396781767,128.3306432735,0,128.3306432735,94.30903490321,57.64050879182,0
S6,mid,2055,NE,39.09033523239,39.09033523239,0,39.09033523239,0,100,0
S6,mid,2055,NW,57.02718442926,57.02718442926,0,57.02718442926,0,100,0
S6,mid,2055,SC,327.6957509455,132.1455786721,0,132.1455786721,195.5501722734,40.32569183177,0
S6,mid,2055,SW,185.7099719594,169.6942148102,16.015,185.7092148102,0.0007571491659988,99.99959229482,8.623697007372
S6,mid,2060,CC,385.6623966558,316.5912150406,69.07,385.6612150406,0.00118161523298,99.9996936141,17.90950121669
S6,mid,2060,EC,858.8940696184,285.1118092042,185.931,471.0428092042,387.8512604142,54.84294581443,39.47220854812
S6,mid,2060,NC,278.6670511571,157.1840177083,0,157.1840177083,121.4830334488,56.4056701557,0
S6,mid,2060,NE,46.83588395679,46.83588395679,0,46.83588395679,0,100,0
S6,mid,2060,NW,68.6942202803,68.6942202803,0,68.6942202803,0,100,0
S6,mid,2060,SC,407.8897080721,147.1093321966,0,147.1093321966,260.7803758756,36.0659583425,0
S6,mid,2060,SW,229.2566702593,192.005887272,21.317,213.322887272,15.93378298728,93.04980615427,9.992833058189
S7,high,2025,CC,5.417494887481,5.417494887481,0,5.417494887481,0,100,0
S7,high,2025,EC,18.76948384526,11.14359114936,0,11.14359114936,7.625892695898,59.37079165966,0
S7,high,2025,NC,6.107190519648,5.044026248102,0,5.044026248102,1.063164271546,82.5915980822,0
S7,high,2025,NE,1.275135920132,1.275135920132,0,1.275135920132,0,100,0
S7,high,2025,NW,0.7255821142351,0.7255821142351,0,0.7255821142351,0,100,0
S7,high,2025,SC,8.481081346585,8.481081346585,0,8.481081346585,0,100,0
S7,high,2025,SW,2.934031366657,2.934031366657,0,2.934031366657,0,100,0
S7,high,2030,CC,40.27376522131,40.27376522131,0,40.27376522131,0,100,0
S7,high,2030,EC,141.1267722382,73.97891120569,0,73.97891120569,67.14786103247,52.42018224639,0
S7,high,2030,NC,48.96517726151,35.0737678658,0,35.0737678658,13.8914093957,71.63002326834,0
S7,high,2030,NE,19.34543496884,19.34543496884,0,19.34543496884,0,100,0
S7,high,2030,NW,17.33779366833,17.33779366833,0,17.33779366833,0,100,0
S7,high,2030,SC,75.21961191522,36.48672955039,0,36.48672955039,38.73288236483,48.50693671687,0
S7,high,2030,SW,35.58144472668,33.70782203609,1.873,35.58082203609,0.0006226905887985,99.99824995698,5.264071746573
S7,high,2035,CC,84.09008076972,84.09008076972,0,84.09008076972,0,100,0
S7,high,2035,EC,286.1833084682,150.02120119,0,150.02120119,136.1621072782,52.42136656851,0
S7,high,2035,NC,98.75353089463,64.59529513477,0,64.59529513477,34.15823575986,65.41061828331,0
S7,high,2035,NE,37.73908817967,37.73908817967,0,37.73908817967,0,100,0
S7,high,2035,NW,34.27460138181,34.27460138181,0,34.27460138181,0,100,0
S7,high,2035,SC,151.3177748371,62.23106486903,0,62.23106486903,89.08670996808,41.12607718162,0
S7,high,2035,SW,72.14935029389,59.46351072521,12.685,72.14851072521,0.0008395686770015,99.99883634617,17.58179049366
S7,high,2040,CC,135.5058140666,135.5058140666,0,135.5058140666,0,100,0
S7,high,2040,EC,455.8384435768,236.7079134096,3.394,240.1019134096,215.7365301672,52.67258977228,1.413566410948
S7,high,2040,NC,156.2642107855,97.29679968528,0,97.29679968528,58.96741110025,62.26428892206,0
S7,high,2040,NE,57.46444810724,57.46444810724,0,57.46444810724,0,100,0
S7,high,2040,NW,52.04846716529,52.04846716529,0,52.04846716529,0,100,0
S7,high,2040,SC,238.1933437736,91.63073285284,0,91.63073285284,146.5626109207,38.46905685993,0
S7,high,2040,SW,112.7244034312,87.43812538778,25.286,112.7241253878,0.0002780433790051,99.99975334234,22.43175532568
S7,high,2045,CC,194.1020688684,194.1020688684,0,194.1020688684,0,100,0
S7,high,2045,EC,647.1526352877,314.5160594224,28.075,342.5910594224,304.5615758652,52.93821592337,8.194901538685
S7,high,2045,NC,220.6472356676,134.1262005155,0,134.1262005155,86.52103515214,60.78761880232,0
S7,high,2045,NE,78.18175364562,78.18175364562,0,78.18175364562,0,100,0
S7,high,2045,NW,70.4323613288,70.4323613288,0,70.4323613288,0,100,0
S7,high,2045,SC,334.4995927273,124.086976365,0,124.086976365,210.4126163623,37.0963011803,0
S7,high,2045,SW,156.8107531361,118.9403724129,37.87,156.8103724129,0.0003807232090054,99.99975720848,24.15018816503
S7,high,2050,CC,259.5214591061,259.5214591061,0,259.5214591061,0,100,0
S7,high,2050,EC,855.0851074412,396.945305188,58.133,455.0783051879,400.0068022532,53.22023518217,12.77428507078
S7,high,2050,NC,290.3384688955,174.0016408049,0,174.0016408049,116.3368280906,59.93061872469,0
S7,high,2050,NE,99.2882772862,99.2882772862,0,99.2882772862,0,100,0
S7,high,2050,NW,89.2149687624,89.2149687624,0,89.2149687624,0,100,0
S7,high,2050,SC,437.9580766794,158.9744502882,0,158.9744502882,278.9836263912,36.2990109678,0
S7,high,2050,SW,203.961429021,153.6977425676,50.263,203.9607425676,0.0006864533189912,99.99966343964,24.64346783957
S7,high,2055,CC,331.4750463464,331.4750463464,0,331.4750463464,0,100,0
S7,high,2055,EC,1071.813967151,481.3117774967,92.604,573.9157774967,497.8981896541,53.54621185078,16.13546858808
S7,high,2055,NC,362.8317427845,215.1717169535,0,215.1717169535,147.6600258309,59.30344332671,0
S7,high,2055,NE,119.8357985895,119.8357985895,0,119.8357985895,0,100,0
S7,high,2055,NW,108.2024613143,108.2024613143,0,108.2024613143,0,100,0
S7,high,2055,SC,545.057859881,195.3461669863,0,195.3461669863,349.7116928947,35.83952849132,0
S7,high,2055,SW,253.7838543415,191.4849414061,62.298,253.7829414061,0.0009129353840081,99.9996402705,24.54774921231
S7,high,2060,CC,409.7479782225,409.7479782225,0,409.7479782225,0,100,0
S7,high,2060,EC,1285.991366203,560.6924085182,130.226,690.9184085181,595.0729576843,53.72651999666,18.84824581231
S7,high,2060,NC,434.4296958648,255.0387033517,0,255.0387033517,179.3909925132,58.70655385193,0
S7,high,2060,NE,138.4405804508,138.4405804508,0,138.4405804508,0,100,0
S7,high,2060,NW,127.2199382935,127.2199382935,0,127.2199382935,0,100,0
S7,high,2060,SC,650.7261142477,231.8459905389,0,231.8459905389,418.8801237087,35.62881302327,0
S7,high,2060,SW,305.9443267184,232.1277786266,73.816,305.9437786266,0.0005480918320018,99.99982085244,24.12730872691
S7,low,2025,CC,0.5082662471273,0.5082662471273,0,0.5082662471273,0,100,0
S7,low,2025,EC,1.90914121609,1.515239861021,0,1.515239861021,0.3939013550693,79.36761556717,0
S7,low,2025,NC,0.6296898410147,0.6296898410147,0,0.6296898410147,0,100,0
S7,low,2025,NE,0.1379674065456,0.1379674065456,0,0.1379674065456,0,100,0
S7,low,2025,NW,0.06400393428494,0.06400393428494,0,0.06400393428494,0,100,0
S7,low,2025,SC,0.8641365224233,0.8641365224233,0,0.8641365224233,0,100,0
S7,low,2025,SW,0.2667948325137,0.2667948325137,0,0.2667948325137,0,100,0
S7,low,2030,CC,6.743024161351,6.743024161351,0,6.743024161351,0,100,0
S7,low,2030,EC,22.8861830839,13.16757480353,0,13.16757480353,9.718608280371,57.53504092517,0
S7,low,2030,NC,7.54657087989,5.914693588744,0,5.914693588744,1.631877291146,78.37590983881,0
S7,low,2030,NE,2.166799784764,2.166799784764,0,2.166799784764,0,100,0
S7,low,2030,NW,1.753631349226,1.753631349226,0,1.753631349226,0,100,0
S7,low,2030,SC,11.07089612595,10.50545293148,0,10.50545293148,0.56544319447,94.89252551883,0
S7,low,2030,SW,4.68289461491,4.68289461491,0,4.68289461491,0,100,0
S7,low,2035,CC,16.68384696551,16.68384696551,0,16.68384696551,0,100,0
S7,low,2035,EC,51.86927269653,29.72062033903,0,29.72062033903,22.14865235749,57.29908825388,0
S7,low,2035,NC,16.93206800812,12.96322102375,0,12.96322102375,3.968846984362,76.56017574192,0
S7,low,2035,NE,4.37338824904,4.37338824904,0,4.37338824904,0,100,0
S7,low,2035,NW,3.837955190028,3.837955190028,0,3.837955190028,0,100,0
S7,low,2035,SC,24.78472145365,17.58773413433,0,17.58773413433,7.196987319325,70.96200038891,0
S7,low,2035,SW,11.02267253809,11.02267253809,0,11.02267253809,0,100,0
S7,low,2040,CC,30.30434646854,30.30434646854,0,30.30434646854,0,100,0
S7,low,2040,EC,89.00152388061,51.27447932428,0,51.27447932428,37.72704455633,57.61078809511,0
S7,low,2040,NC,28.87407705187,21.79478886563,0,21.79478886563,7.079288186241,75.48220095997,0
S7,low,2040,NE,6.86718914099,6.86718914099,0,6.86718914099,0,100,0
S7,low,2040,NW,6.413481189701,6.413481189701,0,6.413481189701,0,100,0
S7,low,2040,SC,42.17553230882,25.9377789844,0,25.9377789844,16.23775332442,61.49958889547,0
S7,low,2040,SW,19.38081143983,19.38081143983,0,19.38081143983,0,100,0
S7,low,2045,CC,47.33202392317,47.33202392317,0,47.33202392317,0,100,0
S7,low,2045,EC,133.8120354106,77.45522541793,0,77.45522541793,56.35680999272,57.88360156113,0
S7,low,2045,NC,43.27847650872,31.83832559286,0,31.83832559286,11.44015091586,73.56618846426,0
S7,low,2045,NE,9.633631972054,9.633631972054,0,9.633631972054,0,100,0
S7,low,2045,NW,9.396184932777,9.396184932777,0,9.396184932777,0,100,0
S7,low,2045,SC,63.03526340662,35.39336444786,0,35.39336444786,27.64189895876,56.14851518831,0
S7,low,2045,SW,29.52462569269,29.52462569269,0,29.52462569269,0,100,0
S7,low,2050,CC,67.43899296946,67.43899296946,0,67.43899296946,0,100,0
S7,low,2050,EC,185.7102160888,105.3593698141,2.511,107.8703698141,77.83984627467,58.08531812948,2.32779400342
S7,low,2050,NC,60.02499644156,42.10374821325,0,42.10374821325,17.92124822831,70.14369131073,0
S7,low,2050,NE,12.65479484508,12.65479484508,0,12.65479484508,0,100,0
S7,low,2050,NW,12.68789161193,12.68789161193,0,12.68789161193,0,100,0
S7,low,2050,SC,87.10595071196,45.85292365894,0,45.85292365894,41.25302705302,52.64040319193,0
S7,low,2050,SW,41.17741450302,41.17741450302,0,41.17741450302,0,100,0
S7,low,2055,CC,90.27928869863,90.27928869863,0,90.27928869863,0,100,0
S7,low,2055,EC,244.0664078413,132.1986494192,9.906,142.1046494192,101.9617584221,58.22376404688,6.970918995605
S7,low,2055,NC,78.98483204921,53.54232190172,0,53.54232190172,25.44251014749,67.78810628902,0
S7,low,2055,NE,15.91166196121,15.91166196121,0,15.91166196121,0,100,0
S7,low,2055,NW,16.1858077238,16.1858077238,0,16.1858077238,0,100,0
S7,low,2055,SC,114.113343209,57.20832634169,0,57.20832634169,56.90501686727,50.13289833857,0
S7,low,2055,SW,54.0481105015,54.0481105015,0,54.0481105015,0,100,0
S7,low,2060,CC,115.535598146,115.535598146,0,115.535598146,0,100,0
S7,low,2060,EC,308.3128680698,158.4239790766,21.357,179.7809790766,128.5318889932,58.31121490391,11.87945471745
S7,low,2060,NC,100.0427050836,66.08732285211,0,66.08732285211,33.95538223147,66.05911225301,0
S7,low,2060,NE,19.38695120116,19.38695120116,0,19.38695120116,0,100,0
S7,low,2060,NW,19.7944597453,19.7944597453,0,19.7944597453,0,100,0
S7,low,2060,SC,143.8090024439,69.36184429745,0,69.36184429745,74.44715814644,48.23192089417,0
S7,low,2060,SW,67.86841531027,67.86841531027,0,67.86841531027,0,100,0
S7,mid,2025,CC,2.65294204104,2.65294204104,0,2.65294204104,0,100,0
S7,mid,2025,EC,8.741406579218,5.671671841184,0,5.671671841184,3.069734738034,64.88282852176,0
S7,mid,2025,NC,2.853358623229,2.40202636192,0,2.40202636192,0.4513322613094,84.18242075724,0
S7,mid,2025,NE,0.5717921340274,0.5717921340274,0,0.5717921340274,0,100,0
S7,mid,2025,NW,0.3485339285532,0.3485339285532,0,0.3485339285532,0,100,0
S7,mid,2025,SC,3.959298184192,3.959298184192,0,3.959298184192,0,100,0
S7,mid,2025,SW,1.422668509742,1.422668509742,0,1.422668509742,0,100,0
S7,mid,2030,CC,21.86183339221,21.86183339221,0,21.86183339221,0,100,0
S7,mid,2030,EC,72.80729423682,39.35906639102,0,39.35906639102,33.4482278458,54.05923514063,0
S7,mid,2030,NC,24.80798967871,18.10035379004,0,18.10035379004,6.707635888671,72.96179184391,0
S7,mid,2030,NE,8.659175211564,8.659175211564,0,8.659175211564,0,100,0
S7,mid,2030,NW,7.746242352951,7.746242352951,0,7.746242352951,0,100,0
S7,mid,2030,SC,37.48477282889,20.39089223615,0,20.39089223615,17.09388059274,54.39780128649,0
S7,mid,2030,SW,17.43269229885,17.43269229885,0,17.43269229885,0,100,0
S7,mid,2035,CC,47.75283759542,47.75283759542,0,47.75283759542,0,100,0
S7,mid,2035,EC,152.4646772771,83.01245427064,0,83.01245427064,69.45222300649,54.44700749915,0
S7,mid,2035,NC,51.31860933132,36.22609480021,0,36.22609480021,15.09251453112,70.59056212206,0
S7,mid,2035,NE,16.7244622201,16.7244622201,0,16.7244622201,0,100,0
S7,mid,2035,NW,15.34924747844,15.34924747844,0,15.34924747844,0,100,0
S7,mid,2035,SC,77.23554920686,36.84008731901,0,36.84008731901,40.39546188785,47.69835612917,0
S7,mid,2035,SW,36.39498026366,36.39498026366,0,36.39498026366,0,100,0
S7,mid,2040,CC,79.53466786653,79.53466786653,0,79.53466786653,0,100,0
S7,mid,2040,EC,248.3965246898,136.3706465232,0,136.3706465232,112.0258781667,54.90038425194,0
S7,mid,2040,NC,82.82878710447,55.96606706195,0,55.96606706195,26.86272004251,67.56837691147,0
S7,mid,2040,NE,25.51261577153,25.51261577153,0,25.51261577153,0,100,0
S7,mid,2040,NW,23.6744690566,23.6744690566,0,23.6744690566,0,100,0
S7,mid,2040,SC,124.1150257428,56.67563942351,0,56.67563942351,67.43938631928,45.66380185181,0
S7,mid,2040,SW,58.58201203556,56.44567520879,2.136,58.58167520879,0.0003368267679988,99.9994250338,3.64619139413
S7,mid,2045,CC,116.6467618864,116.6467618864,0,116.6467618864,0,100,0
S7,mid,2045,EC,359.6411215093,188.4845915656,9.934,198.4185915656,161.2225299437,55.17127483446,5.006587296894
S7,mid,2045,NC,119.1539740865,77.77950614234,0,77.77950614234,41.37446794417,65.27646831642,0
S7,mid,2045,NE,34.94874294431,34.94874294431,0,34.94874294431,0,100,0
S7,mid,2045,NW,32.47835863245,32.47835863245,0,32.47835863245,0,100,0
S7,mid,2045,SC,177.6504893957,77.20728130761,0,77.20728130761,100.4432080881,43.46021312424,0
S7,mid,2045,SW,83.42256041411,77.72901395691,5.693,83.42201395691,0.0005464572049974,99.99934495274,6.824337761661
S7,mid,2050,CC,158.4178920701,158.4178920701,0,158.4178920701,0,100,0
S7,mid,2050,EC,484.9976104427,231.7666545568,36.436,268.2026545568,216.794955886,55.29978886122,13.58524957936
S7,mid,2050,NC,160.0573764084,101.0591830251,0,101.0591830251,58.99819338331,63.13934745951,0
S7,mid,2050,NE,44.95125465311,44.95125465311,0,44.95125465311,0,100,0
S7,mid,2050,NW,41.48909505973,41.48909505973,0,41.48909505973,0,100,0
S7,mid,2050,SC,237.2695286868,96.87396680612,0,96.87396680612,140.3955618807,40.82865901167,0
S7,mid,2050,SW,110.2574552487,99.0005860556,11.256,110.2565860556,0.0008691931169977,99.99921166953,10.20891395488
S7,mid,2055,CC,204.1334167132,204.1334167132,0,204.1334167132,0,100,0
S7,mid,2055,EC,623.1713183694,274.654677513,68.358,343.0126775129,280.1586408565,55.04307842833,19.9287094855
S7,mid,2055,NC,205.2817044403,126.6483866643,0,126.6483866643,78.63331777595,61.69492162472,0
S7,mid,2055,NE,55.43593489941,55.43593489941,0,55.43593489941,0,100,0
S7,mid,2055,NW,50.42376578072,50.42376578072,0,50.42376578072,0,100,0
S7,mid,2055,SC,302.3606203183,117.4387773536,0,117.4387773536,184.9218429647,38.84063249705,0
S7,mid,2055,SW,138.3930262615,121.3893514868,17.003,138.3923514868,0.0006747747510047,99.99951242142,12.28608360024
S7,mid,2060,CC,253.1173495533,253.1173495533,0,253.1173495533,0,100,0
S7,mid,2060,EC,772.9511047231,311.4464377438,105.112,416.5584377438,356.3926669793,53.89195192276,25.23343436981
S7,mid,2060,NC,254.5879177465,154.4293445471,0,154.4293445471,100.1585731994,60.65855202952,0
S7,mid,2060,NE,66.32090665855,66.32090665855,0,66.32090665855,0,100,0
S7,mid,2060,NW,59.00933390528,59.00933390528,0,59.00933390528,0,100,0
S7,mid,2060,SC,372.3470657147,138.7148337663,0,138.7148337663,233.6322319484,37.25417669133,0
S7,mid,2060,SW,167.1663216987,144.4393524331,22.726,167.1653524331,0.0009692655990037,99.9994201789,13.59492243412
S8,high,2025,CC,4.793606086408,4.793606086408,0,4.793606086408,0,100,0
S8,high,2025,EC,16.24420051971,9.810172451607,0,9.810172451607,6.434028068103,60.39184532168,0
S8,high,2025,NC,5.221053797222,4.337821523085,0,4.337821523085,0.8832322741373,83.08325659071,0
S8,high,2025,NE,1.079496708498,1.079496708498,0,1.079496708498,0,100,0
S8,high,2025,NW,0.675937404684,0.675937404684,0,0.675937404684,0,100,0
S8,high,2025,SC,7.318943476664,7.318943476664,0,7.318943476664,0,100,0
S8,high,2025,SW,2.666762006815,2.666762006815,0,2.666762006815,0,100,0
S8,high,2030,CC,40.50264537802,40.50264537802,0,40.50264537802,0,100,0
S8,high,2030,EC,133.1222106592,70.74659819062,0,70.74659819062,62.37561246858,53.14409807372,0
S8,high,2030,NC,45.24577920076,32.01530327854,0,32.01530327854,13.23047592222,70.75865162248,0
S8,high,2030,NE,18.25784452284,18.25784452284,0,18.25784452284,0,100,0
S8,high,2030,NW,17.94499783443,17.94499783443,0,17.94499783443,0,100,0
S8,high,2030,SC,71.2705940621,35.7997171213,0,35.7997171213,35.4708769408,50.23069835801,0
S8,high,2030,SW,36.90592834268,34.85111161707,2.054,36.90511161707,0.0008167256060005,99.997787007,5.565624679076
S8,high,2035,CC,84.28336333002,84.28336333002,0,84.28336333002,0,100,0
S8,high,2035,EC,270.1820906454,143.5020304426,0,143.5020304426,126.6800602029,53.11308018225,0
S8,high,2035,NC,91.23796479413,60.2788168128,0,60.2788168128,30.95914798134,66.06769117308,0
S8,high,2035,NE,35.6045008531,35.6045008531,0,35.6045008531,0,100,0
S8,high,2035,NW,35.50080382109,35.50080382109,0,35.50080382109,0,100,0
S8,high,2035,SC,143.3796373507,60.86359837127,0,60.86359837127,82.51603897941,42.44926231918,0
S8,high,2035,SW,74.75339735202,61.71017421122,13.043,74.75317421122,0.0002231408010047,99.99970149745,17.44808850945
S8,high,2040,CC,135.3617244244,135.3617244244,0,135.3617244244,0,100,0
S8,high,2040,EC,429.8132052846,226.1295882306,3.207,229.3365882306,200.4766170539,53.3572690208,1.398381315752
S8,high,2040,NC,144.0928057096,90.35378956863,0,90.35378956863,53.73901614098,62.70527464829,0
S8,high,2040,NE,54.07787567521,54.07787567521,0,54.07787567521,0,100,0
S8,high,2040,NW,53.95906274404,53.95906274404,0,53.95906274404,0,100,0
S8,high,2040,SC,225.2827213093,89.37167152177,0,89.37167152177,135.9110497875,39.67089486595,0
S8,high,2040,SW,116.664906522,90.83588760871,25.829,116.6648876087,1.891333499771e-05,99.99998378832,22.13948046359
S8,high,2045,CC,192.8311482194,192.8311482194,0,192.8311482194,0,100,0
S8,high,2045,EC,608.357155874,299.071237591,27.031,326.102237591,282.2549182831,53.60374813418,8.289118222459
S8,high,2045,NC,202.8296692168,124.0033396465,0,124.0033396465,78.82632957029,61.1366868197,0
S8,high,2045,NE,73.34765800344,73.34765800344,0,73.34765800344,0,100,0
S8,high,2045,NW,72.97465631763,72.97465631763,0,72.97465631763,0,100,0
S8,high,2045,SC,315.3370417427,120.5905450738,0,120.5905450738,194.7464966689,38.24179500364,0
S8,high,2045,SW,161.7705986481,123.2122374847,38.558,161.7702374847,0.0003611634110001,99.99977674348,23.8350394977
S8,high,2050,CC,255.8875712302,255.8875712302,0,255.8875712302,0,100,0
S8,high,2050,EC,800.5152825871,375.8062395116,55.293,431.0992395116,369.4160430755,53.85271822898,12.82604906996
S8,high,2050,NC,265.8969921777,160.1714895514,0,160.1714895514,105.7255026263,60.23817277496,0
S8,high,2050,NE,92.86749974494,92.86749974494,0,92.86749974494,0,100,0
S8,high,2050,NW,92.22865722282,92.22865722282,0,92.22865722282,0,100,0
S8,high,2050,SC,411.1695407474,153.8191756355,0,153.8191756355,257.3503651119,37.41015819312,0
S8,high,2050,SW,209.2820842165,158.2702801362,51.011,209.2812801362,0.0008040802780016,99.99961579115,24.37437307665
S8,high,2055,CC,323.8410093655,323.8410093655,0,323.8410093655,0,100,0
S8,high,2055,EC,998.7945883705,453.8773000055,86.796,540.6733000055,458.1212883651,54.13258204448,16.05331722486
S8,high,2055,NC,330.9851139699,197.2619464913,0,197.2619464913,133.7231674786,59.59843454145,0
S8,high,2055,NE,111.8065934044,111.8065934044,0,111.8065934044,0,100,0
S8,high,2055,NW,111.4312830709,111.4312830709,0,111.4312830709,0,100,0
S8,high,2055,SC,509.4314719252,188.1091926226,0,188.1091926226,321.3222793026,36.92531831842,0
S8,high,2055,SW,258.5016297864,195.5197631723,62.981,258.5007631723,0.000866614079996,99.99966475488,24.36395128088
S8,high,2060,CC,396.1249553105,396.1249553105,0,396.1249553105,0,100,0
S8,high,2060,EC,1192.89719376,527.9277653486,120.151,648.0787653485,544.8184284109,54.32813227651,18.53956747609
S8,high,2060,NC,394.8208591129,232.9922428239,0,232.9922428239,161.828616289,59.01214118914,0
S8,high,2060,NE,128.9749366155,128.9749366155,0,128.9749366155,0,100,0
S8,high,2060,NW,130.3242972411,130.3242972411,0,130.3242972411,0,100,0
S8,high,2060,SC,605.5281321021,222.1936826458,0,222.1936826458,383.3344494563,36.69419649826,0
S8,high,2060,SW,308.8296258582,234.5556077754,74.274,308.8296077754,1.808283900573e-05,99.99999414473,24.05015520857
S8,low,2025,CC,0.4235552059394,0.4235552059394,0,0.4235552059394,0,100,0
S8,low,2025,EC,1.590951013409,1.262699884184,0,1.262699884184,0.3282511292244,79.36761556717,0
S8,low,2025,NC,0.5247415341789,0.5247415341789,0,0.5247415341789,0,100,0
S8,low,2025,NE,0.114972838788,0.114972838788,0,0.114972838788,0,100,0
S8,low,2025,NW,0.05333661190412,0.05333661190412,0,0.05333661190412,0,100,0
S8,low,2025,SC,0.720113768686,0.720113768686,0,0.720113768686,0,100,0
S8,low,2025,SW,0.2223290270947,0.2223290270947,0,0.2223290270947,0,100,0
S8,low,2030,CC,6.639985785491,6.639985785491,0,6.639985785491,0,100,0
S8,low,2030,EC,21.31218500906,12.47430705348,0,12.47430705348,8.83787795558,58.53133804994,0
S8,low,2030,NC,6.84836344935,5.354397145108,0,5.354397145108,1.493966304242,78.18506106909,0
S8,low,2030,NE,1.981876618444,1.981876618444,0,1.981876618444,0,100,0
S8,low,2030,NW,1.837053172942,1.837053172942,0,1.837053172942,0,100,0
S8,low,2030,SC,10.30100375616,10.30100375616,0,10.30100375616,0,100,0
S8,low,2030,SW,4.829532208544,4.829532208544,0,4.829532208544,0,100,0
S8,low,2035,CC,16.31299881695,16.31299881695,0,16.31299881695,0,100,0
S8,low,2035,EC,48.49480461456,28.20157622319,0,28.20157622319,20.29322839136,58.15380935616,0
S8,low,2035,NC,15.38953709748,11.78200099167,0,11.78200099167,3.607536105815,76.55851450915,0
S8,low,2035,NE,3.999358522405,3.999358522405,0,3.999358522405,0,100,0
S8,low,2035,NW,4.02383962404,4.02383962404,0,4.02383962404,0,100,0
S8,low,2035,SC,23.10919016235,17.2690530855,0,17.2690530855,5.840137076853,74.72807555859,0
S8,low,2035,SW,11.31230997511,11.31230997511,0,11.31230997511,0,100,0
S8,low,2040,CC,29.41877919346,29.41877919346,0,29.41877919346,0,100,0
S8,low,2040,EC,83.25875448683,48.61444430144,0,48.61444430144,34.64431018539,58.38958869981,0
S8,low,2040,NC,26.23106877459,19.8394595204,0,19.8394595204,6.391609254185,75.63343945643,0
S8,low,2040,NE,6.273883796206,6.273883796206,0,6.273883796206,0,100,0
S8,low,2040,NW,6.709074608584,6.709074608584,0,6.709074608584,0,100,0
S8,low,2040,SC,39.30551780178,25.38708407755,0,25.38708407755,13.91843372423,64.58910986895,0
S8,low,2040,SW,19.76367422335,19.76367422335,0,19.76367422335,0,100,0
S8,low,2045,CC,45.5003485858,45.5003485858,0,45.5003485858,0,100,0
S8,low,2045,EC,124.7141770373,73.07502759753,0,73.07502759753,51.63914943979,58.59400216838,0
S8,low,2045,NC,39.18453607383,29.37968164104,0,29.37968164104,9.804854432783,74.97774526585,0
S8,low,2045,NE,8.777256212393,8.777256212393,0,8.777256212393,0,100,0
S8,low,2045,NW,9.761851979933,9.761851979933,0,9.761851979933,0,100,0
S8,low,2045,SC,58.50657063296,34.47784849672,0,34.47784849672,24.02872213624,58.92987424099,0
S8,low,2045,SW,29.80485643463,29.80485643463,0,29.80485643463,0,100,0
S8,low,2050,CC,64.00841597686,64.00841597686,0,64.00841597686,0,100,0
S8,low,2050,EC,171.7717313903,98.83022387358,2.046,100.8762238736,70.89550751676,58.72690637573,2.028228180472
S8,low,2050,NC,54.017935864,38.98275651552,0,38.98275651552,15.03517934847,72.16632011574,0
S8,low,2050,NE,11.47569386251,11.47569386251,0,11.47569386251,0,100,0
S8,low,2050,NW,13.02768160503,13.02768160503,0,13.02768160503,0,100,0
S8,low,2050,SC,80.24576803071,44.35710339478,0,44.35710339478,35.88866463593,55.27656408972,0
S8,low,2050,SW,40.98372947993,40.98372947993,0,40.98372947993,0,100,0
S8,low,2055,CC,84.363559435,84.363559435,0,84.363559435,0,100,0
S8,low,2055,EC,223.2769652101,125.3148922597,5.955,131.2698922597,92.00707295046,58.79240258221,4.536455311641
S8,low,2055,NC,70.48504024034,49.10914225368,0,49.10914225368,21.37589798665,69.67314211105,0
S8,low,2055,NE,14.33359166861,14.33359166861,0,14.33359166861,0,100,0
S8,low,2055,NW,16.34437552405,16.34437552405,0,16.34437552405,0,100,0
S8,low,2055,SC,104.0293844018,54.8296668065,0,54.8296668065,49.19971759531,52.70594180844,0
S8,low,2055,SW,52.82422193753,52.82422193753,0,52.82422193753,0,100,0
S8,low,2060,CC,106.0341102686,106.0341102686,0,106.0341102686,0,100,0
S8,low,2060,EC,278.1786186204,148.8634754666,14.712,163.5754754666,114.6031431538,58.80231783371,8.994013288382
S8,low,2060,NC,88.36216555322,59.94377239375,0,59.94377239375,28.41839315947,67.83873167713,0
S8,low,2060,NE,17.31823401868,17.31823401868,0,17.31823401868,0,100,0
S8,low,2060,NW,19.56194574438,19.56194574438,0,19.56194574438,0,100,0
S8,low,2060,SC,129.40671509,65.71769356215,0,65.71769356215,63.68902152785,50.78383568924,0
S8,low,2060,SW,64.88821070472,64.88821070472,0,64.88821070472,0,100,0
S8,mid,2025,CC,2.303794038701,2.303794038701,0,2.303794038701,0,100,0
S8,mid,2025,EC,7.485493476678,4.993261205544,0,4.993261205544,2.492232271134,66.7058387146,0
S8,mid,2025,NC,2.421708307418,2.063343545564,0,2.063343545564,0.3583647618543,85.20198486512,0
S8,mid,2025,NE,0.4821212589297,0.4821212589297,0,0.4821212589297,0,100,0
S8,mid,2025,NW,0.3142068214015,0.3142068214015,0,0.3142068214015,0,100,0
S8,mid,2025,SC,3.383207049441,3.383207049441,0,3.383207049441,0,100,0
S8,mid,2025,SW,1.259469047429,1.259469047429,0,1.259469047429,0,100,0
S8,mid,2030,CC,21.55271826463,21.55271826463,0,21.55271826463,0,100,0
S8,mid,2030,EC,68.08530001229,37.27926314086,0,37.27926314086,30.80603687143,54.75376202224,0
S8,mid,2030,NC,22.7133673871,16.41946445914,0,16.41946445914,6.293902927959,72.28987309238,0
S8,mid,2030,NE,8.104405712603,8.104405712603,0,8.104405712603,0,100,0
S8,mid,2030,NW,7.996507824098,7.996507824098,0,7.996507824098,0,100,0
S8,mid,2030,SC,35.17509571953,19.94028044932,0,19.94028044932,15.23481527021,56.68863166234,0
S8,mid,2030,SW,17.87260507975,17.87260507975,0,17.87260507975,0,100,0
S8,mid,2035,CC,47.26579120974,47.26579120974,0,47.26579120974,0,100,0
S8,mid,2035,EC,143.577794237,79.20357073308,0,79.20357073308,64.37422350397,55.16422031272,0
S8,mid,2035,NC,47.14383570716,33.91319055211,0,33.91319055211,13.23064515505,71.93557767079,0
S8,mid,2035,NE,15.64349056984,15.64349056984,0,15.64349056984,0,100,0
S8,mid,2035,NW,15.95926753286,15.95926753286,0,15.95926753286,0,100,0
S8,mid,2035,SC,72.79989841075,36.0514382922,0,36.0514382922,36.74846011855,49.52127555013,0
S8,mid,2035,SW,37.53725268773,37.50438057366,0.032,37.53638057366,0.0008721140710009,99.99767667049,0.08525062755373
S8,mid,2040,CC,78.88581023669,78.88581023669,0,78.88581023669,0,100,0
S8,mid,2040,EC,234.7807333412,130.6432062252,0,130.6432062252,104.137527116,55.64477304676,0
S8,mid,2040,NC,76.19353245569,52.3523631235,0,52.3523631235,23.84116933219,68.70972041353,0
S8,mid,2040,NE,23.81853444658,23.81853444658,0,23.81853444658,0,100,0
S8,mid,2040,NW,24.75190378247,24.75190378247,0,24.75190378247,0,100,0
S8,mid,2040,SC,117.2278563854,55.52836483275,0,55.52836483275,61.6994915527,47.36789236354,0
S8,mid,2040,SW,60.65505507546,58.23064351527,2.424,60.65464351527,0.0004115601910009,99.99932147421,3.996396416689
S8,mid,2045,CC,115.3722338364,115.3722338364,0,115.3722338364,0,100,0
S8,mid,2045,EC,339.6497112551,180.4395877633,9.463,189.9025877633,149.7471234917,55.91130552168,4.98308112146
S8,mid,2045,NC,109.4292375449,72.52359050496,0,72.52359050496,36.9056470399,66.27441818301,0
S8,mid,2045,NE,32.51956950255,32.51956950255,0,32.51956950255,0,100,0
S8,mid,2045,NW,34.0120534233,34.0120534233,0,34.0120534233,0,100,0
S8,mid,2045,SC,167.5309713802,75.50279043078,0,75.50279043078,92.02818094943,45.06795955921,0
S8,mid,2045,SW,86.28129102733,80.1888014534,6.092,86.2808014534,0.0004895739280038,99.99943258391,7.060666912431
S8,mid,2050,CC,155.5000783902,155.5000783902,0,155.5000783902,0,100,0
S8,mid,2050,EC,455.7417513638,220.3840605197,34.857,255.2410605197,200.500690844,56.00563471657,13.65650179051
S8,mid,2050,NC,146.3306559578,93.63602881123,0,93.63602881123,52.69462714655,63.98934536195,0
S8,mid,2050,NE,41.62546762464,41.62546762464,0,41.62546762464,0,100,0
S8,mid,2050,NW,43.33023215361,43.33023215361,0,43.33023215361,0,100,0
S8,mid,2050,SC,222.6150810689,94.20888186808,0,94.20888186808,128.4061992007,42.31918224756,0
S8,mid,2050,SW,113.3246677439,101.6328721778,11.691,113.3238721778,0.0007955660809955,99.99929797625,10.31644946058
S8,mid,2055,CC,197.9720034135,197.9720034135,0,197.9720034135,0,100,0
S8,mid,2055,EC,580.4575173391,259.1194083457,64.316,323.4354083456,257.0221089934,55.72077175058,19.88526869367
S8,mid,2055,NC,186.3433330762,116.3404011638,0,116.3404011638,70.00293191237,62.43335849115,0
S8,mid,2055,NE,51.01072251102,51.01072251102,0,51.01072251102,0,100,0
S8,mid,2055,NW,52.2784699859,52.2784699859,0,52.2784699859,0,100,0
S8,mid,2055,SC,281.3208367596,113.1944258733,0,113.1944258733,168.1264108863,40.23677278125,0
S8,mid,2055,SW,140.6363922139,123.2967155344,17.339,140.6357155344,0.0006766794990014,99.99951884467,12.32901609247
S8,mid,2060,CC,241.5550941586,241.5550941586,0,241.5550941586,0,100,0
S8,mid,2060,EC,711.3368937769,291.1719872706,96.752,387.9239872706,323.4129065063,54.53449563271,24.94096863685
S8,mid,2060,NC,228.9432296053,140.3343390541,0,140.3343390541,88.60889055125,61.29656653136,0
S8,mid,2060,NE,60.55372614967,60.55372614967,0,60.55372614967,0,100,0
S8,mid,2060,NW,60.44525637866,60.44525637866,0,60.44525637866,0,100,0
S8,mid,2060,SC,342.546930965,132.0666044521,0,132.0666044521,210.4803265129,38.55430964746,0
S8,mid,2060,SW,167.1188689658,144.3470497712,22.771,167.1180497712,0.0008191945720029,99.99950981324,13.62569754205
